CustomerID,total_monto,total_cantidades,distintos_productos,cantidad_operaciones,hora_mas_frecuente,repitio_mismo_dia,producto_mas_comprado,Country
12347.0,4310.0,2458,103,7,14,False,23076 - ICE CREAM SUNDAE LIP GLOSS,Iceland
12348.0,1797.24,2341,22,4,10,False,23077 - DOUGHNUT LIP GLOSS ,Finland
12349.0,1757.55,631,73,1,9,False,21231 - SWEETHEART CERAMIC TRINKET BOX,Italy
12350.0,334.4,197,17,1,16,False,22348 - TEA BAG PLATE RED RETROSPOT,Norway
12352.0,1545.41,470,59,11,14,True,84050 - PINK HEART SHAPE EGG FRYING PAN,Norway
12353.0,89.0,20,4,1,17,False,37446 - MINI CAKE STAND WITH HANGING CAKES,Bahrain
12354.0,1079.4,530,58,1,13,False,21239 - PINK  POLKADOT CUP,Spain
12355.0,459.4,240,13,1,13,False,23076 - ICE CREAM SUNDAE LIP GLOSS,Bahrain
12356.0,2811.43,1591,53,3,8,False,84991 - 60 TEATIME FAIRY CAKE CASES,Portugal
12357.0,6207.67,2708,131,1,16,False,22632 - HAND WARMER RED RETROSPOT,Switzerland
12358.0,1168.06,248,13,2,10,False,15056BL - EDWARDIAN PARASOL BLACK,Austria
12359.0,6245.53,1612,214,6,12,False,22423 - REGENCY CAKESTAND 3 TIER,Cyprus
12360.0,2662.06,1165,105,3,9,False,22492 - MINI PAINT SET VINTAGE ,Austria
12361.0,189.9,91,10,1,13,False,22555 - PLASTERS IN TIN STRONGMAN,Belgium
12362.0,5154.58,2212,201,13,10,False,22629 - SPACEBOY LUNCH BOX ,Belgium
12363.0,552.0,408,23,2,10,False,22952 - 60 CAKE CASES VINTAGE CHRISTMAS,Unspecified
12364.0,1313.1,1506,70,4,15,False,23310 - BUBBLEGUM RING ASSORTED,Belgium
12365.0,320.69,173,22,3,14,True,20972 - PINK CREAM FELT CRAFT TRINKET BOX ,Cyprus
12367.0,168.9,173,11,1,16,False,16237 - SLEEPING CAT ERASERS,Denmark
12370.0,3545.69,2353,143,4,12,False,84568 - GIRLS ALPHABET IRON ON PATCHES ,Cyprus
12371.0,1887.96,591,63,2,10,False,72741 - GRAND CHOCOLATECANDLE,Switzerland
12372.0,1298.04,794,34,3,12,False,22556 - PLASTERS IN TIN CIRCUS PARADE ,Denmark
12373.0,364.6,197,14,1,13,False,20724 - RED RETROSPOT CHARLOTTE BAG,Austria
12374.0,742.93,342,33,1,15,False,21788 - KIDS RAIN MAC BLUE,Austria
12375.0,455.42,177,14,3,10,False,23200 - JUMBO BAG PEARS,Finland
12377.0,1628.12,944,72,2,9,False,22539 - MINI JIGSAW DOLLY GIRL,Switzerland
12378.0,4008.62,2529,219,1,10,False,84568 - GIRLS ALPHABET IRON ON PATCHES ,Switzerland
12379.0,850.29,406,39,3,10,False,22740 - POLKADOT PEN,Belgium
12380.0,2720.56,1126,77,5,11,False,22326 - ROUND SNACK BOXES SET OF4 WOODLAND ,Belgium
12381.0,1803.96,783,70,6,9,False,22492 - MINI PAINT SET VINTAGE ,Norway
12383.0,1839.31,1529,84,6,14,False,22489 - PACK OF 12 TRADITIONAL CRAYONS,Belgium
12384.0,566.16,121,26,3,8,False,21892 - TRADITIONAL WOODEN CATCH CUP GAME ,Switzerland
12386.0,401.9,354,10,2,9,False,22915 - ASSORTED BOTTLE TOP  MAGNETS ,Australia
12388.0,2780.66,1462,57,6,11,False,22338 - STAR DECORATION PAINTED ZINC ,Australia
12390.0,549.84,353,32,1,9,False,22492 - MINI PAINT SET VINTAGE ,Belgium
12391.0,460.89,300,92,1,12,False,16238 - PARTY TIME PENCIL ERASERS,Cyprus
12393.0,1582.6,816,47,4,9,False,20726 - LUNCH BAG WOODLAND,Australia
12394.0,1272.48,819,26,2,8,False,23295 - SET OF 12 MINI LOAF BAKING CASES,Belgium
12395.0,2998.28,2113,91,15,16,True,22740 - POLKADOT PEN,Belgium
12397.0,2409.9,1263,110,2,9,False,22099 - CARAVAN SQUARE TISSUE BOX,Belgium
12398.0,1635.66,1394,85,1,10,False,22492 - MINI PAINT SET VINTAGE ,Switzerland
12399.0,1108.65,1178,47,4,13,False,22492 - MINI PAINT SET VINTAGE ,Belgium
12401.0,84.3,11,5,1,13,False,84279B - CHERRY BLOSSOM DECORATIVE FLASK,Belgium
12402.0,225.6,94,11,1,13,False,22326 - ROUND SNACK BOXES SET OF4 WOODLAND ,Belgium
12403.0,409.7,95,5,2,10,True,84997D - CHILDRENS CUTLERY POLKADOT PINK,Denmark
12405.0,1710.39,857,54,1,8,False,21394 - RED POLKADOT BEAKER ,Finland
12406.0,3280.75,1809,92,3,9,False,22383 - LUNCH BAG SUKI DESIGN ,Denmark
12407.0,1708.12,1416,57,5,9,False,84536B - FAIRY CAKES NOTEBOOK A7 SIZE,Belgium
12408.0,2842.57,1399,81,9,12,True,22630 - DOLLY GIRL LUNCH BOX,Belgium
12409.0,11056.93,5543,91,7,14,True,21212 - PACK OF 72 RETROSPOT CAKE CASES,Switzerland
12410.0,681.08,209,26,3,10,True,21916 - SET 12 RETRO WHITE CHALK STICKS,Switzerland
12412.0,1226.88,829,43,3,10,False,84077 - WORLD WAR 2 GLIDERS ASSTD DESIGNS,Denmark
12413.0,694.15,282,29,5,9,True,85099B - JUMBO BAG RED RETROSPOT,France
12414.0,562.41,300,16,3,14,False,20975 - 12 PENCILS SMALL TUBE RED RETROSPOT,Austria
12415.0,123725.45,77242,444,26,12,True,22492 - MINI PAINT SET VINTAGE ,Australia
12417.0,3578.8,1539,158,12,11,False,16161P - WRAP ENGLISH ROSE ,Belgium
12418.0,668.58,407,34,1,11,False,84077 - WORLD WAR 2 GLIDERS ASSTD DESIGNS,Switzerland
12420.0,600.39,345,29,1,8,False,85204 - HANGING WOOD AND FELT FLOWER,Cyprus
12421.0,806.27,483,33,5,9,True,22066 - LOVE HEART TRINKET POT,Spain
12422.0,803.56,370,39,3,9,False,21391 - FRENCH LAVENDER SCENT HEART,Australia
12423.0,1849.11,1327,97,9,10,False,23084 - RABBIT NIGHT LIGHT,Belgium
12424.0,1760.96,740,30,2,12,True,84380 - SET OF 3 BUTTERFLY COOKIE CUTTERS,Australia
12425.0,777.2,496,36,1,17,False,23076 - ICE CREAM SUNDAE LIP GLOSS,Portugal
12426.0,582.73,258,30,1,12,False,16161G - WRAP BAD HAIR DAY,Germany
12427.0,708.37,236,26,5,10,False,21328 - BALLOONS  WRITING SET ,Germany
12428.0,7877.2,3503,258,12,9,True,22984 - CARD GINGHAM ROSE ,Finland
12429.0,3750.4,1557,82,4,12,False,22951 - 60 CAKE CASES DOLLY GIRL DESIGN,Denmark
12430.0,256.4,117,11,1,15,False,22544 - MINI JIGSAW SPACEBOY,Norway
12431.0,6416.39,2868,163,18,14,True,21731 - RED TOADSTOOL LED NIGHT LIGHT,Australia
12432.0,5059.32,1801,107,5,13,True,21787 - RAIN PONCHO RETROSPOT,Norway
12433.0,13375.87,11071,219,7,13,True,16008 - SMALL FOLDING SCISSOR(POINTED EDGE),Norway
12434.0,765.19,373,49,4,9,False,22128 - PARTY CONES CANDY ASSORTED,Australia
12435.0,7829.89,2055,31,2,7,False,21915 - RED  HARMONICA IN BOX ,Denmark
12436.0,509.01,211,16,1,12,False,21975 - PACK OF 60 DINOSAUR CAKE CASES,Norway
12437.0,4896.66,2918,119,19,13,True,21086 - SET/6 RED SPOTTY PAPER CUPS,France
12438.0,2906.85,1180,84,2,13,False,16219 - HOUSE SHAPE PENCIL SHARPENER,Norway
12441.0,173.55,121,11,1,10,False,22051 - BLUE SCANDINAVIAN PAISLEY WRAP,France
12442.0,172.06,182,12,1,14,False,23546 - WRAP PAISLEY PARK ,Spain
12444.0,5005.46,1155,138,5,8,False,21669 - BLUE STRIPE CERAMIC DRAWER KNOB,Norway
12445.0,133.4,62,4,1,18,False,85034B - 3 WHITE CHOC MORRIS BOXED CANDLES,Spain
12446.0,1002.31,352,58,1,12,False,21889 - WOODEN BOX OF DOMINOES,RSA
12447.0,476.49,190,26,1,13,False,22551 - PLASTERS IN TIN SPACEBOY,Belgium
12448.0,449.45,243,22,1,13,False,21084 - SET/6 COLLAGE PAPER CUPS,Spain
12449.0,4067.29,1553,118,4,9,False,22326 - ROUND SNACK BOXES SET OF4 WOODLAND ,Belgium
12450.0,197.88,128,7,2,14,False,23209 - LUNCH BAG DOILEY PATTERN ,Spain
12451.0,8933.52,6455,265,6,9,False,22554 - PLASTERS IN TIN WOODLAND ANIMALS,Switzerland
12452.0,428.57,183,21,3,10,True,23076 - ICE CREAM SUNDAE LIP GLOSS,Switzerland
12453.0,707.09,473,43,1,14,False,21498 - RED RETROSPOT WRAP ,Austria
12455.0,2466.86,2089,85,6,11,False,22335 - HEART DECORATION PAINTED ZINC ,Cyprus
12456.0,3153.89,1616,105,4,9,False,22492 - MINI PAINT SET VINTAGE ,Switzerland
12457.0,1917.78,695,53,12,13,True,23199 - JUMBO BAG APPLES,Switzerland
12458.0,947.4,506,35,2,10,False,21829 - DINOSAUR KEYRINGS ASSORTED,Switzerland
12461.0,826.88,287,35,2,10,False,21650 - ASSORTED TUTTI FRUTTI BRACELET,Switzerland
12462.0,1124.01,514,51,4,14,False,22065 - CHRISTMAS PUDDING TRINKET POT ,Spain
12463.0,1303.63,757,66,7,12,True,22629 - SPACEBOY LUNCH BOX ,Belgium
12464.0,1212.05,112,6,8,11,True,22467 - GUMBALL COAT RACK,Belgium
12465.0,733.89,475,46,3,11,False,22740 - POLKADOT PEN,Belgium
12468.0,724.04,364,36,3,13,False,22492 - MINI PAINT SET VINTAGE ,Germany
12471.0,18740.92,7965,152,49,12,True,22741 - FUNKY DIVA PEN,Germany
12472.0,6229.48,4020,226,13,11,False,22077 - 6 RIBBONS RUSTIC CHARM,Germany
12473.0,2848.23,2363,140,9,13,True,22339 - CHRISTMAS TREE PAINTED ZINC ,Germany
12474.0,7116.47,4764,253,30,10,True,20719 - WOODLAND CHARLOTTE BAG,Germany
12475.0,723.38,535,36,1,10,False,16045 - POPART WOODEN PENCILS ASST,Germany
12476.0,6546.58,2337,177,20,10,True,84879 - ASSORTED COLOUR BIRD ORNAMENT,Germany
12477.0,13117.01,3620,192,9,9,False,22244 - 3 HOOK HANGER MAGIC GARDEN,Germany
12478.0,680.99,236,36,1,9,False,20982 - 12 PENCILS TALL TUBE SKULLS,Greece
12479.0,477.3,351,31,3,9,False,20973 - 12 PENCIL SMALL TUBE WOODLAND,Germany
12480.0,3281.63,1707,129,4,14,False,22629 - SPACEBOY LUNCH BOX ,Germany
12481.0,5590.86,3290,150,11,8,True,22556 - PLASTERS IN TIN CIRCUS PARADE ,Germany
12483.0,2327.13,1097,46,13,11,True,22467 - GUMBALL COAT RACK,Sweden
12484.0,4495.27,2185,256,8,11,False,22693 - GROW A FLYTRAP OR SUNFLOWER IN TIN,Spain
12488.0,1298.66,529,46,3,10,False,21731 - RED TOADSTOOL LED NIGHT LIGHT,France
12489.0,334.93,105,15,1,13,False,22027 - TEA PARTY BIRTHDAY CARD,France
12490.0,5417.93,3064,131,10,9,False,23084 - RABBIT NIGHT LIGHT,France
12491.0,460.4,260,25,1,12,False,20973 - 12 PENCIL SMALL TUBE WOODLAND,France
12492.0,263.21,192,19,2,14,False,16169E - WRAP 50'S  CHRISTMAS,Germany
12493.0,416.79,206,20,3,10,False,15036 - ASSORTED COLOURS SILK FAN,France
12494.0,1139.35,690,63,13,11,True,21212 - PACK OF 72 RETROSPOT CAKE CASES,France
12497.0,1043.1,1236,14,1,12,False,21495 - SKULLS AND CROSSBONES WRAP,Germany
12498.0,403.7,159,21,3,12,True,20728 - LUNCH BAG CARS BLUE,Germany
12500.0,4206.27,2671,34,13,9,True,22585 - PACK OF 6 BIRDY GIFT TAGS,Germany
12501.0,2089.68,1722,149,2,12,False,84826 - ASSTD DESIGN 3D PAPER STICKERS,Germany
12502.0,3723.87,820,102,5,8,False,22741 - FUNKY DIVA PEN,Spain
12504.0,114.0,51,6,4,16,True,21122 - SET/10 PINK POLKADOT PARTY CANDLES,Germany
12506.0,73.5,23,23,1,8,False,21658 - GLASS  BEURRE DISH,France
12507.0,1258.06,894,19,4,10,True,23297 - SET 40 HEART SHAPE PETIT FOUR CASES,Spain
12508.0,398.27,272,57,2,15,False,22219 - LOVEBIRD HANGING DECORATION WHITE ,France
12509.0,176.5,55,7,1,14,False,20723 - STRAWBERRY CHARLOTTE BAG,France
12510.0,982.57,353,29,2,10,False,21137 - BLACK RECORD COVER FRAME,Spain
12512.0,138.03,99,31,2,14,True,16161P - WRAP ENGLISH ROSE ,Israel
12513.0,586.79,456,35,2,10,False,16161U - WRAP SUKI AND FRIENDS,France
12514.0,1017.68,440,51,1,16,False,21700 - BIG DOUGHNUT FRIDGE MAGNETS,Italy
12515.0,383.7,131,16,1,15,False,21976 - PACK OF 60 MUSHROOM CAKE CASES,Italy
12516.0,1312.06,875,20,2,9,False,22945 - CHRISTMAS METAL TAGS ASSORTED ,Germany
12517.0,2464.89,1348,232,6,11,True,21238 - RED RETROSPOT CUP,Germany
12518.0,2056.89,1318,84,5,10,False,22705 - WRAP GREEN PEARS ,Germany
12519.0,340.84,183,17,1,9,False,20975 - 12 PENCILS SMALL TUBE RED RETROSPOT,Germany
12520.0,2582.51,1430,121,6,8,False,"51014A - FEATHER PEN,HOT PINK",Germany
12521.0,599.68,309,38,1,10,False,23199 - JUMBO BAG APPLES,Germany
12522.0,192.72,194,11,2,14,False,16045 - POPART WOODEN PENCILS ASST,Germany
12523.0,1745.57,861,84,13,9,False,23231 - WRAP DOILEY DESIGN,France
12524.0,4485.72,3699,113,8,10,False,23379 - PACK OF 12 RED APPLE TISSUES,Germany
12526.0,1316.66,632,64,3,9,False,21731 - RED TOADSTOOL LED NIGHT LIGHT,Germany
12527.0,348.71,234,18,3,9,False,16168M - FUNKY MONKEY GIFT BAG MEDIUM,Germany
12528.0,1922.28,750,50,8,11,False,21232 - STRAWBERRY CERAMIC TRINKET BOX,Germany
12530.0,1623.63,900,51,5,10,False,22338 - STAR DECORATION PAINTED ZINC ,Germany
12531.0,125.22,45,17,1,11,False,21226 - POCKET MIRROR WOODLAND,Germany
12532.0,349.83,153,16,1,13,False,22340 - NOEL GARLAND PAINTED ZINC ,France
12534.0,1089.18,651,63,1,10,False,21498 - RED RETROSPOT WRAP ,Germany
12535.0,716.35,219,28,2,8,False,22558 - CLOTHES PEGS RETROSPOT PACK 24 ,France
12536.0,4106.82,2652,260,5,14,True,84077 - WORLD WAR 2 GLIDERS ASSTD DESIGNS,France
12538.0,363.95,191,21,1,17,False,22419 - LIPSTICK PEN RED,Spain
12539.0,3852.5,2066,158,5,9,True,21121 - SET/10 RED POLKADOT PARTY CANDLES,Spain
12540.0,13309.04,6677,278,19,11,False,84879 - ASSORTED COLOUR BIRD ORNAMENT,Spain
12541.0,981.18,680,46,3,9,False,22197 - SMALL POPCORN HOLDER,Spain
12544.0,355.7,132,19,2,11,False,20971 - PINK BLUE FELT CRAFT TRINKET BOX,Spain
12545.0,1000.39,523,42,2,12,False,21974 - SET OF 36 PAISLEY FLOWER DOILIES,Spain
12546.0,1141.5,617,59,3,9,False,85204 - HANGING WOOD AND FELT FLOWER,Spain
12547.0,207.8,134,7,2,12,False,21080 - SET/20 RED RETROSPOT PAPER NAPKINS ,Spain
12548.0,95.2,49,5,1,15,False,21210 - SET OF 72 RETROSPOT PAPER  DOILIES,Spain
12550.0,964.83,569,57,1,14,False,16161P - WRAP ENGLISH ROSE ,Spain
12551.0,168.0,100,10,1,11,False,20712 - JUMBO BAG WOODLAND ANIMALS,Spain
12552.0,437.82,88,20,2,10,False,21498 - RED RETROSPOT WRAP ,Italy
12553.0,3652.25,1924,95,14,10,True,84077 - WORLD WAR 2 GLIDERS ASSTD DESIGNS,France
12556.0,603.71,358,100,2,13,False,22816 - CARD MOTORBIKE SANTA,Spain
12557.0,11990.96,4384,15,5,16,False,84997D - PINK 3 PIECE POLKADOT CUTLERY SET,Spain
12559.0,536.21,281,21,3,9,True,22895 - SET OF 2 TEA TOWELS APPLE AND PEARS,Germany
12560.0,2101.39,1078,92,4,15,False,22740 - POLKADOT PEN,Germany
12561.0,238.85,177,16,1,11,False,21498 - RED RETROSPOT WRAP ,Germany
12562.0,3781.74,1779,99,7,8,False,23084 - RABBIT NIGHT LIGHT,France
12564.0,456.9,133,21,1,14,False,22329 - ROUND CONTAINER SET OF 5 RETROSPOT,France
12565.0,131.17,75,9,2,10,False,22553 - PLASTERS IN TIN SKULLS,Saudi Arabia
12566.0,346.7,264,19,2,9,False,22066 - LOVE HEART TRINKET POT,Germany
12567.0,9114.94,4089,323,11,9,True,22492 - MINI PAINT SET VINTAGE ,France
12569.0,4064.99,1793,92,35,13,True,21232 - STRAWBERRY CERAMIC TRINKET BOX,Germany
12571.0,519.61,523,31,2,10,False,22492 - MINI PAINT SET VINTAGE ,France
12572.0,1004.72,450,53,3,9,False,21871 - SAVE THE PLANET MUG,Germany
12573.0,160.54,84,26,1,15,False,"21507 - ELEPHANT, BIRTHDAY CARD, ",France
12574.0,218.45,61,11,1,9,False,84380 - SET OF 3 BUTTERFLY COOKIE CUTTERS,France
12576.0,1306.98,964,72,6,10,False,16016 - LARGE CHINESE STYLE SCISSOR,Poland
12577.0,595.4,466,137,4,13,True,23077 - DOUGHNUT LIP GLOSS ,France
12578.0,2753.36,1171,112,4,10,False,22492 - MINI PAINT SET VINTAGE ,Italy
12579.0,410.72,278,29,3,17,True,16156L - WRAP CAROUSEL,France
12580.0,415.7,238,24,1,10,False,10125 - MINI FUNKY DESIGN TAPES,Germany
12581.0,197.71,161,15,1,8,False,16169E - WRAP 50'S  CHRISTMAS,Germany
12582.0,511.36,300,21,2,8,False,21394 - RED POLKADOT BEAKER ,Finland
12583.0,7187.34,5009,115,18,12,False,22492 - MINI PAINT SET VINTAGE ,France
12584.0,1893.95,354,44,18,12,True,22720 - SET OF 3 CAKE TINS PANTRY DESIGN ,Italy
12585.0,1982.81,1258,77,4,12,False,84945 - MULTI COLOUR SILVER T-LIGHT HOLDER,Germany
12586.0,179.94,77,12,2,9,False,16048 - TEATIME ROUND PENCIL SHARPENER ,Italy
12587.0,144.0,51,4,1,12,False,22386 - JUMBO BAG PINK POLKADOT,Finland
12588.0,214.9,53,10,1,15,False,22195 - LARGE HEART MEASURING SPOONS,Finland
12589.0,646.68,306,29,2,10,False,21121 - SET/10 RED POLKADOT PARTY CANDLES,France
12590.0,9861.38,4279,68,3,14,True,15036 - ASSORTED COLOURS SILK FAN,Germany
12591.0,452.85,228,26,1,14,False,84988 - SET OF 72 PINK HEART PAPER DOILIES,Italy
12592.0,437.6,290,11,2,13,False,20719 - WOODLAND CHARLOTTE BAG,Germany
12593.0,418.1,206,14,3,9,False,20726 - LUNCH BAG WOODLAND,France
12594.0,3320.22,1776,50,11,12,True,47593B - SCOTTIE DOGS BABY BIB,Italy
12596.0,618.27,474,25,2,13,False,23167 - SMALL CERAMIC TOP STORAGE JAR ,Spain
12597.0,3683.13,2187,184,5,13,False,22597 - MUSICAL ZINC HEART DECORATION ,Spain
12598.0,3002.68,1940,84,9,12,True,23204 - CHARLOTTE BAG APPLES DESIGN,France
12599.0,1032.58,956,32,7,13,False,21086 - SET/6 RED SPOTTY PAPER CUPS,France
12600.0,2581.04,773,32,11,9,False,85014B - RED RETROSPOT UMBRELLA,Germany
12601.0,569.56,244,21,6,10,False,22961 - JAM MAKING SET PRINTED,Germany
12602.0,153.12,162,12,1,11,False,23506 - MINI PLAYING CARDS SPACEBOY ,France
12603.0,739.2,64,3,1,10,False,22423 - REGENCY CAKESTAND 3 TIER,Germany
12604.0,254.18,201,15,2,12,False,21122 - SET/10 PINK POLKADOT PARTY CANDLES,France
12609.0,1126.85,648,57,3,15,False,21394 - RED POLKADOT BEAKER ,Germany
12610.0,2057.99,1028,85,7,10,False,21671 - RED SPOT CERAMIC DRAWER KNOB,Italy
12611.0,1193.32,846,65,1,13,False,23445 - ICE CREAM BUBBLES,Italy
12612.0,643.59,251,19,2,12,False,17003 - BROCADE RING PURSE ,Germany
12613.0,3218.98,1596,124,6,9,True,22467 - GUMBALL COAT RACK,Germany
12614.0,315.6,76,20,1,10,False,21354 - TOAST ITS - BEST MUM,Germany
12615.0,2291.19,1376,82,4,10,False,84077 - WORLD WAR 2 GLIDERS ASSTD DESIGNS,France
12616.0,657.25,273,25,5,10,False,20981 - 12 PENCILS TALL TUBE WOODLAND,France
12617.0,355.53,213,39,1,14,False,20718 - RED RETROSPOT SHOPPER BAG,France
12618.0,177.31,96,11,1,11,False,21499 - BLUE POLKADOT WRAP,Italy
12619.0,3214.81,3354,50,13,14,True,23293 - SET OF 12 FAIRY CAKE BAKING CASES,Germany
12620.0,1339.41,1181,89,3,10,False,21394 - RED POLKADOT BEAKER ,France
12621.0,13612.07,7404,261,23,14,True,15036 - ASSORTED COLOURS SILK FAN,Germany
12622.0,180.1,69,11,1,16,False,21328 - BALLOONS  WRITING SET ,Germany
12623.0,305.1,191,18,1,13,False,22704 - WRAP RED APPLES ,Germany
12624.0,641.13,355,36,2,12,False,21212 - PACK OF 72 RETROSPOT CAKE CASES,France
12625.0,2614.32,1577,74,3,9,False,21121 - SET/10 RED POLKADOT PARTY CANDLES,Germany
12626.0,6388.35,3350,232,13,11,False,22326 - ROUND SNACK BOXES SET OF4 WOODLAND ,Germany
12627.0,4478.53,2752,162,7,15,False,16045 - POPART WOODEN PENCILS ASST,Germany
12628.0,769.61,445,34,4,9,False,23077 - DOUGHNUT LIP GLOSS ,Germany
12630.0,1270.88,548,60,2,10,False,22539 - MINI JIGSAW DOLLY GIRL,Finland
12631.0,640.5,236,31,1,13,False,21212 - PACK OF 72 RETROSPOT CAKE CASES,Finland
12633.0,2140.63,1149,73,5,11,False,10135 - COLOURING PENCILS BROWN TUBE,Germany
12635.0,1689.18,1172,96,2,8,False,16045 - POPART WOODEN PENCILS ASST,Germany
12637.0,5953.25,2990,205,10,12,True,22492 - MINI PAINT SET VINTAGE ,France
12638.0,671.69,577,39,1,13,False,85172 - HYACINTH BULB T-LIGHT CANDLES,Sweden
12639.0,486.1,201,22,1,12,False,21124 - SET/10 BLUE POLKADOT PARTY CANDLES,Sweden
12640.0,1174.58,311,47,3,8,False,23319 - BOX OF 6 MINI 50'S CRACKERS,France
12641.0,185.9,72,10,1,13,False,21977 - PACK OF 60 PINK PAISLEY CAKE CASES,Sweden
12642.0,1013.26,552,39,3,9,False,22077 - 6 RIBBONS RUSTIC CHARM,Germany
12643.0,3344.64,1808,11,6,12,True,21381 - MINI WOODEN HAPPY BIRTHDAY GARLAND,France
12644.0,477.91,325,31,1,10,False,22094 - RED RETROSPOT TISSUE BOX,Germany
12645.0,1755.38,1072,58,5,12,False,22492 - MINI PAINT SET VINTAGE ,Germany
12646.0,1346.97,897,43,2,10,False,23366 - SET 12 COLOURING PENCILS DOILY,USA
12647.0,3669.92,1420,79,13,12,True,21558 - SKULL LUNCH BOX WITH CUTLERY ,Germany
12648.0,318.05,160,21,1,11,False,21242 - RED RETROSPOT PLATE ,Germany
12649.0,603.71,574,30,4,14,True,16259 - PIECE OF CAMO STATIONERY SET,Germany
12650.0,314.44,254,20,1,16,False,22752 - SET 7 BABUSHKA NESTING BOXES,France
12651.0,114.0,78,9,1,12,False,21080 - SET/20 RED RETROSPOT PAPER NAPKINS ,France
12652.0,914.53,502,48,2,15,False,21110 - LARGE CAKE TOWEL PINK SPOTS,France
12653.0,2209.85,919,37,2,10,False,21294 - ETCHED GLASS COASTER,Israel
12654.0,601.98,264,31,5,10,True,22556 - PLASTERS IN TIN CIRCUS PARADE ,Germany
12656.0,3982.72,1708,89,8,9,False,21936 - RED RETROSPOT PICNIC BAG,France
12657.0,1152.06,654,35,5,15,True,22959 - WRAP CHRISTMAS VILLAGE,France
12658.0,686.05,320,36,1,10,False,22075 - 6 RIBBONS ELEGANT CHRISTMAS ,Germany
12659.0,91.68,105,5,1,11,False,22944 - CHRISTMAS METAL POSTCARD WITH BELLS,France
12660.0,245.1,127,13,1,13,False,22492 - MINI PAINT SET VINTAGE ,France
12662.0,3817.08,2040,129,12,13,True,20719 - WOODLAND CHARLOTTE BAG,Germany
12664.0,4863.88,1202,10,10,11,True,84997D - PINK 3 PIECE POLKADOT CUTLERY SET,Finland
12665.0,61.75,36,3,2,8,False,21232 - STRAWBERRY CERAMIC TRINKET BOX,Germany
12667.0,620.13,395,33,1,17,False,20984 - 12 PENCILS TALL TUBE POSY,Finland
12668.0,3743.18,1595,115,6,9,False,21232 - STRAWBERRY CERAMIC TRINKET BOX,Germany
12669.0,1607.73,1114,98,4,9,True,21829 - DINOSAUR KEYRINGS ASSORTED,France
12670.0,2986.15,1391,58,6,9,False,23084 - RABBIT NIGHT LIGHT,France
12672.0,225.9,78,10,1,9,False,22668 - PINK BABY BUNTING,France
12673.0,610.52,351,42,2,11,False,16235 - RECYCLED PENCIL WITH RABBIT ERASER,Germany
12674.0,1919.31,1102,52,7,9,False,23076 - ICE CREAM SUNDAE LIP GLOSS,France
12676.0,1331.39,670,33,6,9,False,22435 - SET OF 9 HEART SHAPED BALLOONS,Sweden
12678.0,17588.26,10899,105,13,11,True,23084 - RABBIT NIGHT LIGHT,France
12679.0,1058.67,530,45,9,12,True,21232 - STRAWBERRY CERAMIC TRINKET BOX,France
12680.0,862.81,443,33,4,12,False,22099 - CARAVAN SQUARE TISSUE BOX,France
12681.0,13677.59,7518,267,27,11,True,21731 - RED TOADSTOOL LED NIGHT LIGHT,France
12682.0,12288.22,5575,209,31,13,True,23084 - RABBIT NIGHT LIGHT,France
12683.0,8221.09,4903,177,20,9,True,22435 - SET OF 9 HEART SHAPED BALLOONS,France
12684.0,2283.63,1985,61,7,10,False,22492 - MINI PAINT SET VINTAGE ,France
12685.0,2863.08,1523,117,6,10,False,23231 - WRAP  VINTAGE DOILY ,France
12686.0,89.14,107,7,1,9,False,21786 - POLKADOT RAIN HAT ,France
12688.0,4873.81,3028,171,1,8,False,20719 - WOODLAND CHARLOTTE BAG,Israel
12689.0,1247.61,628,57,2,8,False,21731 - RED TOADSTOOL LED NIGHT LIGHT,France
12690.0,389.01,106,16,1,9,False,21731 - RED TOADSTOOL LED NIGHT LIGHT,France
12691.0,1035.8,394,21,6,14,False,21731 - RED TOADSTOOL LED NIGHT LIGHT,France
12693.0,830.96,250,35,6,8,False,22961 - JAM MAKING SET PRINTED,Germany
12694.0,869.67,509,32,2,13,False,22492 - MINI PAINT SET VINTAGE ,France
12695.0,582.1,220,23,4,13,False,22091 - EMPIRE TISSUE BOX,France
12697.0,939.02,499,37,5,8,False,22944 - CHRISTMAS METAL POSTCARD WITH BELLS,Sweden
12700.0,4867.99,2963,193,6,10,True,22299 - PIG KEYRING WITH LIGHT & SOUND ,France
12701.0,797.71,678,50,2,10,False,21829 - DINOSAUR KEYRINGS ASSORTED,Germany
12702.0,219.0,53,12,1,10,False,23439 - HAND WARMER RED LOVE HEART,Germany
12703.0,274.7,161,21,2,17,False,22759 - SET OF 3 NOTEBOOKS IN PARCEL,Germany
12704.0,2220.84,1003,64,10,14,True,23084 - RABBIT NIGHT LIGHT,Finland
12705.0,6814.24,3973,228,14,12,True,16218 - CARTOON  PENCIL SHARPENERS,Germany
12707.0,603.42,256,33,1,8,False,22024 - RAINY LADIES BIRTHDAY CARD,France
12708.0,2616.32,1270,86,16,9,False,21672 - WHITE SPOT RED CERAMIC DRAWER KNOB,Germany
12709.0,9294.1,3832,103,26,12,False,21086 - SET/6 RED SPOTTY PAPER CUPS,Germany
12710.0,1130.57,849,75,4,11,False,22492 - MINI PAINT SET VINTAGE ,Germany
12712.0,4241.63,1044,59,17,9,False,22173 - METAL 4 HOOK HANGER FRENCH CHATEAU,Germany
12713.0,848.55,508,38,1,12,False,21497 - FANCY FONTS BIRTHDAY WRAP,Germany
12714.0,4708.86,3069,216,5,9,False,22740 - POLKADOT PEN,France
12715.0,353.86,197,20,1,15,False,21981 - PACK OF 12 WOODLAND TISSUES ,Sweden
12716.0,1053.49,708,60,2,8,False,22437 - SET OF 9 BLACK SKULL BALLOONS,France
12717.0,980.98,505,49,3,14,True,21700 - BIG DOUGHNUT FRIDGE MAGNETS,Greece
12718.0,238.25,203,19,1,16,False,21084 - SET/6 COLLAGE PAPER CUPS,France
12719.0,608.1,361,34,3,10,False,23368 - SET 12 COLOUR PENCILS DOLLY GIRL ,France
12720.0,5713.28,4654,211,29,10,True,21986 - PACK OF 12 PINK POLKADOT TISSUES,Germany
12721.0,2628.98,1954,134,7,10,False,16156S - WRAP PINK FAIRY CAKES ,France
12722.0,904.33,560,50,6,11,False,85123A - WHITE HANGING HEART T-LIGHT HOLDER,France
12723.0,725.07,434,53,5,15,True,22616 - PACK OF 12 LONDON TISSUES ,France
12724.0,1031.41,445,47,4,12,False,23084 - RABBIT NIGHT LIGHT,France
12725.0,427.8,164,24,1,15,False,85078 - SCANDINAVIAN 3 HEARTS NAPKIN RING,Italy
12726.0,2609.1,3143,57,7,10,False,22531 - MAGIC DRAWING SLATE CIRCUS PARADE  ,France
12727.0,3947.7,2085,109,9,11,True,22151 - PLACE SETTING WHITE HEART,France
12728.0,836.33,419,38,4,13,False,22741 - FUNKY DIVA PEN,France
12729.0,453.01,233,26,1,11,False,22530 - MAGIC DRAWING SLATE DOLLY GIRL ,France
12731.0,18793.41,8366,109,14,10,True,84879 - ASSORTED COLOUR BIRD ORNAMENT,France
12732.0,236.26,111,12,1,11,False,20979 - 36 PENCILS TUBE RED RETROSPOT,France
12733.0,383.95,137,22,1,16,False,22129 - PARTY CONES CANDY TREE DECORATION,USA
12734.0,110.4,88,4,1,12,False,22222 - CAKE PLATE LOVEBIRD WHITE,France
12735.0,779.57,368,38,2,13,False,21212 - PACK OF 72 RETROSPOT CAKE CASES,France
12736.0,234.0,173,4,1,7,False,21212 - PACK OF 72 RETROSPOT CAKE CASES,France
12738.0,155.35,148,11,1,18,False,21212 - PACK OF 72 RETROSPOT CAKE CASES,Germany
12739.0,1013.04,486,38,2,13,False,22092 - BLUE PAISLEY TISSUE BOX,United Arab Emirates
12740.0,427.6,342,27,1,10,False,22437 - SET OF 9 BLACK SKULL BALLOONS,France
12743.0,546.43,319,114,2,16,True,22046 - TEA PARTY  WRAPPING PAPER ,Unspecified
12744.0,9120.39,5234,178,10,13,True,22339 - CHRISTMAS TREE PAINTED ZINC ,Singapore
12747.0,4196.01,1275,42,11,10,False,82484 - WOOD BLACK BOARD ANT WHITE FINISH,United Kingdom
12748.0,29072.1,24210,1769,224,12,True,21135 - VICTORIAN  METAL POSTCARD SPRING,United Kingdom
12749.0,3868.2,1422,160,8,12,True,23232 - WRAP VINTAGE LEAF DESIGN,United Kingdom
12750.0,275.88,137,15,1,9,False,16161U - WRAP SUKI AND FRIENDS,Poland
12752.0,4366.78,2262,53,1,13,False,85099B - JUMBO BAG RED RETROSPOT,Norway
12753.0,21024.01,11250,132,11,11,True,22661 - CHARLOTTE BAG DOLLY GIRL DESIGN,Japan
12754.0,2949.12,6479,50,5,9,True,22489 - PACK OF 12 TRADITIONAL CRAYONS,Japan
12755.0,2203.2,866,5,4,10,False,22328 - ROUND SNACK BOXES SET OF 4 FRUITS ,Japan
12756.0,112.08,144,4,1,9,False,21787 - RAIN PONCHO RETROSPOT,Japan
12757.0,4227.7,2385,237,19,14,True,23209 - LUNCH BAG DOILEY PATTERN ,Portugal
12758.0,2791.59,2135,84,2,10,False,22492 - MINI PAINT SET VINTAGE ,Portugal
12759.0,1531.44,902,81,3,8,False,22045 - SPACEBOY GIFT WRAP,Netherlands
12762.0,1898.52,1227,62,2,10,False,22923 - FRIDGE MAGNETS LES ENFANTS ASSORTED,Portugal
12763.0,494.08,316,16,2,14,False,21210 - SET OF 72 RETROSPOT PAPER  DOILIES,Japan
12764.0,1693.88,386,45,1,10,False,84929 - ASSTD FRUIT+FLOWERS FRIDGE MAGNETS,Lebanon
12766.0,6989.63,3646,205,7,13,False,22740 - POLKADOT PEN,Portugal
12769.0,1143.6,356,32,1,10,False,21430 - SET/3 RED GINGHAM ROSE STORAGE BOX,Brazil
12770.0,1351.45,743,12,1,9,False,20992 - JAZZ HEARTS PURSE NOTEBOOK,Japan
12772.0,892.47,556,55,1,9,False,16161P - WRAP ENGLISH ROSE ,Portugal
12775.0,1351.24,853,47,6,12,False,35961 - FOLKART ZINC HEART CHRISTMAS DEC,Netherlands
12778.0,804.23,824,40,7,15,True,21829 - DINOSAUR KEYRINGS ASSORTED,Netherlands
12779.0,3868.7,1996,88,12,10,True,21232 - STRAWBERRY CERAMIC TRINKET BOX,Poland
12781.0,707.72,592,25,5,15,True,22578 - WOODEN STAR CHRISTMAS SCANDINAVIAN,Czech Republic
12782.0,2273.32,1070,81,6,10,False,21498 - RED RETROSPOT WRAP ,Portugal
12783.0,1603.87,622,76,8,11,True,84077 - WORLD WAR 2 GLIDERS ASSTD DESIGNS,Portugal
12784.0,574.42,300,54,2,12,False,22051 - BLUE SCANDINAVIAN PAISLEY WRAP,Portugal
12785.0,305.71,128,14,2,12,False,22277 - COSMETIC BAG VINTAGE ROSE PAISLEY,Portugal
12787.0,463.66,261,17,3,8,False,23201 - JUMBO BAG ALPHABET,Netherlands
12789.0,91.85,4,4,1,13,False,22802 - FAUX FUR CHOCOLATE THROW,Netherlands
12790.0,324.92,166,21,1,14,False,22539 - MINI JIGSAW DOLLY GIRL,Netherlands
12791.0,192.6,97,2,1,11,False,22867 - HAND WARMER BIRD DESIGN,Netherlands
12792.0,400.54,217,25,1,11,False,22708 - WRAP DOLLY GIRL,Portugal
12793.0,545.48,295,21,2,12,False,22383 - LUNCH BAG SUKI  DESIGN ,Portugal
12794.0,860.41,592,43,2,12,False,23078 - ICE CREAM PEN LIP GLOSS ,Portugal
12795.0,430.48,68,14,1,10,False,22555 - PLASTERS IN TIN STRONGMAN,Portugal
12797.0,194.18,79,13,3,10,True,22540 - MINI JIGSAW CIRCUS PARADE ,Portugal
12798.0,6977.04,5256,6,3,10,False,23084 - RABBIT NIGHT LIGHT,Japan
12802.0,412.58,302,25,2,9,False,21213 - PACK OF 72 SKULL CAKE CASES,Netherlands
12808.0,483.65,188,27,3,10,False,22279 - POCKET BAG BLUE PAISLEY RED SPOT,Portugal
12809.0,484.36,219,25,2,10,False,23210 - WHITE ROCKING HORSE HAND PAINTED,Portugal
12811.0,514.85,230,27,3,9,False,22492 - MINI PAINT SET VINTAGE ,Portugal
12812.0,229.64,164,15,1,9,False,21976 - PACK OF 60 MUSHROOM CAKE CASES,Japan
12814.0,125.92,49,2,1,12,False,23084 - RABBIT NIGHT LIGHT,Poland
12815.0,1063.46,379,38,2,10,False,16014 - SMALL CHINESE STYLE SCISSOR,Poland
12816.0,572.2,128,27,2,12,False,22494 - EMERGENCY FIRST AID TIN ,Poland
12817.0,166.04,53,4,1,16,False,22556 - PLASTERS IN TIN CIRCUS PARADE ,Austria
12818.0,1517.88,923,14,2,12,False,21918 - SET 12 KIDS COLOUR  CHALK STICKS,Austria
12820.0,942.34,722,55,4,11,False,23380 - PACK OF 12 VINTAGE DOILY TISSUES,United Kingdom
12821.0,92.72,70,6,1,15,False,22335 - HEART DECORATION PAINTED ZINC ,United Kingdom
12822.0,918.98,548,41,3,10,False,22086 - PAPER CHAIN KIT 50'S CHRISTMAS ,United Kingdom
12823.0,1759.5,230,1,5,7,False,48138 - DOORMAT UNION FLAG,United Kingdom
12824.0,397.12,232,25,1,12,False,23271 - CHRISTMAS TABLE SILVER CANDLE SPIKE,United Kingdom
12826.0,1468.12,1054,58,8,10,False,20978 - 36 PENCILS TUBE SKULLS,United Kingdom
12827.0,430.15,197,19,3,11,False,22907 - PACK OF 20 NAPKINS PANTRY DESIGN,United Kingdom
12828.0,1018.71,494,46,6,8,False,37446 - MINI CAKE STAND WITH HANGING CAKES,United Kingdom
12829.0,253.05,375,9,3,11,False,84826 - ASSTD DESIGN 3D PAPER STICKERS,United Kingdom
12830.0,6748.4,9847,14,7,10,True,21703 - BAG 125g SWIRLY MARBLES,United Kingdom
12831.0,215.05,135,9,1,13,False,84970L - SINGLE HEART ZINC T-LIGHT HOLDER,United Kingdom
12832.0,383.03,195,27,2,13,False,20956 - PORCELAIN T-LIGHT HOLDERS ASSORTED,United Kingdom
12833.0,417.38,156,24,1,13,False,85199S - SMALL HANGING IVORY/RED WOOD BIRD,United Kingdom
12834.0,312.38,110,18,1,9,False,22249 - DECORATION WHITE CHICK MAGIC GARDEN,United Kingdom
12836.0,2612.86,1064,148,4,15,False,85123A - WHITE HANGING HEART T-LIGHT HOLDER,United Kingdom
12837.0,134.1,24,12,1,16,False,22139 - RETROSPOT TEA SET CERAMIC 11 PC ,United Kingdom
12838.0,683.13,359,115,2,11,False,21986 - PACK OF 12 PINK POLKADOT TISSUES,United Kingdom
12839.0,5583.62,3804,96,16,14,False,22197 - SMALL POPCORN HOLDER,United Kingdom
12840.0,2714.27,1505,67,6,9,False,20725 - LUNCH BAG RED RETROSPOT,United Kingdom
12841.0,3876.4,2683,230,26,12,True,21213 - PACK OF 72 SKULL CAKE CASES,United Kingdom
12842.0,1118.99,547,34,2,12,False,22582 - PACK OF 6 SWEETIE GIFT BOXES,United Kingdom
12843.0,1680.76,753,69,9,12,True,22851 - SET 20 NAPKINS FAIRY CAKES DESIGN ,United Kingdom
12844.0,325.96,125,47,2,13,False,82482 - WOODEN PICTURE FRAME WHITE FINISH,United Kingdom
12845.0,354.09,204,26,4,10,False,85206A - CREAM FELT EASTER EGG BASKET,United Kingdom
12847.0,871.54,909,72,1,13,False,23310 - BUBBLEGUM RING ASSORTED,United Kingdom
12849.0,1050.89,623,47,2,12,False,22266 - EASTER DECORATION HANGING BUNNY,United Kingdom
12851.0,135.18,109,43,1,12,False,23186 - FRENCH STYLE STORAGE JAR CAFE ,United Kingdom
12852.0,299.75,145,17,2,8,False,21975 - PACK OF 60 DINOSAUR CAKE CASES,United Kingdom
12853.0,1881.7,782,66,9,11,True,22740 - POLKADOT PEN,United Kingdom
12854.0,1289.15,622,97,5,12,True,84879 - ASSORTED COLOUR BIRD ORNAMENT,United Kingdom
12855.0,38.1,30,3,1,9,False,22962 - JAM JAR WITH PINK LID,United Kingdom
12856.0,2162.68,1076,155,8,12,True,22418 - 10 COLOUR SPACEBOY PEN,United Kingdom
12857.0,1106.4,343,37,2,10,False,22379 - RECYCLING BAG RETROSPOT ,United Kingdom
12863.0,504.2,186,5,2,14,False,22197 - POPCORN HOLDER,United Kingdom
12864.0,147.12,216,3,1,13,False,15036 - ASSORTED COLOURS SILK FAN,United Kingdom
12865.0,1548.07,877,87,3,10,False,22154 - ANGEL DECORATION 3 BUTTONS ,Austria
12866.0,559.12,171,26,1,14,False,79190D - RETRO PLASTIC DAISY TRAY,Belgium
12867.0,3986.22,4274,241,10,15,True,85175 - CACTI T-LIGHT CANDLES,United Kingdom
12868.0,1607.06,928,72,6,15,False,23077 - DOUGHNUT LIP GLOSS ,United Kingdom
12871.0,380.64,200,8,2,13,False,85123A - WHITE HANGING HEART T-LIGHT HOLDER,United Kingdom
12872.0,599.97,319,58,2,10,False,22178 - VICTORIAN GLASS HANGING T-LIGHT,United Kingdom
12873.0,374.0,128,4,1,14,False,22084 - PAPER CHAIN KIT EMPIRE,United Kingdom
12875.0,343.23,2019,1,2,12,False,17096 - ASSORTED LAQUERED INCENSE HOLDERS,United Kingdom
12876.0,2218.02,1941,67,2,12,False,21976 - PACK OF 60 MUSHROOM CAKE CASES,Belgium
12877.0,1535.77,1178,100,12,13,False,15036 - ASSORTED COLOURS SILK FAN,United Kingdom
12878.0,841.64,536,38,3,14,False,21668 - RED STRIPE CERAMIC DRAWER KNOB,United Kingdom
12879.0,552.57,363,7,4,12,False,22065 - CHRISTMAS PUDDING TRINKET POT ,United Kingdom
12881.0,298.0,21,7,1,11,False,22853 - CAT BOWL VINTAGE CREAM,United Kingdom
12882.0,1463.04,246,12,2,11,False,23284 - DOORMAT KEEP CALM AND COME IN,United Kingdom
12883.0,703.47,196,39,4,9,True,23499 - SET 12 VINTAGE DOILY CHALK ,United Kingdom
12884.0,309.05,43,7,1,13,False,23199 - JUMBO BAG APPLES,United Kingdom
12885.0,1158.27,654,66,4,11,True,23308 - SET OF 60 VINTAGE LEAF CAKE CASES ,United Kingdom
12886.0,1351.09,761,75,3,10,False,84077 - WORLD WAR 2 GLIDERS ASSTD DESIGNS,United Kingdom
12888.0,313.77,68,4,4,11,False,21137 - BLACK RECORD COVER FRAME,United Kingdom
12890.0,380.47,259,78,1,17,False,22610 - PENS ASSORTED FUNNY FACE,United Kingdom
12891.0,331.0,950,2,3,11,False,21498 - RED RETROSPOT WRAP ,United Kingdom
12893.0,188.14,96,27,1,12,False,23241 - TREASURE TIN GYMKHANA DESIGN,United Kingdom
12895.0,347.3,204,22,3,8,False,21212 - PACK OF 72 RETROSPOT CAKE CASES,United Kingdom
12897.0,216.5,110,3,2,11,False,22469 - HEART OF WICKER SMALL,United Kingdom
12901.0,16293.1,20915,32,36,10,True,84077 - WORLD WAR 2 GLIDERS ASSTD DESIGNS,United Kingdom
12902.0,138.68,66,10,1,12,False,21877 - HOME SWEET HOME MUG,United Kingdom
12904.0,509.58,302,59,2,13,False,21391 - FRENCH LAVENDER SCENT HEART,United Kingdom
12906.0,2919.81,1749,55,5,9,True,22616 - PACK OF 12 LONDON TISSUES ,United Kingdom
12908.0,246.0,0,2,4,12,True,15036 - ASSORTED COLOURS SILK FAN,United Kingdom
12909.0,2128.83,1270,78,8,12,True,16048 - TEATIME ROUND PENCIL SHARPENER ,United Kingdom
12910.0,3075.04,1692,48,8,10,True,23209 - LUNCH BAG DOILEY PATTERN ,United Kingdom
12912.0,1662.3,670,17,5,13,False,23084 - RABBIT NIGHT LIGHT,United Kingdom
12913.0,2483.63,1419,37,5,10,False,22153 - ANGEL DECORATION STARS ON DRESS,United Kingdom
12915.0,363.65,93,19,2,11,False,84535B - FAIRY CAKES NOTEBOOK A6 SIZE,United Kingdom
12916.0,2982.35,1111,53,5,10,True,85123A - WHITE HANGING HEART T-LIGHT HOLDER,United Kingdom
12917.0,594.0,120,2,1,16,False,15056BL - EDWARDIAN PARASOL BLACK,United Kingdom
12919.0,1301.44,668,34,8,10,False,35970 - ZINC FOLKART SLEIGH BELLS,United Kingdom
12920.0,164.23,129,27,1,15,False,17003 - BROCADE RING PURSE ,United Kingdom
12921.0,16389.74,9454,233,50,13,True,84879 - ASSORTED COLOUR BIRD ORNAMENT,United Kingdom
12922.0,405.38,370,28,1,15,False,21208 - PASTEL COLOUR HONEYCOMB FAN,United Kingdom
12923.0,176.97,69,28,1,16,False,16011 - ANIMAL STICKERS,United Kingdom
12924.0,929.95,480,22,5,9,False,84946 - ANTIQUE SILVER T-LIGHT GLASS,United Kingdom
12925.0,694.05,541,42,2,11,False,84077 - WORLD WAR 2 GLIDERS ASSTD DESIGNS,United Kingdom
12928.0,2062.7,1472,59,5,8,False,16008 - SMALL FOLDING SCISSOR(POINTED EDGE),United Kingdom
12929.0,105.1,36,8,2,12,False,22962 - JAM JAR WITH PINK LID,United Kingdom
12930.0,409.9,250,20,4,13,True,85175 - CACTI T-LIGHT CANDLES,United Kingdom
12931.0,33462.81,23377,29,20,10,True,22197 - SMALL POPCORN HOLDER,United Kingdom
12933.0,606.28,498,103,4,11,True,16045 - POPART WOODEN PENCILS ASST,United Kingdom
12935.0,2156.45,1852,80,8,12,True,23310 - BUBBLEGUM RING ASSORTED,United Kingdom
12936.0,1012.9,539,56,5,17,True,23077 - DOUGHNUT LIP GLOSS ,United Kingdom
12937.0,1504.27,1007,81,4,14,False,22945 - CHRISTMAS METAL TAGS ASSORTED ,United Kingdom
12938.0,114.14,140,9,1,11,False,22579 - WOODEN TREE CHRISTMAS SCANDINAVIAN,United Kingdom
12939.0,11581.8,4876,21,8,13,True,22570 - FELTCRAFT CUSHION RABBIT,United Kingdom
12940.0,876.29,406,88,4,10,False,35954 - SMALL FOLKART STAR CHRISTMAS DEC,United Kingdom
12942.0,683.9,203,68,3,9,False,21114 - LAVENDER SCENTED FABRIC HEART,United Kingdom
12944.0,604.51,289,29,2,10,False,20975 - 12 PENCILS SMALL TUBE RED RETROSPOT,United Kingdom
12945.0,462.95,165,23,1,14,False,22469 - HEART OF WICKER SMALL,United Kingdom
12947.0,1407.29,1157,83,11,10,False,15034 - PAPER POCKET TRAVELING FAN ,United Kingdom
12948.0,2053.7,1077,82,8,10,False,47593B - SCOTTIE DOGS BABY BIB,United Kingdom
12949.0,4143.02,2363,166,10,13,True,84755 - COLOUR GLASS T-LIGHT HOLDER HANGING,United Kingdom
12950.0,1843.0,1380,13,3,13,False,20724 - RED RETROSPOT CHARLOTTE BAG,United Kingdom
12951.0,1042.07,500,54,8,10,False,22959 - WRAP CHRISTMAS VILLAGE,United Kingdom
12952.0,1382.84,652,64,5,16,True,23326 - HANGING MINI COLOURED BOTTLES,United Kingdom
12953.0,329.85,84,17,1,9,False,21620 - SET OF 4 ROSE BOTANICAL CANDLES,United Kingdom
12955.0,4734.26,3642,81,14,10,False,84347 - ROTATING SILVER ANGELS T-LIGHT HLDR,United Kingdom
12956.0,108.07,34,19,1,16,False,84879 - ASSORTED COLOUR BIRD ORNAMENT,United Kingdom
12957.0,3979.04,2531,208,12,12,True,23077 - DOUGHNUT LIP GLOSS ,United Kingdom
12962.0,266.39,129,15,2,13,False,23119 - PACK OF 6 LARGE FRUIT STRAWS ,United Kingdom
12963.0,1841.03,873,76,9,9,True,23344 - JUMBO BAG 50'S CHRISTMAS ,United Kingdom
12965.0,771.91,283,108,1,15,False,22693 - GROW A FLYTRAP OR SUNFLOWER IN TIN,United Kingdom
12966.0,160.18,75,10,1,12,False,21615 - 4 LAVENDER BOTANICAL DINNER CANDLES,United Kingdom
12967.0,1194.75,243,21,4,9,False,21430 - SET/3 RED GINGHAM ROSE STORAGE BOX,United Kingdom
12968.0,135.95,73,5,1,15,False,22110 - BIRD HOUSE HOT WATER BOTTLE,United Kingdom
12970.0,452.24,310,116,4,14,True,22818 - CARD CHRISTMAS VILLAGE,United Kingdom
12971.0,10930.26,9203,95,89,14,True,40016 - CHINESE DRAGON PAPER LANTERNS,United Kingdom
12974.0,144.8,24,8,1,9,False,15056N - EDWARDIAN PARASOL NATURAL,United Kingdom
12976.0,738.6,561,22,1,9,False,20725 - LUNCH BAG RED RETROSPOT,United Kingdom
12977.0,39.24,12,9,1,16,False,37489B - BLUE/YELLOW FLOWER DESIGN BIG MUG,United Kingdom
12980.0,7092.06,864,6,12,11,False,82001S - VINYL RECORD FRAME SILVER,United Kingdom
12981.0,372.22,242,12,2,12,False,23293 - SET OF 12 FAIRY CAKE BAKING CASES,United Kingdom
12982.0,377.2,278,28,2,10,False,21318 - GLASS CHALICE BLUE SMALL ,United Kingdom
12984.0,97.5,26,4,1,12,False,20969 - RED FLORAL FELTCRAFT SHOULDER BAG,United Kingdom
12985.0,1215.62,1413,73,3,10,False,22319 - HAIRCLIPS FORTIES FABRIC ASSORTED,United Kingdom
12987.0,545.0,217,27,3,12,False,23210 - WHITE ROCKING HORSE HAND PAINTED,United Kingdom
12988.0,535.32,136,75,1,14,False,84879 - ASSORTED COLOUR BIRD ORNAMENT,United Kingdom
12989.0,6854.51,2915,41,19,12,True,72741 - GRAND CHOCOLATECANDLE,United Kingdom
12990.0,409.5,200,8,3,13,False,85099B - JUMBO BAG RED RETROSPOT,United Kingdom
12991.0,503.76,405,31,2,14,False,22197 - POPCORN HOLDER,United Kingdom
12993.0,414.76,240,26,4,10,False,21790 - VINTAGE SNAP CARDS,United Kingdom
12994.0,902.22,440,52,5,8,False,16161P - WRAP ENGLISH ROSE ,United Kingdom
12995.0,200.72,98,3,2,9,False,22113 - GREY HEART HOT WATER BOTTLE,United Kingdom
12997.0,1197.94,648,45,7,15,False,22597 - MUSICAL ZINC HEART DECORATION ,United Kingdom
12999.0,455.88,342,25,3,10,False,20973 - 12 PENCIL SMALL TUBE WOODLAND,United Kingdom
13000.0,534.85,379,30,3,10,False,84978 - HANGING HEART JAR T-LIGHT HOLDER,United Kingdom
13001.0,9797.92,5497,166,15,14,True,22178 - VICTORIAN GLASS HANGING T-LIGHT,United Kingdom
13002.0,120.95,73,7,1,15,False,72741 - GRAND CHOCOLATECANDLE,United Kingdom
13003.0,149.05,103,4,3,8,False,21232 - STRAWBERRY CERAMIC TRINKET BOX,United Kingdom
13004.0,5613.43,4796,277,22,10,True,23186 - FRENCH STYLE STORAGE JAR CAFE ,United Kingdom
13005.0,468.95,167,21,3,10,False,23076 - ICE CREAM SUNDAE LIP GLOSS,United Kingdom
13006.0,81.57,55,4,1,13,False,22161 - HEART DECORATION RUSTIC HANGING ,United Kingdom
13008.0,178.47,115,15,2,10,False,21981 - PACK OF 12 WOODLAND TISSUES ,United Kingdom
13011.0,50.55,13,3,1,17,False,82494L - WOODEN FRAME ANTIQUE WHITE ,United Kingdom
13012.0,1311.62,671,68,11,16,True,23076 - ICE CREAM SUNDAE LIP GLOSS,United Kingdom
13013.0,4786.99,2217,155,15,9,True,22952 - 60 CAKE CASES VINTAGE CHRISTMAS,United Kingdom
13014.0,3365.43,886,67,16,13,False,22077 - 6 RIBBONS RUSTIC CHARM,United Kingdom
13015.0,3346.28,1617,156,5,14,True,21212 - PACK OF 72 RETROSPOT CAKE CASES,United Kingdom
13016.0,789.89,527,39,3,14,True,23293 - SET OF 12 FAIRY CAKE BAKING CASES,United Kingdom
13017.0,204.0,48,1,1,15,False,22112 - CHOCOLATE HOT WATER BOTTLE,United Kingdom
13018.0,7272.75,5434,313,29,11,True,84755 - COLOUR GLASS T-LIGHT HOLDER HANGING,United Kingdom
13021.0,2584.4,1336,103,12,15,True,22741 - FUNKY DIVA PEN,United Kingdom
13023.0,689.9,286,36,2,9,False,22091 - EMPIRE TISSUE BOX,United Kingdom
13026.0,936.15,1586,34,8,10,True,15036 - ASSORTED COLOURS SILK FAN,United Kingdom
13027.0,6912.0,17280,6,6,9,False,21212 - PACK OF 72 RETROSPOT CAKE CASES,United Kingdom
13028.0,659.68,796,40,3,9,False,35923 - CANDY HEART HANGING DECORATION,United Kingdom
13029.0,1247.5,134,8,3,9,False,22504 - CABIN BAG VINTAGE RETROSPOT,United Kingdom
13030.0,799.48,394,76,2,14,False,22028 - PENNY FARTHING BIRTHDAY CARD,United Kingdom
13032.0,996.52,367,55,3,9,False,21080 - SET/20 RED RETROSPOT PAPER NAPKINS ,United Kingdom
13033.0,190.55,83,11,1,14,False,22385 - JUMBO BAG SPACEBOY DESIGN,United Kingdom
13034.0,642.77,369,37,2,12,False,20975 - 12 PENCILS SMALL TUBE RED RETROSPOT,United Kingdom
13035.0,886.63,627,23,3,8,False,22086 - PAPER CHAIN KIT 50'S CHRISTMAS ,United Kingdom
13037.0,881.07,431,44,3,15,False,"21901 - KEY FOB , BACK DOOR ",United Kingdom
13038.0,908.46,360,24,3,10,False,22720 - SET OF 3 CAKE TINS PANTRY DESIGN ,United Kingdom
13040.0,676.99,355,38,2,10,False,22959 - WRAP CHRISTMAS VILLAGE,United Kingdom
13043.0,471.57,251,13,2,12,False,22961 - JAM MAKING SET PRINTED,United Kingdom
13044.0,560.47,429,33,1,15,False,22045 - SPACEBOY GIFT WRAP,United Kingdom
13045.0,305.28,221,18,1,15,False,23545 - WRAP RED VINTAGE DOILY,United Kingdom
13046.0,629.31,264,33,2,8,False,22297 - HEART IVORY TRELLIS SMALL,United Kingdom
13047.0,3079.1,1355,106,18,13,True,16161P - WRAP ENGLISH ROSE ,United Kingdom
13048.0,1805.91,1230,77,5,11,False,22151 - PLACE SETTING WHITE HEART,United Kingdom
13049.0,656.68,268,14,2,15,False,22867 - HAND WARMER BIRD DESIGN,United Kingdom
13050.0,5684.61,3707,246,28,10,True,22151 - PLACE SETTING WHITE HEART,United Kingdom
13052.0,348.15,222,18,1,14,False,16014 - SMALL CHINESE STYLE SCISSOR,United Kingdom
13055.0,1201.96,891,74,4,14,True,22741 - FUNKY DIVA PEN,United Kingdom
13058.0,271.4,52,5,3,12,False,23313 - VINTAGE CHRISTMAS BUNTING,United Kingdom
13059.0,183.4,35,8,1,10,False,22423 - REGENCY CAKESTAND 3 TIER,United Kingdom
13060.0,307.53,123,15,1,11,False,85150 - LADIES & GENTLEMEN METAL SIGN,United Kingdom
13061.0,248.61,107,10,1,16,False,84945 - MULTI COLOUR SILVER T-LIGHT HOLDER,United Kingdom
13062.0,346.98,343,11,1,15,False,84568 - GIRLS ALPHABET IRON ON PATCHES ,United Kingdom
13064.0,1119.49,516,51,4,13,False,17003 - BROCADE RING PURSE ,United Kingdom
13065.0,205.86,74,14,1,16,False,21166 - COOK WITH WINE METAL SIGN ,United Kingdom
13066.0,430.9,320,48,3,12,True,21498 - RED RETROSPOT WRAP ,United Kingdom
13067.0,115.46,32,14,1,13,False,21804 - WHITE CHRISTMAS GARLAND STARS TREES,United Kingdom
13068.0,344.0,200,1,2,8,False,85099C - JUMBO  BAG BAROQUE BLACK WHITE,United Kingdom
13069.0,3717.82,5466,285,27,11,True,84568 - GIRLS ALPHABET IRON ON PATCHES ,United Kingdom
13070.0,228.8,110,9,1,13,False,21931 - JUMBO STORAGE BAG SUKI,United Kingdom
13072.0,177.15,69,7,1,8,False,22961 - JAM MAKING SET PRINTED,United Kingdom
13075.0,919.61,485,22,1,10,False,22086 - PAPER CHAIN KIT 50'S CHRISTMAS ,United Kingdom
13077.0,729.27,863,99,4,16,True,20668 - DISCO BALL CHRISTMAS DECORATION,United Kingdom
13078.0,12432.28,5557,96,43,13,True,22197 - POPCORN HOLDER,United Kingdom
13079.0,220.1,62,2,5,9,False,21064 - BOOM BOX SPEAKER BOYS,United Kingdom
13080.0,58.08,120,6,1,14,False,15034 - PAPER POCKET TRAVELING FAN ,United Kingdom
13081.0,27964.48,19021,511,21,16,True,15034 - PAPER POCKET TRAVELING FAN ,United Kingdom
13082.0,3595.48,4313,63,10,10,True,15036 - ASSORTED COLOURS SILK FAN,United Kingdom
13083.0,303.75,187,15,2,10,False,21982 - PACK OF 12 SUKI TISSUES ,United Kingdom
13085.0,272.38,108,17,3,12,False,21791 - VINTAGE HEADS AND TAILS CARD GAME ,United Kingdom
13089.0,57385.88,30787,636,118,14,True,84949 - SILVER HANGING T-LIGHT HOLDER,United Kingdom
13090.0,8689.39,2194,98,18,12,True,22622 - BOX OF VINTAGE ALPHABET BLOCKS,United Kingdom
13091.0,319.82,450,21,2,15,False,22065 - CHRISTMAS PUDDING TRINKET POT ,United Kingdom
13092.0,459.83,271,19,6,8,False,16045 - POPART WOODEN PENCILS ASST,United Kingdom
13093.0,7741.47,3943,99,13,12,True,85099F - JUMBO BAG STRAWBERRY,United Kingdom
13094.0,1708.86,1542,4,16,10,True,22791 - T-LIGHT GLASS FLUTED ANTIQUE,United Kingdom
13095.0,74.4,144,6,1,12,False,84077 - WORLD WAR 2 GLIDERS ASSTD DESIGNS,United Kingdom
13097.0,5893.32,2341,215,14,11,True,22467 - GUMBALL COAT RACK,United Kingdom
13098.0,28658.88,15911,163,41,15,True,71459 - HANGING JAM JAR T-LIGHT HOLDER,United Kingdom
13099.0,207.36,288,1,1,17,False,21422 - PORCELAIN ROSE SMALL,United Kingdom
13101.0,101.19,113,8,1,14,False,21654 - RIDGED GLASS FINGER BOWL,United Kingdom
13102.0,6336.29,4160,141,27,12,True,22197 - SMALL POPCORN HOLDER,United Kingdom
13103.0,243.94,82,8,1,9,False,84879 - ASSORTED COLOUR BIRD ORNAMENT,United Kingdom
13104.0,1098.48,504,14,6,11,False,21137 - BLACK RECORD COVER FRAME,United Kingdom
13106.0,59.5,14,1,2,11,False,22456 - NATURAL SLATE CHALKBOARD LARGE ,United Kingdom
13107.0,1524.07,1288,54,5,8,False,22558 - CLOTHES PEGS RETROSPOT PACK 24 ,United Kingdom
13108.0,350.06,298,10,1,10,False,22492 - MINI PAINT SET VINTAGE ,United Kingdom
13109.0,766.84,514,41,5,10,False,21498 - RED RETROSPOT WRAP ,United Kingdom
13110.0,1452.87,384,109,8,14,True,85123A - WHITE HANGING HEART T-LIGHT HOLDER,United Kingdom
13113.0,10510.0,2594,113,40,12,True,47566 - PARTY BUNTING,United Kingdom
13115.0,2205.63,1534,92,14,9,False,16161U - WRAP SUKI AND FRIENDS,United Kingdom
13116.0,485.19,290,30,2,14,False,21498 - RED RETROSPOT WRAP ,United Kingdom
13117.0,984.91,945,66,8,10,False,17084N - FAIRY DREAMS INCENSE ,United Kingdom
13118.0,1125.0,389,68,7,12,True,22371 - AIRLINE BAG VINTAGE TOKYO 78,United Kingdom
13120.0,30.6,12,1,1,10,False,82482 - WOODEN PICTURE FRAME WHITE FINISH,United Kingdom
13121.0,254.73,227,50,2,16,True,21504 - SKULLS GREETING CARD,United Kingdom
13122.0,922.39,585,54,2,14,False,22066 - LOVE HEART TRINKET POT,United Kingdom
13124.0,3866.33,2147,185,3,12,False,84879 - ASSORTED COLOUR BIRD ORNAMENT,United Kingdom
13126.0,2056.29,2130,124,10,10,True,72232 - FENG SHUI PILLAR CANDLE,United Kingdom
13127.0,259.17,127,15,1,10,False,23077 - DOUGHNUT LIP GLOSS ,United Kingdom
13130.0,64.0,32,2,1,15,False,21154 - RED RETROSPOT OVEN GLOVE ,United Kingdom
13131.0,1039.3,443,30,4,10,False,22988 - SOLDIERS EGG CUP ,United Kingdom
13132.0,77.3,20,3,1,12,False,21137 - BLACK RECORD COVER FRAME,United Kingdom
13133.0,109.8,32,7,2,10,False,84978 - HANGING HEART JAR T-LIGHT HOLDER,United Kingdom
13134.0,1740.63,1044,94,7,16,True,21801 - CHRISTMAS TREE DECORATION WITH BELL,United Kingdom
13135.0,3096.0,4300,1,1,10,False,22197 - SMALL POPCORN HOLDER,United Kingdom
13136.0,2545.38,1312,97,11,12,True,23203 - JUMBO BAG DOILEY PATTERNS,United Kingdom
13137.0,3605.08,2225,346,9,11,False,84077 - WORLD WAR 2 GLIDERS ASSTD DESIGNS,United Kingdom
13138.0,962.39,473,31,6,9,False,20971 - PINK BLUE FELT CRAFT TRINKET BOX,United Kingdom
13139.0,5055.79,2418,132,8,11,True,85099B - JUMBO BAG RED RETROSPOT,United Kingdom
13140.0,423.72,186,40,3,15,False,22288 - HANGING METAL RABBIT DECORATION,United Kingdom
13141.0,2385.8,1547,113,6,9,True,22153 - ANGEL DECORATION STARS ON DRESS,United Kingdom
13142.0,307.09,258,23,1,16,False,16169E - WRAP 50'S  CHRISTMAS,United Kingdom
13144.0,110.95,21,3,1,11,False,22697 - GREEN REGENCY TEACUP AND SAUCER,United Kingdom
13145.0,614.77,142,5,5,10,False,21504 - SKULLS GREETING CARD,United Kingdom
13146.0,228.91,154,16,1,15,False,22959 - WRAP CHRISTMAS VILLAGE,United Kingdom
13147.0,712.8,144,1,4,10,False,79321 - CHILLI LIGHTS,United Kingdom
13148.0,3348.48,1828,238,17,8,True,21829 - DINOSAUR KEYRINGS ASSORTED,United Kingdom
13149.0,1676.06,1280,76,4,13,False,72232 - FENG SHUI PILLAR CANDLE,United Kingdom
13151.0,1250.37,361,73,2,12,False,22609 - PENS ASSORTED SPACEBALL,United Kingdom
13153.0,486.22,418,15,1,12,False,35599B - BLACK CHRISTMAS TREE 120CM,United Kingdom
13155.0,971.76,497,67,4,10,False,22077 - 6 RIBBONS RUSTIC CHARM,United Kingdom
13157.0,1721.57,1430,69,5,14,False,84077 - WORLD WAR 2 GLIDERS ASSTD DESIGNS,United Kingdom
13158.0,1201.06,784,59,4,9,False,21829 - DINOSAUR KEYRINGS ASSORTED,United Kingdom
13159.0,1379.75,1045,114,5,11,False,17003 - BROCADE RING PURSE ,United Kingdom
13160.0,91.8,56,4,1,13,False,21670 - BLUE SPOT CERAMIC DRAWER KNOB,United Kingdom
13161.0,112.75,29,8,1,14,False,85123A - WHITE HANGING HEART T-LIGHT HOLDER,United Kingdom
13162.0,1644.99,1663,74,5,15,False,85206A - CREAM FELT EASTER EGG BASKET,United Kingdom
13165.0,1021.48,1376,40,2,14,False,17012C - ORIGAMI LAVENDER INCENSE/CANDL SET ,United Kingdom
13166.0,414.7,214,39,2,14,False,79000 - MOROCCAN TEA GLASS,United Kingdom
13167.0,791.33,785,51,4,12,False,17003 - BROCADE RING PURSE ,United Kingdom
13168.0,1310.14,680,102,5,13,True,21498 - RED RETROSPOT WRAP ,United Kingdom
13169.0,712.88,272,11,2,12,False,22944 - CHRISTMAS METAL POSTCARD WITH BELLS,United Kingdom
13170.0,116.01,147,29,1,12,False,22609 - PENS ASSORTED SPACEBALL,United Kingdom
13171.0,426.81,227,37,5,10,False,22577 - WOODEN HEART CHRISTMAS SCANDINAVIAN,United Kingdom
13173.0,353.65,277,41,2,14,False,84536A - ENGLISH ROSE NOTEBOOK A7 SIZE,United Kingdom
13174.0,2817.03,1395,228,3,14,False,22155 - STAR DECORATION RUSTIC,United Kingdom
13176.0,492.84,453,66,1,15,False,23310 - BUBBLEGUM RING ASSORTED,United Kingdom
13177.0,282.45,91,17,1,9,False,22142 - CHRISTMAS CRAFT WHITE FAIRY ,United Kingdom
13178.0,5725.47,3570,95,11,12,False,20728 - LUNCH BAG CARS BLUE,United Kingdom
13182.0,121.18,201,11,1,13,False,16169E - WRAP 50'S  CHRISTMAS,United Kingdom
13183.0,3957.78,2208,51,9,10,False,21166 - COOK WITH WINE METAL SIGN ,United Kingdom
13184.0,1648.79,1662,138,12,12,True,15034 - PAPER POCKET TRAVELING FAN ,United Kingdom
13185.0,71.4,12,1,1,11,False,22502 - PICNIC BASKET WICKER SMALL,United Kingdom
13186.0,1539.69,804,69,5,11,False,16045 - POPART WOODEN PENCILS ASST,United Kingdom
13187.0,236.02,95,37,1,18,False,21615 - 4 LAVENDER BOTANICAL DINNER CANDLES,United Kingdom
13188.0,114.6,25,2,1,15,False,23045 - PAPER LANTERN 5 POINT STAR MOON ,United Kingdom
13189.0,260.68,842,29,2,10,False,16045 - POPART WOODEN PENCILS ASST,United Kingdom
13192.0,911.94,595,57,2,14,False,16161U - WRAP SUKI AND FRIENDS,United Kingdom
13193.0,117.88,50,22,1,14,False,22130 - PARTY CONE CHRISTMAS DECORATION ,United Kingdom
13194.0,60.7,26,3,1,9,False,21382 - SET/4 SPRING FLOWER DECORATION,United Kingdom
13196.0,1797.78,1224,97,4,13,True,"21506 - FANCY FONT BIRTHDAY CARD, ",United Kingdom
13198.0,3384.09,2645,200,8,9,False,16237 - SLEEPING CAT ERASERS,United Kingdom
13199.0,9803.96,6172,48,39,11,True,84945 - MULTI COLOUR SILVER T-LIGHT HOLDER,United Kingdom
13200.0,870.09,516,42,4,14,False,84946 - ANTIQUE SILVER T-LIGHT GLASS,United Kingdom
13203.0,869.46,800,56,4,10,False,21819 - GLITTER CHRISTMAS STAR ,United Kingdom
13207.0,250.26,130,7,2,11,False,15036 - ASSORTED COLOURS SILK FAN,United Kingdom
13208.0,1205.9,786,124,7,9,True,75049L - LARGE CIRCULAR MIRROR MOBILE,United Kingdom
13209.0,5820.16,4232,255,11,13,True,22197 - SMALL POPCORN HOLDER,United Kingdom
13210.0,353.48,316,22,1,8,False,23331 - DECORATIVE WICKER HEART SMALL,United Kingdom
13211.0,1197.42,874,45,3,14,False,22086 - PAPER CHAIN KIT 50'S CHRISTMAS ,United Kingdom
13212.0,780.58,309,128,4,15,True,23035 - DRAWER KNOB CERAMIC IVORY,United Kingdom
13213.0,1518.43,1357,82,6,11,True,22338 - STAR DECORATION PAINTED ZINC ,United Kingdom
13216.0,333.74,297,5,1,12,False,21078 - SET/20 STRAWBERRY PAPER NAPKINS ,United Kingdom
13217.0,133.62,114,3,5,12,True,15039 - SANDALWOOD FAN,United Kingdom
13218.0,62.64,88,5,1,16,False,16238 - PARTY TIME PENCIL ERASERS,United Kingdom
13220.0,819.29,196,18,4,11,False,21497 - FANCY FONTS BIRTHDAY WRAP,United Kingdom
13221.0,847.41,244,62,2,13,False,21318 - GLASS CHALICE BLUE SMALL ,United Kingdom
13223.0,163.2,88,5,2,13,False,84508A - CAMOUFLAGE DESIGN TEDDY,United Kingdom
13224.0,2150.85,1512,101,3,14,True,84077 - WORLD WAR 2 GLIDERS ASSTD DESIGNS,United Kingdom
13225.0,6083.04,3352,23,8,12,False,22386 - JUMBO BAG PINK POLKADOT,United Kingdom
13226.0,108.21,80,16,1,14,False,21985 - PACK OF 12 HEARTS DESIGN TISSUES ,United Kingdom
13227.0,257.7,99,9,1,11,False,22364 - GLASS JAR DIGESTIVE BISCUITS,United Kingdom
13228.0,358.0,200,2,1,14,False,85099B - JUMBO BAG RED RETROSPOT,United Kingdom
13229.0,160.95,63,10,1,12,False,21231 - SWEETHEART CERAMIC TRINKET BOX,United Kingdom
13230.0,2763.41,1544,393,15,19,True,85186A - EASTER BUNNY GARLAND OF FLOWERS,United Kingdom
13232.0,1357.6,778,147,7,13,False,22419 - LIPSTICK PEN RED,United Kingdom
13233.0,605.12,1004,43,2,13,False,84826 - ASSTD DESIGN 3D PAPER STICKERS,United Kingdom
13235.0,101.17,440,54,2,9,False,82482 - WOODEN PICTURE FRAME WHITE FINISH,United Kingdom
13236.0,727.27,411,34,3,8,False,22294 - HEART FILIGREE DOVE  SMALL,United Kingdom
13238.0,680.83,296,20,5,15,False,23344 - JUMBO BAG 50'S CHRISTMAS ,United Kingdom
13239.0,329.56,363,22,1,10,False,21398 - RED POLKADOT COFFEE  MUG,United Kingdom
13240.0,663.65,298,59,4,15,False,85230B - CINNAMON SCENTED VOTIVE CANDLE,United Kingdom
13242.0,270.4,130,12,3,12,True,23199 - JUMBO BAG APPLES,United Kingdom
13243.0,600.07,233,56,1,13,False,20674 - GREEN POLKADOT BOWL,United Kingdom
13244.0,121.74,38,27,1,11,False,21086 - SET/6 RED SPOTTY PAPER CUPS,United Kingdom
13245.0,430.5,125,16,1,11,False,21313 - GLASS HEART T-LIGHT HOLDER ,United Kingdom
13246.0,1922.1,1552,110,7,12,True,22469 - HEART OF WICKER SMALL,United Kingdom
13247.0,501.12,328,18,4,10,False,22952 - 60 CAKE CASES VINTAGE CHRISTMAS,United Kingdom
13248.0,465.68,305,25,2,12,False,47593B - SCOTTIE DOGS BABY BIB,United Kingdom
13249.0,711.41,546,21,3,13,False,21232 - STRAWBERRY CERAMIC TRINKET BOX,United Kingdom
13253.0,1030.4,1572,35,2,10,False,22608 - PENS ASSORTED FUNKY JEWELED ,United Kingdom
13255.0,390.66,174,13,3,10,False,21915 - RED  HARMONICA IN BOX ,United Kingdom
13258.0,698.58,287,28,3,13,False,23321 - SMALL WHITE HEART OF WICKER,United Kingdom
13259.0,292.32,132,77,1,10,False,22481 - BLACK TEA TOWEL CLASSIC DESIGN,United Kingdom
13260.0,557.62,142,8,1,13,False,23170 - REGENCY TEA PLATE ROSES ,United Kingdom
13261.0,944.1,210,8,2,10,False,22969 - HOMEMADE JAM SCENTED CANDLES,United Kingdom
13262.0,200.29,125,11,1,15,False,21982 - PACK OF 12 SUKI TISSUES ,United Kingdom
13263.0,7454.07,4780,450,35,13,True,22577 - WOODEN HEART CHRISTMAS SCANDINAVIAN,United Kingdom
13265.0,2107.66,1752,66,5,9,False,84879 - ASSORTED COLOUR BIRD ORNAMENT,United Kingdom
13266.0,3717.67,4299,83,19,9,True,20992 - JAZZ HEARTS PURSE NOTEBOOK,United Kingdom
13267.0,4404.44,1939,88,27,11,True,84755 - COLOUR GLASS T-LIGHT HOLDER HANGING,United Kingdom
13268.0,3167.64,3635,257,15,11,True,22610 - PENS ASSORTED FUNNY FACE,United Kingdom
13269.0,5315.92,3509,178,17,15,True,22197 - SMALL POPCORN HOLDER,United Kingdom
13270.0,590.0,200,1,1,14,False,51008 - AFGHAN SLIPPER SOCK PAIR,United Kingdom
13271.0,178.26,181,79,2,14,True,22065 - CHRISTMAS PUDDING TRINKET POT ,United Kingdom
13272.0,276.56,96,15,2,12,False,84818 - DANISH ROSE PHOTO FRAME,United Kingdom
13273.0,138.98,153,16,1,14,False,17003 - BROCADE RING PURSE ,United Kingdom
13276.0,590.93,161,30,2,10,False,20971 - PINK BLUE FELT CRAFT TRINKET BOX,United Kingdom
13277.0,258.4,176,5,4,9,False,20726 - LUNCH BAG WOODLAND,United Kingdom
13278.0,542.73,537,46,1,11,False,17003 - BROCADE RING PURSE ,United Kingdom
13279.0,126.3,70,9,2,17,False,21986 - PACK OF 12 PINK POLKADOT TISSUES,United Kingdom
13280.0,814.86,522,67,3,13,False,21829 - DINOSAUR KEYRINGS ASSORTED,United Kingdom
13282.0,1047.84,289,30,6,10,False,21498 - RED RETROSPOT WRAP ,United Kingdom
13283.0,93.66,90,7,2,9,False,22161 - HEART DECORATION RUSTIC HANGING ,United Kingdom
13284.0,196.15,79,13,2,9,False,21212 - PACK OF 72 RETROSPOT CAKE CASES,United Kingdom
13285.0,2709.12,2051,157,4,13,False,20724 - RED RETROSPOT CHARLOTTE BAG,United Kingdom
13291.0,361.11,233,41,1,10,False,21390 - FILIGRIS HEART WITH BUTTERFLY,United Kingdom
13292.0,578.94,347,29,2,10,False,23331 - DECORATIVE WICKER HEART SMALL,United Kingdom
13294.0,873.74,453,48,2,8,False,16156S - WRAP PINK FAIRY CAKES ,United Kingdom
13295.0,197.95,81,11,2,11,False,22834 - HAND WARMER BABUSHKA DESIGN,United Kingdom
13296.0,87.4,78,5,1,13,False,16169E - WRAP 50'S  CHRISTMAS,United Kingdom
13297.0,2089.85,963,52,4,9,True,23483 - HANGING  BUTTERFLY T-LIGHT HOLDER,United Kingdom
13298.0,360.0,96,2,1,13,False,21479 - WHITE SKULL HOT WATER BOTTLE ,United Kingdom
13299.0,142.5,30,5,1,12,False,22326 - ROUND SNACK BOXES SET OF4 WOODLAND ,United Kingdom
13300.0,365.29,201,20,2,11,False,22197 - POPCORN HOLDER,United Kingdom
13301.0,618.09,345,75,4,11,False,21818 - GLITTER HEART DECORATION,United Kingdom
13302.0,63.75,5,1,1,17,False,84968C - SET OF 16 VINTAGE PISTACHIO CUTLERY,United Kingdom
13304.0,300.42,238,21,1,14,False,21985 - PACK OF 12 HEARTS DESIGN TISSUES ,United Kingdom
13305.0,2000.86,1232,50,10,10,False,22741 - FUNKY DIVA PEN,United Kingdom
13307.0,15.0,4,1,1,17,False,23328 - SET 6 SCHOOL MILK BOTTLES IN CRATE,United Kingdom
13308.0,1367.61,840,49,4,14,False,84077 - WORLD WAR 2 GLIDERS ASSTD DESIGNS,United Kingdom
13309.0,1456.79,1544,82,5,12,False,21495 - SKULLS AND CROSSBONES WRAP,United Kingdom
13310.0,1083.63,575,65,6,17,False,22045 - SPACEBOY GIFT WRAP,United Kingdom
13311.0,598.57,305,25,2,12,False,23076 - ICE CREAM SUNDAE LIP GLOSS,United Kingdom
13313.0,1555.32,851,47,5,10,False,84755 - COLOUR GLASS T-LIGHT HOLDER HANGING,United Kingdom
13314.0,578.66,484,55,4,10,False,16156S - WRAP PINK FAIRY CAKES ,United Kingdom
13316.0,5815.49,6947,67,5,13,False,84568 - GIRLS ALPHABET IRON ON PATCHES ,United Kingdom
13317.0,2140.07,1003,101,9,9,True,22741 - FUNKY DIVA PEN,United Kingdom
13318.0,640.76,304,14,3,12,False,23084 - RABBIT NIGHT LIGHT,United Kingdom
13319.0,10664.34,4686,211,36,12,True,84879 - ASSORTED COLOUR BIRD ORNAMENT,United Kingdom
13320.0,1491.7,1066,77,6,10,True,23208 - LUNCH BAG VINTAGE LEAF DESIGN,United Kingdom
13321.0,567.36,372,10,2,15,False,84879 - ASSORTED COLOUR BIRD ORNAMENT,United Kingdom
13322.0,199.48,117,25,1,14,False,82580 - BATHROOM METAL SIGN,United Kingdom
13323.0,787.85,175,6,5,10,False,22111 - SCOTTIE DOG HOT WATER BOTTLE,United Kingdom
13324.0,7072.8,5200,25,12,10,True,21977 - PACK OF 60 PINK PAISLEY CAKE CASES,United Kingdom
13325.0,675.3,240,12,1,10,False,22083 - PAPER CHAIN KIT RETROSPOT,United Kingdom
13327.0,3617.57,1588,74,9,15,True,85099B - JUMBO BAG RED RETROSPOT,United Kingdom
13328.0,1308.48,680,17,1,15,False,84375 - SET OF 20 KIDS COOKIE CUTTERS,United Kingdom
13329.0,740.4,427,16,4,10,False,22549 - PICTURE DOMINOES,United Kingdom
13330.0,1140.93,751,37,3,12,False,22610 - PENS ASSORTED FUNNY FACE,United Kingdom
13332.0,350.9,179,21,1,13,False,21504 - SKULLS GREETING CARD,United Kingdom
13334.0,3536.82,1774,207,3,11,False,85123A - WHITE HANGING HEART T-LIGHT HOLDER,United Kingdom
13336.0,795.12,559,51,1,14,False,84077 - WORLD WAR 2 GLIDERS ASSTD DESIGNS,United Kingdom
13338.0,431.82,247,19,3,9,False,21212 - PACK OF 72 RETROSPOT CAKE CASES,United Kingdom
13339.0,860.12,326,54,1,8,False,21977 - PACK OF 60 PINK PAISLEY CAKE CASES,United Kingdom
13340.0,10736.48,5770,128,7,13,True,23431 - NATURAL HANGING QUILTED HEARTS ,United Kingdom
13341.0,775.85,301,42,1,9,False,22951 - 60 CAKE CASES DOLLY GIRL DESIGN,United Kingdom
13343.0,303.93,126,19,2,11,False,22531 - MAGIC DRAWING SLATE CIRCUS PARADE  ,United Kingdom
13344.0,2543.72,971,115,3,9,True,21212 - PACK OF 72 RETROSPOT CAKE CASES,United Kingdom
13345.0,377.6,139,20,2,8,False,22620 - 4 TRADITIONAL SPINNING TOPS,United Kingdom
13347.0,341.36,205,8,1,13,False,21071 - VINTAGE BILLBOARD DRINK ME MUG,United Kingdom
13348.0,233.76,136,14,1,17,False,22460 - EMBOSSED GLASS TEALIGHT HOLDER,United Kingdom
13349.0,247.32,225,16,1,8,False,20973 - 12 PENCIL SMALL TUBE WOODLAND,United Kingdom
13350.0,910.72,284,36,3,13,False,22697 - GREEN REGENCY TEACUP AND SAUCER,United Kingdom
13351.0,373.94,117,16,1,12,False,22596 - CHRISTMAS STAR WISH LIST CHALKBOARD,United Kingdom
13352.0,389.28,315,24,2,11,False,21498 - RED RETROSPOT WRAP ,United Kingdom
13354.0,743.53,604,51,1,13,False,22093 - MOTORING TISSUE BOX,United Kingdom
13355.0,674.7,314,32,1,14,False,22741 - FUNKY DIVA PEN,United Kingdom
13356.0,768.24,325,42,1,14,False,21977 - PACK OF 60 PINK PAISLEY CAKE CASES,United Kingdom
13357.0,609.95,322,85,1,13,False,22741 - FUNKY DIVA PEN,United Kingdom
13358.0,439.03,285,29,1,11,False,21397 - BLUE POLKADOT EGG CUP ,United Kingdom
13359.0,431.26,159,23,2,9,False,22086 - PAPER CHAIN KIT 50'S CHRISTMAS ,United Kingdom
13362.0,3085.49,1379,128,5,11,False,22740 - POLKADOT PEN,United Kingdom
13363.0,992.5,710,47,2,10,False,21810 - CHRISTMAS HANGING STAR WITH BELL,United Kingdom
13365.0,2191.22,1238,122,3,12,False,16161U - WRAP SUKI AND FRIENDS,United Kingdom
13366.0,56.16,144,1,1,13,False,21983 - PACK OF 12 BLUE PAISLEY TISSUES ,United Kingdom
13368.0,623.4,327,29,2,9,False,84077 - WORLD WAR 2 GLIDERS ASSTD DESIGNS,United Kingdom
13369.0,263.75,127,14,2,11,False,37446 - MINI CAKE STAND WITH HANGING CAKES,United Kingdom
13370.0,721.32,336,39,2,10,False,84077 - WORLD WAR 2 GLIDERS ASSTD DESIGNS,United Kingdom
13372.0,378.64,159,23,1,12,False,21983 - PACK OF 12 BLUE PAISLEY TISSUES ,United Kingdom
13373.0,3312.25,1651,135,3,10,False,22577 - WOODEN HEART CHRISTMAS SCANDINAVIAN,United Kingdom
13375.0,772.9,441,37,2,10,False,23378 - PACK OF 12 50'S CHRISTMAS TISSUES,United Kingdom
13376.0,1019.76,493,45,3,9,False,20725 - LUNCH BAG RED RETROSPOT,United Kingdom
13379.0,572.56,601,85,3,12,False,22338 - STAR DECORATION PAINTED ZINC ,United Kingdom
13381.0,3626.81,2027,77,7,11,False,84077 - WORLD WAR 2 GLIDERS ASSTD DESIGNS,United Kingdom
13382.0,222.99,131,15,1,10,False,21668 - RED STRIPE CERAMIC DRAWER KNOB,United Kingdom
13384.0,4122.28,2415,123,9,11,True,23275 - SET OF 3 HANGING OWLS OLLIE BEAK,United Kingdom
13385.0,534.57,281,35,1,9,False,16161U - WRAP SUKI AND FRIENDS,United Kingdom
13388.0,627.15,281,35,3,12,True,22948 - METAL DECORATION NAUGHTY CHILDREN ,United Kingdom
13389.0,797.96,429,50,3,9,False,22151 - PLACE SETTING WHITE HEART,United Kingdom
13390.0,544.08,224,13,1,8,False,23503 - PLAYING CARDS KEEP CALM & CARRY ON,United Kingdom
13391.0,59.8,4,1,1,10,False,84352 - SILVER CHRISTMAS TREE BAUBLE STAND ,United Kingdom
13394.0,2312.8,2215,126,10,12,True,85204 - HANGING WOOD AND FELT FLOWER,United Kingdom
13395.0,307.72,336,21,1,15,False,16259 - PIECE OF CAMO STATIONERY SET,United Kingdom
13396.0,1325.29,592,42,4,9,False,22816 - CARD MOTORBIKE SANTA,United Kingdom
13397.0,1539.18,429,28,6,10,False,21137 - BLACK RECORD COVER FRAME,United Kingdom
13398.0,457.34,281,26,1,13,False,84077 - WORLD WAR 2 GLIDERS ASSTD DESIGNS,United Kingdom
13402.0,621.23,479,32,2,15,False,22328 - ROUND SNACK BOXES SET OF 4 FRUITS ,United Kingdom
13403.0,75.0,44,3,1,8,False,84946 - ANTIQUE SILVER T-LIGHT GLASS,United Kingdom
13404.0,252.49,111,11,2,11,False,22639 - SET OF 4 NAPKIN CHARMS HEARTS,United Kingdom
13405.0,572.45,165,25,3,9,False,21165 - BEWARE OF THE CAT METAL SIGN ,United Kingdom
13408.0,27487.41,16119,236,81,12,True,84755 - COLOUR GLASS T-LIGHT HOLDER HANGING,United Kingdom
13410.0,988.91,513,15,7,15,False,22629 - SPACEBOY LUNCH BOX ,United Kingdom
13411.0,213.55,72,17,1,13,False,22897 - OVEN MITT APPLES DESIGN,United Kingdom
13414.0,1390.5,1574,23,3,12,False,15036 - ASSORTED COLOURS SILK FAN,United Kingdom
13416.0,712.5,142,11,2,8,False,22114 - HOT WATER BOTTLE TEA AND SYMPATHY,United Kingdom
13417.0,640.83,162,26,2,8,False,20977 - 36 PENCILS TUBE WOODLAND,United Kingdom
13418.0,5845.44,3839,223,23,10,True,21212 - PACK OF 72 RETROSPOT CAKE CASES,United Kingdom
13419.0,221.06,275,16,1,12,False,16161P - WRAP ENGLISH ROSE ,United Kingdom
13420.0,140.35,88,8,4,8,False,16161P - WRAP ENGLISH ROSE ,United Kingdom
13421.0,1848.98,1180,89,3,15,True,22741 - FUNKY DIVA PEN,United Kingdom
13422.0,2601.55,1321,127,2,13,False,22961 - JAM MAKING SET PRINTED,United Kingdom
13425.0,1624.21,1123,66,3,8,False,22908 - PACK OF 20 NAPKINS RED APPLES,United Kingdom
13426.0,3550.7,2224,104,12,12,True,21181 - PLEASE ONE PERSON METAL SIGN,United Kingdom
13427.0,582.6,545,25,3,12,False,21810 - CHRISTMAS HANGING STAR WITH BELL,United Kingdom
13428.0,218.47,156,70,1,14,False,22984 - CARD GINGHAM ROSE ,United Kingdom
13429.0,1006.8,1390,55,4,12,False,22577 - WOODEN HEART CHRISTMAS SCANDINAVIAN,United Kingdom
13430.0,648.69,738,49,4,8,False,16218 - CARTOON  PENCIL SHARPENERS,United Kingdom
13431.0,1269.1,672,44,2,11,False,22741 - FUNKY DIVA PEN,United Kingdom
13434.0,534.24,300,9,2,10,False,21166 - COOK WITH WINE METAL SIGN ,United Kingdom
13435.0,3794.49,2125,68,9,14,True,20668 - DISCO BALL CHRISTMAS DECORATION,United Kingdom
13436.0,196.89,76,12,1,10,False,21497 - FANCY FONTS BIRTHDAY WRAP,United Kingdom
13437.0,3408.06,1283,143,7,14,False,22086 - PAPER CHAIN KIT 50'S CHRISTMAS ,United Kingdom
13439.0,283.71,242,54,1,14,False,17003 - BROCADE RING PURSE ,United Kingdom
13441.0,296.64,204,13,1,9,False,22153 - ANGEL DECORATION STARS ON DRESS,United Kingdom
13447.0,1104.23,577,55,4,13,False,23434 - 3 RAFFIA RIBBONS 50'S CHRISTMAS ,United Kingdom
13448.0,3465.67,1638,137,10,12,True,15036 - ASSORTED COLOURS SILK FAN,United Kingdom
13449.0,291.88,222,19,1,8,False,20975 - 12 PENCILS SMALL TUBE RED RETROSPOT,United Kingdom
13450.0,2043.72,1982,32,6,14,False,21704 - BAG 250g SWIRLY MARBLES,United Kingdom
13451.0,2916.45,2143,315,6,15,True,22197 - SMALL POPCORN HOLDER,United Kingdom
13452.0,590.0,2,1,2,11,False,22656 - VINTAGE BLUE KITCHEN CABINET,United Kingdom
13453.0,356.98,134,16,2,9,False,22284 - HEN HOUSE DECORATION,United Kingdom
13455.0,1007.35,345,42,4,11,False,22348 - TEA BAG PLATE RED RETROSPOT,United Kingdom
13456.0,1737.82,756,43,7,15,False,47566 - PARTY BUNTING,United Kingdom
13458.0,9537.92,5460,242,22,10,False,22197 - SMALL POPCORN HOLDER,United Kingdom
13460.0,183.44,286,16,2,9,False,22046 - TEA PARTY  WRAPPING PAPER ,United Kingdom
13461.0,1445.0,1170,14,3,9,False,20723 - STRAWBERRY CHARLOTTE BAG,United Kingdom
13462.0,143.25,61,9,2,11,False,21389 - IVORY HANGING DECORATION  BIRD,United Kingdom
13464.0,674.68,403,41,1,15,False,16156S - WRAP PINK FAIRY CAKES ,United Kingdom
13466.0,297.95,258,17,2,15,False,23232 - WRAP VINTAGE PETALS  DESIGN,United Kingdom
13467.0,1083.71,584,89,2,10,False,23090 - VINTAGE GLASS T-LIGHT HOLDER,United Kingdom
13468.0,5656.75,2581,184,41,10,True,85123A - WHITE HANGING HEART T-LIGHT HOLDER,United Kingdom
13470.0,165.0,100,7,2,14,False,20725 - LUNCH BAG RED RETROSPOT,United Kingdom
13471.0,2531.58,1590,214,4,9,False,23366 - SET 12 COLOURING PENCILS DOILY,United Kingdom
13473.0,417.54,260,21,3,8,False,84821 - DANISH ROSE DELUXE COASTER,United Kingdom
13474.0,229.59,132,59,1,13,False,85204 - HANGING WOOD AND FELT FLOWER,United Kingdom
13475.0,1431.78,1012,64,4,12,False,84978 - HANGING HEART JAR T-LIGHT HOLDER,United Kingdom
13476.0,1092.77,414,56,4,12,False,22740 - POLKADOT PEN,United Kingdom
13477.0,1441.53,1018,57,8,12,False,84077 - WORLD WAR 2 GLIDERS ASSTD DESIGNS,United Kingdom
13479.0,291.0,133,14,3,10,False,21385 - IVORY HANGING DECORATION  HEART,United Kingdom
13481.0,1776.81,1127,98,8,9,True,22741 - FUNKY DIVA PEN,United Kingdom
13482.0,184.64,116,11,1,17,False,21983 - PACK OF 12 BLUE PAISLEY TISSUES ,United Kingdom
13483.0,140.34,160,10,1,11,False,22489 - PACK OF 12 TRADITIONAL CRAYONS,United Kingdom
13484.0,313.8,44,8,1,16,False,20685 - DOORMAT RED RETROSPOT,United Kingdom
13485.0,454.24,277,23,1,13,False,22492 - MINI PAINT SET VINTAGE ,United Kingdom
13486.0,1122.41,669,69,3,13,False,21829 - DINOSAUR KEYRINGS ASSORTED,United Kingdom
13487.0,575.4,265,26,3,12,False,23231 - WRAP DOILEY DESIGN,United Kingdom
13488.0,8910.61,4512,272,17,11,True,84077 - WORLD WAR 2 GLIDERS ASSTD DESIGNS,United Kingdom
13489.0,449.52,560,11,4,13,False,21326 - AGED GLASS SILVER T-LIGHT HOLDER,United Kingdom
13491.0,1215.82,903,73,10,9,False,21398 - RED POLKADOT COFFEE  MUG,United Kingdom
13492.0,1269.84,408,38,3,8,False,20725 - LUNCH BAG RED RETROSPOT,Switzerland
13493.0,618.63,380,6,2,15,False,22858 - EASTER TIN KEEPSAKE,Switzerland
13494.0,316.26,162,18,1,11,False,40016 - CHINESE DRAGON PAPER LANTERNS,United Kingdom
13495.0,1990.12,814,34,6,11,False,84949 - SILVER HANGING T-LIGHT HOLDER,United Kingdom
13496.0,617.93,329,28,3,10,False,22791 - T-LIGHT GLASS FLUTED ANTIQUE,United Kingdom
13497.0,321.05,159,19,3,11,True,22264 - FELT FARM ANIMAL WHITE BUNNY ,United Kingdom
13499.0,1146.96,1358,31,7,15,False,22577 - WOODEN HEART CHRISTMAS SCANDINAVIAN,United Kingdom
13500.0,1136.77,585,60,4,10,False,84077 - WORLD WAR 2 GLIDERS ASSTD DESIGNS,United Kingdom
13501.0,1310.47,557,52,2,9,False,21733 - RED HANGING HEART T-LIGHT HOLDER,Switzerland
13502.0,292.0,264,17,3,8,False,20975 - 12 PENCILS SMALL TUBE RED RETROSPOT,United Kingdom
13503.0,216.85,248,17,1,13,False,16169E - WRAP 50'S  CHRISTMAS,United Kingdom
13504.0,295.93,178,22,1,13,False,84692 - BOX OF 24 COCKTAIL PARASOLS,United Kingdom
13505.0,4282.88,2461,182,8,12,False,16235 - RECYCLED PENCIL WITH RABBIT ERASER,Switzerland
13506.0,452.82,321,26,3,12,False,84077 - WORLD WAR 2 GLIDERS ASSTD DESIGNS,United Kingdom
13507.0,2479.16,1597,146,4,15,False,23334 - IVORY WICKER HEART SMALL,United Kingdom
13508.0,110.97,24,12,1,11,False,22354 - RETROSPOT PADDED SEAT CUSHION,United Kingdom
13509.0,979.72,1106,27,7,10,False,22128 - PARTY CONES CANDY ASSORTED,United Kingdom
13510.0,1785.16,1382,86,5,13,False,84077 - WORLD WAR 2 GLIDERS ASSTD DESIGNS,United Kingdom
13512.0,251.21,143,15,1,10,False,21232 - STRAWBERRY CERAMIC TRINKET BOX,United Kingdom
13513.0,205.1,109,10,1,11,False,84836 - ZINC METAL HEART DECORATION,United Kingdom
13514.0,152.2,40,4,1,9,False,82482 - WOODEN PICTURE FRAME WHITE FINISH,United Kingdom
13515.0,891.12,681,50,4,10,False,22851 - SET 20 NAPKINS FAIRY CAKES DESIGN ,United Kingdom
13516.0,1389.41,985,43,3,11,False,21891 - TRADITIONAL WOODEN SKIPPING ROPE,United Kingdom
13517.0,2109.07,1360,125,5,11,False,21810 - CHRISTMAS HANGING STAR WITH BELL,United Kingdom
13518.0,659.44,392,36,1,10,False,84077 - WORLD WAR 2 GLIDERS ASSTD DESIGNS,United Kingdom
13519.0,110.8,22,8,2,15,False,22965 - 3 TRADITIONAl BISCUIT CUTTERS  SET,United Kingdom
13520.0,3487.75,1642,49,8,10,True,22326 - ROUND SNACK BOXES SET OF4 WOODLAND ,Switzerland
13521.0,1093.65,736,313,3,13,False,21810 - CHRISTMAS HANGING STAR WITH BELL,United Kingdom
13522.0,125.8,44,5,1,15,False,22077 - 6 RIBBONS RUSTIC CHARM,United Kingdom
13523.0,3755.38,1745,157,6,8,True,22197 - SMALL POPCORN HOLDER,United Kingdom
13524.0,680.18,324,17,5,12,False,21642 - ASSORTED TUTTI FRUTTI PEN,United Kingdom
13525.0,628.78,394,5,2,12,False,84879 - ASSORTED COLOUR BIRD ORNAMENT,United Kingdom
13527.0,2263.76,1673,153,8,12,True,23187 - FRENCH STYLE STORAGE JAR BONBONS,United Kingdom
13529.0,307.76,74,15,2,9,False,23433 - HANGING QUILTED PATCHWORK APPLES,United Kingdom
13531.0,483.8,174,17,2,15,False,85099B - JUMBO BAG RED RETROSPOT,United Kingdom
13532.0,210.31,129,66,1,12,False,16169E - WRAP 50'S  CHRISTMAS,United Kingdom
13533.0,270.79,204,61,3,12,True,84596B - SMALL DOLLY MIX DESIGN ORANGE BOWL,United Kingdom
13534.0,5613.08,2876,119,43,10,True,85099C - JUMBO  BAG BAROQUE BLACK WHITE,United Kingdom
13536.0,3448.29,2136,91,7,11,False,21811 - HANGING HEART WITH BELL,United Kingdom
13538.0,1280.85,175,10,7,7,False,21524 - DOORMAT SPOTTY HOME SWEET HOME,United Kingdom
13539.0,605.84,314,36,4,10,False,84077 - WORLD WAR 2 GLIDERS ASSTD DESIGNS,United Kingdom
13544.0,291.41,127,76,2,11,False,79164 - BLACK WINE GLASS,United Kingdom
13546.0,626.99,359,72,3,14,False,21402 - RED  EGG  SPOON,United Kingdom
13548.0,682.41,441,114,2,11,False,23334 - IVORY WICKER HEART SMALL,United Kingdom
13549.0,916.12,457,37,8,13,False,84755 - COLOUR GLASS T-LIGHT HOLDER HANGING,United Kingdom
13551.0,91.8,12,4,1,14,False,15056BL - EDWARDIAN PARASOL BLACK,United Kingdom
13552.0,3539.53,1386,82,16,15,True,23201 - JUMBO BAG ALPHABET,United Kingdom
13555.0,4149.28,2660,128,4,11,True,22492 - MINI PAINT SET VINTAGE ,United Kingdom
13557.0,584.06,546,31,2,12,False,16156S - WRAP PINK FAIRY CAKES ,United Kingdom
13558.0,605.06,344,123,4,11,False,22818 - CARD CHRISTMAS VILLAGE,United Kingdom
13560.0,174.37,64,32,1,13,False,22669 - RED BABY BUNTING ,United Kingdom
13561.0,141.86,83,14,1,12,False,85123A - WHITE HANGING HEART T-LIGHT HOLDER,United Kingdom
13562.0,1799.33,757,50,3,10,False,23103 - JINGLE BELL HEART DECORATION,United Kingdom
13563.0,777.53,209,49,2,14,False,21733 - RED HANGING HEART T-LIGHT HOLDER,United Kingdom
13564.0,647.74,659,68,5,14,True,22030 - SWALLOWS GREETING CARD,United Kingdom
13565.0,240.22,172,35,2,14,False,21644 - ASSORTED TUTTI FRUTTI HEART BOX,United Kingdom
13566.0,874.71,575,134,2,11,False,21817 - GLITTER CHRISTMAS TREE,United Kingdom
13568.0,192.85,70,41,1,14,False,22645 - CERAMIC HEART FAIRY CAKE MONEY BANK,United Kingdom
13569.0,373.75,164,73,2,12,False,22197 - SMALL POPCORN HOLDER,United Kingdom
13570.0,239.49,161,27,1,13,False,21135 - VICTORIAN  METAL POSTCARD SPRING,United Kingdom
13571.0,2092.32,1759,157,12,12,False,22197 - SMALL POPCORN HOLDER,United Kingdom
13572.0,1384.25,534,32,1,11,False,23160 - REGENCY TEA SPOON,United Kingdom
13573.0,294.4,303,24,2,14,False,20668 - DISCO BALL CHRISTMAS DECORATION,United Kingdom
13575.0,732.07,449,41,5,11,False,20982 - 12 PENCILS TALL TUBE SKULLS,United Kingdom
13576.0,6703.3,2640,78,20,11,False,21137 - BLACK RECORD COVER FRAME,United Kingdom
13577.0,1658.3,771,61,5,10,False,85099B - JUMBO BAG RED RETROSPOT,United Kingdom
13579.0,467.04,176,19,2,8,False,22741 - FUNKY DIVA PEN,United Kingdom
13581.0,118.0,30,10,1,14,False,22399 - MAGNETS PACK OF 4 CHILDHOOD MEMORY,United Kingdom
13583.0,781.03,725,53,1,10,False,21394 - RED POLKADOT BEAKER ,United Kingdom
13584.0,142.4,37,24,1,12,False,21069 - VINTAGE BILLBOARD TEA MUG,United Kingdom
13587.0,347.0,160,8,3,11,False,22386 - JUMBO BAG PINK POLKADOT,United Kingdom
13588.0,2445.12,2573,132,13,13,True,84077 - WORLD WAR 2 GLIDERS ASSTD DESIGNS,United Kingdom
13589.0,379.65,114,21,2,12,False,23296 - SET OF 6 TEA TIME BAKING CASES,United Kingdom
13590.0,1976.12,1846,70,7,12,False,22577 - WOODEN HEART CHRISTMAS SCANDINAVIAN,United Kingdom
13591.0,1117.13,485,56,3,12,False,15036 - ASSORTED COLOURS SILK FAN,United Kingdom
13592.0,247.96,84,15,4,9,False,15036 - ASSORTED COLOURS SILK FAN,United Kingdom
13593.0,1990.28,707,77,6,12,True,84755 - COLOUR GLASS T-LIGHT HOLDER HANGING,United Kingdom
13594.0,396.97,359,26,1,10,False,16161G - WRAP BAD HAIR DAY,United Kingdom
13596.0,697.04,406,133,2,11,False,23367 - SET 12 COLOUR PENCILS SPACEBOY ,United Kingdom
13598.0,167.42,57,33,2,14,True,21390 - FILIGRIS HEART WITH BUTTERFLY,United Kingdom
13599.0,5030.6,3169,172,33,9,True,85099B - JUMBO BAG RED RETROSPOT,United Kingdom
13600.0,219.52,324,19,1,15,False,17084A - TRANQUILITY MASALA INCENSE,United Kingdom
13601.0,693.32,548,90,2,16,False,22818 - CARD CHRISTMAS VILLAGE,United Kingdom
13602.0,428.89,267,23,1,11,False,23326 - HANGING MINI COLOURED BOTTLES,United Kingdom
13603.0,164.34,164,27,1,15,False,23366 - SET 12 COLOURING PENCILS DOILY,United Kingdom
13606.0,280.54,279,40,3,11,False,21980 - PACK OF 12 RED RETROSPOT TISSUES ,United Kingdom
13607.0,678.01,290,93,1,16,False,23434 - 3 RAFFIA RIBBONS 50'S CHRISTMAS ,United Kingdom
13610.0,1115.43,514,165,9,14,True,22772 - PINK DRAWER KNOB ACRYLIC EDWARDIAN,United Kingdom
13611.0,1158.2,762,67,4,10,False,22741 - FUNKY DIVA PEN,United Kingdom
13614.0,1610.46,570,171,4,14,False,21868 - POTTING SHED TEA MUG,United Kingdom
13615.0,399.99,183,23,2,8,False,84800L - LARGE WHITE/PINK ROSE ART FLOWER,United Kingdom
13617.0,544.18,300,31,3,13,False,21294 - ETCHED GLASS COASTER,United Kingdom
13618.0,177.34,246,13,1,11,False,22268 - DECORATION SITTING BUNNY,United Kingdom
13621.0,213.85,343,19,1,8,False,16045 - POPART WOODEN PENCILS ASST,United Kingdom
13623.0,672.44,286,78,7,11,True,11001 - ASSTD DESIGN RACING CAR PEN,United Kingdom
13626.0,257.23,209,19,1,10,False,21980 - PACK OF 12 RED RETROSPOT TISSUES ,United Kingdom
13627.0,1624.02,1266,84,7,9,False,22771 - CLEAR DRAWER KNOB ACRYLIC EDWARDIAN,United Kingdom
13629.0,7792.36,4372,28,11,9,False,85099B - JUMBO BAG RED RETROSPOT,United Kingdom
13630.0,1995.68,1377,51,11,10,True,22178 - VICTORIAN GLASS HANGING T-LIGHT,United Kingdom
13631.0,3021.77,460,6,12,15,True,22625 - RED KITCHEN SCALES,United Kingdom
13632.0,2117.02,1036,121,6,12,True,23334 - IVORY WICKER HEART SMALL,United Kingdom
13634.0,1575.16,704,156,5,13,False,21498 - RED RETROSPOT WRAP ,United Kingdom
13635.0,1071.03,677,62,1,10,False,21980 - PACK OF 12 RED RETROSPOT TISSUES ,United Kingdom
13636.0,941.62,586,57,6,14,False,22610 - PENS ASSORTED FUNNY FACE,United Kingdom
13637.0,810.5,409,79,3,13,False,22197 - SMALL POPCORN HOLDER,United Kingdom
13638.0,122.64,93,8,1,10,False,16169E - WRAP 50'S  CHRISTMAS,United Kingdom
13639.0,1033.34,800,39,1,13,False,22077 - 6 RIBBONS RUSTIC CHARM,United Kingdom
13642.0,354.8,173,57,1,12,False,23077 - DOUGHNUT LIP GLOSS ,United Kingdom
13643.0,519.44,273,24,3,10,False,23202 - JUMBO BAG VINTAGE LEAF,United Kingdom
13644.0,2597.52,2060,144,5,11,False,22338 - STAR DECORATION PAINTED ZINC ,United Kingdom
13645.0,252.1,158,5,1,16,False,22771 - CLEAR DRAWER KNOB ACRYLIC EDWARDIAN,United Kingdom
13647.0,1670.22,894,65,5,13,False,84077 - WORLD WAR 2 GLIDERS ASSTD DESIGNS,United Kingdom
13649.0,346.6,139,23,2,11,False,21390 - FILIGRIS HEART WITH BUTTERFLY,United Kingdom
13650.0,1809.34,918,79,7,9,True,22952 - 60 CAKE CASES VINTAGE CHRISTMAS,United Kingdom
13651.0,94.2,33,6,2,12,False,21172 - PARTY METAL SIGN ,United Kingdom
13652.0,1095.08,578,48,3,9,False,84077 - WORLD WAR 2 GLIDERS ASSTD DESIGNS,United Kingdom
13654.0,2707.33,2182,157,6,16,True,16259 - PIECE OF CAMO STATIONERY SET,United Kingdom
13655.0,932.97,605,52,2,9,False,37327 - ASSTD MULTICOLOUR CIRCLES MUG,United Kingdom
13656.0,379.65,490,49,2,10,False,16218 - CARTOON  PENCIL SHARPENERS,United Kingdom
13657.0,382.14,209,16,2,12,False,15036 - ASSORTED COLOURS SILK FAN,United Kingdom
13658.0,2421.47,1009,91,7,10,True,84077 - WORLD WAR 2 GLIDERS ASSTD DESIGNS,United Kingdom
13659.0,1550.85,879,93,3,12,False,17003 - BROCADE RING PURSE ,United Kingdom
13662.0,879.08,538,50,7,13,False,22492 - MINI PAINT SET VINTAGE ,United Kingdom
13663.0,189.47,91,13,1,15,False,23271 - CHRISTMAS TABLE CANDLE SILVER SPIKE,United Kingdom
13666.0,84.65,41,12,3,13,True,71459 - HANGING JAM JAR T-LIGHT HOLDER,United Kingdom
13667.0,305.02,154,82,1,15,False,21179 - NO JUNK MAIL METAL SIGN,United Kingdom
13668.0,6216.07,3637,286,29,12,True,22178 - VICTORIAN GLASS HANGING T-LIGHT,United Kingdom
13669.0,218.55,237,9,2,9,False,16218 - CARTOON  PENCIL SHARPENERS,United Kingdom
13670.0,349.7,282,25,1,15,False,22530 - MAGIC DRAWING SLATE DOLLY GIRL ,United Kingdom
13673.0,396.92,119,47,2,12,False,22138 - BAKING SET 9 PIECE RETROSPOT ,United Kingdom
13675.0,486.82,330,25,2,12,False,85175 - CACTI T-LIGHT CANDLES,United Kingdom
13678.0,232.6,924,16,1,10,False,16259 - PIECE OF CAMO STATIONERY SET,United Kingdom
13680.0,2202.31,1267,164,5,13,False,84997B - RED 3 PIECE RETROSPOT CUTLERY SET,United Kingdom
13681.0,827.83,360,37,4,11,False,23321 - SMALL WHITE HEART OF WICKER,United Kingdom
13682.0,59.5,10,3,1,14,False,72807A - SET/3 ROSE CANDLE IN JEWELLED BOX,United Kingdom
13684.0,64.23,38,29,2,10,True,75049L - LARGE CIRCULAR MIRROR MOBILE,United Kingdom
13685.0,3119.44,5056,29,7,11,True,22065 - CHRISTMAS PUDDING TRINKET POT ,United Kingdom
13686.0,72.0,70,8,1,9,False,20723 - STRAWBERRY CHARLOTTE BAG,United Kingdom
13689.0,910.0,512,6,1,13,False,21931 - JUMBO STORAGE BAG SUKI,United Kingdom
13690.0,172.25,67,9,1,15,False,23309 - SET OF 60 I LOVE LONDON CAKE CASES ,United Kingdom
13692.0,1466.87,1224,49,5,12,False,15036 - ASSORTED COLOURS SILK FAN,United Kingdom
13694.0,62653.1,61803,369,60,12,True,16216 - LETTER SHAPE PENCIL SHARPENER,United Kingdom
13695.0,2504.13,1603,46,15,15,True,22178 - VICTORIAN GLASS HANGING T-LIGHT,United Kingdom
13697.0,151.3,177,12,1,9,False,22051 - BLUE SCANDINAVIAN PAISLEY WRAP,United Kingdom
13699.0,308.58,66,14,1,16,False,22115 - METAL SIGN EMPIRE TEA,United Kingdom
13700.0,2265.12,2304,139,10,13,True,22661 - CHARLOTTE BAG DOLLY GIRL DESIGN,United Kingdom
13703.0,99.5,10,1,1,13,False,22776 - SWEETHEART CAKESTAND 3 TIER,United Kingdom
13704.0,2295.31,1528,111,10,15,False,22610 - PENS ASSORTED FUNNY FACE,United Kingdom
13705.0,711.86,363,25,3,9,False,84879 - ASSORTED COLOUR BIRD ORNAMENT,United Kingdom
13706.0,330.79,189,20,1,9,False,22256 - FELT FARM ANIMAL CHICKEN,United Kingdom
13707.0,806.41,351,48,2,13,False,22693 - GROW A FLYTRAP OR SUNFLOWER IN TIN,United Kingdom
13708.0,296.88,306,49,1,13,False,84077 - WORLD WAR 2 GLIDERS ASSTD DESIGNS,United Kingdom
13709.0,6249.11,3501,244,17,14,True,23167 - SMALL CERAMIC TOP STORAGE JAR ,United Kingdom
13710.0,180.48,176,8,1,8,False,21811 - HANGING HEART WITH BELL,United Kingdom
13711.0,252.06,140,11,2,10,True,21499 - BLUE POLKADOT WRAP,United Kingdom
13712.0,228.84,352,10,1,12,False,22419 - LIPSTICK PEN RED,United Kingdom
13715.0,1053.94,555,89,8,12,True,84536A - ENGLISH ROSE NOTEBOOK A7 SIZE,United Kingdom
13716.0,138.28,138,21,1,13,False,20981 - 12 PENCILS TALL TUBE WOODLAND,United Kingdom
13717.0,1432.26,1958,92,7,14,False,85212 - MINI PAINTED GARDEN DECORATION ,United Kingdom
13718.0,306.55,173,9,2,11,False,17038 - PORCELAIN BUDAH INCENSE HOLDER,United Kingdom
13719.0,1041.68,609,56,5,15,False,22944 - CHRISTMAS METAL POSTCARD WITH BELLS,United Kingdom
13720.0,799.9,501,42,4,9,False,84755 - COLOUR GLASS T-LIGHT HOLDER HANGING,United Kingdom
13721.0,524.14,316,28,1,14,False,21390 - FILIGRIS HEART WITH BUTTERFLY,United Kingdom
13722.0,2369.16,1400,75,4,12,True,84077 - WORLD WAR 2 GLIDERS ASSTD DESIGNS,United Kingdom
13723.0,199.85,43,6,1,17,False,22224 - WHITE LOVEBIRD LANTERN,United Kingdom
13725.0,1809.81,659,97,11,10,False,21394 - RED POLKADOT BEAKER ,United Kingdom
13726.0,1079.66,1054,39,2,10,False,21930 - JUMBO STORAGE BAG SKULLS,United Kingdom
13727.0,333.48,162,19,2,9,False,22531 - MAGIC DRAWING SLATE CIRCUS PARADE  ,United Kingdom
13728.0,1016.14,458,38,6,10,False,21977 - PACK OF 60 PINK PAISLEY CAKE CASES,United Kingdom
13730.0,752.6,488,38,2,8,False,22197 - POPCORN HOLDER,United Kingdom
13731.0,610.59,278,36,2,10,False,16156S - WRAP PINK FAIRY CAKES ,United Kingdom
13732.0,491.86,498,33,1,15,False,21213 - PACK OF 72 SKULL CAKE CASES,United Kingdom
13735.0,2766.18,1083,161,8,10,True,21716 - BOYS VINTAGE TIN SEASIDE BUCKET,United Kingdom
13736.0,724.0,493,167,3,13,True,21397 - BLUE POLKADOT EGG CUP ,United Kingdom
13737.0,339.6,125,29,1,16,False,22639 - SET OF 4 NAPKIN CHARMS HEARTS,United Kingdom
13739.0,216.9,54,3,1,13,False,84347 - ROTATING SILVER ANGELS T-LIGHT HLDR,United Kingdom
13740.0,350.75,425,23,1,10,False,21398 - RED POLKADOT COFFEE  MUG,United Kingdom
13741.0,666.33,217,34,4,7,False,35646 - VINTAGE BEAD PINK EVENING BAG,United Kingdom
13742.0,3102.42,1116,200,14,13,True,84077 - WORLD WAR 2 GLIDERS ASSTD DESIGNS,United Kingdom
13743.0,1340.15,1775,8,8,14,False,84077 - WORLD WAR 2 GLIDERS ASSTD DESIGNS,United Kingdom
13744.0,1156.36,1249,54,2,14,False,17003 - BROCADE RING PURSE ,United Kingdom
13745.0,291.54,486,25,2,14,False,"21507 - ELEPHANT, BIRTHDAY CARD, ",United Kingdom
13747.0,79.6,8,1,1,10,False,22180 - RETROSPOT LAMP,United Kingdom
13748.0,948.25,439,24,5,9,True,22086 - PAPER CHAIN KIT 50'S CHRISTMAS ,United Kingdom
13750.0,1647.26,516,20,5,9,False,21137 - BLACK RECORD COVER FRAME,United Kingdom
13751.0,296.25,152,9,1,15,False,85099B - JUMBO BAG RED RETROSPOT,United Kingdom
13752.0,1186.28,876,64,6,14,False,21326 - AGED GLASS SILVER T-LIGHT HOLDER,United Kingdom
13753.0,741.26,512,35,1,12,False,22228 - BUNNY WOODEN PAINTED WITH BIRD ,United Kingdom
13754.0,282.6,214,11,2,11,False,22952 - 60 CAKE CASES VINTAGE CHRISTMAS,United Kingdom
13755.0,2154.68,1241,232,10,12,True,22609 - PENS ASSORTED SPACEBALL,United Kingdom
13756.0,5145.12,3164,66,15,10,True,21314 - SMALL GLASS HEART TRINKET POT,United Kingdom
13758.0,3190.55,1844,104,7,9,False,84568 - GIRLS ALPHABET IRON ON PATCHES ,United Kingdom
13759.0,659.41,287,24,2,14,False,23162 - REGENCY TEA STRAINER,United Kingdom
13760.0,286.79,197,50,2,12,False,22037 - ROBOT BIRTHDAY CARD,United Kingdom
13761.0,1070.65,642,68,2,8,False,16156S - WRAP PINK FAIRY CAKES ,United Kingdom
13763.0,1689.46,725,17,3,14,False,22633 - HAND WARMER UNION JACK,United Kingdom
13764.0,1521.76,932,183,3,12,False,21497 - FANCY FONTS BIRTHDAY WRAP,United Kingdom
13767.0,16945.71,7258,55,52,14,True,84879 - ASSORTED COLOUR BIRD ORNAMENT,United Kingdom
13769.0,2771.87,1152,73,16,13,True,71477 - COLOUR GLASS. STAR T-LIGHT HOLDER,United Kingdom
13771.0,2631.7,1476,114,5,14,True,23349 - ROLL WRAP VINTAGE CHRISTMAS,United Kingdom
13772.0,1132.13,546,141,3,11,False,47566 - PARTY BUNTING,United Kingdom
13774.0,345.0,192,22,1,12,False,21977 - PACK OF 60 PINK PAISLEY CAKE CASES,United Kingdom
13777.0,25748.35,12804,40,41,15,True,21232 - STRAWBERRY CERAMIC TRINKET BOX,United Kingdom
13778.0,178.7,70,9,1,15,False,22693 - GROW A FLYTRAP OR SUNFLOWER IN TIN,United Kingdom
13780.0,360.01,318,56,2,11,False,21326 - AGED GLASS SILVER T-LIGHT HOLDER,United Kingdom
13781.0,127.84,30,17,1,12,False,21165 - BEWARE OF THE CAT METAL SIGN ,United Kingdom
13782.0,912.0,371,96,6,12,False,84536A - ENGLISH ROSE NOTEBOOK A7 SIZE,United Kingdom
13784.0,2462.79,2493,9,11,9,False,22151 - PLACE SETTING WHITE HEART,United Kingdom
13786.0,230.4,136,7,1,13,False,85123A - WHITE HANGING HEART T-LIGHT HOLDER,United Kingdom
13787.0,309.04,337,24,2,12,False,22336 - DOVE DECORATION PAINTED ZINC ,United Kingdom
13790.0,348.8,748,45,1,15,False,22064 - PINK DOUGHNUT TRINKET POT ,United Kingdom
13791.0,1047.68,828,7,3,11,False,20727 - LUNCH BAG  BLACK SKULL.,United Kingdom
13792.0,195.55,92,13,2,14,False,22576 - SWALLOW WOODEN CHRISTMAS DECORATION,United Kingdom
13798.0,36351.42,23514,115,63,12,True,85099B - JUMBO BAG RED RETROSPOT,United Kingdom
13799.0,688.86,402,32,2,12,False,20829 - GLITTER HANGING BUTTERFLY STRING,United Kingdom
13800.0,558.32,331,33,1,12,False,23230 - WRAP ALPHABET DESIGN,United Kingdom
13801.0,324.8,168,23,1,10,False,84971S - SMALL HEART FLOWERS HOOK ,United Kingdom
13802.0,3906.27,2281,57,6,10,True,85099B - JUMBO BAG RED RETROSPOT,United Kingdom
13803.0,277.07,121,17,1,12,False,22148 - EASTER CRAFT 4 CHICKS ,United Kingdom
13804.0,2635.79,1498,124,7,12,True,84077 - WORLD WAR 2 GLIDERS ASSTD DESIGNS,United Kingdom
13805.0,924.6,1900,10,2,14,False,20996 - JAZZ HEARTS ADDRESS BOOK,United Kingdom
13806.0,256.38,56,10,1,11,False,22427 - ENAMEL FLOWER JUG CREAM,United Kingdom
13807.0,112.6,36,7,1,15,False,22469 - HEART OF WICKER SMALL,United Kingdom
13808.0,1747.66,782,70,5,12,False,84946 - ANTIQUE SILVER T-LIGHT GLASS,United Kingdom
13809.0,155.05,29,11,1,13,False,22804 - CANDLEHOLDER PINK HANGING HEART,Cyprus
13810.0,899.51,311,32,4,13,True,22964 - 3 PIECE SPACEBOY COOKIE CUTTER SET,Germany
13811.0,591.75,67,7,4,10,True,23052 - RECYCLED ACAPULCO MAT TURQUOISE,Germany
13812.0,539.0,333,33,3,14,False,21976 - PACK OF 60 MUSHROOM CAKE CASES,Germany
13813.0,1353.41,550,54,5,10,False,21498 - RED RETROSPOT WRAP ,Germany
13814.0,1562.12,862,37,3,13,False,21121 - SET/10 RED POLKADOT PARTY CANDLES,Germany
13815.0,4014.91,2557,132,5,13,False,84568 - GIRLS ALPHABET IRON ON PATCHES ,Germany
13816.0,555.04,260,27,4,8,False,22492 - MINI PAINT SET VINTAGE ,Germany
13817.0,382.98,211,20,2,11,False,21880 - RED RETROSPOT TAPE,Germany
13819.0,1140.35,1109,26,3,10,False,21212 - PACK OF 72 RETROSPOT CAKE CASES,United Kingdom
13821.0,385.64,153,51,2,9,False,22095 - LADS ONLY TISSUE BOX,United Kingdom
13822.0,632.0,611,90,2,12,False,16045 - POPART WOODEN PENCILS ASST,United Kingdom
13823.0,957.66,439,39,2,10,False,82482 - WOODEN PICTURE FRAME WHITE FINISH,United Kingdom
13824.0,1698.94,768,34,5,8,False,22621 - TRADITIONAL KNITTING NANCY,United Kingdom
13826.0,174.65,80,11,2,13,False,21212 - PACK OF 72 RETROSPOT CAKE CASES,United Kingdom
13827.0,412.05,141,83,3,11,False,84978 - HANGING HEART JAR T-LIGHT HOLDER,United Kingdom
13828.0,209.49,311,15,1,16,False,22608 - PENS ASSORTED FUNKY JEWELED ,United Kingdom
13831.0,2202.99,745,58,6,12,False,85123A - WHITE HANGING HEART T-LIGHT HOLDER,United Kingdom
13832.0,40.95,25,3,2,12,False,22645 - CERAMIC HEART FAIRY CAKE MONEY BANK,United Kingdom
13833.0,384.8,118,28,1,13,False,21122 - SET/10 PINK POLKADOT PARTY CANDLES,United Kingdom
13835.0,834.57,442,48,4,15,False,21080 - SET/20 RED RETROSPOT PAPER NAPKINS ,United Kingdom
13837.0,271.24,183,17,2,12,False,22791 - T-LIGHT GLASS FLUTED ANTIQUE,United Kingdom
13838.0,691.73,263,144,4,10,True,21985 - PACK OF 12 HEARTS DESIGN TISSUES ,United Kingdom
13841.0,85.0,100,1,1,12,False,16016 - LARGE CHINESE STYLE SCISSOR,United Kingdom
13842.0,3385.62,1768,155,9,10,False,22469 - HEART OF WICKER SMALL,United Kingdom
13844.0,361.62,196,20,1,13,False,21326 - AGED GLASS SILVER T-LIGHT HOLDER,United Kingdom
13845.0,312.98,182,9,1,8,False,23322 - LARGE WHITE HEART OF WICKER,United Kingdom
13846.0,847.61,383,56,4,12,False,21206 - STRAWBERRY HONEYCOMB  GARLAND ,United Kingdom
13848.0,1255.0,3700,3,3,10,False,16014 - SMALL CHINESE STYLE SCISSOR,United Kingdom
13849.0,1537.95,1016,97,2,10,False,22049 - WRAP CHRISTMAS SCREEN PRINT,United Kingdom
13850.0,1586.81,941,93,2,14,False,21977 - PACK OF 60 PINK PAISLEY CAKE CASES,United Kingdom
13851.0,2651.46,1705,77,3,12,False,22865 - HAND WARMER OWL DESIGN,United Kingdom
13853.0,1056.94,304,23,2,8,False,23382 - BOX OF 6 CHRISTMAS CAKE DECORATIONS,United Kingdom
13854.0,8025.02,2278,39,29,11,False,22469 - HEART OF WICKER SMALL,United Kingdom
13856.0,363.4,484,10,5,8,True,79000 - MOROCCAN TEA GLASS,United Kingdom
13858.0,216.17,75,11,1,16,False,22604 - SET OF 4 NAPKIN CHARMS CUTLERY,United Kingdom
13859.0,201.16,129,27,1,16,False,22986 - GINGHAM ROSE WRAP,United Kingdom
13860.0,1240.0,589,58,6,14,True,22338 - STAR DECORATION PAINTED ZINC ,United Kingdom
13862.0,2187.31,1682,97,10,14,False,22993 - SET OF 4 PANTRY JELLY MOULDS,United Kingdom
13863.0,299.56,219,20,2,10,False,22265 - EASTER DECORATION NATURAL CHICK,United Kingdom
13865.0,501.56,204,26,4,8,False,84879 - ASSORTED COLOUR BIRD ORNAMENT,United Kingdom
13866.0,145.67,57,7,1,14,False,84879 - ASSORTED COLOUR BIRD ORNAMENT,United Kingdom
13867.0,1015.29,513,51,3,12,False,16169E - WRAP 50'S  CHRISTMAS,United Kingdom
13868.0,3192.54,1964,32,2,12,False,23582 - VINTAGE DOILY JUMBO BAG RED ,United Kingdom
13869.0,3104.95,1721,234,4,15,False,21499 - BLUE POLKADOT WRAP,United Kingdom
13870.0,2751.25,1320,91,10,13,True,22086 - PAPER CHAIN KIT 50'S CHRISTMAS ,United Kingdom
13871.0,6389.8,2801,155,14,12,True,16161P - WRAP ENGLISH ROSE ,United Kingdom
13873.0,381.7,138,21,4,9,False,84926E - FLOWERS TILE COASTER,United Kingdom
13874.0,540.45,180,18,1,18,False,85123A - WHITE HANGING HEART T-LIGHT HOLDER,United Kingdom
13875.0,1786.79,1316,79,5,9,False,16161U - WRAP SUKI AND FRIENDS,United Kingdom
13876.0,122.7,36,7,1,10,False,23483 - HANGING  BUTTERFLY T-LIGHT HOLDER,United Kingdom
13877.0,117.24,108,3,1,15,False,23023 - RIDGED BONNE JAM JAR T-LIGHT HOLDER,United Kingdom
13878.0,1281.53,475,35,1,12,False,21014 - SWISS CHALET TREE DECORATION ,United Kingdom
13880.0,3219.77,1842,125,13,14,True,22469 - HEART OF WICKER SMALL,United Kingdom
13881.0,16989.52,10062,72,22,9,True,21915 - RED  HARMONICA IN BOX ,United Kingdom
13882.0,1131.28,950,54,6,10,False,21592 - RETROSPOT CIGAR BOX MATCHES ,United Kingdom
13883.0,2538.75,1368,110,9,12,True,21212 - PACK OF 72 RETROSPOT CAKE CASES,United Kingdom
13884.0,781.3,297,45,6,12,True,84949 - SILVER HANGING T-LIGHT HOLDER,United Kingdom
13885.0,506.8,182,28,2,8,False,23076 - ICE CREAM SUNDAE LIP GLOSS,United Kingdom
13886.0,243.56,126,16,1,13,False,23088 - ZINC HEART FLOWER T-LIGHT HOLDER,United Kingdom
13887.0,349.55,147,19,1,17,False,85015 - SET OF 12  VINTAGE POSTCARD SET,United Kingdom
13888.0,605.63,258,38,2,10,False,21385 - IVORY HANGING DECORATION  HEART,United Kingdom
13889.0,416.9,146,15,1,9,False,22865 - HAND WARMER OWL DESIGN,United Kingdom
13890.0,1860.86,826,74,14,11,True,20972 - PINK CREAM FELT CRAFT TRINKET BOX ,United Kingdom
13892.0,632.97,983,26,4,8,False,85111 - SILVER GLITTER FLOWER VOTIVE HOLDER,United Kingdom
13893.0,821.1,190,21,1,11,False,21878 - PACK OF 6 SANDCASTLE FLAGS ASSORTED,United Kingdom
13894.0,535.97,339,25,5,9,True,84947 - ANTIQUE SILVER TEA GLASS ENGRAVED,United Kingdom
13895.0,2588.12,1364,97,5,10,False,22419 - LIPSTICK PEN RED,United Kingdom
13897.0,311.16,200,17,1,14,False,23376 - PACK OF 12 VINTAGE CHRISTMAS TISSUE,United Kingdom
13898.0,155.93,133,12,1,10,False,21881 - CUTE CATS TAPE,United Kingdom
13899.0,388.52,156,19,2,9,False,21790 - VINTAGE SNAP CARDS,United Kingdom
13900.0,740.95,430,42,3,10,False,22084 - PAPER CHAIN KIT EMPIRE,United Kingdom
13901.0,2867.2,1739,144,5,12,False,21394 - RED POLKADOT BEAKER ,United Kingdom
13904.0,332.64,332,24,2,11,False,23230 - WRAP ALPHABET DESIGN,United Kingdom
13908.0,2347.05,1470,104,5,11,False,23161 - REGENCY CAKE FORK,United Kingdom
13911.0,2580.91,2731,120,9,10,False,15034 - PAPER POCKET TRAVELING FAN ,United Kingdom
13914.0,613.95,379,28,3,10,False,22043 - CHRISTMAS CARD SCREEN PRINT ,United Kingdom
13917.0,272.04,228,16,2,9,False,21385 - IVORY HANGING DECORATION  HEART,United Kingdom
13918.0,1212.84,1140,30,2,12,False,84077 - WORLD WAR 2 GLIDERS ASSTD DESIGNS,United Kingdom
13919.0,350.16,437,24,3,10,False,16161U - WRAP SUKI AND FRIENDS,Denmark
13922.0,172.25,93,7,1,10,False,70006 - LOVE HEART POCKET WARMER,United Kingdom
13923.0,351.13,185,20,1,12,False,21175 - GIN + TONIC DIET METAL SIGN,United Kingdom
13924.0,1682.08,1532,91,11,15,True,21287 - SCENTED VELVET LOUNGE CANDLE ,United Kingdom
13925.0,616.65,327,28,6,12,True,23293 - SET OF 12 FAIRY CAKE BAKING CASES,United Kingdom
13926.0,223.85,104,11,1,13,False,21498 - RED RETROSPOT WRAP ,United Kingdom
13927.0,348.99,214,21,1,12,False,21500 - PINK POLKADOT WRAP ,United Kingdom
13928.0,464.57,129,23,4,10,False,21135 - VICTORIAN  METAL POSTCARD SPRING,United Kingdom
13929.0,802.85,139,8,3,15,False,21340 - CLASSIC METAL BIRDCAGE PLANT HOLDER,United Kingdom
13930.0,337.34,274,15,2,9,False,21121 - SET/10 RED POLKADOT PARTY CANDLES,United Kingdom
13931.0,1230.93,721,56,3,10,False,22952 - 60 CAKE CASES VINTAGE CHRISTMAS,United Kingdom
13932.0,307.4,72,16,1,12,False,22583 - PACK OF 6 HANDBAG GIFT BOXES,United Kingdom
13933.0,608.79,205,23,2,13,False,21231 - SWEETHEART CERAMIC TRINKET BOX,United Kingdom
13934.0,922.1,390,31,1,8,False,22231 - JIGSAW TREE WITH BIRDHOUSE,United Kingdom
13936.0,361.28,324,26,2,8,False,22608 - PENS ASSORTED FUNKY JEWELED ,United Kingdom
13937.0,158.85,123,9,1,16,False,84945 - MULTI COLOUR SILVER T-LIGHT HOLDER,United Kingdom
13938.0,71.66,70,7,1,14,False,23294 - SET OF 6 SNACK LOAF BAKING CASES,United Kingdom
13939.0,556.75,843,43,4,11,False,23187 - FRENCH STYLE STORAGE JAR BONBONS,United Kingdom
13940.0,839.14,516,39,4,16,False,23331 - DECORATIVE WICKER HEART SMALL,United Kingdom
13941.0,4912.41,2307,24,7,9,False,85175 - CACTI T-LIGHT CANDLES,United Kingdom
13946.0,561.57,443,11,3,10,False,40016 - CHINESE DRAGON PAPER LANTERNS,United Kingdom
13947.0,90.6,44,5,1,14,False,22469 - HEART OF WICKER SMALL,United Kingdom
13948.0,102.0,40,3,1,10,False,22222 - CAKE PLATE LOVEBIRD WHITE,United Kingdom
13949.0,2427.32,2474,124,6,11,False,84879 - ASSORTED COLOUR BIRD ORNAMENT,United Kingdom
13950.0,728.56,321,33,5,12,True,85123A - WHITE HANGING HEART T-LIGHT HOLDER,United Kingdom
13951.0,674.45,459,38,3,13,False,85078 - SCANDINAVIAN 3 HEARTS NAPKIN RING,United Kingdom
13952.0,3246.09,1425,120,3,9,False,84991 - 60 TEATIME FAIRY CAKE CASES,United Kingdom
13953.0,3515.68,2724,8,7,10,False,62018 - SOMBRERO ,United Kingdom
13954.0,378.59,141,24,3,10,False,21109 - LARGE CAKE TOWEL CHOCOLATE SPOTS,United Kingdom
13955.0,322.96,154,33,2,12,False,84755 - COLOUR GLASS T-LIGHT HOLDER HANGING,United Kingdom
13956.0,1026.42,491,123,5,16,False,84879 - ASSORTED COLOUR BIRD ORNAMENT,United Kingdom
13959.0,598.2,357,79,3,13,False,82580 - BATHROOM METAL SIGN,United Kingdom
13960.0,230.22,142,11,2,12,False,22578 - WOODEN STAR CHRISTMAS SCANDINAVIAN,United Kingdom
13962.0,169.55,87,11,2,8,False,22151 - PLACE SETTING WHITE HEART,United Kingdom
13963.0,664.54,460,35,4,9,False,85212 - MINI PAINTED GARDEN DECORATION ,United Kingdom
13967.0,80.7,42,2,1,12,False,22791 - T-LIGHT GLASS FLUTED ANTIQUE,United Kingdom
13969.0,8986.69,4483,334,20,15,True,23301 - GARDENERS KNEELING PAD KEEP CALM ,United Kingdom
13971.0,2702.22,1818,118,11,12,False,22741 - FUNKY DIVA PEN,United Kingdom
13972.0,190.25,187,15,2,11,False,22049 - WRAP CHRISTMAS SCREEN PRINT,United Kingdom
13973.0,264.7,109,11,1,15,False,22704 - WRAP RED APPLES ,United Kingdom
13974.0,413.59,249,28,1,14,False,20972 - PINK CREAM FELT CRAFT TRINKET BOX ,United Kingdom
13975.0,2503.23,1725,240,7,13,True,16169E - WRAP 50'S  CHRISTMAS,United Kingdom
13976.0,357.98,154,10,1,9,False,21294 - ETCHED GLASS COASTER,United Kingdom
13978.0,196.79,315,14,2,11,False,17003 - BROCADE RING PURSE ,United Kingdom
13979.0,869.87,639,54,1,13,False,21498 - RED RETROSPOT WRAP ,United Kingdom
13980.0,200.14,172,11,1,13,False,22577 - WOODEN HEART CHRISTMAS SCANDINAVIAN,United Kingdom
13982.0,1861.11,1132,72,5,13,True,85123A - WHITE HANGING HEART T-LIGHT HOLDER,United Kingdom
13983.0,2590.46,1170,91,13,11,True,23084 - RABBIT NIGHT LIGHT,United Kingdom
13984.0,488.03,271,14,6,11,False,18097C - WHITE TALL PORCELAIN T-LIGHT HOLDER,United Kingdom
13985.0,7024.53,3439,108,16,13,False,22379 - RECYCLING BAG RETROSPOT ,United Kingdom
13986.0,320.46,430,12,1,15,False,85172 - HYACINTH BULB T-LIGHT CANDLES,United Kingdom
13988.0,4098.8,3025,188,9,10,False,22336 - DOVE DECORATION PAINTED ZINC ,United Kingdom
13989.0,1266.08,1313,33,2,9,False,23310 - BUBBLEGUM RING ASSORTED,United Kingdom
13990.0,311.3,190,16,1,15,False,21399 - BLUE POLKADOT COFFEE MUG,United Kingdom
13991.0,850.63,996,58,7,12,True,21810 - CHRISTMAS HANGING STAR WITH BELL,United Kingdom
13992.0,76.8,64,5,1,15,False,20978 - 36 PENCILS TUBE SKULLS,United Kingdom
13993.0,3409.66,892,66,12,12,False,22784 - LANTERN CREAM GAZEBO ,United Kingdom
13994.0,2313.14,940,122,6,11,False,22156 - HEART DECORATION WITH PEARLS ,United Kingdom
13995.0,1383.49,867,55,6,8,False,20726 - LUNCH BAG WOODLAND,United Kingdom
13999.0,3865.26,2231,102,15,11,False,84755 - COLOUR GLASS T-LIGHT HOLDER HANGING,United Kingdom
14000.0,633.71,707,15,2,13,False,17003 - BROCADE RING PURSE ,United Kingdom
14001.0,2030.33,959,35,4,9,False,22411 - JUMBO SHOPPER VINTAGE RED PAISLEY,United Kingdom
14002.0,529.73,877,47,2,14,False,16259 - PIECE OF CAMO STATIONERY SET,United Kingdom
14004.0,4582.64,2668,102,7,12,False,22993 - SET OF 4 PANTRY JELLY MOULDS,United Kingdom
14005.0,2874.72,2478,53,5,10,False,22952 - 60 CAKE CASES VINTAGE CHRISTMAS,United Kingdom
14006.0,962.19,641,22,3,9,False,22662 - LUNCH BAG DOLLY GIRL DESIGN,United Kingdom
14009.0,685.93,361,42,3,13,False,21212 - PACK OF 72 RETROSPOT CAKE CASES,United Kingdom
14012.0,328.8,160,11,1,12,False,21390 - FILIGRIS HEART WITH BUTTERFLY,United Kingdom
14013.0,473.02,462,30,3,8,False,21394 - RED POLKADOT BEAKER ,United Kingdom
14014.0,505.18,1076,39,1,13,False,22944 - CHRISTMAS METAL POSTCARD WITH BELLS,United Kingdom
14015.0,917.34,378,20,1,10,False,21790 - VINTAGE SNAP CARDS,United Kingdom
14016.0,4328.46,2124,154,5,14,False,22740 - POLKADOT PEN,EIRE
14019.0,1398.96,1034,37,4,10,False,22489 - PACK OF 12 TRADITIONAL CRAYONS,United Kingdom
14020.0,642.8,441,37,2,9,False,22093 - MOTORING TISSUE BOX,United Kingdom
14021.0,631.9,192,22,3,15,False,22697 - GREEN REGENCY TEACUP AND SAUCER,United Kingdom
14022.0,440.0,487,28,1,14,False,84077 - WORLD WAR 2 GLIDERS ASSTD DESIGNS,United Kingdom
14023.0,584.07,345,30,2,13,False,22492 - MINI PAINT SET VINTAGE ,United Kingdom
14024.0,327.7,150,16,2,11,False,21592 - RETROSPOT CIGAR BOX MATCHES ,United Kingdom
14027.0,104.82,62,6,1,9,False,21210 - SET OF 72 RETROSPOT PAPER  DOILIES,United Kingdom
14029.0,467.66,198,15,2,14,False,23501 - KEY RING BASEBALL BOOT UNION JACK,United Kingdom
14030.0,2360.09,1479,210,8,16,True,22616 - PACK OF 12 LONDON TISSUES ,United Kingdom
14031.0,14634.64,5370,121,23,17,True,22988 - SOLDIERS EGG CUP ,United Kingdom
14032.0,2929.84,2008,53,18,11,True,84077 - WORLD WAR 2 GLIDERS ASSTD DESIGNS,United Kingdom
14034.0,512.02,315,82,4,13,True,22576 - SWALLOW WOODEN CHRISTMAS DECORATION,United Kingdom
14035.0,1428.02,739,41,5,10,False,84879 - ASSORTED COLOUR BIRD ORNAMENT,United Kingdom
14036.0,626.65,268,38,1,9,False,85203 - HANGING WOOD AND FELT BUTTERFLY ,United Kingdom
14037.0,147.2,46,27,2,11,False,22271 - FELTCRAFT DOLL ROSIE,United Kingdom
14038.0,1554.48,963,64,4,13,False,22489 - PACK OF 12 TRADITIONAL CRAYONS,United Kingdom
14039.0,152.2,92,6,1,13,False,23171 - REGENCY TEA PLATE GREEN ,United Kingdom
14040.0,3542.19,1524,147,15,12,True,20725 - LUNCH BAG RED RETROSPOT,United Kingdom
14041.0,141.41,94,21,1,13,False,47591D - PINK FAIRY CAKE CHILDRENS APRON,United Kingdom
14044.0,652.82,308,165,4,11,False,85123A - WHITE HANGING HEART T-LIGHT HOLDER,United Kingdom
14045.0,1659.75,535,4,4,8,True,20914 - SET/5 RED RETROSPOT LID GLASS BOWLS,United Kingdom
14046.0,154.99,460,14,1,14,False,17014A - ORIGAMI VANILLA INCENSE CONES,United Kingdom
14047.0,1290.01,377,22,7,9,True,22467 - GUMBALL COAT RACK,United Kingdom
14048.0,375.13,274,84,2,13,False,16011 - ANIMAL STICKERS,United Kingdom
14049.0,5639.15,3846,352,6,11,True,84077 - WORLD WAR 2 GLIDERS ASSTD DESIGNS,United Kingdom
14050.0,746.36,689,49,2,10,False,23078 - ICE CREAM PEN LIP GLOSS ,United Kingdom
14051.0,15477.34,3741,52,26,15,True,15056N - EDWARDIAN PARASOL NATURAL,United Kingdom
14052.0,225.36,89,56,1,12,False,21292 - SMALL STRIPES CHOCOLATE GIFT BAG ,United Kingdom
14053.0,260.25,215,2,2,12,False,10135 - COLOURING PENCILS BROWN TUBE,United Kingdom
14054.0,92.46,62,6,1,15,False,23282 - FOLDING BUTTERFLY MIRROR IVORY ,United Kingdom
14055.0,725.64,216,10,1,15,False,47566 - PARTY BUNTING,United Kingdom
14056.0,8124.4,4232,321,29,16,True,22998 - TRAVEL CARD WALLET KEEP CALM,United Kingdom
14057.0,6147.4,4708,179,18,12,True,22616 - PACK OF 12 LONDON TISSUES ,United Kingdom
14059.0,183.6,128,8,1,10,False,22262 - FELT EGG COSY CHICKEN,United Kingdom
14060.0,6135.38,5374,86,20,12,False,40016 - CHINESE DRAGON PAPER LANTERNS,United Kingdom
14062.0,10464.85,5593,60,12,15,True,20668 - DISCO BALL CHRISTMAS DECORATION,United Kingdom
14064.0,1188.32,1350,59,7,12,True,22151 - PLACE SETTING WHITE HEART,United Kingdom
14066.0,152.55,45,7,1,12,False,21877 - HOME SWEET HOME MUG,United Kingdom
14067.0,374.7,361,51,2,10,False,23551 - PACK OF 12 PAISLEY PARK TISSUES ,United Kingdom
14068.0,265.85,73,22,1,16,False,85123A - WHITE HANGING HEART T-LIGHT HOLDER,United Kingdom
14071.0,1307.41,900,271,9,12,True,M - Manual,United Kingdom
14073.0,139.54,128,13,2,15,False,22577 - WOODEN HEART CHRISTMAS SCANDINAVIAN,United Kingdom
14075.0,942.26,754,33,3,8,False,23084 - RABBIT NIGHT LIGHT,United Kingdom
14076.0,122.47,81,43,1,15,False,22319 - HAIRCLIPS FORTIES FABRIC ASSORTED,United Kingdom
14077.0,499.42,268,33,5,14,False,23084 - RABBIT NIGHT LIGHT,United Kingdom
14078.0,1049.37,310,46,6,12,False,20750 - RED RETROSPOT MINI CASES,United Kingdom
14079.0,375.1,301,12,1,12,False,21584 - RETROSPOT SMALL TUBE MATCHES,United Kingdom
14080.0,45.6,48,4,1,11,False,22651 - GENTLEMAN SHIRT REPAIR KIT ,United Kingdom
14081.0,904.67,593,126,4,14,True,22818 - CARD CHRISTMAS VILLAGE,United Kingdom
14082.0,182.25,110,28,1,11,False,22492 - MINI PAINT SET VINTAGE ,United Kingdom
14083.0,1018.43,732,162,9,15,True,20668 - DISCO BALL CHRISTMAS DECORATION,United Kingdom
14085.0,4435.79,3183,272,19,13,True,21495 - SKULLS AND CROSSBONES WRAP,United Kingdom
14087.0,181.67,250,62,2,12,True,16235 - RECYCLED PENCIL WITH RABBIT ERASER,United Kingdom
14088.0,50415.49,12593,379,14,13,True,22086 - PAPER CHAIN KIT 50'S CHRISTMAS ,United Kingdom
14089.0,161.0,134,13,1,10,False,20974 - 12 PENCILS SMALL TUBE SKULL,United Kingdom
14090.0,76.32,72,1,1,10,False,84946 - ANTIQUE SILVER TEA GLASS ETCHED,United Kingdom
14092.0,4063.1,2061,117,17,12,True,16237 - SLEEPING CAT ERASERS,United Kingdom
14093.0,442.85,406,95,1,16,False,22608 - PENS ASSORTED FUNKY JEWELED ,United Kingdom
14096.0,57120.91,16335,1121,34,15,True,22419 - LIPSTICK PEN RED,United Kingdom
14098.0,147.35,104,21,1,10,False,22616 - PACK OF 12 LONDON TISSUES ,United Kingdom
14099.0,3092.97,2177,167,12,13,True,22616 - PACK OF 12 LONDON TISSUES ,United Kingdom
14100.0,194.9,64,24,1,11,False,22196 - SMALL HEART MEASURING SPOONS,United Kingdom
14101.0,5976.79,6942,15,6,12,False,21967 - PACK OF 12 SKULL TISSUES,United Kingdom
14102.0,1314.73,938,35,8,10,True,22775 - PURPLE DRAWERKNOB ACRYLIC EDWARDIAN,United Kingdom
14104.0,216.21,72,21,2,12,False,72024U - LILAC VOTIVE CANDLE,United Kingdom
14105.0,1260.33,798,74,2,16,False,85175 - CACTI T-LIGHT CANDLES,United Kingdom
14107.0,2688.48,1788,61,8,12,False,21967 - PACK OF 12 SKULL TISSUES,United Kingdom
14108.0,594.16,380,33,3,10,False,21498 - RED RETROSPOT WRAP ,United Kingdom
14109.0,80.2,56,9,2,10,False,20978 - 36 PENCILS TUBE SKULLS,United Kingdom
14110.0,5669.65,2455,94,13,9,False,21137 - BLACK RECORD COVER FRAME,United Kingdom
14111.0,688.6,457,10,5,11,False,21326 - AGED GLASS SILVER T-LIGHT HOLDER,United Kingdom
14112.0,2774.17,1608,117,12,12,True,23310 - BUBBLEGUM RING ASSORTED,United Kingdom
14113.0,1377.92,635,26,8,10,True,22111 - SCOTTIE DOG HOT WATER BOTTLE,United Kingdom
14114.0,386.53,101,15,2,9,False,21448 - 12 DAISY PEGS IN WOOD BOX,United Kingdom
14116.0,1382.74,707,61,5,9,False,35953 - FOLKART STAR CHRISTMAS DECORATIONS,United Kingdom
14117.0,90.0,72,3,1,9,False,22791 - T-LIGHT GLASS FLUTED ANTIQUE,United Kingdom
14121.0,2740.3,2078,148,6,10,False,21705 - BAG 500g SWIRLY MARBLES,United Kingdom
14124.0,419.58,1618,4,1,13,False,21985 - PACK OF 12 HEARTS DESIGN TISSUES ,United Kingdom
14125.0,2740.43,1640,159,3,12,False,16161U - WRAP SUKI AND FRIENDS,United Kingdom
14126.0,643.63,458,14,4,11,True,22560 - TRADITIONAL MODELLING CLAY,United Kingdom
14127.0,709.71,321,39,3,12,False,22024 - RAINY LADIES BIRTHDAY CARD,United Kingdom
14128.0,637.5,564,40,2,10,False,21497 - FANCY FONTS BIRTHDAY WRAP,United Kingdom
14129.0,1123.86,592,31,5,9,True,22492 - MINI PAINT SET VINTAGE ,United Kingdom
14130.0,483.86,258,66,1,16,False,22740 - POLKADOT PEN,United Kingdom
14132.0,3580.13,3366,100,12,10,False,22492 - MINI PAINT SET VINTAGE ,United Kingdom
14133.0,590.34,342,26,5,11,True,22197 - SMALL POPCORN HOLDER,United Kingdom
14135.0,4690.31,3850,95,15,11,True,17021 - NAMASTE SWAGAT INCENSE,United Kingdom
14138.0,982.38,610,40,2,9,False,22866 - HAND WARMER SCOTTY DOG DESIGN,United Kingdom
14139.0,415.82,510,26,1,13,False,71459 - HANGING JAM JAR T-LIGHT HOLDERS,United Kingdom
14140.0,920.05,809,60,3,9,False,22539 - MINI JIGSAW DOLLY GIRL,United Kingdom
14141.0,879.03,337,28,6,9,False,21181 - PLEASE ONE PERSON METAL SIGN,United Kingdom
14142.0,311.81,313,22,1,16,False,17003 - BROCADE RING PURSE ,United Kingdom
14143.0,115.8,30,7,1,9,False,22558 - CLOTHES PEGS RETROSPOT PACK 24 ,United Kingdom
14145.0,3148.2,636,6,5,12,False,15056N - EDWARDIAN PARASOL NATURAL,United Kingdom
14146.0,2949.57,1886,183,6,15,True,22045 - SPACEBOY GIFT WRAP,United Kingdom
14147.0,468.4,96,4,3,11,False,21621 - VINTAGE UNION JACK BUNTING,United Kingdom
14148.0,157.2,16,3,1,12,False,22423 - REGENCY CAKESTAND 3 TIER,United Kingdom
14149.0,259.43,129,28,3,9,False,84951B - SET OF 4 BLACK LOVEBIRD COASTERS,United Kingdom
14150.0,658.64,496,23,2,10,False,84879 - ASSORTED COLOUR BIRD ORNAMENT,United Kingdom
14152.0,611.09,699,47,3,12,False,15034 - PAPER POCKET TRAVELING FAN ,United Kingdom
14154.0,1345.62,465,52,2,15,True,16156S - WRAP PINK FAIRY CAKES ,United Kingdom
14155.0,118.75,25,6,1,14,False,15044D - RED PAPER PARASOL,United Kingdom
14156.0,113384.14,57025,716,66,10,True,17084R - ASSORTED INCENSE PACK,EIRE
14157.0,400.43,273,45,3,11,True,22154 - ANGEL DECORATION 3 BUTTONS ,United Kingdom
14158.0,507.66,781,41,1,15,False,22338 - STAR DECORATION PAINTED ZINC ,United Kingdom
14159.0,4678.3,4395,501,14,11,True,22197 - SMALL POPCORN HOLDER,United Kingdom
14161.0,1110.52,455,87,3,11,False,72741 - GRAND CHOCOLATECANDLE,United Kingdom
14162.0,289.36,142,25,2,11,False,22740 - POLKADOT PEN,United Kingdom
14163.0,2445.91,893,36,4,15,False,23077 - DOUGHNUT LIP GLOSS ,United Kingdom
14164.0,1631.77,1033,28,2,12,False,23343 - JUMBO BAG VINTAGE CHRISTMAS ,United Kingdom
14165.0,122.54,54,23,1,12,False,21703 - BAG 125g SWIRLY MARBLES,United Kingdom
14167.0,574.84,150,27,4,15,False,72807C - SET/3 VANILLA SCENTED CANDLE IN BOX,United Kingdom
14171.0,363.79,167,57,1,16,False,"51014A - FEATHER PEN,HOT PINK",United Kingdom
14173.0,450.84,150,28,4,11,True,23083 - SET 6 PAPER TABLE LANTERN STARS ,United Kingdom
14174.0,134.46,94,26,1,13,False,84755 - COLOUR GLASS T-LIGHT HOLDER HANGING,United Kingdom
14175.0,3108.06,1461,139,7,13,True,16161P - WRAP ENGLISH ROSE ,United Kingdom
14176.0,574.0,207,28,5,11,True,21733 - RED HANGING HEART T-LIGHT HOLDER,United Kingdom
14177.0,554.46,204,37,5,12,True,22610 - PENS ASSORTED FUNNY FACE,United Kingdom
14178.0,1620.93,1505,191,7,12,False,22161 - HEART DECORATION RUSTIC HANGING ,United Kingdom
14179.0,719.78,330,135,2,12,False,23035 - DRAWER KNOB CERAMIC IVORY,United Kingdom
14180.0,4640.77,710,112,31,13,True,22072 - RED RETROSPOT TEA CUP AND SAUCER ,United Kingdom
14184.0,452.89,127,24,1,12,False,21668 - RED STRIPE CERAMIC DRAWER KNOB,United Kingdom
14185.0,197.65,6,3,1,13,False,21366 - MIRRORED WALL ART PHOTO FRAMES,United Kingdom
14188.0,2018.91,1145,34,10,13,False,85099B - JUMBO BAG RED RETROSPOT,United Kingdom
14189.0,4604.31,3919,176,24,16,True,16049 - TEATIME GEL PENS ASST,United Kingdom
14191.0,4660.01,3657,146,14,14,False,23201 - JUMBO BAG ALPHABET,United Kingdom
14193.0,853.39,445,35,2,9,False,22149 - FELTCRAFT 6 FLOWER FRIENDS,United Kingdom
14194.0,11216.75,5783,269,32,12,True,22178 - VICTORIAN GLASS HANGING T-LIGHT,United Kingdom
14195.0,962.7,702,7,3,10,False,75131 - METAL TUBE CHIME ON BAMBOO,United Kingdom
14196.0,335.52,142,6,1,10,False,85123A - WHITE HANGING HEART T-LIGHT HOLDER,United Kingdom
14198.0,663.5,280,35,7,16,False,22741 - FUNKY DIVA PEN,United Kingdom
14199.0,185.4,28,2,1,13,False,22423 - REGENCY CAKESTAND 3 TIER,United Kingdom
14201.0,688.04,578,32,9,13,False,22339 - CHRISTMAS TREE PAINTED ZINC ,United Kingdom
14204.0,161.03,82,36,1,13,False,22532 - MAGIC DRAWING SLATE LEAP FROG ,United Kingdom
14205.0,218.78,99,35,4,10,False,21212 - PACK OF 72 RETROSPOT CAKE CASES,United Kingdom
14206.0,308.26,274,21,2,10,False,21918 - SET 12 KIDS COLOUR  CHALK STICKS,United Kingdom
14208.0,151.74,114,10,1,12,False,16169E - WRAP 50'S  CHRISTMAS,United Kingdom
14209.0,2067.13,688,55,7,10,False,85123A - WHITE HANGING HEART T-LIGHT HOLDER,United Kingdom
14210.0,1900.89,759,66,7,12,False,21873 - IF YOU CAN'T STAND THE HEAT MUG,United Kingdom
14211.0,2208.3,1232,87,13,10,False,21326 - AGED GLASS SILVER T-LIGHT HOLDER,United Kingdom
14212.0,1070.48,1152,9,1,12,False,20723 - STRAWBERRY CHARLOTTE BAG,United Kingdom
14214.0,1000.23,748,64,7,15,False,22610 - PENS ASSORTED FUNNY FACE,United Kingdom
14215.0,1777.92,1354,98,7,10,False,22338 - STAR DECORATION PAINTED ZINC ,United Kingdom
14216.0,1839.3,594,47,4,14,False,82483 - WOOD 2 DRAWER CABINET WHITE FINISH,United Kingdom
14217.0,1925.36,677,78,24,12,True,84755 - COLOUR GLASS T-LIGHT HOLDER HANGING,United Kingdom
14218.0,169.48,160,12,1,10,False,20996 - JAZZ HEARTS ADDRESS BOOK,United Kingdom
14219.0,89.94,78,7,1,16,False,22600 - CHRISTMAS RETROSPOT STAR WOOD,United Kingdom
14220.0,632.4,272,21,2,13,False,82583 - HOT BATHS METAL SIGN,United Kingdom
14221.0,3427.85,2190,123,10,15,True,23331 - DECORATIVE WICKER HEART SMALL,United Kingdom
14222.0,683.17,607,41,1,16,False,22740 - POLKADOT PEN,United Kingdom
14223.0,975.23,583,50,4,10,False,21977 - PACK OF 60 PINK PAISLEY CAKE CASES,United Kingdom
14224.0,1050.12,514,105,4,13,False,23161 - REGENCY CAKE FORK,United Kingdom
14226.0,2201.64,1301,64,7,11,False,84879 - ASSORTED COLOUR BIRD ORNAMENT,United Kingdom
14227.0,3315.71,1811,117,15,14,True,23310 - BUBBLEGUM RING ASSORTED,United Kingdom
14229.0,1450.6,590,29,5,12,False,84879 - ASSORTED COLOUR BIRD ORNAMENT,United Kingdom
14231.0,822.06,402,47,5,11,False,85099B - JUMBO BAG RED RETROSPOT,United Kingdom
14232.0,2043.93,1937,81,8,12,False,"84212 - ASSORTED FLOWER COLOUR ""LEIS""",United Kingdom
14233.0,1447.51,671,30,5,10,False,84879 - ASSORTED COLOUR BIRD ORNAMENT,United Kingdom
14234.0,775.46,963,122,4,15,False,16045 - POPART WOODEN PENCILS ASST,United Kingdom
14235.0,3093.86,1947,65,6,10,True,22469 - HEART OF WICKER SMALL,United Kingdom
14236.0,490.86,310,15,2,9,False,23187 - FRENCH STYLE STORAGE JAR BONBONS,United Kingdom
14237.0,161.0,38,9,1,13,False,72598 - SET/12 TAPER CANDLES,United Kingdom
14238.0,146.85,111,8,1,14,False,84755 - COLOUR GLASS T-LIGHT HOLDER HANGING,United Kingdom
14239.0,2323.5,986,83,13,14,True,21977 - PACK OF 60 PINK PAISLEY CAKE CASES,United Kingdom
14240.0,890.34,418,37,2,11,False,84378 - SET OF 3 HEART COOKIE CUTTERS,United Kingdom
14241.0,213.7,146,10,1,11,False,21975 - PACK OF 60 DINOSAUR CAKE CASES,United Kingdom
14242.0,280.55,123,13,2,8,False,22855 - FINE WICKER HEART ,United Kingdom
14243.0,2535.88,1204,99,14,13,False,22464 - HANGING METAL HEART LANTERN,United Kingdom
14245.0,1677.48,971,107,5,10,False,20975 - 12 PENCILS SMALL TUBE RED RETROSPOT,United Kingdom
14246.0,1474.06,804,57,3,11,False,23310 - BUBBLEGUM RING ASSORTED,United Kingdom
14247.0,136.77,47,19,1,15,False,21135 - VICTORIAN  METAL POSTCARD SPRING,United Kingdom
14248.0,302.58,102,8,1,14,False,22489 - PACK OF 12 TRADITIONAL CRAYONS,United Kingdom
14250.0,1904.05,1200,94,3,14,True,84077 - WORLD WAR 2 GLIDERS ASSTD DESIGNS,United Kingdom
14251.0,2879.7,1674,37,5,12,False,72741 - GRAND CHOCOLATECANDLE,United Kingdom
14256.0,935.06,410,51,3,11,False,21121 - SET/10 RED POLKADOT PARTY CANDLES,United Kingdom
14257.0,3087.27,1677,89,6,13,False,23076 - ICE CREAM SUNDAE LIP GLOSS,United Kingdom
14258.0,12650.08,7098,58,10,11,True,"84212 - ASSORTED FLOWER COLOUR ""LEIS""",United Kingdom
14259.0,120.0,68,5,1,10,False,22077 - 6 RIBBONS RUSTIC CHARM,United Kingdom
14261.0,1163.45,406,52,2,10,False,21136 - PAINTED METAL PEARS ASSORTED,United Kingdom
14262.0,2618.23,1645,87,8,12,False,21731 - RED TOADSTOOL LED NIGHT LIGHT,United Kingdom
14264.0,319.47,66,17,3,10,False,22469 - HEART OF WICKER SMALL,United Kingdom
14265.0,530.18,330,31,2,9,False,16161P - WRAP ENGLISH ROSE ,Unspecified
14267.0,1279.09,461,25,7,11,True,22151 - PLACE SETTING WHITE HEART,United Kingdom
14270.0,492.65,197,29,1,9,False,21212 - PACK OF 72 RETROSPOT CAKE CASES,United Kingdom
14271.0,112.32,88,10,1,12,False,20846 - ZINC HEART LATTICE T-LIGHT HOLDER,United Kingdom
14272.0,437.96,599,33,2,10,False,16161G - WRAP BAD HAIR DAY,United Kingdom
14273.0,559.97,264,22,4,13,False,85099B - JUMBO BAG RED RETROSPOT,United Kingdom
14276.0,1019.39,723,52,5,9,False,71459 - HANGING JAM JAR T-LIGHT HOLDER,United Kingdom
14277.0,3957.0,1624,195,4,9,True,22178 - VICTORIAN GLASS HANGING T-LIGHT,France
14280.0,134.04,52,8,1,10,False,22558 - CLOTHES PEGS RETROSPOT PACK 24 ,United Kingdom
14282.0,3729.34,2668,70,15,12,False,85099C - JUMBO  BAG BAROQUE BLACK WHITE,United Kingdom
14284.0,578.45,157,24,3,8,False,22558 - CLOTHES PEGS RETROSPOT PACK 24 ,United Kingdom
14285.0,1910.01,541,18,4,11,False,22910 - PAPER CHAIN KIT VINTAGE CHRISTMAS,United Kingdom
14286.0,4595.81,4306,220,5,8,False,22420 - LIPSTICK PEN BABY PINK,United Kingdom
14287.0,151.23,236,10,4,11,True,16049 - TEATIME GEL PENS ASST,United Kingdom
14288.0,413.85,187,16,2,13,False,22980 - PANTRY SCRUBBING BRUSH,United Kingdom
14289.0,911.26,292,33,6,11,False,22693 - GROW A FLYTRAP OR SUNFLOWER IN TIN,United Kingdom
14290.0,2307.45,913,90,6,14,False,16169E - WRAP 50'S  CHRISTMAS,United Kingdom
14291.0,3873.3,2748,145,12,10,True,22492 - MINI PAINT SET VINTAGE ,United Kingdom
14292.0,4819.33,1643,67,14,12,True,22197 - POPCORN HOLDER,United Kingdom
14293.0,1046.56,709,51,4,15,False,21495 - SKULLS AND CROSSBONES WRAP,United Kingdom
14295.0,154.7,82,7,2,11,False,22865 - HAND WARMER OWL DESIGN,United Kingdom
14297.0,1284.06,861,49,6,14,True,23263 - SET OF 3 WOODEN HEART DECORATIONS,United Kingdom
14298.0,50862.44,58021,884,45,12,True,70006 - LOVE HEART POCKET WARMER,United Kingdom
14299.0,2855.35,2013,94,18,14,True,22153 - ANGEL DECORATION STARS ON DRESS,United Kingdom
14300.0,43.2,32,3,1,8,False,84832 - ZINC WILLIE WINKIE  CANDLE STICK,United Kingdom
14301.0,632.04,600,13,2,9,False,23310 - BUBBLEGUM RING ASSORTED,United Kingdom
14304.0,197.1,54,25,2,11,False,22560 - TRADITIONAL MODELLING CLAY,United Kingdom
14305.0,1803.76,1069,96,5,6,True,84978 - HANGING HEART JAR T-LIGHT HOLDER,United Kingdom
14306.0,2083.42,1073,33,3,10,False,22709 - WRAP WEDDING DAY,United Kingdom
14307.0,2995.72,2058,150,6,9,True,84077 - WORLD WAR 2 GLIDERS ASSTD DESIGNS,United Kingdom
14309.0,2319.68,1619,75,10,9,False,84945 - MULTI COLOUR SILVER T-LIGHT HOLDER,United Kingdom
14311.0,229.71,125,20,2,10,False,21318 - GLASS CHALICE BLUE SMALL ,United Kingdom
14312.0,1611.59,1012,74,6,9,False,22338 - STAR DECORATION PAINTED ZINC ,United Kingdom
14314.0,120.0,296,8,1,10,False,16218 - CARTOON  PENCIL SHARPENERS,United Kingdom
14315.0,2456.98,1010,64,7,12,False,23076 - ICE CREAM SUNDAE LIP GLOSS,United Kingdom
14317.0,508.58,255,24,1,10,False,22952 - 60 CAKE CASES VINTAGE CHRISTMAS,United Kingdom
14320.0,343.11,239,29,3,9,False,21519 - GIN & TONIC DIET GREETING CARD ,United Kingdom
14321.0,1530.75,2406,111,5,9,False,16045 - POPART WOODEN PENCILS ASST,United Kingdom
14323.0,574.26,340,32,4,11,False,22851 - SET 20 NAPKINS FAIRY CAKES DESIGN ,United Kingdom
14326.0,166.85,99,8,2,11,False,23076 - ICE CREAM SUNDAE LIP GLOSS,United Kingdom
14327.0,311.65,139,12,1,13,False,22469 - HEART OF WICKER SMALL,United Kingdom
14329.0,4928.74,3075,218,14,12,True,84568 - GIRLS ALPHABET IRON ON PATCHES ,United Kingdom
14331.0,462.66,252,27,2,13,False,21916 - SET 12 RETRO WHITE CHALK STICKS,United Kingdom
14332.0,866.31,481,22,3,10,False,84347 - ROTATING SILVER ANGELS T-LIGHT HLDR,United Kingdom
14333.0,351.45,52,15,2,10,False,22941 - CHRISTMAS LIGHTS 10 REINDEER,United Kingdom
14334.0,2539.46,1730,98,9,10,False,84945 - MULTI COLOUR SILVER T-LIGHT HOLDER,United Kingdom
14335.0,468.26,379,55,2,13,False,22893 - MINI CAKE STAND T-LIGHT HOLDER,Germany
14336.0,1614.91,1759,77,4,11,False,22066 - LOVE HEART TRINKET POT,United Kingdom
14338.0,554.22,329,30,4,16,False,84077 - WORLD WAR 2 GLIDERS ASSTD DESIGNS,United Kingdom
14339.0,289.91,150,15,4,11,True,21558 - SKULL LUNCH BOX WITH CUTLERY ,United Kingdom
14340.0,134.7,58,6,1,9,False,21187 - WHITE BELL HONEYCOMB PAPER GARLAND ,United Kingdom
14341.0,2166.38,1401,109,9,15,True,23022 - SMALL BONNE JAM JAR  T-LIGHT HOLDER,United Kingdom
14342.0,607.71,337,19,6,13,True,84879 - ASSORTED COLOUR BIRD ORNAMENT,United Kingdom
14344.0,889.93,477,56,8,13,False,84971S - SMALL HEART FLOWERS HOOK ,United Kingdom
14345.0,108.98,50,6,1,9,False,21200 - MULTICOLOUR HONEYCOMB PAPER GARLAND,United Kingdom
14346.0,1021.58,605,55,2,9,False,23310 - BUBBLEGUM RING ASSORTED,United Kingdom
14348.0,409.57,183,18,1,16,False,84945 - MULTI COLOUR SILVER T-LIGHT HOLDER,United Kingdom
14349.0,133.5,86,31,1,15,False,37413 - ICON MUG REVOLUTIONARY,United Kingdom
14350.0,258.7,166,19,2,12,False,21981 - PACK OF 12 WOODLAND TISSUES ,United Kingdom
14351.0,51.0,12,1,1,11,False,22784 - LANTERN CREAM GAZEBO ,United Kingdom
14352.0,1078.96,538,44,4,15,True,22492 - MINI PAINT SET VINTAGE ,United Kingdom
14353.0,90.6,64,6,1,16,False,22759 - SET OF 3 NOTEBOOKS IN PARCEL,United Kingdom
14354.0,163.62,210,9,2,11,False,22217 - T-LIGHT HOLDER HANGING LACE,United Kingdom
14355.0,174.4,92,11,1,12,False,84755 - COLOUR GLASS T-LIGHT HOLDER HANGING,United Kingdom
14356.0,666.94,266,36,4,9,False,21981 - PACK OF 12 WOODLAND TISSUES ,United Kingdom
14357.0,225.77,148,39,1,16,False,22163 - HEART STRING MEMO HOLDER HANGING,United Kingdom
14359.0,882.58,363,44,6,8,False,22077 - 6 RIBBONS RUSTIC CHARM,United Kingdom
14360.0,2128.23,1151,104,4,12,True,21497 - FANCY FONTS BIRTHDAY WRAP,United Kingdom
14362.0,161.2,100,37,1,15,False,21982 - PACK OF 12 SUKI TISSUES ,United Kingdom
14364.0,3717.35,1967,61,8,11,True,22279 - POCKET BAG BLUE PAISLEY RED SPOT,United Kingdom
14367.0,9167.82,4410,270,19,14,True,22086 - PAPER CHAIN KIT 50'S CHRISTMAS ,United Kingdom
14368.0,155.0,36,8,1,9,False,22493 - PAINT YOUR OWN CANVAS SET,United Kingdom
14371.0,100.5,34,4,1,16,False,72741 - GRAND CHOCOLATECANDLE,United Kingdom
14373.0,76.55,17,4,1,15,False,22595 - CHRISTMAS GINGHAM HEART,United Kingdom
14375.0,257.68,194,57,1,13,False,23077 - DOUGHNUT LIP GLOSS ,United Kingdom
14377.0,617.05,219,11,2,13,False,22791 - T-LIGHT GLASS FLUTED ANTIQUE,United Kingdom
14379.0,348.1,292,39,2,15,False,22983 - CARD BILLBOARD FONT,United Kingdom
14381.0,202.68,146,56,1,17,False,23500 - KEY RING BASEBALL BOOT ASSORTED ,United Kingdom
14382.0,626.07,1237,121,1,16,False,16045 - POPART WOODEN PENCILS ASST,United Kingdom
14383.0,1247.69,817,49,3,10,False,16045 - POPART WOODEN PENCILS ASST,United Kingdom
14385.0,202.11,159,13,3,11,False,85071A - BLUE CHARLIE+LOLA PERSONAL DOORSIGN,United Kingdom
14386.0,142.4,54,7,1,9,False,21586 - KINGS CHOICE GIANT TUBE MATCHES,United Kingdom
14387.0,1770.56,819,125,3,12,False,23084 - RABBIT NIGHT LIGHT,United Kingdom
14388.0,3172.04,1933,124,10,11,False,21931 - JUMBO STORAGE BAG SUKI,United Kingdom
14389.0,999.72,702,34,5,12,False,23204 - CHARLOTTE BAG APPLES DESIGN,United Kingdom
14390.0,4592.47,2125,135,13,13,True,23083 - SET 6 PAPER TABLE LANTERN STARS ,United Kingdom
14393.0,67.95,13,5,1,18,False,23041 - PAPER LANTERN 6 POINT SNOW STAR,United Kingdom
14395.0,3471.91,1689,181,12,12,True,21169 - YOU'RE CONFUSING ME METAL SIGN ,United Kingdom
14396.0,487.99,225,71,2,15,False,23025 - DRAWER KNOB VINTAGE GLASS BALL,United Kingdom
14397.0,2556.68,1852,18,23,9,False,22178 - VICTORIAN GLASS HANGING T-LIGHT,United Kingdom
14400.0,559.7,450,25,2,15,False,23251 - VINTAGE RED ENAMEL TRIM MUG ,United Kingdom
14401.0,4039.98,4505,113,14,11,False,22268 - DECORATION SITTING BUNNY,United Kingdom
14403.0,1426.31,513,17,5,12,False,22457 - NATURAL SLATE HEART CHALKBOARD ,United Kingdom
14404.0,1434.72,831,70,7,12,True,16259 - PIECE OF CAMO STATIONERY SET,United Kingdom
14406.0,156.75,77,8,1,16,False,22130 - PARTY CONE CHRISTMAS DECORATION ,United Kingdom
14407.0,2111.08,1412,67,9,10,False,21642 - ASSORTED TUTTI FRUTTI PEN,United Kingdom
14408.0,2606.53,1616,60,7,11,False,21166 - COOK WITH WINE METAL SIGN ,United Kingdom
14409.0,1908.25,1158,40,7,15,True,22740 - POLKADOT PEN,United Kingdom
14410.0,576.3,293,197,15,14,True,15036 - ASSORTED COLOURS SILK FAN,United Kingdom
14411.0,1063.0,196,14,1,10,False,84375 - SET OF 20 KIDS COOKIE CUTTERS,United Kingdom
14412.0,761.33,784,43,3,8,False,16045 - POPART WOODEN PENCILS ASST,United Kingdom
14413.0,122.7,68,22,1,13,False,22319 - HAIRCLIPS FORTIES FABRIC ASSORTED,United Kingdom
14414.0,1485.13,2509,79,8,13,False,20984 - 12 PENCILS TALL TUBE POSY,United Kingdom
14415.0,5811.56,2973,284,18,15,True,22151 - PLACE SETTING WHITE HEART,United Kingdom
14416.0,490.22,326,13,2,15,False,23084 - RABBIT NIGHT LIGHT,United Kingdom
14418.0,1937.25,1711,114,3,11,False,21401 - BLUE PUDDING SPOON,United Kingdom
14419.0,1058.06,487,112,6,11,False,23078 - ICE CREAM PEN LIP GLOSS ,United Kingdom
14420.0,385.87,333,29,2,16,False,22489 - PACK OF 12 TRADITIONAL CRAYONS,United Kingdom
14421.0,813.11,365,25,2,10,False,23298 - SPOTTY BUNTING,United Kingdom
14422.0,4263.64,2906,189,6,15,False,22154 - ANGEL DECORATION 3 BUTTONS ,United Kingdom
14423.0,265.2,120,3,1,15,False,85123A - WHITE HANGING HEART T-LIGHT HOLDER,United Kingdom
14424.0,322.08,48,1,1,11,False,23328 - SET 6 SCHOOL MILK BOTTLES IN CRATE,United Kingdom
14426.0,3918.9,2339,187,16,12,True,84946 - ANTIQUE SILVER T-LIGHT GLASS,United Kingdom
14427.0,363.34,228,16,2,9,False,84945 - MULTI COLOUR SILVER T-LIGHT HOLDER,United Kingdom
14428.0,1230.14,428,108,7,16,False,84978 - HANGING HEART JAR T-LIGHT HOLDER,United Kingdom
14431.0,397.76,122,17,2,10,False,21166 - COOK WITH WINE METAL SIGN ,United Kingdom
14432.0,2255.51,2070,256,6,15,False,17136A - BLUE STONES ON WIRE FOR CANDLE,United Kingdom
14434.0,1372.8,368,3,6,12,False,23301 - GARDENERS KNEELING PAD KEEP CALM ,United Kingdom
14436.0,89.06,129,9,1,10,False,21386 - IVORY HANGING DECORATION  EGG,United Kingdom
14438.0,131.9,82,9,1,14,False,20724 - RED RETROSPOT CHARLOTTE BAG,United Kingdom
14439.0,2661.24,526,32,1,11,False,21615 - 4 LAVENDER BOTANICAL DINNER CANDLES,Greece
14440.0,2357.68,588,33,5,12,False,82482 - WOODEN PICTURE FRAME WHITE FINISH,United Kingdom
14441.0,1545.14,430,45,10,9,False,21174 - POTTERING IN THE SHED METAL SIGN,United Kingdom
14442.0,1544.62,475,59,5,11,False,21498 - RED RETROSPOT WRAP ,Channel Islands
14443.0,1400.88,931,86,7,11,True,84077 - WORLD WAR 2 GLIDERS ASSTD DESIGNS,United Kingdom
14446.0,1039.58,933,233,4,12,False,M - Manual,United Kingdom
14447.0,1163.23,571,54,5,8,True,20728 - LUNCH BAG CARS BLUE,United Kingdom
14448.0,375.35,104,20,2,13,False,85014A - BLACK/BLUE POLKADOT UMBRELLA,United Kingdom
14449.0,907.1,757,201,4,12,False,22338 - STAR DECORATION PAINTED ZINC ,United Kingdom
14450.0,483.25,241,32,3,10,False,84692 - BOX OF 24 COCKTAIL PARASOLS,United Kingdom
14451.0,662.59,389,86,2,12,False,84596B - SMALL DOLLY MIX DESIGN ORANGE BOWL,United Kingdom
14452.0,264.44,119,55,2,11,False,23695 - DOILY THANK YOU CARD,United Kingdom
14453.0,119.93,49,22,1,14,False,15036 - ASSORTED COLOURS SILK FAN,United Kingdom
14456.0,3047.63,2901,580,14,13,True,16045 - POPART WOODEN PENCILS ASST,United Kingdom
14457.0,113.64,88,4,1,9,False,20972 - PINK CREAM FELT CRAFT TRINKET BOX ,United Kingdom
14459.0,1837.92,760,37,1,13,False,22494 - EMERGENCY FIRST AID TIN ,United Kingdom
14460.0,383.34,869,14,4,11,True,17003 - BROCADE RING PURSE ,United Kingdom
14461.0,2103.06,766,173,3,12,False,84879 - ASSORTED COLOUR BIRD ORNAMENT,United Kingdom
14462.0,1965.9,932,151,15,13,True,23334 - IVORY WICKER HEART SMALL,United Kingdom
14463.0,529.62,179,6,3,10,False,22791 - T-LIGHT GLASS FLUTED ANTIQUE,United Kingdom
14465.0,1058.62,405,107,3,12,True,47566 - PARTY BUNTING,United Kingdom
14466.0,2272.4,1006,35,7,12,False,21156 - RETROSPOT CHILDRENS APRON,United Kingdom
14467.0,598.76,278,67,4,12,False,22568 - FELTCRAFT CUSHION OWL,United Kingdom
14470.0,461.19,193,43,2,10,False,22609 - PENS ASSORTED SPACEBALL,United Kingdom
14472.0,1936.84,1160,153,8,12,False,84879 - ASSORTED COLOUR BIRD ORNAMENT,United Kingdom
14473.0,234.34,88,7,2,13,False,22307 - GOLD MUG BONE CHINA TREE OF LIFE,United Kingdom
14474.0,537.71,139,29,2,12,False,23087 - ZINC  HEART T-LIGHT HOLDER,United Kingdom
14475.0,799.82,428,36,6,10,False,21700 - BIG DOUGHNUT FRIDGE MAGNETS,United Kingdom
14476.0,215.7,132,17,1,15,False,21390 - FILIGRIS HEART WITH BUTTERFLY,United Kingdom
14477.0,1307.81,719,7,5,11,False,85099C - JUMBO  BAG BAROQUE BLACK WHITE,United Kingdom
14479.0,316.25,117,18,2,9,False,23077 - DOUGHNUT LIP GLOSS ,United Kingdom
14480.0,279.05,143,13,1,16,False,23078 - ICE CREAM PEN LIP GLOSS ,United Kingdom
14481.0,636.51,489,25,2,10,False,22740 - POLKADOT PEN,United Kingdom
14482.0,2068.15,1646,110,6,16,False,22197 - POPCORN HOLDER,United Kingdom
14483.0,129.2,95,10,2,9,False,23232 - WRAP VINTAGE PETALS  DESIGN,United Kingdom
14484.0,321.92,210,14,1,14,False,22154 - ANGEL DECORATION 3 BUTTONS ,United Kingdom
14485.0,165.75,71,44,1,12,False,22915 - ASSORTED BOTTLE TOP  MAGNETS ,United Kingdom
14487.0,1183.58,734,112,7,12,True,22153 - ANGEL DECORATION STARS ON DRESS,United Kingdom
14488.0,1047.43,793,46,2,9,False,23436 - VINTAGE CHRISTMAS GIFT BAG LARGE ,United Kingdom
14489.0,463.38,299,30,1,14,False,15036 - ASSORTED COLOURS SILK FAN,United Kingdom
14491.0,340.93,139,17,2,12,False,22812 - PACK 3 BOXES CHRISTMAS PANNETONE,United Kingdom
14493.0,2362.84,1279,95,7,10,False,84945 - MULTI COLOUR SILVER T-LIGHT HOLDER,United Kingdom
14494.0,139.56,92,7,1,9,False,22560 - TRADITIONAL MODELLING CLAY,United Kingdom
14495.0,123.8,62,6,2,12,False,23165 - LARGE CERAMIC TOP STORAGE JAR,United Kingdom
14496.0,538.81,159,16,2,9,False,22113 - GREY HEART HOT WATER BOTTLE,United Kingdom
14497.0,457.47,233,29,2,15,False,21980 - PACK OF 12 RED RETROSPOT TISSUES ,United Kingdom
14498.0,1957.32,1098,162,5,12,False,21592 - RETROSPOT CIGAR BOX MATCHES ,United Kingdom
14499.0,815.32,501,146,3,11,False,23144 - ZINC T-LIGHT HOLDER STARS SMALL,United Kingdom
14500.0,356.85,117,6,3,10,False,22178 - VICTORIAN GLASS HANGING T-LIGHT,United Kingdom
14501.0,190.31,119,9,3,10,False,22961 - JAM MAKING SET PRINTED,United Kingdom
14502.0,2351.02,1483,369,14,14,True,22597 - MUSICAL ZINC HEART DECORATION ,United Kingdom
14503.0,3543.26,2004,113,6,14,False,22197 - POPCORN HOLDER,United Kingdom
14504.0,673.26,308,85,4,16,False,21500 - PINK POLKADOT WRAP ,United Kingdom
14505.0,5818.7,2743,542,11,14,True,23310 - BUBBLEGUM RING ASSORTED,United Kingdom
14506.0,2012.17,730,204,5,14,False,23100 - SILVER BELLS TABLE DECORATION,United Kingdom
14507.0,1368.18,588,79,7,17,True,23356 - LOVE HOT WATER BOTTLE,United Kingdom
14508.0,276.42,131,52,2,11,False,23232 - WRAP VINTAGE LEAF DESIGN,United Kingdom
14511.0,1267.41,772,53,6,9,False,21136 - PAINTED METAL PEARS ASSORTED,United Kingdom
14512.0,275.28,122,19,2,12,False,21294 - ETCHED GLASS COASTER,United Kingdom
14513.0,438.49,355,11,4,12,False,84945 - MULTI COLOUR SILVER T-LIGHT HOLDER,United Kingdom
14514.0,1055.35,589,65,3,15,False,22294 - HEART FILIGREE DOVE  SMALL,United Kingdom
14515.0,2102.09,1134,68,6,11,True,84755 - COLOUR GLASS T-LIGHT HOLDER HANGING,United Kingdom
14517.0,330.45,91,17,2,11,False,22789 - T-LIGHT HOLDER SWEETHEART HANGING,United Kingdom
14518.0,174.37,278,16,1,14,False,22336 - DOVE DECORATION PAINTED ZINC ,United Kingdom
14520.0,270.6,146,3,2,9,False,85099B - JUMBO BAG RED RETROSPOT,United Kingdom
14522.0,974.54,525,15,4,9,False,35970 - ZINC FOLKART SLEIGH BELLS,United Kingdom
14523.0,241.09,251,12,1,13,False,21326 - AGED GLASS SILVER T-LIGHT HOLDER,United Kingdom
14524.0,1867.68,676,161,9,12,True,22112 - CHOCOLATE HOT WATER BOTTLE,United Kingdom
14525.0,4221.37,2662,218,13,12,True,85123A - WHITE HANGING HEART T-LIGHT HOLDER,United Kingdom
14527.0,7711.38,2049,331,86,12,True,85099B - JUMBO BAG RED RETROSPOT,United Kingdom
14528.0,364.22,278,18,1,17,False,23090 - VINTAGE GLASS T-LIGHT HOLDER,United Kingdom
14529.0,620.04,348,177,3,13,False,22304 - COFFEE MUG BLUE PAISLEY DESIGN,United Kingdom
14530.0,2925.91,1410,140,6,10,False,22155 - STAR DECORATION RUSTIC,United Kingdom
14532.0,932.85,284,45,4,10,False,16011 - ANIMAL STICKERS,United Kingdom
14533.0,1812.62,2777,53,9,12,True,21650 - ASSORTED TUTTI FRUTTI BRACELET,United Kingdom
14534.0,4075.35,1925,334,25,12,True,16045 - POPART WOODEN PENCILS ASST,United Kingdom
14535.0,2841.09,1825,280,4,15,False,16045 - POPART WOODEN PENCILS ASST,United Kingdom
14536.0,171.8,40,18,1,12,False,21294 - ETCHED GLASS COASTER,United Kingdom
14537.0,355.56,120,10,1,10,False,20970 - PINK FLORAL FELTCRAFT SHOULDER BAG,United Kingdom
14538.0,388.25,155,19,2,10,False,85123A - WHITE HANGING HEART T-LIGHT HOLDER,United Kingdom
14539.0,537.48,428,31,2,9,False,22154 - ANGEL DECORATION 3 BUTTONS ,United Kingdom
14540.0,996.26,421,64,3,10,False,84347 - ROTATING SILVER ANGELS T-LIGHT HLDR,United Kingdom
14541.0,1461.65,647,71,8,10,True,46000S - POLYESTER FILLER PAD 40x40cm,United Kingdom
14542.0,103.25,19,5,1,8,False,22427 - ENAMEL FLOWER JUG CREAM,United Kingdom
14543.0,2916.17,600,43,21,12,True,22207 - FRYING PAN UNION FLAG,United Kingdom
14544.0,2024.45,1543,97,2,12,False,22600 - CHRISTMAS RETROSPOT STAR WOOD,United Kingdom
14546.0,2487.02,1287,255,9,10,True,21181 - PLEASE ONE PERSON METAL SIGN,United Kingdom
14547.0,3986.74,2658,198,9,12,True,21810 - CHRISTMAS HANGING STAR WITH BELL,United Kingdom
14548.0,652.8,256,2,2,8,False,85123A - WHITE HANGING HEART T-LIGHT HOLDER,United Kingdom
14549.0,289.24,136,56,1,13,False,17003 - BROCADE RING PURSE ,United Kingdom
14550.0,765.62,394,38,2,12,False,23109 - PACK OF SIX LED TEA LIGHTS,United Kingdom
14551.0,186.23,106,9,2,13,False,22791 - T-LIGHT GLASS FLUTED ANTIQUE,United Kingdom
14552.0,165.07,91,57,1,12,False,21136 - PAINTED METAL PEARS ASSORTED,United Kingdom
14553.0,859.27,493,103,5,13,True,22338 - STAR DECORATION PAINTED ZINC ,United Kingdom
14554.0,2381.04,1478,147,4,13,False,22197 - POPCORN HOLDER,United Kingdom
14555.0,324.14,130,18,2,16,False,21833 - CAMOUFLAGE LED TORCH,United Kingdom
14560.0,2174.18,1223,39,24,11,True,21213 - PACK OF 72 SKULL CAKE CASES,United Kingdom
14561.0,1080.76,1014,67,3,13,False,22597 - MUSICAL ZINC HEART DECORATION ,United Kingdom
14562.0,4709.22,1670,189,22,10,True,22667 - RECIPE BOX RETROSPOT ,United Kingdom
14565.0,3073.77,1532,111,6,13,True,21394 - RED POLKADOT BEAKER ,United Kingdom
14566.0,1432.0,800,4,1,11,False,22386 - JUMBO BAG PINK POLKADOT,Channel Islands
14567.0,1524.46,410,33,3,13,False,22070 - SMALL RED RETROSPOT MUG IN BOX ,United Kingdom
14569.0,227.39,79,10,1,14,False,22798 - ANTIQUE GLASS DRESSING TABLE POT,United Kingdom
14570.0,218.06,95,29,2,10,True,15056N - EDWARDIAN PARASOL NATURAL,United Kingdom
14572.0,2803.69,1425,191,10,16,True,23310 - BUBBLEGUM RING ASSORTED,United Kingdom
14573.0,1603.72,538,127,13,11,True,84077 - WORLD WAR 2 GLIDERS ASSTD DESIGNS,United Kingdom
14576.0,35.4,12,1,1,17,False,"21111 - SWISS ROLL TOWEL, CHOCOLATE  SPOTS",United Kingdom
14577.0,859.71,353,86,4,11,False,20961 - STRAWBERRY BATH SPONGE ,United Kingdom
14578.0,168.63,240,24,1,17,False,17003 - BROCADE RING PURSE ,United Kingdom
14581.0,138.6,217,16,1,12,False,84077 - WORLD WAR 2 GLIDERS ASSTD DESIGNS,United Kingdom
14582.0,114.11,73,6,1,11,False,82580 - BATHROOM METAL SIGN,United Kingdom
14583.0,1052.55,792,243,5,12,False,22197 - SMALL POPCORN HOLDER,United Kingdom
14584.0,1029.26,379,68,5,13,False,22284 - HEN HOUSE DECORATION,United Kingdom
14585.0,157.05,91,29,1,14,False,23378 - PACK OF 12 50'S CHRISTMAS TISSUES,United Kingdom
14586.0,134.16,236,19,3,10,False,21829 - DINOSAUR KEYRINGS ASSORTED,United Kingdom
14587.0,1598.24,759,170,10,13,True,21829 - DINOSAUR KEYRINGS ASSORTED,United Kingdom
14589.0,39.75,5,3,1,11,False,21523 - DOORMAT FANCY FONT HOME SWEET HOME,United Kingdom
14591.0,1447.14,1297,138,4,13,True,22608 - PENS ASSORTED FUNKY JEWELED ,United Kingdom
14592.0,570.46,415,132,3,14,False,22959 - WRAP CHRISTMAS VILLAGE,United Kingdom
14593.0,617.99,332,127,3,11,True,20668 - DISCO BALL CHRISTMAS DECORATION,United Kingdom
14594.0,379.83,185,48,2,13,False,22791 - T-LIGHT GLASS FLUTED ANTIQUE,United Kingdom
14595.0,1740.6,978,94,6,12,False,22197 - POPCORN HOLDER,United Kingdom
14597.0,883.15,577,45,2,12,False,22646 - CERAMIC STRAWBERRY CAKE MONEY BANK,United Kingdom
14598.0,221.97,189,49,1,13,False,16169E - WRAP 50'S  CHRISTMAS,United Kingdom
14600.0,393.33,125,25,1,9,False,22915 - ASSORTED BOTTLE TOP  MAGNETS ,United Kingdom
14601.0,213.96,168,7,1,9,False,72741 - GRAND CHOCOLATECANDLE,United Kingdom
14603.0,660.0,400,2,1,10,False,15036 - ASSORTED COLOURS SILK FAN,United Kingdom
14606.0,11713.85,5978,832,128,13,True,22178 - VICTORIAN GLASS HANGING T-LIGHT,United Kingdom
14607.0,11341.1,7998,38,17,10,True,84347 - ROTATING SILVER ANGELS T-LIGHT HLDR,United Kingdom
14608.0,1785.15,437,8,4,11,False,22112 - CHOCOLATE HOT WATER BOTTLE,United Kingdom
14609.0,601.56,7026,2,4,12,False,18007 - ESSENTIAL BALM 3.5g TIN IN ENVELOPE,United Kingdom
14616.0,406.08,104,2,3,9,False,22502 - PICNIC BASKET WICKER SMALL,United Kingdom
14618.0,538.59,261,11,4,8,False,22791 - T-LIGHT GLASS FLUTED ANTIQUE,United Kingdom
14619.0,379.51,145,20,2,7,False,22693 - GROW A FLYTRAP OR SUNFLOWER IN TIN,United Kingdom
14620.0,393.28,188,26,3,8,False,78124 - MAGAZINE RACK GEBRA ASSORTED ,United Kingdom
14621.0,1765.76,987,80,6,13,False,22741 - FUNKY DIVA PEN,United Kingdom
14622.0,320.58,146,21,1,12,False,21917 - SET 12 KIDS  WHITE CHALK STICKS,United Kingdom
14623.0,869.35,417,108,6,13,False,22693 - GROW A FLYTRAP OR SUNFLOWER IN TIN,United Kingdom
14624.0,225.85,162,13,2,13,False,21497 - FANCY FONTS BIRTHDAY WRAP,United Kingdom
14625.0,848.48,330,52,5,15,False,21212 - PACK OF 72 RETROSPOT CAKE CASES,United Kingdom
14626.0,2757.07,1387,108,7,10,False,72741 - GRAND CHOCOLATECANDLE,United Kingdom
14628.0,671.96,272,22,2,14,False,85123A - WHITE HANGING HEART T-LIGHT HOLDER,United Kingdom
14629.0,939.21,376,133,3,16,False,16169E - WRAP 50'S  CHRISTMAS,United Kingdom
14631.0,1006.98,622,38,3,9,False,22745 - POPPY'S PLAYHOUSE BEDROOM ,United Kingdom
14632.0,114.56,96,8,1,8,False,21395 - BLUE POLKADOT BEAKER ,United Kingdom
14633.0,344.9,96,20,1,17,False,84946 - ANTIQUE SILVER TEA GLASS ETCHED,United Kingdom
14636.0,609.85,241,27,2,9,False,21731 - RED TOADSTOOL LED NIGHT LIGHT,United Kingdom
14638.0,443.6,166,16,1,10,False,84946 - ANTIQUE SILVER T-LIGHT GLASS,United Kingdom
14639.0,2952.34,1428,138,8,13,True,21671 - RED SPOT CERAMIC DRAWER KNOB,United Kingdom
14640.0,2042.15,829,87,8,11,False,84946 - ANTIQUE SILVER T-LIGHT GLASS,United Kingdom
14641.0,110.46,90,7,1,10,False,22469 - HEART OF WICKER SMALL,United Kingdom
14642.0,96.12,76,2,1,11,False,84946 - ANTIQUE SILVER T-LIGHT GLASS,United Kingdom
14643.0,668.61,755,30,3,13,False,22467 - GUMBALL COAT RACK,United Kingdom
14644.0,780.46,252,26,4,14,False,23247 - BISCUIT TIN 50'S CHRISTMAS,United Kingdom
14645.0,597.09,381,28,2,9,False,21395 - BLUE POLKADOT BEAKER ,United Kingdom
14646.0,279489.02,196719,703,77,11,True,23084 - RABBIT NIGHT LIGHT,Netherlands
14647.0,243.22,95,24,1,13,False,47566 - PARTY BUNTING,United Kingdom
14649.0,1417.29,1018,148,4,14,True,17084R - ASSORTED INCENSE PACK,United Kingdom
14651.0,654.6,344,95,2,15,False,84879 - ASSORTED COLOUR BIRD ORNAMENT,United Kingdom
14652.0,114.18,53,29,1,14,False,21985 - PACK OF 12 HEARTS DESIGN TISSUES ,United Kingdom
14653.0,1947.55,950,154,7,13,True,21985 - PACK OF 12 HEARTS DESIGN TISSUES ,United Kingdom
14655.0,1930.15,1088,35,5,10,False,22436 - 12 COLOURED PARTY BALLOONS,United Kingdom
14656.0,291.05,120,73,2,13,False,22161 - HEART DECORATION RUSTIC HANGING ,United Kingdom
14657.0,838.27,465,103,5,15,True,22966 - GINGERBREAD MAN COOKIE CUTTER,United Kingdom
14658.0,247.15,47,27,2,15,False,82486 - WOOD S/3 CABINET ANT WHITE FINISH,United Kingdom
14659.0,2456.53,1183,147,12,12,True,84879 - ASSORTED COLOUR BIRD ORNAMENT,United Kingdom
14660.0,285.74,228,24,2,10,False,21400 - RED PUDDING SPOON,United Kingdom
14661.0,107.95,35,4,1,11,False,84946 - ANTIQUE SILVER T-LIGHT GLASS,United Kingdom
14662.0,771.17,602,143,4,12,False,22030 - SWALLOWS GREETING CARD,United Kingdom
14664.0,637.89,466,78,2,10,False,23275 - SET OF 3 HANGING OWLS OLLIE BEAK,United Kingdom
14665.0,1258.38,500,63,7,9,True,22804 - CANDLEHOLDER PINK HANGING HEART,United Kingdom
14666.0,195.25,161,14,1,12,False,21390 - FILIGRIS HEART WITH BUTTERFLY,United Kingdom
14667.0,9231.2,5382,354,27,13,True,22154 - ANGEL DECORATION 3 BUTTONS ,United Kingdom
14669.0,1269.99,775,158,3,12,True,84077 - WORLD WAR 2 GLIDERS ASSTD DESIGNS,United Kingdom
14670.0,411.53,337,107,2,13,True,21222 - SET/4 BADGES BEETLES,United Kingdom
14672.0,765.55,454,58,2,10,False,84755 - COLOUR GLASS T-LIGHT HOLDER HANGING,United Kingdom
14673.0,1736.4,1004,39,5,12,False,84077 - WORLD WAR 2 GLIDERS ASSTD DESIGNS,United Kingdom
14675.0,604.75,341,93,1,12,False,21833 - CAMOUFLAGE LED TORCH,United Kingdom
14676.0,2543.24,2498,30,8,13,False,17003 - BROCADE RING PURSE ,United Kingdom
14680.0,26932.34,12474,83,23,12,True,85099B - JUMBO BAG RED RETROSPOT,United Kingdom
14681.0,498.95,76,6,3,10,True,22607 - WOODEN ROUNDERS GARDEN SET ,United Kingdom
14682.0,52.0,80,1,2,12,False,84755 - COLOUR GLASS T-LIGHT HOLDER HANGING,United Kingdom
14684.0,1236.28,853,231,5,11,False,20668 - DISCO BALL CHRISTMAS DECORATION,United Kingdom
14687.0,628.38,470,15,1,11,False,84755 - COLOUR GLASS T-LIGHT HOLDER HANGING,United Kingdom
14688.0,5107.38,3222,148,27,12,True,22379 - RECYCLING BAG RETROSPOT ,United Kingdom
14689.0,112.8,76,13,1,11,False,22693 - GROW A FLYTRAP OR SUNFLOWER IN TIN,United Kingdom
14690.0,358.61,163,42,3,11,True,84879 - ASSORTED COLOUR BIRD ORNAMENT,United Kingdom
14691.0,2114.33,707,50,5,13,True,23109 - PACK OF SIX LED TEA LIGHTS,United Kingdom
14692.0,582.05,255,53,5,13,False,21385 - IVORY HANGING DECORATION  HEART,United Kingdom
14693.0,172.9,34,8,1,12,False,22423 - REGENCY CAKESTAND 3 TIER,United Kingdom
14696.0,2070.97,1626,117,9,13,False,23326 - HANGING MINI COLOURED BOTTLES,United Kingdom
14697.0,188.61,181,22,2,15,True,15036 - ASSORTED COLOURS SILK FAN,United Kingdom
14698.0,1250.76,615,148,5,12,False,84832 - ZINC WILLIE WINKIE  CANDLE STICK,United Kingdom
14699.0,109.13,77,8,1,14,False,84755 - COLOUR GLASS T-LIGHT HOLDER HANGING,United Kingdom
14700.0,2235.3,1342,80,3,11,False,21669 - BLUE STRIPE CERAMIC DRAWER KNOB,United Kingdom
14701.0,2486.22,909,273,12,11,True,22791 - T-LIGHT GLASS FLUTED ANTIQUE,United Kingdom
14702.0,3250.64,1444,196,18,19,True,22599 - CHRISTMAS MUSICAL ZINC STAR,United Kingdom
14703.0,318.17,183,22,1,9,False,20972 - PINK CREAM FELT CRAFT TRINKET BOX ,United Kingdom
14704.0,1546.91,1082,288,9,12,False,84821 - DANISH ROSE DELUXE COASTER,United Kingdom
14705.0,179.0,100,1,1,12,False,85099C - JUMBO  BAG BAROQUE BLACK WHITE,United Kingdom
14708.0,1096.67,615,25,4,8,False,84945 - MULTI COLOUR SILVER T-LIGHT HOLDER,United Kingdom
14709.0,4911.14,2482,71,14,15,True,85099B - JUMBO BAG RED RETROSPOT,United Kingdom
14710.0,606.13,378,124,4,13,False,84947 - ANTIQUE SILVER TEA GLASS ENGRAVED,United Kingdom
14711.0,2838.2,966,221,12,13,True,22197 - SMALL POPCORN HOLDER,United Kingdom
14712.0,917.07,315,21,3,12,False,23167 - SMALL CERAMIC TOP STORAGE JAR ,United Kingdom
14713.0,2664.26,1613,146,12,19,True,22086 - PAPER CHAIN KIT 50'S CHRISTMAS ,United Kingdom
14714.0,160.19,229,10,1,13,False,84991 - 60 TEATIME FAIRY CAKE CASES,United Kingdom
14715.0,867.38,521,60,4,12,False,16045 - POPART WOODEN PENCILS ASST,United Kingdom
14716.0,329.68,604,46,2,12,False,22609 - PENS ASSORTED SPACEBALL,United Kingdom
14719.0,1592.18,1031,177,6,12,True,23076 - ICE CREAM SUNDAE LIP GLOSS,United Kingdom
14720.0,663.81,219,34,3,12,False,22151 - PLACE SETTING WHITE HEART,United Kingdom
14722.0,187.92,120,28,1,14,False,16012 - FOOD/DRINK SPONGE STICKERS,United Kingdom
14723.0,1158.3,695,193,6,15,True,23310 - BUBBLEGUM RING ASSORTED,United Kingdom
14725.0,718.08,593,45,1,12,False,23365 - SET 12 COLOUR PENCILS LOVE LONDON,United Kingdom
14727.0,268.58,62,10,1,14,False,22469 - HEART OF WICKER SMALL,United Kingdom
14729.0,313.49,197,69,1,12,False,21292 - SMALL STRIPES CHOCOLATE GIFT BAG ,United Kingdom
14730.0,2005.06,1132,317,8,12,True,22596 - CHRISTMAS STAR WISH LIST CHALKBOARD,United Kingdom
14731.0,380.02,256,38,3,11,False,84596F - SMALL MARSHMALLOWS PINK BOWL,United Kingdom
14732.0,2686.34,1402,105,10,9,False,22771 - CLEAR DRAWER KNOB ACRYLIC EDWARDIAN,United Kingdom
14733.0,9451.54,3725,102,15,14,True,22469 - HEART OF WICKER SMALL,United Kingdom
14735.0,5807.69,2160,99,34,11,True,20979 - 36 PENCILS TUBE RED RETROSPOT,United Kingdom
14737.0,1164.55,345,15,3,10,False,22086 - PAPER CHAIN KIT 50'S CHRISTMAS ,United Kingdom
14738.0,1289.94,576,39,9,13,False,21181 - PLEASE ONE PERSON METAL SIGN,United Kingdom
14739.0,3899.1,3817,47,8,14,False,84077 - WORLD WAR 2 GLIDERS ASSTD DESIGNS,United Kingdom
14740.0,1423.21,729,85,4,8,False,20755 - BLUE PAISLEY POCKET BOOK,United Kingdom
14741.0,1400.34,841,35,6,8,False,85015 - SET OF 12  VINTAGE POSTCARD SET,United Kingdom
14744.0,1088.53,625,21,9,9,True,22384 - LUNCH BAG PINK POLKADOT,United Kingdom
14745.0,1167.16,1020,46,6,10,True,84077 - WORLD WAR 2 GLIDERS ASSTD DESIGNS,United Kingdom
14747.0,294.3,82,18,2,10,False,21354 - TOAST ITS - BEST MUM,United Kingdom
14748.0,1311.79,1192,90,6,10,True,16045 - POPART WOODEN PENCILS ASST,United Kingdom
14752.0,389.64,260,5,1,11,False,23188 - VINTAGE  2 METER FOLDING RULER,United Kingdom
14753.0,563.15,211,30,1,14,False,20971 - PINK BLUE FELT CRAFT TRINKET BOX,United Kingdom
14754.0,638.05,486,38,2,12,False,22294 - HEART FILIGREE DOVE  SMALL,United Kingdom
14755.0,4965.38,2217,128,12,12,False,21977 - PACK OF 60 PINK PAISLEY CAKE CASES,United Kingdom
14756.0,738.96,416,38,1,18,False,84945 - MULTI COLOUR SILVER T-LIGHT HOLDER,United Kingdom
14757.0,420.5,160,19,1,14,False,21136 - PAINTED METAL PEARS ASSORTED,United Kingdom
14758.0,1484.06,419,54,4,12,False,21395 - BLUE POLKADOT BEAKER ,United Kingdom
14759.0,1625.97,569,92,3,8,False,21498 - RED RETROSPOT WRAP ,United Kingdom
14760.0,53.8,28,5,2,14,False,22197 - SMALL POPCORN HOLDER,United Kingdom
14761.0,255.9,118,11,2,12,False,22812 - PACK 3 BOXES CHRISTMAS PANNETONE,United Kingdom
14762.0,300.52,341,21,1,8,False,22492 - MINI PAINT SET VINTAGE ,United Kingdom
14764.0,250.55,175,6,2,10,False,15039 - SANDALWOOD FAN,United Kingdom
14765.0,254.11,135,38,3,19,False,22959 - WRAP CHRISTMAS VILLAGE,United Kingdom
14766.0,2423.07,1323,111,8,15,False,84879 - ASSORTED COLOUR BIRD ORNAMENT,United Kingdom
14768.0,139.5,34,4,3,9,False,22138 - BAKING SET 9 PIECE RETROSPOT ,United Kingdom
14769.0,10641.6,7406,718,10,10,False,22772 - PINK DRAWER KNOB ACRYLIC EDWARDIAN,United Kingdom
14770.0,876.42,490,49,2,14,False,84945 - MULTI COLOUR SILVER T-LIGHT HOLDER,United Kingdom
14772.0,139.26,82,9,1,15,False,84755 - COLOUR GLASS T-LIGHT HOLDER HANGING,United Kingdom
14775.0,1011.9,1174,57,3,12,False,22492 - MINI PAINT SET VINTAGE ,United Kingdom
14776.0,2195.58,2688,44,13,14,True,21703 - BAG 125g SWIRLY MARBLES,United Kingdom
14778.0,730.86,306,34,2,11,False,23078 - ICE CREAM PEN LIP GLOSS ,United Kingdom
14779.0,386.15,84,40,3,12,False,20764 - ABSTRACT CIRCLES SKETCHBOOK ,United Kingdom
14780.0,447.68,310,26,2,12,False,21975 - PACK OF 60 DINOSAUR CAKE CASES,United Kingdom
14782.0,200.1,114,6,1,11,False,72741 - GRAND CHOCOLATECANDLE,United Kingdom
14784.0,289.99,237,15,2,9,False,35953 - FOLKART STAR CHRISTMAS DECORATIONS,United Kingdom
14785.0,77.4,84,2,2,13,False,21822 - GLITTER CHRISTMAS TREE WITH BELLS,United Kingdom
14788.0,679.44,421,26,2,15,False,22959 - WRAP CHRISTMAS VILLAGE,United Kingdom
14789.0,197.64,116,6,1,8,False,21108 - FAIRY CAKE FLANNEL ASSORTED COLOUR,United Kingdom
14790.0,745.06,699,30,4,12,False,85175 - CACTI T-LIGHT CANDLES,United Kingdom
14793.0,214.14,88,14,2,14,False,23351 - ROLL WRAP 50'S CHRISTMAS,United Kingdom
14794.0,1272.11,669,68,9,9,False,22174 - PHOTO CUBE,United Kingdom
14795.0,131.45,17,6,1,13,False,23284 - DOORMAT KEEP CALM AND COME IN,United Kingdom
14796.0,7839.51,5942,403,27,10,True,21232 - STRAWBERRY CERAMIC TRINKET BOX,United Kingdom
14798.0,173.74,150,11,3,10,False,22151 - PLACE SETTING WHITE HEART,United Kingdom
14799.0,157.7,146,13,1,16,False,17084R - ASSORTED INCENSE PACK,United Kingdom
14800.0,4236.34,3634,248,16,11,True,21829 - DINOSAUR KEYRINGS ASSORTED,United Kingdom
14801.0,193.14,175,56,1,15,False,21642 - ASSORTED TUTTI FRUTTI PEN,United Kingdom
14803.0,845.55,370,35,3,13,False,22698 - PINK REGENCY TEACUP AND SAUCER,United Kingdom
14804.0,353.27,121,12,1,11,False,82494L - WOODEN FRAME ANTIQUE WHITE ,United Kingdom
14805.0,554.65,115,30,4,10,False,72741 - GRAND CHOCOLATECANDLE,United Kingdom
14806.0,193.39,330,11,1,15,False,21499 - BLUE POLKADOT WRAP,United Kingdom
14808.0,2175.37,2054,179,15,12,True,22816 - CARD MOTORBIKE SANTA,United Kingdom
14810.0,2087.88,1016,106,11,11,False,82494L - WOODEN FRAME ANTIQUE WHITE ,United Kingdom
14813.0,155.43,67,25,2,11,True,21982 - PACK OF 12 SUKI TISSUES ,United Kingdom
14815.0,778.5,744,53,2,11,False,21287 - SCENTED VELVET LOUNGE CANDLE ,United Kingdom
14816.0,271.85,5,4,1,13,False,22925 - BLUE GIANT GARDEN THERMOMETER,United Kingdom
14817.0,1110.34,655,52,2,13,False,21829 - DINOSAUR KEYRINGS ASSORTED,United Kingdom
14818.0,657.8,324,41,3,11,False,23160 - REGENCY TEA SPOON,United Kingdom
14819.0,272.07,109,13,2,13,False,23161 - REGENCY CAKE FORK,United Kingdom
14820.0,507.29,253,24,4,10,False,22086 - PAPER CHAIN KIT 50'S CHRISTMAS ,United Kingdom
14821.0,48.8,20,2,1,8,False,22867 - HAND WARMER BIRD DESIGN,United Kingdom
14823.0,321.43,88,56,3,12,True,84755 - COLOUR GLASS T-LIGHT HOLDER HANGING,United Kingdom
14824.0,1127.71,525,19,4,14,False,23344 - JUMBO BAG 50'S CHRISTMAS ,United Kingdom
14825.0,2226.91,991,82,12,10,False,84879 - ASSORTED COLOUR BIRD ORNAMENT,United Kingdom
14828.0,2139.76,2172,17,3,9,False,15036 - ASSORTED COLOURS SILK FAN,United Kingdom
14829.0,644.65,414,40,6,16,True,84799 - SPRIG LAVENDER ARTIFICIAL FLOWER,United Kingdom
14830.0,197.13,169,39,1,14,False,23546 - WRAP PAISLEY PARK ,United Kingdom
14834.0,1698.35,731,43,8,10,False,23084 - RABBIT NIGHT LIGHT,United Kingdom
14836.0,102.45,45,5,3,16,False,22992 - REVOLVER WOODEN RULER ,United Kingdom
14837.0,1641.2,1430,96,5,12,False,16259 - PIECE OF CAMO STATIONERY SET,United Kingdom
14840.0,62.85,31,4,1,12,False,20971 - PINK BLUE FELT CRAFT TRINKET BOX,United Kingdom
14841.0,3295.76,1778,103,6,10,False,23326 - HANGING MINI COLOURED BOTTLES,United Kingdom
14842.0,2456.8,1146,128,8,15,False,22492 - MINI PAINT SET VINTAGE ,United Kingdom
14844.0,3189.81,1833,87,4,13,False,85099B - JUMBO BAG RED RETROSPOT,United Kingdom
14847.0,309.4,120,13,1,10,False,85123A - WHITE HANGING HEART T-LIGHT HOLDER,United Kingdom
14849.0,7904.28,5656,159,28,12,True,84879 - ASSORTED COLOUR BIRD ORNAMENT,United Kingdom
14850.0,278.15,285,22,2,8,False,22444 - GROW YOUR OWN PLANT IN A CAN ,United Kingdom
14851.0,511.35,325,28,2,14,False,21191 - LARGE WHITE HONEYCOMB PAPER BELL  ,United Kingdom
14852.0,2836.69,1747,96,6,13,True,22741 - FUNKY DIVA PEN,United Kingdom
14853.0,463.05,81,8,3,9,False,22423 - REGENCY CAKESTAND 3 TIER,United Kingdom
14854.0,2749.89,1822,110,8,14,True,22083 - PAPER CHAIN KIT RETROSPOT,United Kingdom
14855.0,645.65,267,13,2,12,False,23209 - LUNCH BAG DOILEY PATTERN ,United Kingdom
14856.0,1311.38,714,65,3,14,True,22578 - WOODEN STAR CHRISTMAS SCANDINAVIAN,United Kingdom
14857.0,1165.65,455,58,3,9,False,23028 - DRAWER KNOB CRACKLE GLAZE BLUE,United Kingdom
14859.0,1352.04,669,47,5,11,True,23203 - JUMBO BAG DOILEY PATTERNS,United Kingdom
14860.0,168.62,230,11,2,9,False,22599 - CHRISTMAS MUSICAL ZINC STAR,United Kingdom
14861.0,125.79,117,6,1,12,False,21810 - CHRISTMAS HANGING STAR WITH BELL,United Kingdom
14862.0,841.2,772,47,2,10,False,16045 - POPART WOODEN PENCILS ASST,United Kingdom
14863.0,266.76,132,11,1,15,False,21617 - 4 LILY  BOTANICAL DINNER CANDLES,United Kingdom
14865.0,52.2,108,4,2,16,False,72232 - FENG SHUI PILLAR CANDLE,United Kingdom
14866.0,14197.45,6569,30,13,11,True,23318 - BOX OF 6 MINI VINTAGE CRACKERS,United Kingdom
14867.0,701.33,327,32,4,11,False,84879 - ASSORTED COLOUR BIRD ORNAMENT,United Kingdom
14868.0,2939.64,1399,96,9,10,True,22741 - FUNKY DIVA PEN,United Kingdom
14869.0,721.95,549,66,3,10,False,17003 - BROCADE RING PURSE ,United Kingdom
14870.0,327.25,119,13,1,10,False,21181 - PLEASE ONE PERSON METAL SIGN,United Kingdom
14871.0,522.38,185,68,4,13,False,21314 - SMALL GLASS HEART TRINKET POT,United Kingdom
14873.0,519.68,168,28,1,13,False,21080 - SET/20 RED RETROSPOT PAPER NAPKINS ,United Kingdom
14875.0,1448.72,554,47,5,11,False,22961 - JAM MAKING SET PRINTED,United Kingdom
14878.0,1485.54,802,62,9,11,False,23301 - GARDENERS KNEELING PAD KEEP CALM ,United Kingdom
14880.0,706.19,373,45,3,13,False,22994 - TRAVEL CARD WALLET RETROSPOT,United Kingdom
14881.0,255.4,316,17,1,11,False,21287 - SCENTED VELVET LOUNGE CANDLE ,United Kingdom
14882.0,589.7,158,6,2,10,False,21804 - WHITE CHRISTMAS GARLAND STARS TREES,United Kingdom
14883.0,756.64,789,39,7,9,True,84879 - ASSORTED COLOUR BIRD ORNAMENT,United Kingdom
14885.0,765.32,724,15,1,12,False,21212 - PACK OF 72 RETROSPOT CAKE CASES,United Kingdom
14886.0,364.8,160,18,1,8,False,22291 - HANGING CHICK CREAM DECORATION,United Kingdom
14887.0,1862.0,1100,6,1,15,False,23201 - JUMBO BAG ALPHABET,United Kingdom
14888.0,369.2,184,20,1,14,False,23165 - LARGE CERAMIC TOP STORAGE JAR,United Kingdom
14889.0,135.9,90,10,1,15,False,84991 - 60 TEATIME FAIRY CAKE CASES,United Kingdom
14890.0,125.65,51,7,1,11,False,22077 - 6 RIBBONS RUSTIC CHARM,United Kingdom
14891.0,554.38,505,30,2,10,False,21967 - PACK OF 12 SKULL TISSUES,United Kingdom
14893.0,1237.85,799,72,2,10,False,21167 - WHITE SAGE INCENSE,United Kingdom
14894.0,655.75,265,23,1,13,False,21787 - RAIN PONCHO RETROSPOT,United Kingdom
14895.0,11020.26,4823,275,24,14,True,23310 - BUBBLEGUM RING ASSORTED,United Kingdom
14896.0,468.77,279,43,2,10,False,"21899 - KEY FOB , GARAGE DESIGN",United Kingdom
14897.0,1366.38,468,43,4,8,False,22771 - CLEAR DRAWER KNOB ACRYLIC EDWARDIAN,United Kingdom
14898.0,1228.32,1008,87,8,13,False,22151 - PLACE SETTING WHITE HEART,United Kingdom
14901.0,1414.99,659,73,10,10,True,22306 - SILVER MUG BONE CHINA TREE OF LIFE,United Kingdom
14902.0,314.11,209,20,2,10,False,22577 - WOODEN HEART CHRISTMAS SCANDINAVIAN,United Kingdom
14903.0,2744.48,1491,227,10,12,False,84945 - MULTI COLOUR SILVER T-LIGHT HOLDER,United Kingdom
14904.0,1025.44,1985,66,2,9,False,22065 - CHRISTMAS PUDDING TRINKET POT ,United Kingdom
14905.0,599.9,274,14,3,10,False,85123A - WHITE HANGING HEART T-LIGHT HOLDER,United Kingdom
14907.0,3478.85,1686,125,10,11,True,21212 - PACK OF 72 RETROSPOT CAKE CASES,United Kingdom
14908.0,277.8,132,9,1,12,False,23333 - IVORY WICKER HEART MEDIUM,United Kingdom
14910.0,389.86,221,25,7,17,True,22217 - T-LIGHT HOLDER HANGING LACE,United Kingdom
14911.0,132572.62,77180,1794,248,12,True,22952 - 60 CAKE CASES VINTAGE CHRISTMAS,EIRE
14912.0,841.52,970,22,3,9,True,"51014A - FEATHER PEN,HOT PINK",Italy
14913.0,1227.43,1743,76,4,14,False,22610 - PENS ASSORTED FUNNY FACE,United Kingdom
14915.0,258.83,105,12,3,9,False,"22286 - DECORATION , WOBBLY RABBIT , METAL ",United Kingdom
14916.0,1264.84,1132,72,5,10,False,84826 - ASSTD DESIGN 3D PAPER STICKERS,United Kingdom
14918.0,1610.15,675,39,2,11,False,22297 - HEART IVORY TRELLIS SMALL,United Kingdom
14920.0,977.77,509,57,2,10,True,84077 - WORLD WAR 2 GLIDERS ASSTD DESIGNS,United Kingdom
14921.0,1316.07,953,78,2,12,False,16258A - SWIRLY CIRCULAR RUBBERS IN BAG,United Kingdom
14923.0,749.1,418,44,1,11,False,22952 - 60 CAKE CASES VINTAGE CHRISTMAS,United Kingdom
14924.0,310.05,64,10,1,9,False,21232 - STRAWBERRY CERAMIC TRINKET BOX,United Kingdom
14929.0,223.88,136,11,1,17,False,22560 - TRADITIONAL MODELLING CLAY,United Kingdom
14930.0,2372.86,1166,116,3,10,True,22740 - POLKADOT PEN,Channel Islands
14931.0,964.68,416,30,6,9,True,23355 - HOT WATER BOTTLE KEEP CALM,Channel Islands
14932.0,363.53,80,17,1,11,False,21591 - COSY HOUR CIGAR BOX MATCHES ,Channel Islands
14934.0,1888.84,1041,68,3,9,False,22741 - FUNKY DIVA PEN,Channel Islands
14935.0,1784.71,935,10,1,14,False,21785 - RAIN PONCHO ,Channel Islands
14936.0,8117.42,4083,210,9,8,True,22151 - PLACE SETTING WHITE HEART,Channel Islands
14937.0,1617.63,483,33,4,12,True,85123A - WHITE HANGING HEART T-LIGHT HOLDER,Channel Islands
14944.0,5842.95,2801,101,14,9,True,21498 - RED RETROSPOT WRAP ,United Kingdom
14946.0,100.9,22,3,1,13,False,23041 - PAPER LANTERN 9 POINT SNOW STAR,United Kingdom
14947.0,290.82,179,14,2,9,False,21385 - IVORY HANGING DECORATION  HEART,United Kingdom
14948.0,1066.57,661,56,7,14,False,23295 - SET OF 12 MINI LOAF BAKING CASES,United Kingdom
14950.0,361.25,135,19,2,9,False,22577 - WOODEN HEART CHRISTMAS SCANDINAVIAN,United Kingdom
14951.0,311.69,311,20,1,15,False,84926D - LA PALMIERA TILE COASTER,United Kingdom
14952.0,7912.79,3295,119,15,8,True,21326 - AGED GLASS SILVER T-LIGHT HOLDER,United Kingdom
14953.0,289.82,225,54,1,14,False,22610 - PENS ASSORTED FUNNY FACE,United Kingdom
14954.0,336.17,127,75,1,14,False,85175 - CACTI T-LIGHT CANDLES,United Kingdom
14957.0,58.49,34,12,1,17,False,22970 - LONDON BUS COFFEE MUG,United Kingdom
14958.0,499.68,129,33,3,11,False,22038 - BOTANICAL LAVENDER GIFT WRAP ,United Kingdom
14959.0,684.97,491,37,5,9,False,84879 - ASSORTED COLOUR BIRD ORNAMENT,United Kingdom
14960.0,221.27,221,23,2,12,False,22578 - WOODEN STAR CHRISTMAS SCANDINAVIAN,United Kingdom
14961.0,7006.58,3692,193,12,11,True,22197 - SMALL POPCORN HOLDER,United Kingdom
14962.0,126.7,44,5,1,9,False,21626 - VINTAGE UNION JACK PENNANT,United Kingdom
14963.0,1487.8,1176,149,5,12,False,22197 - SMALL POPCORN HOLDER,United Kingdom
14964.0,206.21,143,13,1,14,False,22178 - VICTORIAN GLASS HANGING T-LIGHT,United Kingdom
14965.0,599.0,365,80,2,13,True,21385 - IVORY HANGING DECORATION  HEART,United Kingdom
14966.0,191.32,187,35,1,12,False,23310 - BUBBLEGUM RING ASSORTED,United Kingdom
14967.0,463.8,140,6,1,11,False,22112 - CHOCOLATE HOT WATER BOTTLE,United Kingdom
14968.0,147.59,127,37,1,13,False,16012 - FOOD/DRINK SPONGE STICKERS,United Kingdom
14970.0,1592.06,250,24,4,13,False,48138 - DOORMAT UNION FLAG,United Kingdom
14971.0,1116.57,644,144,3,17,True,22530 - MAGIC DRAWING SLATE DOLLY GIRL ,United Kingdom
14972.0,114.77,28,18,1,14,False,84818 - DANISH ROSE PHOTO FRAME,United Kingdom
14973.0,1314.45,369,29,3,15,False,84879 - ASSORTED COLOUR BIRD ORNAMENT,United Kingdom
14974.0,114.39,44,17,1,13,False,20717 - STRAWBERRY SHOPPER BAG,United Kingdom
14975.0,279.94,380,11,1,14,False,22154 - ANGEL DECORATION 3 BUTTONS ,United Kingdom
14976.0,765.86,230,47,8,16,True,21908 - CHOCOLATE THIS WAY METAL SIGN,United Kingdom
14978.0,1931.42,525,136,5,12,False,21497 - FANCY FONTS BIRTHDAY WRAP,United Kingdom
14981.0,102.12,97,8,1,13,False,21980 - PACK OF 12 RED RETROSPOT TISSUES ,United Kingdom
14984.0,213.27,60,37,2,11,False,20996 - JAZZ HEARTS ADDRESS BOOK,United Kingdom
14985.0,296.75,260,78,2,14,False,21294 - ETCHED GLASS COASTER,United Kingdom
14987.0,326.4,128,2,2,9,False,21733 - RED HANGING HEART T-LIGHT HOLDER,United Kingdom
14988.0,334.54,141,40,1,12,False,22197 - SMALL POPCORN HOLDER,United Kingdom
14995.0,233.23,103,53,2,11,False,82482 - WOODEN PICTURE FRAME WHITE FINISH,United Kingdom
14997.0,540.98,1102,25,4,13,False,23310 - BUBBLEGUM RING ASSORTED,United Kingdom
14998.0,429.87,270,70,2,16,False,20676 - RED RETROSPOT BOWL,United Kingdom
15000.0,490.52,218,76,1,11,False,22945 - CHRISTMAS METAL TAGS ASSORTED ,United Kingdom
15002.0,1641.76,862,93,4,10,False,85123A - WHITE HANGING HEART T-LIGHT HOLDER,United Kingdom
15004.0,1246.32,630,154,1,14,False,84077 - WORLD WAR 2 GLIDERS ASSTD DESIGNS,United Kingdom
15005.0,6180.49,4204,368,35,14,True,20724 - RED RETROSPOT CHARLOTTE BAG,United Kingdom
15006.0,502.09,302,121,1,15,False,21313 - GLASS HEART T-LIGHT HOLDER ,United Kingdom
15007.0,156.91,69,12,1,16,False,22771 - CLEAR DRAWER KNOB ACRYLIC EDWARDIAN,United Kingdom
15009.0,1261.78,642,148,3,11,False,22557 - PLASTERS IN TIN VINTAGE PAISLEY ,United Kingdom
15010.0,308.94,184,20,1,12,False,23210 - WHITE ROCKING HORSE HAND PAINTED,United Kingdom
15012.0,423.04,231,110,2,12,False,21326 - AGED GLASS SILVER T-LIGHT HOLDER,United Kingdom
15014.0,260.17,151,29,2,19,False,22898 - CHILDRENS APRON APPLES DESIGN,United Kingdom
15016.0,170.04,76,20,1,12,False,23121 - PACK OF 6 COCKTAIL PARASOL STRAWS,United Kingdom
15017.0,125.58,63,20,1,10,False,21810 - CHRISTMAS HANGING STAR WITH BELL,United Kingdom
15018.0,456.26,188,30,4,12,False,16161G - WRAP BAD HAIR DAY,United Kingdom
15019.0,266.0,159,64,1,12,False,22319 - HAIRCLIPS FORTIES FABRIC ASSORTED,United Kingdom
15021.0,1872.28,829,287,13,12,True,82482 - WOODEN PICTURE FRAME WHITE FINISH,United Kingdom
15022.0,905.04,543,96,4,14,True,23310 - BUBBLEGUM RING ASSORTED,United Kingdom
15023.0,6763.16,2863,347,12,13,True,85123A - WHITE HANGING HEART T-LIGHT HOLDER,United Kingdom
15024.0,1661.33,920,105,10,12,True,84879 - ASSORTED COLOUR BIRD ORNAMENT,United Kingdom
15025.0,377.01,189,66,1,15,False,23078 - ICE CREAM PEN LIP GLOSS ,United Kingdom
15026.0,469.0,285,57,3,13,False,M - Manual,United Kingdom
15027.0,1051.95,563,30,6,14,False,22294 - HEART FILIGREE DOVE  SMALL,United Kingdom
15028.0,627.13,459,35,4,11,True,22616 - PACK OF 12 LONDON TISSUES ,United Kingdom
15030.0,518.28,372,7,2,10,False,47504K - ENGLISH ROSE GARDEN SECATEURS,United Kingdom
15031.0,668.14,401,74,4,14,False,22197 - POPCORN HOLDER,United Kingdom
15032.0,4464.1,2668,29,5,15,True,21928 - JUMBO BAG SCANDINAVIAN PAISLEY,United Kingdom
15033.0,2571.02,1692,315,11,13,True,17003 - BROCADE RING PURSE ,United Kingdom
15034.0,4277.66,2411,299,11,10,True,22197 - POPCORN HOLDER,United Kingdom
15035.0,252.73,245,26,1,11,False,20668 - DISCO BALL CHRISTMAS DECORATION,United Kingdom
15036.0,465.55,327,107,3,12,False,37479B - CUBIC MUG FLOCK BLUE ON BROWN,United Kingdom
15038.0,665.59,187,105,7,11,False,23431 - NATURAL HANGING QUILTED HEARTS ,United Kingdom
15039.0,19786.44,9191,408,52,11,True,"84212 - ASSORTED FLOWER COLOUR ""LEIS""",United Kingdom
15041.0,180.35,104,66,1,16,False,22161 - HEART DECORATION RUSTIC HANGING ,United Kingdom
15042.0,135.93,30,5,1,16,False,22799 - SWEETHEART WIRE FRUIT BOWL,United Kingdom
15043.0,537.0,300,3,1,14,False,20711 - JUMBO BAG TOYS ,United Kingdom
15044.0,7629.38,2786,233,22,12,True,16216 - LETTER SHAPE PENCIL SHARPENER,United Kingdom
15045.0,633.66,106,11,3,11,False,22171 - 3 HOOK PHOTO SHELF ANTIQUE WHITE,United Kingdom
15046.0,5064.01,3307,147,16,11,False,84879 - ASSORTED COLOUR BIRD ORNAMENT,United Kingdom
15047.0,343.62,222,22,1,10,False,84077 - WORLD WAR 2 GLIDERS ASSTD DESIGNS,United Kingdom
15048.0,380.57,183,86,5,10,True,22693 - GROW A FLYTRAP OR SUNFLOWER IN TIN,United Kingdom
15049.0,121.17,63,3,1,12,False,21191 - LARGE WHITE HONEYCOMB PAPER BELL  ,United Kingdom
15050.0,1727.17,1184,68,5,13,True,21390 - FILIGRIS HEART WITH BUTTERFLY,United Kingdom
15051.0,1391.61,1011,130,3,15,False,21326 - AGED GLASS SILVER T-LIGHT HOLDER,United Kingdom
15052.0,215.78,82,27,1,15,False,21985 - PACK OF 12 HEARTS DESIGN TISSUES ,United Kingdom
15053.0,697.79,986,49,3,12,False,22610 - PENS ASSORTED FUNNY FACE,United Kingdom
15054.0,302.1,198,105,2,14,False,85175 - CACTI T-LIGHT CANDLES,United Kingdom
15057.0,1489.5,668,25,2,9,False,22046 - TEA PARTY  WRAPPING PAPER ,United Kingdom
15058.0,2124.99,1069,199,11,13,True,22144 - CHRISTMAS CRAFT LITTLE FRIENDS,United Kingdom
15059.0,1325.82,602,161,11,11,True,20668 - DISCO BALL CHRISTMAS DECORATION,United Kingdom
15060.0,303.09,263,81,4,14,True,20668 - DISCO BALL CHRISTMAS DECORATION,United Kingdom
15061.0,54228.74,28590,71,55,10,True,71459 - HANGING JAM JAR T-LIGHT HOLDER,United Kingdom
15062.0,987.86,763,47,4,10,False,22421 - LIPSTICK PEN FUSCHIA,United Kingdom
15063.0,370.8,56,5,1,13,False,22077 - 6 RIBBONS RUSTIC CHARM,United Kingdom
15065.0,3135.98,1355,148,6,11,False,22492 - MINI PAINT SET VINTAGE ,United Kingdom
15066.0,760.59,279,42,2,9,False,84987 - SET OF 36 TEATIME PAPER DOILIES,United Kingdom
15067.0,1744.76,954,82,3,13,True,23167 - SMALL CERAMIC TOP STORAGE JAR ,United Kingdom
15068.0,553.36,364,96,2,14,False,16008 - SMALL FOLDING SCISSOR(POINTED EDGE),United Kingdom
15069.0,1109.53,520,70,1,14,False,16156S - WRAP PINK FAIRY CAKES ,United Kingdom
15070.0,106.2,36,1,1,11,False,22086 - PAPER CHAIN KIT 50'S CHRISTMAS ,United Kingdom
15071.0,982.07,269,25,2,10,False,22766 - PHOTO FRAME CORNICE,United Kingdom
15073.0,612.43,277,31,4,12,True,22673 - FRENCH GARDEN SIGN BLUE METAL,United Kingdom
15074.0,748.87,455,41,1,14,False,22951 - 60 CAKE CASES DOLLY GIRL DESIGN,United Kingdom
15075.0,773.03,447,27,1,12,False,22952 - 60 CAKE CASES VINTAGE CHRISTMAS,United Kingdom
15076.0,880.85,571,49,1,8,False,21121 - SET/10 RED POLKADOT PARTY CANDLES,United Kingdom
15078.0,9623.35,5069,98,38,9,True,85099B - JUMBO BAG RED RETROSPOT,United Kingdom
15079.0,893.66,388,47,5,12,True,22804 - CANDLEHOLDER PINK HANGING HEART,United Kingdom
15081.0,487.35,188,26,6,10,False,85123A - WHITE HANGING HEART T-LIGHT HOLDER,United Kingdom
15083.0,88.2,38,5,1,12,False,22969 - HOMEMADE JAM SCENTED CANDLES,United Kingdom
15087.0,306.94,470,15,1,10,False,84568 - GIRLS ALPHABET IRON ON PATCHES ,United Kingdom
15088.0,1140.27,457,53,3,14,False,22197 - POPCORN HOLDER,United Kingdom
15089.0,2420.84,1359,139,6,16,False,17091J - VANILLA INCENSE IN TIN,United Kingdom
15090.0,381.32,208,23,1,14,False,22492 - MINI PAINT SET VINTAGE ,United Kingdom
15091.0,476.96,343,30,2,10,False,22709 - WRAP WEDDING DAY,United Kingdom
15092.0,457.81,135,23,2,12,False,21165 - BEWARE OF THE CAT METAL SIGN ,United Kingdom
15093.0,4410.14,3733,52,9,13,False,84077 - WORLD WAR 2 GLIDERS ASSTD DESIGNS,United Kingdom
15095.0,1364.7,1077,30,5,12,True,22492 - MINI PAINT SET VINTAGE ,United Kingdom
15096.0,219.39,120,11,1,10,False,22992 - REVOLVER WOODEN RULER ,United Kingdom
15097.0,248.08,170,25,1,14,False,21592 - RETROSPOT CIGAR BOX MATCHES ,United Kingdom
15098.0,649.5,60,2,5,15,True,22502 - PICNIC BASKET WICKER SMALL,United Kingdom
15099.0,410.48,343,23,1,13,False,23432 - PRETTY HANGING QUILTED HEARTS,United Kingdom
15100.0,635.1,58,1,6,9,False,21258 - VICTORIAN SEWING BOX LARGE,United Kingdom
15101.0,310.03,239,8,3,10,False,21326 - AGED GLASS SILVER T-LIGHT HOLDER,United Kingdom
15103.0,703.36,329,35,2,13,False,16161P - WRAP ENGLISH ROSE ,United Kingdom
15104.0,1002.54,635,66,3,11,False,22985 - WRAP BILLBOARD FONTS DESIGN,United Kingdom
15105.0,2298.93,1211,90,7,10,True,22751 - FELTCRAFT PRINCESS OLIVIA DOLL,United Kingdom
15106.0,1407.73,1144,90,7,12,False,22577 - WOODEN HEART CHRISTMAS SCANDINAVIAN,United Kingdom
15107.0,247.66,162,13,8,12,True,84945 - MULTI COLOUR SILVER T-LIGHT HOLDER,United Kingdom
15108.0,1291.75,497,50,5,10,False,22571 - ROCKING HORSE RED CHRISTMAS ,European Community
15109.0,463.75,127,28,2,9,False,22670 - FRENCH WC SIGN BLUE METAL,United Kingdom
15110.0,970.25,240,17,7,9,False,22197 - SMALL POPCORN HOLDER,United Kingdom
15111.0,1567.48,710,70,3,8,False,23301 - GARDENERS KNEELING PAD KEEP CALM ,United Kingdom
15113.0,3439.41,2362,77,4,10,True,84077 - WORLD WAR 2 GLIDERS ASSTD DESIGNS,United Kingdom
15114.0,2760.56,3096,136,10,9,False,21975 - PACK OF 60 DINOSAUR CAKE CASES,United Kingdom
15115.0,340.11,157,21,1,14,False,20981 - 12 PENCILS TALL TUBE WOODLAND,United Kingdom
15116.0,1352.75,648,37,4,12,False,22952 - 60 CAKE CASES VINTAGE CHRISTMAS,United Kingdom
15117.0,1550.13,1947,63,6,11,True,16014 - SMALL CHINESE STYLE SCISSOR,United Kingdom
15118.0,244.8,1440,1,1,14,False,84568 - GIRLS ALPHABET IRON ON PATCHES ,United Kingdom
15119.0,266.4,88,14,1,9,False,21977 - PACK OF 60 PINK PAISLEY CAKE CASES,United Kingdom
15120.0,343.82,292,21,2,9,False,37340 - MULTICOLOUR SPRING FLOWER MUG,United Kingdom
15121.0,457.72,199,28,2,12,False,22418 - 10 COLOUR SPACEBOY PEN,United Kingdom
15122.0,1612.13,788,65,6,16,False,85099B - JUMBO BAG RED RETROSPOT,United Kingdom
15123.0,2199.31,1195,93,2,13,False,23310 - BUBBLEGUM RING ASSORTED,United Kingdom
15124.0,184.19,233,14,2,9,False,22577 - WOODEN HEART CHRISTMAS SCANDINAVIAN,United Kingdom
15125.0,11117.05,5991,102,23,10,True,23203 - JUMBO BAG DOILEY PATTERNS,United Kingdom
15127.0,406.53,251,16,1,10,False,23263 - SET OF 3 WOODEN HEART DECORATIONS,United Kingdom
15128.0,1419.54,1326,76,8,11,False,22610 - PENS ASSORTED FUNNY FACE,United Kingdom
15129.0,3447.4,1794,54,11,13,True,22112 - CHOCOLATE HOT WATER BOTTLE,United Kingdom
15130.0,330.11,197,22,1,10,False,21985 - PACK OF 12 HEARTS DESIGN TISSUES ,United Kingdom
15132.0,977.93,679,49,5,8,False,22851 - SET 20 NAPKINS FAIRY CAKES DESIGN ,United Kingdom
15133.0,982.42,680,27,3,10,False,85114A - BLACK ENCHANTED FOREST PLACEMAT,United Kingdom
15134.0,1387.99,887,44,8,12,False,22492 - MINI PAINT SET VINTAGE ,United Kingdom
15135.0,127.15,41,9,2,15,False,22653 - BUTTON BOX ,United Kingdom
15136.0,1282.45,775,61,5,12,True,21669 - BLUE STRIPE CERAMIC DRAWER KNOB,United Kingdom
15139.0,178.96,208,13,2,11,False,21084 - SET/6 COLLAGE PAPER CUPS,United Kingdom
15140.0,2350.0,1567,74,8,11,True,84755 - COLOUR GLASS T-LIGHT HOLDER HANGING,United Kingdom
15142.0,498.74,365,26,1,12,False,21980 - PACK OF 12 RED RETROSPOT TISSUES ,United Kingdom
15143.0,259.45,150,14,1,12,False,84692 - BOX OF 24 COCKTAIL PARASOLS,United Kingdom
15144.0,6530.04,3026,132,18,9,True,23199 - JUMBO BAG APPLES,United Kingdom
15145.0,1194.73,756,54,4,12,False,20983 - 12 PENCILS TALL TUBE RED RETROSPOT,United Kingdom
15146.0,1313.66,1459,90,3,10,False,22418 - 10 COLOUR SPACEBOY PEN,United Kingdom
15147.0,608.65,363,28,2,11,False,22492 - MINI PAINT SET VINTAGE ,United Kingdom
15148.0,301.29,187,20,1,8,False,16008 - SMALL FOLDING SCISSOR(POINTED EDGE),United Kingdom
15149.0,520.8,128,23,1,10,False,22178 - VICTORIAN GLASS HANGING T-LIGHT,United Kingdom
15150.0,5303.97,3633,282,11,12,False,16169E - WRAP 50'S  CHRISTMAS,United Kingdom
15152.0,4684.24,2694,196,16,15,True,21212 - PACK OF 72 RETROSPOT CAKE CASES,United Kingdom
15153.0,329.25,198,22,1,17,False,22944 - CHRISTMAS METAL POSTCARD WITH BELLS,United Kingdom
15154.0,240.27,97,66,2,16,False,21992 - VINTAGE PAISLEY STATIONERY SET,United Kingdom
15156.0,961.49,597,51,3,9,False,21497 - FANCY FONTS BIRTHDAY WRAP,United Kingdom
15157.0,1869.5,2242,126,5,13,False,22258 - FELT FARM ANIMAL RABBIT,United Kingdom
15158.0,401.4,198,7,1,13,False,21481 - FAWN BLUE HOT WATER BOTTLE,United Kingdom
15159.0,18573.68,11394,363,34,12,True,22610 - PENS ASSORTED FUNNY FACE,United Kingdom
15160.0,158.16,84,4,1,14,False,21484 - CHICK GREY HOT WATER BOTTLE,United Kingdom
15163.0,304.47,186,29,2,13,False,23185 - FRENCH STYLE STORAGE JAR JAM,United Kingdom
15164.0,843.05,360,79,3,12,False,84879 - ASSORTED COLOUR BIRD ORNAMENT,United Kingdom
15165.0,487.75,160,27,1,14,False,72741 - GRAND CHOCOLATECANDLE,United Kingdom
15167.0,163.0,67,39,1,12,False,22079 - RIBBON REEL HEARTS DESIGN ,United Kingdom
15168.0,106.56,52,5,1,11,False,22579 - WOODEN TREE CHRISTMAS SCANDINAVIAN,United Kingdom
15171.0,1034.5,190,5,2,12,False,21621 - VINTAGE UNION JACK BUNTING,United Kingdom
15172.0,1624.05,1611,106,5,11,False,21809 - CHRISTMAS HANGING TREE WITH BELL,United Kingdom
15174.0,135.75,145,11,1,9,False,21876 - POTTERING MUG,United Kingdom
15175.0,224.14,454,23,1,11,False,16216 - LETTER SHAPE PENCIL SHARPENER,United Kingdom
15178.0,40.5,30,3,1,15,False,20717 - STRAWBERRY SHOPPER BAG,United Kingdom
15179.0,2186.2,1907,91,7,12,False,84077 - WORLD WAR 2 GLIDERS ASSTD DESIGNS,United Kingdom
15180.0,87.5,36,6,1,14,False,22348 - TEA BAG PLATE RED RETROSPOT,United Kingdom
15181.0,680.28,542,13,5,13,False,23500 - KEY RING BASEBALL BOOT ASSORTED ,United Kingdom
15182.0,622.85,253,24,2,12,False,21175 - GIN + TONIC DIET METAL SIGN,United Kingdom
15184.0,406.76,223,59,2,12,False,21386 - IVORY HANGING DECORATION  EGG,United Kingdom
15185.0,310.62,666,21,1,14,False,22338 - STAR DECORATION PAINTED ZINC ,United Kingdom
15186.0,411.41,215,17,2,14,False,22151 - PLACE SETTING WHITE HEART,United Kingdom
15187.0,4670.08,1869,61,18,8,True,84945 - MULTI COLOUR SILVER T-LIGHT HOLDER,United Kingdom
15189.0,15802.14,6035,80,53,12,True,71459 - HANGING JAM JAR T-LIGHT HOLDER,United Kingdom
15192.0,1044.32,918,36,3,11,False,17003 - BROCADE RING PURSE ,United Kingdom
15193.0,499.32,144,19,1,8,False,84077 - WORLD WAR 2 GLIDERS ASSTD DESIGNS,United Kingdom
15194.0,7521.17,5648,209,22,15,False,47480 - HANGING PHOTO CLIP ROPE LADDER,United Kingdom
15195.0,3861.0,1404,1,1,12,False,22413 - METAL SIGN TAKE IT OR LEAVE IT ,United Kingdom
15197.0,656.44,453,30,5,8,False,84347 - ROTATING SILVER ANGELS T-LIGHT HLDR,United Kingdom
15198.0,193.64,120,10,2,14,False,22693 - GROW A FLYTRAP OR SUNFLOWER IN TIN,United Kingdom
15199.0,1268.7,396,5,4,10,False,22668 - PINK BABY BUNTING,United Kingdom
15201.0,927.84,962,38,11,14,True,22997 - TRAVEL CARD WALLET UNION JACK,United Kingdom
15203.0,1827.8,1753,82,6,12,False,22230 - JIGSAW TREE WITH WATERING CAN,United Kingdom
15204.0,316.58,258,9,1,13,False,22544 - MINI JIGSAW SPACEBOY,United Kingdom
15205.0,648.83,377,38,3,14,False,21845 - DAIRY MAID STRIPE MUG,United Kingdom
15206.0,420.3,162,3,4,11,False,22697 - GREEN REGENCY TEACUP AND SAUCER,United Kingdom
15208.0,867.62,314,25,6,14,False,20978 - 36 PENCILS TUBE SKULLS,United Kingdom
15210.0,331.18,228,20,1,16,False,22893 - MINI CAKE STAND T-LIGHT HOLDER,United Kingdom
15211.0,894.41,240,52,2,13,False,22098 - BOUDOIR SQUARE TISSUE BOX,United Kingdom
15212.0,88.95,33,5,2,13,False,22296 - HEART IVORY TRELLIS LARGE,United Kingdom
15213.0,325.05,270,22,3,12,True,16161P - WRAP ENGLISH ROSE ,United Kingdom
15214.0,1661.44,1254,109,8,9,False,22944 - CHRISTMAS METAL POSTCARD WITH BELLS,United Kingdom
15215.0,615.99,211,35,6,11,True,22866 - HAND WARMER SCOTTY DOG DESIGN,United Kingdom
15216.0,96.6,28,2,1,11,False,20727 - LUNCH BAG  BLACK SKULL.,United Kingdom
15218.0,5756.89,3329,77,11,11,True,75049L - LARGE CIRCULAR MIRROR MOBILE,United Kingdom
15219.0,305.75,45,9,1,16,False,23013 - GLASS APOTHECARY BOTTLE TONIC,United Kingdom
15220.0,1758.92,1377,110,7,10,False,21084 - SET/6 COLLAGE PAPER CUPS,United Kingdom
15221.0,114.1,25,9,2,12,False,82483 - WOOD 2 DRAWER CABINET WHITE FINISH,United Kingdom
15222.0,585.0,440,5,1,8,False,21931 - JUMBO STORAGE BAG SUKI,United Kingdom
15223.0,454.9,98,14,3,12,True,21212 - PACK OF 72 RETROSPOT CAKE CASES,United Kingdom
15224.0,310.48,150,13,3,11,True,21109 - LARGE CAKE TOWEL CHOCOLATE SPOTS,United Kingdom
15225.0,409.4,226,23,1,14,False,"21899 - KEY FOB , GARAGE DESIGN",United Kingdom
15226.0,154.41,71,8,1,11,False,21985 - PACK OF 12 HEARTS DESIGN TISSUES ,United Kingdom
15227.0,1219.4,750,43,5,11,True,21985 - PACK OF 12 HEARTS DESIGN TISSUES ,United Kingdom
15228.0,3376.96,2252,110,5,12,False,21212 - PACK OF 72 RETROSPOT CAKE CASES,United Kingdom
15230.0,429.6,351,23,2,11,False,16156S - WRAP PINK FAIRY CAKES ,United Kingdom
15232.0,612.06,686,26,2,12,False,20719 - WOODLAND CHARLOTTE BAG,United Kingdom
15234.0,197.0,196,14,1,8,False,72232 - FENG SHUI PILLAR CANDLE,United Kingdom
15235.0,2247.51,1324,132,12,9,True,16156S - WRAP PINK FAIRY CAKES ,United Kingdom
15236.0,321.05,269,15,1,10,False,16161P - WRAP ENGLISH ROSE ,United Kingdom
15237.0,1412.32,1071,94,4,15,False,22319 - HAIRCLIPS FORTIES FABRIC ASSORTED,United Kingdom
15238.0,1056.54,689,49,5,16,False,84879 - ASSORTED COLOUR BIRD ORNAMENT,United Kingdom
15239.0,764.34,591,48,3,9,False,84077 - WORLD WAR 2 GLIDERS ASSTD DESIGNS,United Kingdom
15240.0,1685.57,1361,61,7,10,False,17021 - NAMASTE SWAGAT INCENSE,United Kingdom
15241.0,1738.59,1815,82,9,9,False,21394 - RED POLKADOT BEAKER ,United Kingdom
15243.0,316.68,185,22,1,14,False,21500 - PINK POLKADOT WRAP ,United Kingdom
15244.0,631.57,405,31,2,13,False,22585 - PACK OF 6 BIRDY GIFT TAGS,United Kingdom
15245.0,2515.84,1784,55,3,13,False,22457 - NATURAL SLATE HEART CHALKBOARD ,United Kingdom
15246.0,514.15,247,32,2,9,False,22492 - MINI PAINT SET VINTAGE ,United Kingdom
15247.0,356.0,160,6,1,12,False,21733 - RED HANGING HEART T-LIGHT HOLDER,United Kingdom
15249.0,6657.36,3557,211,15,11,True,22383 - LUNCH BAG SUKI DESIGN ,United Kingdom
15251.0,10327.11,6084,97,15,10,True,22952 - 60 CAKE CASES VINTAGE CHRISTMAS,United Kingdom
15252.0,740.78,522,44,2,13,False,21497 - FANCY FONTS BIRTHDAY WRAP,United Kingdom
15253.0,915.3,864,52,6,12,True,22151 - PLACE SETTING WHITE HEART,United Kingdom
15254.0,300.36,275,18,1,15,False,23310 - BUBBLEGUM RING ASSORTED,United Kingdom
15255.0,890.85,489,47,1,12,False,16161P - WRAP ENGLISH ROSE ,United Kingdom
15256.0,98.45,55,6,1,11,False,21907 - I'M ON HOLIDAY METAL SIGN,United Kingdom
15257.0,232.15,45,7,2,12,False,22771 - CLEAR DRAWER KNOB ACRYLIC EDWARDIAN,United Kingdom
15258.0,623.16,142,32,2,12,False,23148 - MINIATURE ANTIQUE ROSE HOOK IVORY,United Kingdom
15260.0,1780.77,861,62,8,12,True,84978 - HANGING HEART JAR T-LIGHT HOLDER,United Kingdom
15261.0,254.82,270,19,1,15,False,21084 - SET/6 COLLAGE PAPER CUPS,United Kingdom
15262.0,178.95,73,10,1,12,False,21389 - IVORY HANGING DECORATION  BIRD,United Kingdom
15263.0,156.51,89,12,1,10,False,85175 - CACTI T-LIGHT CANDLES,United Kingdom
15264.0,393.74,265,23,1,13,False,21385 - IVORY HANGING DECORATION  HEART,United Kingdom
15265.0,1506.12,612,76,2,12,False,84879 - ASSORTED COLOUR BIRD ORNAMENT,United Kingdom
15266.0,119.3,18,6,1,13,False,22782 - SET 3 WICKER STORAGE BASKETS ,United Kingdom
15267.0,1717.36,944,8,5,11,False,23211 - RED ROCKING HORSE HAND PAINTED,United Kingdom
15269.0,408.8,26,2,1,9,False,79321 - CHILLI LIGHTS,United Kingdom
15270.0,2298.2,1459,22,9,9,True,75049L - LARGE CIRCULAR MIRROR MOBILE,United Kingdom
15271.0,2485.82,1257,184,16,12,False,22952 - 60 CAKE CASES VINTAGE CHRISTMAS,United Kingdom
15272.0,721.94,310,63,2,12,False,37327 - ASSTD MULTICOLOUR CIRCLES MUG,United Kingdom
15274.0,716.57,619,44,2,14,False,22577 - WOODEN HEART CHRISTMAS SCANDINAVIAN,United Kingdom
15275.0,609.19,497,41,2,11,False,21810 - CHRISTMAS HANGING STAR WITH BELL,United Kingdom
15276.0,135.31,64,49,1,16,False,23285 - PINK VINTAGE SPOT BEAKER,United Kingdom
15277.0,255.9,205,12,1,10,False,84077 - WORLD WAR 2 GLIDERS ASSTD DESIGNS,United Kingdom
15279.0,277.41,185,21,2,10,False,21198 - WHITE HEART CONFETTI IN TUBE,United Kingdom
15280.0,113.12,154,16,1,17,False,21078 - SET/20 STRAWBERRY PAPER NAPKINS ,United Kingdom
15281.0,2239.95,1193,122,12,10,False,21294 - ETCHED GLASS COASTER,United Kingdom
15286.0,240.55,55,3,1,11,False,22112 - CHOCOLATE HOT WATER BOTTLE,United Kingdom
15287.0,485.24,432,17,3,12,False,21495 - SKULLS AND CROSSBONES WRAP,United Kingdom
15288.0,2306.52,775,80,5,10,False,22666 - RECIPE BOX PANTRY YELLOW DESIGN,United Kingdom
15289.0,935.1,996,43,4,13,False,85175 - CACTI T-LIGHT CANDLES,United Kingdom
15290.0,7803.77,4431,93,21,10,True,21080 - SET/20 RED RETROSPOT PAPER NAPKINS ,United Kingdom
15291.0,4596.51,2074,63,20,16,True,22241 - GARLAND WOODEN HAPPY EASTER,United Kingdom
15292.0,180.94,56,24,1,15,False,21292 - SMALL STRIPES CHOCOLATE GIFT BAG ,United Kingdom
15296.0,3610.31,1757,137,10,11,True,84077 - WORLD WAR 2 GLIDERS ASSTD DESIGNS,United Kingdom
15297.0,635.04,290,30,4,16,False,21790 - VINTAGE SNAP CARDS,United Kingdom
15298.0,3774.1,2752,115,14,11,True,22197 - SMALL POPCORN HOLDER,United Kingdom
15299.0,3787.09,2940,9,11,16,True,84950 - ASSORTED COLOUR T-LIGHT HOLDER,United Kingdom
15300.0,496.44,292,28,1,17,False,22909 - SET OF 20 VINTAGE CHRISTMAS NAPKINS,United Kingdom
15301.0,5028.12,2768,167,14,9,True,21845 - DAIRY MAID STRIPE MUG,United Kingdom
15303.0,574.02,248,31,1,13,False,21169 - YOU'RE CONFUSING ME METAL SIGN ,United Kingdom
15304.0,680.3,100,8,10,9,False,22423 - REGENCY CAKESTAND 3 TIER,United Kingdom
15306.0,1174.35,810,57,3,12,False,23310 - BUBBLEGUM RING ASSORTED,United Kingdom
15307.0,205.3,37,12,1,11,False,23358 - HOT STUFF HOT WATER BOTTLE,United Kingdom
15308.0,302.27,173,19,2,12,False,84077 - WORLD WAR 2 GLIDERS ASSTD DESIGNS,United Kingdom
15311.0,59419.34,37720,571,118,13,True,85099B - JUMBO BAG RED RETROSPOT,United Kingdom
15312.0,921.1,513,42,5,11,True,85123A - WHITE HANGING HEART T-LIGHT HOLDER,United Kingdom
15313.0,52.0,25,1,1,16,False,85099B - JUMBO BAG RED RETROSPOT,United Kingdom
15314.0,327.97,313,24,1,14,False,84077 - WORLD WAR 2 GLIDERS ASSTD DESIGNS,United Kingdom
15315.0,551.54,838,35,3,12,False,22336 - DOVE DECORATION PAINTED ZINC ,United Kingdom
15316.0,165.0,100,1,1,11,False,20713 - JUMBO BAG OWLS,United Kingdom
15318.0,312.62,642,33,1,11,False,22608 - PENS ASSORTED FUNKY JEWELED ,United Kingdom
15319.0,204.5,175,16,1,12,False,16156S - WRAP PINK FAIRY CAKES ,United Kingdom
15320.0,267.13,326,36,1,13,False,22577 - WOODEN HEART CHRISTMAS SCANDINAVIAN,United Kingdom
15321.0,2650.73,1163,83,4,9,True,22379 - RECYCLING BAG RETROSPOT ,United Kingdom
15322.0,602.97,365,42,2,9,False,84077 - WORLD WAR 2 GLIDERS ASSTD DESIGNS,United Kingdom
15325.0,162.29,232,47,1,11,False,23230 - WRAP ALPHABET DESIGN,United Kingdom
15326.0,311.71,386,29,1,11,False,16169M - WRAP DAISY CARPET ,United Kingdom
15327.0,208.75,116,10,1,11,False,84692 - BOX OF 24 COCKTAIL PARASOLS,United Kingdom
15329.0,1005.5,476,52,5,15,False,22047 - EMPIRE GIFT WRAP,United Kingdom
15330.0,714.96,1312,10,2,12,False,"51014C - FEATHER PEN,COAL BLACK",United Kingdom
15332.0,1661.06,652,29,4,12,True,21915 - RED  HARMONICA IN BOX ,Lithuania
15333.0,1028.56,344,16,1,13,False,22271 - FELTCRAFT DOLL ROSIE,United Kingdom
15334.0,351.67,274,67,3,11,False,20724 - RED RETROSPOT CHARLOTTE BAG,United Kingdom
15335.0,173.97,80,34,1,12,False,22791 - T-LIGHT GLASS FLUTED ANTIQUE,United Kingdom
15339.0,557.57,414,79,3,10,True,22161 - HEART DECORATION RUSTIC HANGING ,United Kingdom
15341.0,2020.52,812,17,1,9,False,21930 - JUMBO STORAGE BAG SKULLS,United Kingdom
15342.0,391.76,276,24,2,10,False,22529 - MAGIC DRAWING SLATE GO TO THE FAIR ,United Kingdom
15343.0,364.5,84,21,1,13,False,22773 - GREEN DRAWER KNOB ACRYLIC EDWARDIAN,United Kingdom
15344.0,476.58,106,21,5,9,False,21015 - DARK BIRD HOUSE TREE DECORATION,United Kingdom
15345.0,367.69,78,20,2,11,False,22771 - CLEAR DRAWER KNOB ACRYLIC EDWARDIAN,United Kingdom
15346.0,252.42,144,17,1,11,False,22489 - PACK OF 12 TRADITIONAL CRAYONS,United Kingdom
15347.0,201.6,130,5,1,15,False,22558 - CLOTHES PEGS RETROSPOT PACK 24 ,United Kingdom
15348.0,158.04,84,9,1,13,False,20971 - PINK BLUE FELT CRAFT TRINKET BOX,United Kingdom
15349.0,473.81,327,65,2,15,False,22156 - HEART DECORATION WITH PEARLS ,United Kingdom
15350.0,115.65,51,5,1,13,False,22834 - HAND WARMER BABUSHKA DESIGN,United Kingdom
15351.0,1862.14,732,160,10,12,True,21833 - CAMOUFLAGE LED TORCH,United Kingdom
15353.0,777.02,343,59,2,11,False,21212 - PACK OF 72 RETROSPOT CAKE CASES,United Kingdom
15355.0,277.05,45,9,2,13,False,85048 - 15CM CHRISTMAS GLASS BALL 20 LIGHTS,United Kingdom
15356.0,2766.5,1673,215,10,13,False,21169 - YOU'RE CONFUSING ME METAL SIGN ,United Kingdom
15358.0,8234.8,6927,292,29,9,True,84077 - WORLD WAR 2 GLIDERS ASSTD DESIGNS,United Kingdom
15360.0,427.93,223,13,1,9,False,21285 - RETROSPOT CANDLE  MEDIUM,United Kingdom
15361.0,418.92,336,7,1,9,False,22178 - VICTORIAN GLASS HANGING T-LIGHT,United Kingdom
15363.0,318.05,143,16,2,12,False,22493 - PAINT YOUR OWN CANVAS SET,United Kingdom
15364.0,913.19,493,29,2,9,False,22499 - WOODEN UNION JACK BUNTING,United Kingdom
15365.0,1330.45,758,66,9,8,True,23438 -  RED SPOT GIFT BAG LARGE,United Kingdom
15366.0,602.51,621,37,2,15,False,21495 - SKULLS AND CROSSBONES WRAP,United Kingdom
15367.0,1867.69,1055,92,5,14,True,22537 - MAGIC DRAWING SLATE DINOSAUR,United Kingdom
15368.0,446.94,230,4,1,14,False,23215 - JINGLE BELL HEART ANTIQUE SILVER,United Kingdom
15370.0,2360.55,828,65,8,10,False,84968A - SET OF 16 VINTAGE ROSE CUTLERY,United Kingdom
15372.0,2007.4,2924,27,1,16,False,21918 - SET 12 KIDS COLOUR  CHALK STICKS,United Kingdom
15373.0,2213.11,476,74,13,8,True,"21216 - SET 3 RETROSPOT TEA,COFFEE,SUGAR",United Kingdom
15374.0,168.0,126,3,1,9,False,21684 - SMALL MEDINA STAMPED METAL BOWL ,United Kingdom
15376.0,1233.36,619,100,3,15,False,22969 - HOMEMADE JAM SCENTED CANDLES,United Kingdom
15379.0,3631.89,2293,145,8,13,False,17038 - PORCELAIN BUDAH INCENSE HOLDER,United Kingdom
15380.0,1682.36,374,22,6,10,True,35001W - HAND OPEN SHAPE DECO.WHITE,United Kingdom
15381.0,596.85,171,8,2,11,False,21187 - WHITE BELL HONEYCOMB PAPER GARLAND ,United Kingdom
15382.0,5927.86,4003,193,8,10,True,84077 - WORLD WAR 2 GLIDERS ASSTD DESIGNS,United Kingdom
15384.0,635.76,593,35,3,10,False,21495 - SKULLS AND CROSSBONES WRAP,United Kingdom
15385.0,316.88,161,12,1,15,False,71477 - COLOUR GLASS. STAR T-LIGHT HOLDER,United Kingdom
15386.0,394.14,446,31,1,13,False,22492 - MINI PAINT SET VINTAGE ,United Kingdom
15388.0,140.54,88,10,1,13,False,84755 - COLOUR GLASS T-LIGHT HOLDER HANGING,Canada
15389.0,500.0,400,1,1,16,False,62018 - SOMBRERO ,United Kingdom
15392.0,1515.73,1265,74,5,10,False,22597 - MUSICAL ZINC HEART DECORATION ,United Kingdom
15393.0,231.86,150,10,2,16,False,72349B - SET/6 PURPLE BUTTERFLY T-LIGHTS,United Kingdom
15394.0,2183.54,910,54,4,11,False,85099B - JUMBO BAG RED RETROSPOT,United Kingdom
15395.0,107.45,17,7,1,12,False,22138 - BAKING SET 9 PIECE RETROSPOT ,United Kingdom
15396.0,288.18,122,14,1,10,False,23076 - ICE CREAM SUNDAE LIP GLOSS,United Kingdom
15397.0,94.0,20,6,1,9,False,22426 - ENAMEL WASH BOWL CREAM,United Kingdom
15398.0,1339.63,767,60,3,9,False,22952 - 60 CAKE CASES VINTAGE CHRISTMAS,United Kingdom
15399.0,815.77,611,45,3,15,False,22944 - CHRISTMAS METAL POSTCARD WITH BELLS,United Kingdom
15400.0,666.7,360,10,6,13,False,21878 - PACK OF 6 SANDCASTLE FLAGS ASSORTED,United Kingdom
15402.0,626.77,694,35,2,12,False,17084R - ASSORTED INCENSE PACK,United Kingdom
15405.0,349.1,193,8,1,14,False,22178 - VICTORIAN GLASS HANGING T-LIGHT,United Kingdom
15406.0,426.61,236,51,4,16,False,22268 - DECORATION SITTING BUNNY,United Kingdom
15407.0,1056.44,558,142,4,11,False,"21901 - KEY FOB , BACK DOOR ",United Kingdom
15408.0,267.18,106,34,1,15,False,21637 - ASSORTED SANSKRIT MINI NOTEBOOK,United Kingdom
15410.0,3450.84,1200,48,8,13,False,22084 - PAPER CHAIN KIT EMPIRE,United Kingdom
15411.0,1346.38,528,86,5,12,False,23148 - MINIATURE ANTIQUE ROSE HOOK IVORY,United Kingdom
15412.0,190.53,108,10,1,15,False,22151 - PLACE SETTING WHITE HEART,United Kingdom
15414.0,774.9,443,37,3,9,False,20992 - JAZZ HEARTS PURSE NOTEBOOK,United Kingdom
15415.0,572.81,575,46,1,14,False,"21899 - KEY FOB , GARAGE DESIGN",United Kingdom
15416.0,3974.37,2089,165,5,8,False,84879 - ASSORTED COLOUR BIRD ORNAMENT,United Kingdom
15417.0,508.8,284,28,1,15,False,22417 - PACK OF 60 SPACEBOY CAKE CASES,United Kingdom
15419.0,135.86,230,8,1,9,False,22421 - LIPSTICK PEN FUSCHIA,United Kingdom
15421.0,950.36,500,40,4,14,True,21497 - FANCY FONTS BIRTHDAY WRAP,United Kingdom
15422.0,97.7,38,6,2,14,True,22348 - TEA BAG PLATE RED RETROSPOT,United Kingdom
15423.0,43.5,101,2,1,14,False,22421 - LIPSTICK PEN FUSCHIA,United Kingdom
15424.0,383.34,554,17,2,13,True,84568 - GIRLS ALPHABET IRON ON PATCHES ,United Kingdom
15426.0,1429.9,663,222,7,13,True,21137 - BLACK RECORD COVER FRAME,United Kingdom
15427.0,1483.14,1013,233,3,14,True,22816 - CARD MOTORBIKE SANTA,United Kingdom
15428.0,93.78,102,6,1,16,False,21810 - CHRISTMAS HANGING STAR WITH BELL,United Kingdom
15429.0,364.9,369,77,3,13,True,84077 - WORLD WAR 2 GLIDERS ASSTD DESIGNS,United Kingdom
15432.0,171.19,65,10,1,16,False,82583 - HOT BATHS METAL SIGN,United Kingdom
15433.0,417.87,399,40,3,10,False,21967 - PACK OF 12 SKULL TISSUES,United Kingdom
15434.0,997.48,638,40,6,16,True,22693 - GROW A FLYTRAP OR SUNFLOWER IN TIN,United Kingdom
15435.0,149.29,54,29,1,16,False,22417 - PACK OF 60 SPACEBOY CAKE CASES,United Kingdom
15436.0,1122.53,613,243,3,16,False,22818 - CARD CHRISTMAS VILLAGE,United Kingdom
15437.0,200.16,79,44,1,13,False,21108 - FAIRY CAKE FLANNEL ASSORTED COLOUR,United Kingdom
15438.0,156.58,59,25,1,14,False,22969 - HOMEMADE JAM SCENTED CANDLES,United Kingdom
15440.0,383.68,197,50,3,11,False,20979 - 36 PENCILS TUBE RED RETROSPOT,United Kingdom
15442.0,594.0,120,2,1,12,False,15056N - EDWARDIAN PARASOL NATURAL,United Kingdom
15443.0,3212.16,1660,237,8,12,False,23354 - 6 GIFT TAGS 50'S CHRISTMAS ,United Kingdom
15444.0,1418.26,764,191,2,16,False,85199S - SMALL HANGING IVORY/RED WOOD BIRD,United Kingdom
15445.0,113.5,58,5,1,15,False,22856 - ASSORTED EASTER DECORATIONS  BELLS,United Kingdom
15447.0,155.17,85,9,1,11,False,84755 - COLOUR GLASS T-LIGHT HOLDER HANGING,United Kingdom
15448.0,494.64,232,28,1,10,False,22291 - HANGING CHICK CREAM DECORATION,United Kingdom
15449.0,971.22,810,47,5,16,False,84755 - COLOUR GLASS T-LIGHT HOLDER HANGING,United Kingdom
15450.0,429.84,376,30,1,17,False,21014 - SWISS CHALET TREE DECORATION ,United Kingdom
15452.0,538.73,283,47,3,12,False,23192 - BUNDLE OF 3 ALPHABET EXERCISE BOOKS,United Kingdom
15453.0,1388.37,845,169,7,12,False,22693 - GROW A FLYTRAP OR SUNFLOWER IN TIN,United Kingdom
15454.0,179.1,86,23,1,14,False,22127 - PARTY CONES CARNIVAL ASSORTED,United Kingdom
15456.0,447.22,660,48,3,13,True,17084R - ASSORTED INCENSE PACK,United Kingdom
15457.0,237.07,132,56,1,15,False,22178 - VICTORIAN GLASS HANGING T-LIGHT,United Kingdom
15458.0,161.64,156,7,1,13,False,22065 - CHRISTMAS PUDDING TRINKET POT ,United Kingdom
15460.0,216.76,109,53,1,16,False,72225C - LAVENDER SCENT CAKE CANDLE,United Kingdom
15462.0,234.6,172,9,3,11,False,21670 - BLUE SPOT CERAMIC DRAWER KNOB,United Kingdom
15463.0,126.14,106,7,1,12,False,22608 - PENS ASSORTED FUNKY JEWELED ,United Kingdom
15464.0,1048.85,350,155,1,15,False,22478 - BIRDHOUSE GARDEN MARKER ,United Kingdom
15465.0,6945.02,1217,43,24,10,True,22423 - REGENCY CAKESTAND 3 TIER,United Kingdom
15466.0,334.53,246,56,1,14,False,17021 - NAMASTE SWAGAT INCENSE,United Kingdom
15467.0,511.88,306,41,4,14,True,22178 - VICTORIAN GLASS HANGING T-LIGHT,United Kingdom
15468.0,438.46,150,25,5,13,True,23271 - CHRISTMAS TABLE SILVER CANDLE SPIKE,United Kingdom
15469.0,504.5,150,24,4,16,False,22952 - 60 CAKE CASES VINTAGE CHRISTMAS,United Kingdom
15471.0,469.48,266,67,1,14,False,85123A - WHITE HANGING HEART T-LIGHT HOLDER,United Kingdom
15472.0,371.56,251,76,1,15,False,22227 - HANGING HEART MIRROR DECORATION ,United Kingdom
15473.0,1465.2,552,4,10,14,True,22086 - PAPER CHAIN KIT 50'S CHRISTMAS ,United Kingdom
15475.0,454.11,319,29,1,15,False,21790 - VINTAGE SNAP CARDS,United Kingdom
15478.0,1441.42,585,34,2,11,False,23103 - JINGLE BELL HEART DECORATION,United Kingdom
15480.0,905.5,303,45,1,14,False,22959 - WRAP CHRISTMAS VILLAGE,Malta
15482.0,6568.72,2998,46,16,10,True,22197 - POPCORN HOLDER,United Kingdom
15483.0,233.81,295,74,4,13,True,15034 - PAPER POCKET TRAVELING FAN ,United Kingdom
15484.0,3563.11,3136,135,5,11,False,84077 - WORLD WAR 2 GLIDERS ASSTD DESIGNS,United Kingdom
15485.0,2575.0,1306,59,3,13,False,22086 - PAPER CHAIN KIT 50'S CHRISTMAS ,United Kingdom
15488.0,91.32,73,2,1,10,False,84946 - ANTIQUE SILVER T-LIGHT GLASS,United Kingdom
15489.0,1090.03,593,47,4,8,False,23250 - VINTAGE RED TRIM ENAMEL BOWL ,United Kingdom
15491.0,3090.85,1624,108,7,10,True,21166 - COOK WITH WINE METAL SIGN ,United Kingdom
15492.0,659.46,483,32,2,14,False,22560 - TRADITIONAL MODELLING CLAY,United Kingdom
15493.0,1967.25,555,177,7,11,True,72232 - FENG SHUI PILLAR CANDLE,United Kingdom
15494.0,1299.23,1148,120,2,14,False,84077 - WORLD WAR 2 GLIDERS ASSTD DESIGNS,United Kingdom
15497.0,1259.7,622,13,3,11,False,84879 - ASSORTED COLOUR BIRD ORNAMENT,United Kingdom
15498.0,12396.46,6084,362,35,10,True,84077 - WORLD WAR 2 GLIDERS ASSTD DESIGNS,United Kingdom
15500.0,1131.56,572,64,4,13,False,23005 - TRAVEL CARD WALLET I LOVE LONDON,United Kingdom
15502.0,5541.46,3823,164,23,11,True,75049L - LARGE CIRCULAR MIRROR MOBILE,United Kingdom
15503.0,147.09,74,66,1,10,False,20973 - 12 PENCIL SMALL TUBE WOODLAND,United Kingdom
15504.0,52.83,33,13,1,13,False,37479P - CUBIC MUG FLOCK PINK ON BROWN,United Kingdom
15505.0,3497.14,2348,90,7,7,False,20674 - GREEN POLKADOT BOWL,United Kingdom
15506.0,979.26,848,121,3,12,False,22693 - GROW A FLYTRAP OR SUNFLOWER IN TIN,United Kingdom
15507.0,492.36,162,41,1,11,False,84879 - ASSORTED COLOUR BIRD ORNAMENT,United Kingdom
15508.0,1000.27,440,78,6,15,True,21845 - DAIRY MAID STRIPE MUG,United Kingdom
15510.0,250.0,2,1,1,12,False,22655 - VINTAGE RED KITCHEN CABINET,United Kingdom
15511.0,909.23,271,117,5,15,False,22938 - CUPCAKE LACE PAPER SET 6,United Kingdom
15512.0,121.0,68,7,2,10,False,21143 - ANTIQUE GLASS HEART DECORATION ,United Kingdom
15513.0,14520.08,5545,183,22,8,True,84755 - COLOUR GLASS T-LIGHT HOLDER HANGING,United Kingdom
15514.0,2963.19,1791,96,13,12,True,23084 - RABBIT NIGHT LIGHT,United Kingdom
15516.0,62.43,27,15,3,11,True,22307 - GOLD MUG BONE CHINA TREE OF LIFE,United Kingdom
15517.0,267.03,293,27,1,14,False,21829 - DINOSAUR KEYRINGS ASSORTED,United Kingdom
15518.0,1911.89,1262,136,13,12,True,22616 - PACK OF 12 LONDON TISSUES ,United Kingdom
15520.0,343.5,314,18,1,10,False,22915 - ASSORTED BOTTLE TOP  MAGNETS ,United Kingdom
15521.0,2574.65,1674,117,13,10,True,23230 - WRAP ALPHABET DESIGN,United Kingdom
15522.0,398.84,573,47,2,11,False,23232 - WRAP VINTAGE LEAF DESIGN,United Kingdom
15523.0,412.01,132,10,1,16,False,47567B - TEA TIME KITCHEN APRON,United Kingdom
15524.0,440.0,4,1,1,12,False,22823 - CHEST NATURAL WOOD 20 DRAWERS,United Kingdom
15525.0,811.02,414,133,4,12,True,21403 - BLUE EGG  SPOON,United Kingdom
15526.0,148.44,24,4,2,15,True,22501 - PICNIC BASKET WICKER LARGE,United Kingdom
15527.0,2348.82,988,128,10,12,True,23230 - WRAP ALPHABET DESIGN,United Kingdom
15528.0,229.33,123,26,1,16,False,46000S - POLYESTER FILLER PAD 40x40cm,United Kingdom
15529.0,3967.78,3489,415,12,10,True,40016 - CHINESE DRAGON PAPER LANTERNS,United Kingdom
15530.0,1502.35,950,90,4,12,False,20668 - DISCO BALL CHRISTMAS DECORATION,United Kingdom
15531.0,2007.44,1105,196,2,17,False,21326 - AGED GLASS SILVER T-LIGHT HOLDER,United Kingdom
15532.0,1517.08,508,205,6,13,True,17003 - BROCADE RING PURSE ,United Kingdom
15533.0,746.92,256,73,5,13,True,22938 - CUPCAKE LACE PAPER SET 6,United Kingdom
15535.0,459.9,129,55,7,12,True,85184C - S/4 VALENTINE DECOUPAGE HEART BOX,United Kingdom
15537.0,110.92,29,24,1,13,False,47566 - PARTY BUNTING,United Kingdom
15539.0,538.46,410,41,1,13,False,23076 - ICE CREAM SUNDAE LIP GLOSS,United Kingdom
15540.0,213.3,200,15,1,13,False,22944 - CHRISTMAS METAL POSTCARD WITH BELLS,United Kingdom
15541.0,85.13,49,29,1,14,False,22090 - PAPER BUNTING RETROSPOT,United Kingdom
15543.0,127.86,86,26,1,15,False,21985 - PACK OF 12 HEARTS DESIGN TISSUES ,United Kingdom
15544.0,3542.51,3105,122,11,16,False,21495 - SKULLS AND CROSSBONES WRAP,United Kingdom
15545.0,292.72,163,78,2,13,False,22024 - RAINY LADIES BIRTHDAY CARD,United Kingdom
15547.0,4954.84,4032,441,14,15,True,"84212 - ASSORTED FLOWER COLOUR ""LEIS""",United Kingdom
15549.0,1655.76,688,104,4,16,False,23077 - DOUGHNUT LIP GLOSS ,United Kingdom
15550.0,575.63,295,43,4,15,False,22178 - VICTORIAN GLASS HANGING T-LIGHT,United Kingdom
15551.0,436.06,218,29,1,12,False,22161 - HEART DECORATION RUSTIC HANGING ,United Kingdom
15552.0,90.12,60,17,1,14,False,72232 - FENG SHUI PILLAR CANDLE,United Kingdom
15553.0,437.23,451,51,1,14,False,16169E - WRAP 50'S  CHRISTMAS,United Kingdom
15554.0,217.2,74,14,1,9,False,21915 - RED  HARMONICA IN BOX ,United Kingdom
15555.0,4758.2,4410,404,20,12,True,17003 - BROCADE RING PURSE ,United Kingdom
15556.0,279.77,236,31,1,16,False,23500 - KEY RING BASEBALL BOOT ASSORTED ,United Kingdom
15557.0,473.65,219,16,1,12,False,23218 - LAUREL STAR ANTIQUE GOLD,United Kingdom
15561.0,722.74,256,27,5,11,True,23569 - TRADTIONAL ALPHABET STAMP SET,United Kingdom
15562.0,134.55,39,1,1,9,False,51008 - AFGHAN SLIPPER SOCK PAIR,United Kingdom
15563.0,1319.69,1460,88,7,11,True,20668 - DISCO BALL CHRISTMAS DECORATION,United Kingdom
15565.0,173.16,60,8,2,10,False,21166 - COOK WITH WINE METAL SIGN ,United Kingdom
15567.0,186.01,223,7,1,10,False,23166 - MEDIUM CERAMIC TOP STORAGE JAR,United Kingdom
15568.0,758.29,461,27,3,11,False,23005 - TRAVEL CARD WALLET I LOVE LONDON,United Kingdom
15569.0,1375.71,666,27,5,10,True,20914 - SET/5 RED RETROSPOT LID GLASS BOWLS,United Kingdom
15570.0,4109.97,2058,232,13,14,True,21810 - CHRISTMAS HANGING STAR WITH BELL,United Kingdom
15571.0,650.43,264,47,4,10,False,22560 - TRADITIONAL MODELLING CLAY,United Kingdom
15572.0,2552.86,1229,166,7,10,True,84879 - ASSORTED COLOUR BIRD ORNAMENT,United Kingdom
15573.0,607.45,363,88,2,11,False,21818 - GLITTER HEART DECORATION,United Kingdom
15574.0,702.25,349,131,4,12,True,22030 - SWALLOWS GREETING CARD,United Kingdom
15576.0,940.67,404,43,1,12,False,23109 - PACK OF SIX LED TEA LIGHTS,United Kingdom
15577.0,258.88,89,39,3,13,True,22698 - PINK REGENCY TEACUP AND SAUCER,United Kingdom
15578.0,127.1,52,13,1,13,False,22693 - GROW A FLYTRAP OR SUNFLOWER IN TIN,United Kingdom
15579.0,348.6,120,45,2,12,False,23077 - DOUGHNUT LIP GLOSS ,United Kingdom
15581.0,3429.97,286,134,14,14,True,22867 - HAND WARMER BIRD DESIGN,United Kingdom
15582.0,682.91,453,39,3,9,False,22704 - WRAP RED APPLES ,United Kingdom
15584.0,722.61,312,89,5,10,True,75049L - LARGE CIRCULAR MIRROR MOBILE,United Kingdom
15585.0,455.3,320,31,1,8,False,22161 - HEART DECORATION RUSTIC HANGING ,United Kingdom
15587.0,913.68,312,3,4,9,False,21137 - BLACK RECORD COVER FRAME,United Kingdom
15589.0,456.58,242,28,4,9,True,22892 - SET OF SALT AND PEPPER TOADSTOOLS,United Kingdom
15592.0,388.58,354,24,1,8,False,23076 - ICE CREAM SUNDAE LIP GLOSS,United Kingdom
15593.0,199.8,60,5,1,11,False,22840 - ROUND CAKE TIN VINTAGE RED,United Kingdom
15594.0,1767.53,982,85,6,10,False,21985 - PACK OF 12 HEARTS DESIGN TISSUES ,United Kingdom
15596.0,1343.34,548,51,9,10,False,22195 - LARGE HEART MEASURING SPOONS,United Kingdom
15597.0,315.72,276,22,2,11,False,21824 - PAINTED METAL STAR WITH HOLLY BELLS,United Kingdom
15598.0,235.68,156,14,3,13,False,22577 - WOODEN HEART CHRISTMAS SCANDINAVIAN,United Kingdom
15599.0,761.74,718,50,2,11,False,85016 - SET OF 6 VINTAGE NOTELETS KIT,United Kingdom
15601.0,6745.36,4978,230,17,15,False,17038 - PORCELAIN BUDAH INCENSE HOLDER,United Kingdom
15602.0,1083.63,1001,31,15,14,True,22178 - VICTORIAN GLASS HANGING T-LIGHT,United Kingdom
15603.0,48.48,96,2,1,10,False,22963 - JAM JAR WITH GREEN LID,United Kingdom
15604.0,216.39,159,17,1,14,False,21313 - GLASS HEART T-LIGHT HOLDER ,United Kingdom
15605.0,1198.23,441,61,5,10,False,22219 - LOVEBIRD HANGING DECORATION WHITE ,United Kingdom
15606.0,2422.64,720,51,11,15,False,79160 - HEART SHAPE WIRELESS DOORBELL,United Kingdom
15607.0,104.76,202,13,1,12,False,21879 - HEARTS GIFT TAPE,United Kingdom
15608.0,1093.68,714,59,4,13,True,23310 - BUBBLEGUM RING ASSORTED,United Kingdom
15609.0,270.03,145,16,2,9,False,21122 - SET/10 PINK POLKADOT PARTY CANDLES,United Kingdom
15610.0,112.46,66,6,1,10,False,20718 - RED RETROSPOT SHOPPER BAG,United Kingdom
15611.0,1568.39,498,23,15,10,True,23084 - RABBIT NIGHT LIGHT,United Kingdom
15612.0,195.15,52,4,2,12,False,22969 - HOMEMADE JAM SCENTED CANDLES,United Kingdom
15615.0,10360.04,5493,185,27,12,True,22178 - VICTORIAN GLASS HANGING T-LIGHT,United Kingdom
15618.0,747.03,428,39,5,12,True,21136 - PAINTED METAL PEARS ASSORTED,United Kingdom
15619.0,336.4,136,3,1,8,False,23681 - LUNCH BAG RED VINTAGE DOILY,United Kingdom
15620.0,1524.4,899,92,6,12,False,16236 - KITTY PENCIL ERASERS,United Kingdom
15621.0,1158.77,463,11,6,9,True,71477 - COLOUR GLASS. STAR T-LIGHT HOLDER,United Kingdom
15622.0,3224.53,1552,169,16,10,True,23182 - TOILET SIGN OCCUPIED OR VACANT,United Kingdom
15623.0,301.03,125,19,1,17,False,22489 - PACK OF 12 TRADITIONAL CRAYONS,United Kingdom
15624.0,588.13,357,26,4,11,False,22266 - EASTER DECORATION HANGING BUNNY,United Kingdom
15625.0,1504.56,1166,44,8,10,True,15036 - ASSORTED COLOURS SILK FAN,United Kingdom
15626.0,675.8,766,49,2,10,False,85212 - MINI PAINTED GARDEN DECORATION ,United Kingdom
15628.0,2865.64,1882,85,10,12,False,22577 - WOODEN HEART CHRISTMAS SCANDINAVIAN,United Kingdom
15630.0,1180.4,799,57,3,10,False,22492 - MINI PAINT SET VINTAGE ,United Kingdom
15632.0,3147.31,2049,107,10,11,False,20974 - 12 PENCILS SMALL TUBE SKULL,United Kingdom
15634.0,243.55,99,15,1,16,False,22574 - HEART WOODEN CHRISTMAS DECORATION,United Kingdom
15636.0,724.76,284,20,2,11,False,85123A - WHITE HANGING HEART T-LIGHT HOLDER,United Kingdom
15637.0,223.36,128,15,1,8,False,22577 - WOODEN HEART CHRISTMAS SCANDINAVIAN,United Kingdom
15639.0,425.32,323,25,1,14,False,16161U - WRAP SUKI AND FRIENDS,United Kingdom
15640.0,12433.34,6572,241,17,14,True,84077 - WORLD WAR 2 GLIDERS ASSTD DESIGNS,United Kingdom
15641.0,1887.2,1562,102,4,14,False,85212 - MINI PAINTED GARDEN DECORATION ,United Kingdom
15643.0,647.4,242,31,6,7,True,16156S - WRAP PINK FAIRY CAKES ,United Kingdom
15644.0,813.0,557,166,4,15,True,79051A - SMOKEY GREY COLOUR D.O.F. GLASS,United Kingdom
15645.0,612.01,256,50,1,11,False,21733 - RED HANGING HEART T-LIGHT HOLDER,United Kingdom
15646.0,425.14,388,35,4,9,False,35957 - SMALLFOLKART BAUBLE CHRISTMAS DEC,United Kingdom
15648.0,599.9,213,24,4,14,False,22469 - HEART OF WICKER SMALL,United Kingdom
15649.0,816.0,192,1,2,10,False,79321 - CHILLI LIGHTS,United Kingdom
15651.0,646.3,479,27,3,8,True,22616 - PACK OF 12 LONDON TISSUES ,United Kingdom
15652.0,337.74,208,21,1,14,False,22771 - CLEAR DRAWER KNOB ACRYLIC EDWARDIAN,United Kingdom
15653.0,877.44,1200,4,2,9,False,22573 - STAR WOODEN CHRISTMAS DECORATION,United Kingdom
15654.0,922.53,475,15,2,13,False,21068 - VINTAGE BILLBOARD LOVE/HATE MUG,United Kingdom
15655.0,511.32,319,34,2,15,False,16161P - WRAP ENGLISH ROSE ,United Kingdom
15656.0,748.5,343,46,4,12,False,22578 - WOODEN STAR CHRISTMAS SCANDINAVIAN,United Kingdom
15657.0,30.0,24,1,1,12,False,22993 - SET OF 4 PANTRY JELLY MOULDS,United Kingdom
15658.0,958.9,232,40,8,8,True,22699 - ROSES REGENCY TEACUP AND SAUCER ,United Kingdom
15659.0,306.45,111,11,1,9,False,22792 - FLUTED ANTIQUE CANDLE HOLDER,United Kingdom
15660.0,1552.01,1037,55,12,9,True,84945 - MULTI COLOUR SILVER T-LIGHT HOLDER,United Kingdom
15661.0,309.8,236,4,2,12,False,22469 - HEART OF WICKER SMALL,United Kingdom
15663.0,138.14,106,9,1,15,False,22098 - BOUDOIR SQUARE TISSUE BOX,United Kingdom
15664.0,358.63,141,19,2,10,False,21136 - PAINTED METAL PEARS ASSORTED,United Kingdom
15665.0,2242.01,1666,92,2,14,False,21294 - ETCHED GLASS COASTER,United Kingdom
15667.0,301.32,240,13,1,10,False,21980 - PACK OF 12 RED RETROSPOT TISSUES ,United Kingdom
15668.0,76.32,72,1,1,10,False,84946 - ANTIQUE SILVER T-LIGHT GLASS,United Kingdom
15669.0,677.69,339,31,5,16,False,23084 - RABBIT NIGHT LIGHT,United Kingdom
15670.0,173.05,91,12,1,10,False,21925 - UNION STRIPE CUSHION COVER ,United Kingdom
15671.0,2635.49,1681,52,10,10,True,22086 - PAPER CHAIN KIT 50'S CHRISTMAS ,United Kingdom
15673.0,2881.02,1514,107,4,16,False,21917 - SET 12 KIDS  WHITE CHALK STICKS,United Kingdom
15674.0,1744.02,1075,88,8,9,True,84077 - WORLD WAR 2 GLIDERS ASSTD DESIGNS,United Kingdom
15675.0,323.69,527,20,3,13,False,16259 - PIECE OF CAMO STATIONERY SET,United Kingdom
15676.0,3324.09,2231,191,5,12,False,22338 - STAR DECORATION PAINTED ZINC ,United Kingdom
15677.0,657.23,319,33,1,15,False,22909 - SET OF 20 VINTAGE CHRISTMAS NAPKINS,United Kingdom
15678.0,352.7,184,12,1,9,False,85099B - JUMBO BAG RED RETROSPOT,United Kingdom
15679.0,781.28,1170,98,4,16,False,22995 - TRAVEL CARD WALLET SUKI,United Kingdom
15680.0,1333.68,952,61,3,14,False,22151 - PLACE SETTING WHITE HEART,United Kingdom
15681.0,946.36,556,32,6,16,True,84978 - HANGING HEART JAR T-LIGHT HOLDER,United Kingdom
15683.0,193.75,131,10,1,12,False,22741 - FUNKY DIVA PEN,United Kingdom
15687.0,2981.5,1308,119,11,9,True,21977 - PACK OF 60 PINK PAISLEY CAKE CASES,United Kingdom
15689.0,254.1,84,8,2,9,False,22781 - GUMBALL MAGAZINE RACK,United Kingdom
15690.0,239.76,408,19,2,11,False,22267 - EASTER DECORATION EGG BUNNY ,United Kingdom
15691.0,136.8,72,2,1,15,False,22584 - PACK OF 6 PANNETONE GIFT BOXES,United Kingdom
15692.0,191.04,138,12,1,14,False,21015 - DARK BIRD HOUSE TREE DECORATION,United Kingdom
15694.0,6423.6,1665,42,15,9,False,21137 - BLACK RECORD COVER FRAME,United Kingdom
15695.0,409.98,212,22,2,8,True,22616 - PACK OF 12 LONDON TISSUES ,United Kingdom
15696.0,2644.46,1022,140,12,11,False,40016 - CHINESE DRAGON PAPER LANTERNS,United Kingdom
15699.0,309.65,113,18,1,8,False,22151 - PLACE SETTING WHITE HEART,United Kingdom
15700.0,664.03,328,85,3,16,True,22922 - FRIDGE MAGNETS US DINER ASSORTED,United Kingdom
15701.0,1542.14,923,193,4,14,False,21802 - CHRISTMAS TREE HEART DECORATION,United Kingdom
15703.0,211.5,66,5,1,10,False,22499 - WOODEN UNION JACK BUNTING,United Kingdom
15704.0,2293.62,1028,79,4,13,True,84879 - ASSORTED COLOUR BIRD ORNAMENT,United Kingdom
15705.0,143.1,62,6,1,15,False,22178 - VICTORIAN GLASS HANGING T-LIGHT,United Kingdom
15706.0,1001.81,305,50,7,10,False,21790 - VINTAGE SNAP CARDS,United Kingdom
15707.0,945.58,605,126,4,14,False,22816 - CARD MOTORBIKE SANTA,United Kingdom
15708.0,3329.72,1258,124,11,11,True,85175 - CACTI T-LIGHT CANDLES,United Kingdom
15709.0,133.25,121,6,1,10,False,79051A - SMOKEY GREY COLOUR D.O.F. GLASS,United Kingdom
15712.0,1072.36,486,41,5,11,False,22178 - VICTORIAN GLASS HANGING T-LIGHT,United Kingdom
15713.0,346.75,149,18,3,11,False,85123A - WHITE HANGING HEART T-LIGHT HOLDER,United Kingdom
15714.0,330.88,187,34,2,11,False,16169E - WRAP 50'S  CHRISTMAS,United Kingdom
15716.0,1118.81,744,101,4,12,False,22572 - ROCKING HORSE GREEN CHRISTMAS ,United Kingdom
15717.0,150.3,70,7,1,13,False,72351A - SET/6 TURQUOISE BUTTERFLY T-LIGHTS,United Kingdom
15719.0,5043.96,2724,299,14,12,False,85099B - JUMBO BAG RED RETROSPOT,United Kingdom
15720.0,598.73,281,128,1,14,False,22944 - CHRISTMAS METAL POSTCARD WITH BELLS,United Kingdom
15721.0,507.08,409,80,1,12,False,16045 - POPART WOODEN PENCILS ASST,United Kingdom
15722.0,2181.21,1021,47,6,11,True,90209C - PINK ENAMEL+GLASS HAIR COMB,United Kingdom
15723.0,203.1,87,37,1,11,False,22319 - HAIRCLIPS FORTIES FABRIC ASSORTED,United Kingdom
15724.0,212.3,72,11,3,10,False,21232 - STRAWBERRY CERAMIC TRINKET BOX,United Kingdom
15725.0,415.25,221,32,1,14,False,21666 - RIDGED GLASS T-LIGHT HOLDER,United Kingdom
15727.0,5178.96,3065,213,7,15,False,22197 - SMALL POPCORN HOLDER,United Kingdom
15729.0,62.0,24,5,2,12,False,22771 - CLEAR DRAWER KNOB ACRYLIC EDWARDIAN,United Kingdom
15730.0,1108.38,683,68,4,12,False,84077 - WORLD WAR 2 GLIDERS ASSTD DESIGNS,United Kingdom
15732.0,294.12,215,13,2,14,False,84077 - WORLD WAR 2 GLIDERS ASSTD DESIGNS,United Kingdom
15733.0,162.3,62,10,1,9,False,22469 - HEART OF WICKER SMALL,United Kingdom
15734.0,1339.45,346,25,2,10,False,47566 - PARTY BUNTING,United Kingdom
15737.0,1121.21,584,60,12,16,True,21318 - GLASS CHALICE BLUE SMALL ,United Kingdom
15738.0,4788.77,2967,46,19,12,True,21094 - SET/6 RED SPOTTY PAPER PLATES,United Kingdom
15739.0,449.12,472,8,1,13,False,23327 - HANGING CLEAR MINI BOTTLE,United Kingdom
15740.0,154.88,152,9,1,14,False,22944 - CHRISTMAS METAL POSTCARD WITH BELLS,United Kingdom
15743.0,784.46,216,59,4,10,False,22469 - HEART OF WICKER SMALL,United Kingdom
15744.0,34.8,120,3,1,9,False,22578 - WOODEN STAR CHRISTMAS SCANDINAVIAN,United Kingdom
15745.0,1071.24,412,57,6,10,False,21169 - YOU'RE CONFUSING ME METAL SIGN ,United Kingdom
15746.0,182.96,130,28,2,15,True,22616 - PACK OF 12 LONDON TISSUES ,United Kingdom
15747.0,974.04,480,52,3,11,False,22488 - NATURAL SLATE RECTANGLE CHALKBOARD,United Kingdom
15748.0,149.31,51,19,1,12,False,22306 - SILVER MUG BONE CHINA TREE OF LIFE,United Kingdom
15749.0,21535.9,9014,6,4,12,True,21108 - FAIRY CAKE FLANNEL ASSORTED COLOUR,United Kingdom
15750.0,2451.23,1779,214,9,12,True,22299 - PIG KEYRING WITH LIGHT & SOUND ,United Kingdom
15752.0,2628.93,1973,236,8,11,True,84596G - SMALL CHOCOLATES PINK BOWL,United Kingdom
15753.0,79.2,144,1,1,12,False,21326 - AGED GLASS SILVER T-LIGHT HOLDER,United Kingdom
15754.0,455.67,197,24,4,10,False,22147 - FELTCRAFT BUTTERFLY HEARTS,United Kingdom
15755.0,2318.88,1397,127,8,15,False,22091 - EMPIRE TISSUE BOX,United Kingdom
15756.0,532.96,242,160,4,14,False,17021 - NAMASTE SWAGAT INCENSE,United Kingdom
15757.0,714.42,491,43,2,11,False,84077 - WORLD WAR 2 GLIDERS ASSTD DESIGNS,United Kingdom
15758.0,205.25,47,9,1,10,False,22113 - GREY HEART HOT WATER BOTTLE,United Kingdom
15759.0,253.04,60,5,3,15,False,22607 - WOODEN ROUNDERS GARDEN SET ,United Kingdom
15762.0,583.75,251,37,2,15,False,22952 - 60 CAKE CASES VINTAGE CHRISTMAS,United Kingdom
15763.0,1048.67,268,58,3,9,False,22571 - ROCKING HORSE RED CHRISTMAS ,United Kingdom
15764.0,3245.47,2036,150,10,17,True,84077 - WORLD WAR 2 GLIDERS ASSTD DESIGNS,United Kingdom
15766.0,315.06,170,11,1,17,False,22530 - MAGIC DRAWING SLATE DOLLY GIRL ,United Kingdom
15768.0,581.83,243,24,4,10,False,23230 - WRAP ALPHABET DESIGN,United Kingdom
15769.0,51823.72,27660,26,29,10,True,85099B - JUMBO BAG RED RETROSPOT,United Kingdom
15773.0,635.68,311,10,1,12,False,21912 - VINTAGE SNAKES & LADDERS,United Kingdom
15774.0,270.8,87,25,1,12,False,23333 - IVORY WICKER HEART MEDIUM,United Kingdom
15775.0,104.9,68,7,1,12,False,22772 - PINK DRAWER KNOB ACRYLIC EDWARDIAN,United Kingdom
15776.0,241.62,138,18,1,13,False,22610 - PENS ASSORTED FUNNY FACE,United Kingdom
15777.0,1021.61,375,18,5,10,True,21348 - PINK SPOTS CHOCOLATE NESTING BOXES ,United Kingdom
15780.0,475.28,220,26,3,9,False,21212 - PACK OF 72 RETROSPOT CAKE CASES,United Kingdom
15781.0,333.56,178,20,4,9,False,22340 - NOEL GARLAND PAINTED ZINC ,United Kingdom
15782.0,2593.94,863,34,4,9,False,23217 - LAUREL HEART ANTIQUE SILVER,United Kingdom
15783.0,246.3,212,14,1,9,False,22338 - STAR DECORATION PAINTED ZINC ,United Kingdom
15785.0,2303.75,1594,58,8,14,True,22197 - SMALL POPCORN HOLDER,United Kingdom
15786.0,4834.2,3331,257,5,13,True,23230 - WRAP ALPHABET DESIGN,United Kingdom
15787.0,948.05,540,156,3,14,True,22816 - CARD MOTORBIKE SANTA,United Kingdom
15789.0,351.3,438,25,1,14,False,21873 - IF YOU CAN'T STAND THE HEAT MUG,United Kingdom
15790.0,220.85,114,34,1,14,False,22816 - CARD MOTORBIKE SANTA,United Kingdom
15791.0,1604.44,730,66,3,10,False,21080 - SET/20 RED RETROSPOT PAPER NAPKINS ,United Kingdom
15793.0,948.96,552,6,4,9,False,23084 - RABBIT NIGHT LIGHT,United Kingdom
15795.0,610.01,581,42,1,10,False,22610 - PENS ASSORTED FUNNY FACE,United Kingdom
15796.0,2666.61,859,71,10,11,False,22699 - ROSES REGENCY TEACUP AND SAUCER ,United Kingdom
15797.0,2207.4,873,8,4,10,False,23200 - JUMBO BAG PEARS,United Kingdom
15799.0,884.14,955,94,3,15,False,16045 - POPART WOODEN PENCILS ASST,United Kingdom
15800.0,699.08,335,116,2,12,False,23076 - ICE CREAM SUNDAE LIP GLOSS,United Kingdom
15801.0,1042.19,562,61,4,9,False,21823 - PAINTED METAL HEART WITH HOLLY BELL,United Kingdom
15803.0,415.82,290,8,1,14,False,22585 - PACK OF 6 BIRDY GIFT TAGS,United Kingdom
15804.0,3848.55,2515,170,19,9,True,84077 - WORLD WAR 2 GLIDERS ASSTD DESIGNS,United Kingdom
15805.0,5452.17,3337,220,20,12,True,"84212 - ASSORTED FLOWER COLOUR ""LEIS""",United Kingdom
15806.0,784.58,602,24,3,9,False,84077 - WORLD WAR 2 GLIDERS ASSTD DESIGNS,United Kingdom
15807.0,903.9,430,48,3,14,True,21210 - SET OF 72 RETROSPOT PAPER  DOILIES,United Kingdom
15808.0,3724.77,1341,143,5,14,True,85099B - JUMBO BAG RED RETROSPOT,United Kingdom
15809.0,399.21,251,31,6,15,False,21398 - RED POLKADOT COFFEE  MUG,United Kingdom
15810.0,1145.43,737,66,7,9,True,22333 - RETROSPOT PARTY BAG + STICKER SET,United Kingdom
15811.0,2171.32,1061,117,9,15,False,21811 - HANGING HEART WITH BELL,United Kingdom
15812.0,1801.14,922,36,5,12,False,47469 - ASSORTED SHAPES PHOTO CLIP SILVER ,United Kingdom
15813.0,1303.91,603,40,2,8,False,23170 - REGENCY TEA PLATE ROSES ,United Kingdom
15814.0,1842.73,1247,64,6,14,True,22338 - STAR DECORATION PAINTED ZINC ,United Kingdom
15815.0,2100.6,1856,33,5,12,False,21914 - BLUE HARMONICA IN BOX ,United Kingdom
15819.0,1905.45,1357,96,4,14,False,16235 - RECYCLED PENCIL WITH RABBIT ERASER,United Kingdom
15820.0,206.98,128,17,1,12,False,22771 - CLEAR DRAWER KNOB ACRYLIC EDWARDIAN,United Kingdom
15821.0,570.96,202,57,2,13,False,22384 - LUNCH BAG PINK POLKADOT,United Kingdom
15822.0,885.47,375,28,2,13,False,21385 - IVORY HANGING DECORATION  HEART,United Kingdom
15825.0,532.94,220,20,1,13,False,46000S - POLYESTER FILLER PAD 40x40cm,United Kingdom
15826.0,1649.36,962,64,4,16,True,22740 - POLKADOT PEN,United Kingdom
15827.0,1641.48,842,73,20,11,True,21975 - PACK OF 60 DINOSAUR CAKE CASES,United Kingdom
15829.0,636.14,996,44,2,10,False,22091 - EMPIRE TISSUE BOX,United Kingdom
15830.0,547.7,409,39,2,10,False,16169E - WRAP 50'S  CHRISTMAS,United Kingdom
15831.0,747.76,1097,64,4,13,True,16008 - SMALL FOLDING SCISSOR(POINTED EDGE),United Kingdom
15832.0,836.79,465,54,1,15,False,21786 - POLKADOT RAIN HAT ,United Kingdom
15834.0,2084.9,961,243,6,14,True,84945 - MULTI COLOUR SILVER T-LIGHT HOLDER,United Kingdom
15835.0,954.09,439,47,4,10,False,22074 - 6 RIBBONS SHIMMERING PINKS ,United Kingdom
15836.0,117.47,24,10,2,15,False,84879 - ASSORTED COLOUR BIRD ORNAMENT,United Kingdom
15837.0,391.98,189,24,1,9,False,22578 - WOODEN STAR CHRISTMAS SCANDINAVIAN,United Kingdom
15838.0,33350.76,9007,56,21,13,True,85099B - JUMBO BAG RED RETROSPOT,United Kingdom
15839.0,1020.74,670,56,5,13,False,16219 - HOUSE SHAPE PENCIL SHARPENER,United Kingdom
15840.0,345.66,394,26,3,9,False,84077 - WORLD WAR 2 GLIDERS ASSTD DESIGNS,United Kingdom
15841.0,1209.1,926,36,6,13,False,47566 - PARTY BUNTING,United Kingdom
15843.0,118.95,27,8,1,10,False,22697 - GREEN REGENCY TEACUP AND SAUCER,United Kingdom
15844.0,130.74,134,11,1,15,False,22577 - WOODEN HEART CHRISTMAS SCANDINAVIAN,United Kingdom
15845.0,3650.87,1918,97,10,9,False,84879 - ASSORTED COLOUR BIRD ORNAMENT,United Kingdom
15847.0,389.27,449,22,2,14,False,84568 - GIRLS ALPHABET IRON ON PATCHES ,United Kingdom
15850.0,238.85,302,87,2,14,False,22609 - PENS ASSORTED SPACEBALL,United Kingdom
15852.0,160.71,48,22,2,11,False,23040 - PAPER LANTERN 9 POINT SNOW STAR ,United Kingdom
15853.0,110.8,135,29,1,10,False,21500 - PINK POLKADOT WRAP ,United Kingdom
15854.0,2974.65,939,105,12,13,True,15056BL - EDWARDIAN PARASOL BLACK,United Kingdom
15855.0,712.24,470,59,5,10,False,22355 - CHARLOTTE BAG SUKI DESIGN,United Kingdom
15856.0,16173.67,10941,297,31,17,True,22197 - SMALL POPCORN HOLDER,United Kingdom
15857.0,297.0,308,14,1,12,False,84945 - MULTI COLOUR SILVER T-LIGHT HOLDER,United Kingdom
15858.0,1438.85,1167,145,5,9,False,"21506 - FANCY FONT BIRTHDAY CARD, ",United Kingdom
15860.0,977.21,440,105,8,11,False,17003 - BROCADE RING PURSE ,United Kingdom
15861.0,3000.36,2543,339,9,20,True,22197 - SMALL POPCORN HOLDER,United Kingdom
15862.0,832.88,585,142,4,11,False,16259 - PIECE OF CAMO STATIONERY SET,United Kingdom
15863.0,68.84,19,18,2,11,False,23084 - RABBIT NIGHT LIGHT,United Kingdom
15864.0,1769.78,1044,16,8,10,True,22791 - T-LIGHT GLASS FLUTED ANTIQUE,United Kingdom
15865.0,895.13,368,37,3,9,False,22492 - MINI PAINT SET VINTAGE ,United Kingdom
15866.0,230.53,126,43,1,14,False,23230 - WRAP ALPHABET DESIGN,United Kingdom
15867.0,3797.79,2052,302,16,15,True,21498 - RED RETROSPOT WRAP ,United Kingdom
15869.0,149.64,175,13,2,17,True,21504 - SKULLS GREETING CARD,United Kingdom
15870.0,354.09,335,68,1,10,False,16169E - WRAP 50'S  CHRISTMAS,United Kingdom
15872.0,360.93,212,101,2,11,True,22616 - PACK OF 12 LONDON TISSUES ,United Kingdom
15874.0,4330.67,2506,123,9,12,True,22492 - MINI PAINT SET VINTAGE ,United Kingdom
15877.0,440.78,246,122,3,11,True,22178 - VICTORIAN GLASS HANGING T-LIGHT,United Kingdom
15880.0,313.28,187,95,2,13,True,21326 - AGED GLASS SILVER T-LIGHT HOLDER,United Kingdom
15881.0,438.24,199,26,8,16,True,22820 - GIFT BAG BIRTHDAY,United Kingdom
15882.0,495.36,266,23,5,13,True,23076 - ICE CREAM SUNDAE LIP GLOSS,United Kingdom
15883.0,396.48,223,42,2,14,False,21108 - FAIRY CAKE FLANNEL ASSORTED COLOUR,United Kingdom
15885.0,379.35,111,18,3,10,False,23170 - REGENCY TEA PLATE ROSES ,United Kingdom
15886.0,181.09,147,12,1,14,False,20668 - DISCO BALL CHRISTMAS DECORATION,United Kingdom
15888.0,141.27,60,11,2,9,False,23296 - SET OF 6 TEA TIME BAKING CASES,United Kingdom
15889.0,446.87,215,79,2,11,False,21830 - ASSORTED CREEPY CRAWLIES,United Kingdom
15891.0,524.52,442,60,1,12,False,22529 - MAGIC DRAWING SLATE GO TO THE FAIR ,United Kingdom
15894.0,263.55,168,35,2,13,False,23077 - DOUGHNUT LIP GLOSS ,United Kingdom
15895.0,179.17,94,11,1,10,False,22033 - BOTANICAL ROSE GREETING CARD,United Kingdom
15897.0,222.05,261,17,2,13,True,15039 - SANDALWOOD FAN,United Kingdom
15898.0,1384.68,568,70,6,10,False,22900 -  SET 2 TEA TOWELS I LOVE LONDON ,United Kingdom
15899.0,56.25,39,4,1,10,False,21289 - LARGE STRIPES CHOCOLATE GIFT BAG,United Kingdom
15900.0,351.11,221,44,1,12,False,21810 - CHRISTMAS HANGING STAR WITH BELL,United Kingdom
15901.0,363.88,384,102,3,12,False,16259 - PIECE OF CAMO STATIONERY SET,United Kingdom
15903.0,5126.34,2409,46,8,13,False,22632 - HAND WARMER RED RETROSPOT,United Kingdom
15904.0,164.68,84,30,1,14,False,23090 - VINTAGE GLASS T-LIGHT HOLDER,United Kingdom
15906.0,1521.79,538,114,8,13,True,21212 - PACK OF 72 RETROSPOT CAKE CASES,United Kingdom
15907.0,967.45,509,175,3,12,False,79030G - TUMBLER NEW ENGLAND,United Kingdom
15909.0,191.94,98,7,1,10,False,22697 - GREEN REGENCY TEACUP AND SAUCER,United Kingdom
15910.0,1232.18,1015,215,8,11,False,23309 - SET OF 60 I LOVE LONDON CAKE CASES ,United Kingdom
15912.0,264.62,185,19,2,14,False,21499 - BLUE POLKADOT WRAP,United Kingdom
15916.0,1491.24,752,125,10,13,True,16054 - POPART RECT PENCIL SHARPENER ASST,United Kingdom
15917.0,123.1,42,12,1,10,False,35911A - MULTICOLOUR RABBIT EGG WARMER,United Kingdom
15918.0,334.23,153,33,2,11,False,22319 - HAIRCLIPS FORTIES FABRIC ASSORTED,United Kingdom
15919.0,639.89,545,103,2,11,False,21497 - FANCY FONTS BIRTHDAY WRAP,United Kingdom
15920.0,167.5,99,53,4,15,True,22030 - SWALLOWS GREETING CARD,United Kingdom
15921.0,336.03,166,24,1,11,False,21135 - VICTORIAN  METAL POSTCARD SPRING,United Kingdom
15922.0,363.6,136,11,2,13,False,20867 - PINK ROSE FABRIC MIRROR,United Kingdom
15923.0,127.08,122,21,1,12,False,16235 - RECYCLED PENCIL WITH RABBIT ERASER,United Kingdom
15925.0,207.15,93,12,1,15,False,23170 - REGENCY TEA PLATE ROSES ,United Kingdom
15930.0,426.63,139,21,1,14,False,22086 - PAPER CHAIN KIT 50'S CHRISTMAS ,United Kingdom
15932.0,2461.85,2311,93,11,12,False,37342 - POLKADOT COFFEE CUP & SAUCER PINK,United Kingdom
15933.0,1107.46,885,63,3,12,False,23186 - FRENCH STYLE STORAGE JAR CAFE ,United Kingdom
15935.0,416.86,115,12,2,9,False,22027 - TEA PARTY BIRTHDAY CARD,United Kingdom
15937.0,145.35,73,7,1,15,False,22441 - GROW YOUR OWN BASIL IN ENAMEL MUG,United Kingdom
15938.0,404.58,240,13,5,10,False,22178 - VICTORIAN GLASS HANGING T-LIGHT,United Kingdom
15939.0,6102.26,4725,28,16,14,True,22151 - PLACE SETTING WHITE HEART,United Kingdom
15940.0,31.8,3,2,2,16,True,35400 - WOODEN BOX ADVENT CALENDAR ,United Kingdom
15942.0,337.44,232,14,1,9,False,21892 - TRADITIONAL WOODEN CATCH CUP GAME ,United Kingdom
15944.0,325.1,50,6,1,10,False,22423 - REGENCY CAKESTAND 3 TIER,United Kingdom
15945.0,181.0,52,2,1,13,False,84360 - TABLE LAMP WHITE SHADE WOOD BASE,United Kingdom
15947.0,1708.24,898,29,1,10,False,20713 - JUMBO BAG OWLS,United Kingdom
15948.0,955.24,567,51,2,8,False,22492 - MINI PAINT SET VINTAGE ,United Kingdom
15949.0,364.72,284,12,2,9,False,85199S - SMALL HANGING IVORY/RED WOOD BIRD,United Kingdom
15950.0,1705.26,722,86,5,11,False,85099B - JUMBO BAG RED RETROSPOT,United Kingdom
15951.0,669.57,306,36,3,8,False,84755 - COLOUR GLASS T-LIGHT HOLDER HANGING,United Kingdom
15952.0,806.57,399,65,4,12,False,21824 - PAINTED METAL STAR WITH HOLLY BELLS,United Kingdom
15953.0,1634.53,885,65,10,11,True,85123A - WHITE HANGING HEART T-LIGHT HOLDER,United Kingdom
15955.0,4389.81,2124,137,16,11,True,23203 - JUMBO BAG VINTAGE DOILY ,United Kingdom
15957.0,428.89,211,40,1,12,False,20956 - PORCELAIN T-LIGHT HOLDERS ASSORTED,United Kingdom
15958.0,104.35,33,7,1,13,False,21793 - CLASSIC FRENCH STYLE BASKET BROWN,United Kingdom
15963.0,470.76,298,26,2,11,False,21616 - 4 PEAR BOTANICAL DINNER CANDLES,United Kingdom
15965.0,845.64,453,88,4,10,True,23310 - BUBBLEGUM RING ASSORTED,United Kingdom
15967.0,418.83,211,73,2,11,False,20983 - 12 PENCILS TALL TUBE RED RETROSPOT,United Kingdom
15969.0,582.9,120,20,4,8,False,20839 - FRENCH PAISLEY CUSHION COVER ,United Kingdom
15970.0,314.1,116,11,1,12,False,22551 - PLASTERS IN TIN SPACEBOY,United Kingdom
15971.0,4199.85,1717,10,12,10,True,85099B - JUMBO BAG RED RETROSPOT,United Kingdom
15973.0,99.77,87,4,3,9,False,21870 - I CAN ONLY PLEASE ONE PERSON MUG,United Kingdom
15974.0,3429.55,2256,141,8,10,False,17038 - PORCELAIN BUDAH INCENSE HOLDER,United Kingdom
15975.0,371.01,243,24,1,13,False,23378 - PACK OF 12 50'S CHRISTMAS TISSUES,United Kingdom
15976.0,430.94,277,83,2,13,False,21829 - DINOSAUR KEYRINGS ASSORTED,United Kingdom
15977.0,1054.73,1016,48,2,13,False,21810 - CHRISTMAS HANGING STAR WITH BELL,United Kingdom
15978.0,1098.78,888,49,1,15,False,22741 - FUNKY DIVA PEN,United Kingdom
15980.0,2398.86,1560,40,3,9,True,21917 - SET 12 KIDS  WHITE CHALK STICKS,United Kingdom
15981.0,3408.48,1866,53,8,8,False,21977 - PACK OF 60 PINK PAISLEY CAKE CASES,United Kingdom
15983.0,1475.02,892,82,4,12,False,22294 - HEART FILIGREE DOVE  SMALL,United Kingdom
15984.0,2816.97,1833,217,11,12,True,22578 - WOODEN STAR CHRISTMAS SCANDINAVIAN,United Kingdom
15985.0,1037.42,836,29,3,11,False,22916 - HERB MARKER THYME,United Kingdom
15986.0,168.12,268,14,1,15,False,22577 - WOODEN HEART CHRISTMAS SCANDINAVIAN,United Kingdom
15987.0,1451.28,1556,110,7,9,True,79164 - BLACK WINE GLASS,United Kingdom
15988.0,158.03,181,26,1,13,False,16045 - POPART WOODEN PENCILS ASST,United Kingdom
15990.0,792.11,443,52,2,15,False,22130 - PARTY CONE CHRISTMAS DECORATION ,United Kingdom
15992.0,41.99,17,3,1,11,False,21136 - PAINTED METAL PEARS ASSORTED,United Kingdom
15993.0,2756.82,2042,336,10,10,True,23077 - DOUGHNUT LIP GLOSS ,United Kingdom
15994.0,427.07,177,31,1,12,False,23217 - LAUREL HEART ANTIQUE SILVER,United Kingdom
15996.0,1044.78,382,103,7,15,True,22705 - WRAP GREEN PEARS ,United Kingdom
15998.0,3084.17,2037,373,6,10,True,23230 - WRAP ALPHABET DESIGN,United Kingdom
16000.0,12393.7,5110,9,3,12,True,22457 - NATURAL SLATE HEART CHALKBOARD ,United Kingdom
16003.0,2735.37,1185,82,5,9,True,22050 - PINK PAISLEY ROSE GIFT WRAP,United Kingdom
16005.0,615.39,300,173,4,13,True,22818 - CARD CHRISTMAS VILLAGE,United Kingdom
16006.0,101.4,84,8,1,13,False,21980 - PACK OF 12 RED RETROSPOT TISSUES ,United Kingdom
16007.0,1701.94,1393,221,4,13,False,84077 - WORLD WAR 2 GLIDERS ASSTD DESIGNS,United Kingdom
16008.0,478.78,323,29,3,10,False,20992 - JAZZ HEARTS PURSE NOTEBOOK,United Kingdom
16009.0,992.71,378,68,4,11,False,23084 - RABBIT NIGHT LIGHT,United Kingdom
16010.0,407.5,210,62,3,10,False,85123A - WHITE HANGING HEART T-LIGHT HOLDER,United Kingdom
16011.0,3362.71,2042,99,16,16,False,21669 - BLUE STRIPE CERAMIC DRAWER KNOB,United Kingdom
16012.0,1415.29,799,87,3,11,False,23160 - REGENCY TEA SPOON,United Kingdom
16013.0,33366.25,13845,34,54,11,True,71477 - COLOUR GLASS. STAR T-LIGHT HOLDER,United Kingdom
16014.0,653.13,261,123,4,11,False,21231 - SWEETHEART CERAMIC TRINKET BOX,United Kingdom
16015.0,690.54,906,146,4,11,True,22185 - SLATE TILE NATURAL HANGING,United Kingdom
16016.0,1483.31,618,156,10,13,True,22469 - HEART OF WICKER SMALL,United Kingdom
16017.0,211.88,102,26,1,12,False,22479 - DAISY GARDEN MARKER,United Kingdom
16018.0,408.9,190,26,2,13,False,21817 - GLITTER CHRISTMAS TREE,United Kingdom
16019.0,3450.24,1649,133,10,10,False,21497 - FANCY FONTS BIRTHDAY WRAP,United Kingdom
16020.0,851.01,487,42,3,11,True,23376 - PACK OF 12 VINTAGE CHRISTMAS TISSUE,United Kingdom
16022.0,628.28,261,68,1,13,False,23000 - TRAVEL CARD WALLET TRANSPORT,United Kingdom
16023.0,719.81,358,90,3,13,False,16161P - WRAP ENGLISH ROSE ,United Kingdom
16024.0,251.24,398,61,1,13,False,21403 - BLUE EGG  SPOON,United Kingdom
16025.0,439.66,338,28,1,11,False,21212 - PACK OF 72 RETROSPOT CAKE CASES,United Kingdom
16026.0,236.09,243,30,1,13,False,84950 - ASSORTED COLOUR T-LIGHT HOLDER,United Kingdom
16027.0,852.12,1146,12,7,10,False,21326 - AGED GLASS SILVER T-LIGHT HOLDER,United Kingdom
16029.0,50992.61,32148,46,76,11,True,22693 - GROW A FLYTRAP OR SUNFLOWER IN TIN,United Kingdom
16030.0,331.24,283,28,1,11,False,21985 - PACK OF 12 HEARTS DESIGN TISSUES ,United Kingdom
16031.0,548.94,423,91,2,13,False,16161P - WRAP ENGLISH ROSE ,United Kingdom
16033.0,8727.61,3516,539,27,12,True,21165 - BEWARE OF THE CAT METAL SIGN ,United Kingdom
16034.0,437.7,242,18,3,11,False,22156 - HEART DECORATION WITH PEARLS ,United Kingdom
16036.0,758.92,716,55,2,13,False,17084R - ASSORTED INCENSE PACK,United Kingdom
16037.0,855.02,428,37,3,9,False,21975 - PACK OF 60 DINOSAUR CAKE CASES,United Kingdom
16038.0,454.33,241,24,4,11,False,21787 - RAIN PONCHO RETROSPOT,United Kingdom
16040.0,1313.55,684,57,3,9,False,21829 - DINOSAUR KEYRINGS ASSORTED,United Kingdom
16041.0,3166.4,1584,6,3,16,True,23300 - GARDENERS KNEELING PAD CUP OF TEA ,United Kingdom
16042.0,1147.37,745,68,7,13,True,22492 - MINI PAINT SET VINTAGE ,United Kingdom
16043.0,773.99,503,30,4,11,False,21326 - AGED GLASS SILVER T-LIGHT HOLDER,United Kingdom
16045.0,1340.7,897,71,4,10,False,22961 - JAM MAKING SET PRINTED,United Kingdom
16048.0,243.69,143,9,3,15,True,22632 - HAND WARMER RED RETROSPOT,United Kingdom
16049.0,1111.79,793,248,3,13,False,22816 - CARD MOTORBIKE SANTA,United Kingdom
16050.0,137.9,278,10,1,11,False,16259 - PIECE OF CAMO STATIONERY SET,United Kingdom
16052.0,362.06,282,34,1,15,False,21634 - ASSORTED MINI MADRAS NOTEBOOK,United Kingdom
16053.0,1511.95,1793,81,2,11,False,20668 - DISCO BALL CHRISTMAS DECORATION,United Kingdom
16054.0,783.9,380,70,1,13,False,84536A - ENGLISH ROSE NOTEBOOK A7 SIZE,United Kingdom
16055.0,134.8,22,8,1,9,False,22457 - NATURAL SLATE HEART CHALKBOARD ,United Kingdom
16056.0,664.85,347,66,1,15,False,22741 - FUNKY DIVA PEN,United Kingdom
16057.0,2140.22,833,109,10,15,True,22295 - HEART FILIGREE DOVE LARGE,United Kingdom
16059.0,1459.86,643,126,6,10,False,84978 - HANGING HEART JAR T-LIGHT HOLDER,United Kingdom
16062.0,1153.62,800,50,4,12,False,22086 - PAPER CHAIN KIT 50'S CHRISTMAS ,United Kingdom
16063.0,335.32,262,23,1,14,False,22418 - 10 COLOUR SPACEBOY PEN,United Kingdom
16065.0,372.09,231,71,1,13,False,22741 - FUNKY DIVA PEN,United Kingdom
16066.0,1521.87,936,77,5,11,False,22130 - PARTY CONE CHRISTMAS DECORATION ,United Kingdom
16070.0,852.15,457,32,2,15,False,16008 - SMALL FOLDING SCISSOR(POINTED EDGE),United Kingdom
16071.0,326.24,180,21,1,11,False,20971 - PINK BLUE FELT CRAFT TRINKET BOX,United Kingdom
16072.0,584.32,140,23,1,14,False,15034 - PAPER POCKET TRAVELING FAN ,United Kingdom
16073.0,94.35,37,1,2,12,False,22360 - GLASS JAR ENGLISH CONFECTIONERY,United Kingdom
16076.0,2173.53,1363,71,11,12,True,23301 - GARDENERS KNEELING PAD KEEP CALM ,United Kingdom
16078.0,79.2,16,1,1,9,False,22502 - PICNIC BASKET WICKER SMALL,United Kingdom
16079.0,1352.0,864,18,3,9,False,22086 - PAPER CHAIN KIT 50'S CHRISTMAS ,United Kingdom
16080.0,176.6,104,10,3,10,False,85099B - JUMBO BAG RED RETROSPOT,United Kingdom
16081.0,2806.9,1477,175,5,13,False,84879 - ASSORTED COLOUR BIRD ORNAMENT,United Kingdom
16083.0,1317.62,908,31,2,10,False,22197 - POPCORN HOLDER,United Kingdom
16084.0,436.18,216,38,1,16,False,21108 - FAIRY CAKE FLANNEL ASSORTED COLOUR,United Kingdom
16085.0,981.51,636,123,5,12,False,84077 - WORLD WAR 2 GLIDERS ASSTD DESIGNS,United Kingdom
16086.0,1119.31,510,24,6,13,False,85099B - JUMBO BAG RED RETROSPOT,United Kingdom
16091.0,315.06,154,16,2,8,False,23087 - ZINC  HEART T-LIGHT HOLDER,United Kingdom
16092.0,779.36,602,37,5,15,False,21975 - PACK OF 60 DINOSAUR CAKE CASES,United Kingdom
16093.0,17.0,20,1,1,11,False,15039 - SANDALWOOD FAN,United Kingdom
16094.0,1041.83,633,48,6,16,True,21977 - PACK OF 60 PINK PAISLEY CAKE CASES,United Kingdom
16096.0,320.62,155,12,1,13,False,22994 - TRAVEL CARD WALLET RETROSPOT,United Kingdom
16097.0,185.05,87,10,1,13,False,22560 - TRADITIONAL MODELLING CLAY,United Kingdom
16098.0,2005.63,613,34,7,9,False,22411 - JUMBO SHOPPER VINTAGE RED PAISLEY,United Kingdom
16099.0,731.9,434,29,3,8,False,23199 - JUMBO BAG APPLES,United Kingdom
16101.0,1245.96,738,76,3,10,False,22986 - WRAP GINGHAM ROSE ,United Kingdom
16102.0,1842.14,942,41,3,11,False,22952 - 60 CAKE CASES VINTAGE CHRISTMAS,United Kingdom
16103.0,1429.64,558,30,6,11,False,21654 - RIDGED GLASS FINGER BOWL,United Kingdom
16104.0,302.36,123,28,1,10,False,22970 - LONDON BUS COFFEE MUG,United Kingdom
16105.0,336.96,330,13,1,10,False,21746 - SMALL RED RETROSPOT WINDMILL,United Kingdom
16106.0,108.38,74,6,1,10,False,23271 - CHRISTMAS TABLE SILVER CANDLE SPIKE,United Kingdom
16107.0,3204.16,1176,16,7,12,False,23084 - RABBIT NIGHT LIGHT,United Kingdom
16108.0,816.1,599,48,2,11,True,84077 - WORLD WAR 2 GLIDERS ASSTD DESIGNS,United Kingdom
16109.0,611.88,612,18,2,9,False,84596B - SMALL DOLLY MIX DESIGN ORANGE BOWL,United Kingdom
16110.0,1337.48,733,283,3,14,False,21818 - GLITTER HEART DECORATION,United Kingdom
16112.0,195.74,574,15,4,11,False,21403 - BLUE EGG  SPOON,United Kingdom
16113.0,161.38,176,30,1,16,False,21829 - DINOSAUR KEYRINGS ASSORTED,United Kingdom
16114.0,135.75,43,8,1,10,False,22666 - RECIPE BOX PANTRY YELLOW DESIGN,United Kingdom
16115.0,1667.97,1001,169,8,12,False,71459 - HANGING JAM JAR T-LIGHT HOLDER,United Kingdom
16116.0,592.88,246,34,2,9,False,85016 - SET OF 6 VINTAGE NOTELETS KIT,United Kingdom
16117.0,232.21,130,30,1,11,False,84978 - HANGING HEART JAR T-LIGHT HOLDER,United Kingdom
16119.0,423.36,240,14,2,10,False,22759 - SET OF 3 NOTEBOOKS IN PARCEL,United Kingdom
16120.0,1294.14,866,26,5,14,True,20992 - JAZZ HEARTS PURSE NOTEBOOK,United Kingdom
16121.0,867.11,586,170,2,11,False,84879 - ASSORTED COLOUR BIRD ORNAMENT,United Kingdom
16122.0,684.42,1128,26,4,10,False,23365 - SET 12 COLOUR PENCILS LOVE LONDON,United Kingdom
16123.0,307.78,170,16,1,9,False,22998 - TRAVEL CARD WALLET KEEP CALM,United Kingdom
16124.0,187.15,41,11,2,14,False,84978 - HANGING HEART JAR T-LIGHT HOLDER,United Kingdom
16125.0,289.35,124,13,1,15,False,21499 - BLUE POLKADOT WRAP,United Kingdom
16126.0,6287.77,2125,57,4,10,False,22077 - 6 RIBBONS RUSTIC CHARM,United Kingdom
16127.0,656.25,323,40,1,13,False,22077 - 6 RIBBONS RUSTIC CHARM,United Kingdom
16128.0,1880.22,988,76,5,12,False,22866 - HAND WARMER SCOTTY DOG DESIGN,United Kingdom
16131.0,3506.54,1802,55,6,11,True,82582 - AREA PATROLLED METAL SIGN,United Kingdom
16133.0,14305.66,8738,221,46,10,True,21916 - SET 12 RETRO WHITE CHALK STICKS,United Kingdom
16134.0,603.69,357,34,3,10,False,21495 - SKULLS AND CROSSBONES WRAP,United Kingdom
16135.0,517.55,209,21,1,12,False,21977 - PACK OF 60 PINK PAISLEY CAKE CASES,United Kingdom
16136.0,709.38,440,35,3,9,False,22151 - PLACE SETTING WHITE HEART,United Kingdom
16139.0,635.41,330,25,3,8,False,22959 - WRAP CHRISTMAS VILLAGE,United Kingdom
16140.0,703.77,727,33,4,10,True,23144 - ZINC T-LIGHT HOLDER STARS SMALL,United Kingdom
16141.0,620.4,238,30,1,13,False,21918 - SET 12 KIDS COLOUR  CHALK STICKS,United Kingdom
16142.0,535.34,422,37,1,10,False,22741 - FUNKY DIVA PEN,United Kingdom
16143.0,2419.84,917,75,7,8,False,22470 - HEART OF WICKER LARGE,United Kingdom
16144.0,175.2,16,1,1,10,False,22423 - REGENCY CAKESTAND 3 TIER,United Kingdom
16145.0,3741.98,3072,134,18,10,False,22610 - PENS ASSORTED FUNNY FACE,United Kingdom
16146.0,734.13,427,26,3,8,False,22771 - CLEAR DRAWER KNOB ACRYLIC EDWARDIAN,United Kingdom
16147.0,375.0,246,22,1,9,False,84077 - WORLD WAR 2 GLIDERS ASSTD DESIGNS,United Kingdom
16148.0,76.32,72,1,1,14,False,84946 - ANTIQUE SILVER TEA GLASS ETCHED,United Kingdom
16149.0,280.52,308,18,2,11,False,22154 - ANGEL DECORATION 3 BUTTONS ,United Kingdom
16150.0,1906.07,1004,91,10,9,False,23182 - TOILET SIGN OCCUPIED OR VACANT,United Kingdom
16152.0,1829.04,642,29,1,9,False,21746 - SMALL RED RETROSPOT WINDMILL,United Kingdom
16153.0,1824.23,1073,78,5,9,False,21231 - SWEETHEART CERAMIC TRINKET BOX,United Kingdom
16156.0,3024.62,1270,109,13,11,False,22910 - PAPER CHAIN KIT VINTAGE CHRISTMAS,United Kingdom
16157.0,644.24,344,12,4,11,False,21313 - GLASS HEART T-LIGHT HOLDER ,United Kingdom
16159.0,348.2,236,14,1,12,False,21385 - IVORY HANGING DECORATION  HEART,United Kingdom
16160.0,1009.45,1153,20,4,10,False,84077 - WORLD WAR 2 GLIDERS ASSTD DESIGNS,United Kingdom
16161.0,5352.97,2506,293,26,12,True,23103 - JINGLE BELL HEART DECORATION,United Kingdom
16162.0,37.4,4,2,1,15,False,21259 - VICTORIAN SEWING BOX SMALL ,United Kingdom
16163.0,441.6,92,5,3,15,False,47566 - PARTY BUNTING,United Kingdom
16164.0,802.53,432,27,4,10,False,23109 - PACK OF SIX LED TEA LIGHTS,United Kingdom
16168.0,3770.6,1888,57,28,12,True,75049L - LARGE CIRCULAR MIRROR MOBILE,United Kingdom
16169.0,1822.97,1325,71,4,15,False,22599 - CHRISTMAS MUSICAL ZINC STAR,United Kingdom
16170.0,1880.42,1766,106,7,10,False,23310 - BUBBLEGUM RING ASSORTED,United Kingdom
16171.0,73.2,24,3,1,14,False,22077 - 6 RIBBONS RUSTIC CHARM,United Kingdom
16172.0,1140.21,787,52,5,13,True,22492 - MINI PAINT SET VINTAGE ,United Kingdom
16173.0,1406.57,571,70,7,10,True,20981 - 12 PENCILS TALL TUBE WOODLAND,United Kingdom
16174.0,1009.55,651,19,3,9,False,23078 - ICE CREAM PEN LIP GLOSS ,United Kingdom
16175.0,1037.59,533,45,4,14,False,22295 - HEART FILIGREE DOVE LARGE,United Kingdom
16177.0,331.95,95,15,1,12,False,22077 - 6 RIBBONS RUSTIC CHARM,United Kingdom
16178.0,197.9,94,8,1,16,False,23263 - SET OF 3 WOODEN HEART DECORATIONS,United Kingdom
16179.0,215.83,99,11,1,9,False,23378 - PACK OF 12 50'S CHRISTMAS TISSUES,United Kingdom
16180.0,10217.48,5853,92,10,10,True,23199 - JUMBO BAG APPLES,United Kingdom
16181.0,305.54,152,11,1,13,False,21352 - EUCALYPTUS & PINECONE  WREATH,United Kingdom
16182.0,6617.65,3791,17,4,10,False,85099B - JUMBO BAG RED RETROSPOT,United Kingdom
16183.0,338.71,113,15,1,14,False,23263 - SET OF 3 WOODEN HEART DECORATIONS,United Kingdom
16184.0,1155.54,560,26,7,13,False,22178 - VICTORIAN GLASS HANGING T-LIGHT,United Kingdom
16185.0,529.41,260,31,2,9,False,84991 - 60 TEATIME FAIRY CAKE CASES,United Kingdom
16186.0,3991.94,3008,87,13,13,True,22741 - FUNKY DIVA PEN,United Kingdom
16187.0,6841.24,5004,160,17,9,True,22741 - FUNKY DIVA PEN,United Kingdom
16188.0,981.86,782,65,4,9,False,22161 - HEART DECORATION RUSTIC HANGING ,United Kingdom
16189.0,215.48,134,9,2,11,False,22771 - CLEAR DRAWER KNOB ACRYLIC EDWARDIAN,United Kingdom
16190.0,215.08,88,6,1,15,False,23326 - HANGING MINI COLOURED BOTTLES,United Kingdom
16191.0,4913.32,3203,67,25,11,True,22834 - HAND WARMER BABUSHKA DESIGN,United Kingdom
16193.0,314.45,219,19,1,11,False,84077 - WORLD WAR 2 GLIDERS ASSTD DESIGNS,United Kingdom
16198.0,400.68,129,15,1,14,False,46000M - POLYESTER FILLER PAD 45x45cm,United Kingdom
16200.0,1080.62,523,149,2,14,False,84879 - ASSORTED COLOUR BIRD ORNAMENT,United Kingdom
16201.0,1821.52,1267,74,5,10,False,84879 - ASSORTED COLOUR BIRD ORNAMENT,United Kingdom
16202.0,365.27,191,18,1,10,False,22294 - HEART FILIGREE DOVE  SMALL,United Kingdom
16203.0,589.15,261,27,5,12,False,21914 - BLUE HARMONICA IN BOX ,United Kingdom
16204.0,405.71,231,45,1,13,False,23078 - ICE CREAM PEN LIP GLOSS ,United Kingdom
16205.0,761.38,517,73,4,9,False,23310 - BUBBLEGUM RING ASSORTED,United Kingdom
16206.0,537.06,272,52,4,10,False,22470 - HEART OF WICKER LARGE,United Kingdom
16207.0,394.38,140,19,1,13,False,23359 - SET OF 12 T-LIGHTS VINTAGE DOILY,United Kingdom
16208.0,664.26,333,61,2,11,False,16161P - WRAP ENGLISH ROSE ,United Kingdom
16209.0,2262.62,1179,37,5,11,False,21137 - BLACK RECORD COVER FRAME,United Kingdom
16210.0,21086.3,7559,74,18,12,True,21137 - BLACK RECORD COVER FRAME,United Kingdom
16211.0,542.77,153,23,2,12,False,22423 - REGENCY CAKESTAND 3 TIER,United Kingdom
16212.0,681.19,241,40,3,12,False,20972 - PINK CREAM FELT CRAFT TRINKET BOX ,United Kingdom
16213.0,159.0,48,6,1,10,False,22077 - 6 RIBBONS RUSTIC CHARM,United Kingdom
16214.0,1062.75,420,36,3,10,False,22740 - POLKADOT PEN,United Kingdom
16215.0,242.35,104,14,1,10,False,21328 - BALLOONS  WRITING SET ,United Kingdom
16216.0,914.93,254,37,1,15,False,21051 - RIBBONS PURSE ,United Kingdom
16217.0,259.39,76,14,4,13,False,21181 - PLEASE ONE PERSON METAL SIGN,United Kingdom
16218.0,3054.87,2077,56,8,11,True,22197 - SMALL POPCORN HOLDER,United Kingdom
16221.0,864.86,717,90,3,10,False,16008 - SMALL FOLDING SCISSOR(POINTED EDGE),United Kingdom
16222.0,846.72,365,120,1,13,False,21668 - RED STRIPE CERAMIC DRAWER KNOB,United Kingdom
16224.0,1295.3,1116,90,4,12,False,16216 - LETTER SHAPE PENCIL SHARPENER,United Kingdom
16225.0,1096.32,493,109,5,12,True,22138 - BAKING SET 9 PIECE RETROSPOT ,United Kingdom
16226.0,255.12,192,6,3,11,False,84947 - ANTIQUE SILVER TEA GLASS ENGRAVED,United Kingdom
16227.0,308.32,88,6,2,13,False,21922 - UNION STRIPE WITH FRINGE  HAMMOCK,United Kingdom
16229.0,1010.6,318,46,2,10,False,23298 - SPOTTY BUNTING,United Kingdom
16230.0,542.03,365,32,2,10,False,75049L - LARGE CIRCULAR MIRROR MOBILE,United Kingdom
16232.0,983.23,547,24,5,14,True,84836 - ZINC METAL HEART DECORATION,United Kingdom
16233.0,422.13,165,22,5,10,False,22083 - PAPER CHAIN KIT RETROSPOT,United Kingdom
16235.0,858.41,328,42,6,10,False,84879 - ASSORTED COLOUR BIRD ORNAMENT,United Kingdom
16236.0,432.2,184,20,1,14,False,22907 - PACK OF 20 NAPKINS PANTRY DESIGN,United Kingdom
16239.0,372.9,218,18,3,8,False,22469 - HEART OF WICKER SMALL,United Kingdom
16240.0,3693.81,1634,127,5,14,False,47566 - PARTY BUNTING,United Kingdom
16241.0,2607.87,1453,347,13,11,True,22818 - CARD CHRISTMAS VILLAGE,United Kingdom
16242.0,3598.26,1981,184,8,14,True,23209 - LUNCH BAG DOILEY PATTERN ,United Kingdom
16243.0,409.1,110,49,2,12,False,20717 - STRAWBERRY SHOPPER BAG,United Kingdom
16244.0,1522.75,855,88,2,10,False,20974 - 12 PENCILS SMALL TUBE SKULL,United Kingdom
16245.0,1352.36,1008,80,5,9,False,22338 - STAR DECORATION PAINTED ZINC ,United Kingdom
16247.0,114.56,182,16,1,14,False,22268 - DECORATION SITTING BUNNY,United Kingdom
16248.0,152.94,78,7,1,11,False,22865 - HAND WARMER OWL DESIGN,United Kingdom
16249.0,1800.07,950,67,5,10,False,21718 - RED METAL BEACH SPADE ,United Kingdom
16250.0,389.44,208,22,2,9,False,22227 - HANGING HEART MIRROR DECORATION ,United Kingdom
16253.0,3665.62,3137,115,3,9,False,21642 - ASSORTED TUTTI FRUTTI PEN,United Kingdom
16255.0,2609.3,1760,146,10,12,False,22151 - PLACE SETTING WHITE HEART,United Kingdom
16256.0,732.63,577,13,2,12,False,21078 - SET/20 STRAWBERRY PAPER NAPKINS ,United Kingdom
16257.0,46.95,2,2,1,10,False,84629 - WHITE 3 FRAME BIRDS AND TREE ,United Kingdom
16258.0,5203.51,2994,111,5,11,False,"84212 - ASSORTED FLOWER COLOUR ""LEIS""",United Kingdom
16260.0,1035.45,311,18,1,9,False,23344 - JUMBO BAG 50'S CHRISTMAS ,United Kingdom
16261.0,746.83,306,98,4,13,False,84879 - ASSORTED COLOUR BIRD ORNAMENT,United Kingdom
16265.0,5423.15,2627,164,11,9,True,22197 - SMALL POPCORN HOLDER,United Kingdom
16266.0,861.89,398,44,7,12,True,21385 - IVORY HANGING DECORATION  HEART,United Kingdom
16268.0,667.65,533,45,2,18,True,16156S - WRAP PINK FAIRY CAKES ,United Kingdom
16270.0,1141.24,688,54,1,14,False,20961 - STRAWBERRY BATH SPONGE ,United Kingdom
16271.0,1423.29,1037,90,6,12,True,47420 - ASSORTED COLOUR SUCTION CUP HOOK,United Kingdom
16272.0,411.7,224,25,1,10,False,20717 - STRAWBERRY SHOPPER BAG,United Kingdom
16274.0,357.95,155,64,1,15,False,22130 - PARTY CONE CHRISTMAS DECORATION ,United Kingdom
16275.0,559.87,336,33,1,12,False,22741 - FUNKY DIVA PEN,United Kingdom
16276.0,810.6,420,6,1,9,False,85152 - HAND OVER THE CHOCOLATE   SIGN ,United Kingdom
16278.0,537.83,109,23,3,13,False,23297 - SET 40 HEART SHAPE PETIT FOUR CASES,United Kingdom
16279.0,1496.68,1052,104,4,9,False,23326 - HANGING MINI COLOURED BOTTLES,United Kingdom
16281.0,2062.06,934,17,1,14,False,20971 - PINK BLUE FELT CRAFT TRINKET BOX,United Kingdom
16282.0,168.3,114,11,1,11,False,84945 - MULTI COLOUR SILVER T-LIGHT HOLDER,United Kingdom
16283.0,1531.51,1222,117,7,12,True,16216 - LETTER SHAPE PENCIL SHARPENER,United Kingdom
16284.0,823.97,544,87,2,13,False,84077 - WORLD WAR 2 GLIDERS ASSTD DESIGNS,United Kingdom
16287.0,142.5,298,8,1,9,False,16259 - PIECE OF CAMO STATIONERY SET,United Kingdom
16292.0,280.9,188,17,2,12,False,21121 - SET/10 RED POLKADOT PARTY CANDLES,United Kingdom
16293.0,2236.74,978,102,12,10,True,22867 - HAND WARMER BIRD DESIGN,United Kingdom
16295.0,1328.55,841,70,4,13,False,21810 - CHRISTMAS HANGING STAR WITH BELL,United Kingdom
16297.0,275.4,180,21,4,8,False,21829 - DINOSAUR KEYRINGS ASSORTED,United Kingdom
16298.0,598.2,198,22,3,9,False,21191 - LARGE WHITE HONEYCOMB PAPER BELL  ,United Kingdom
16302.0,212.82,134,11,2,9,False,23144 - ZINC T-LIGHT HOLDER STARS SMALL,United Kingdom
16303.0,5305.83,2621,119,4,10,False,22083 - PAPER CHAIN KIT RETROSPOT,United Kingdom
16305.0,361.22,256,22,1,12,False,21982 - PACK OF 12 SUKI TISSUES ,United Kingdom
16306.0,602.27,471,36,9,15,True,22741 - FUNKY DIVA PEN,United Kingdom
16308.0,2560.0,8000,1,4,10,False,16014 - SMALL CHINESE STYLE SCISSOR,United Kingdom
16309.0,686.67,465,39,3,11,False,15056N - EDWARDIAN PARASOL NATURAL,United Kingdom
16311.0,616.26,394,35,2,8,False,21810 - CHRISTMAS HANGING STAR WITH BELL,United Kingdom
16313.0,274.15,165,16,2,9,False,17091J - VANILLA INCENSE IN TIN,United Kingdom
16315.0,226.37,75,14,1,11,False,22855 - FINE WICKER HEART ,United Kingdom
16316.0,2755.56,1466,121,12,14,True,22609 - PENS ASSORTED SPACEBALL,United Kingdom
16317.0,1341.65,890,64,3,8,False,71459 - HANGING JAM JAR T-LIGHT HOLDER,United Kingdom
16318.0,328.15,199,19,1,13,False,22492 - MINI PAINT SET VINTAGE ,United Kingdom
16319.0,404.4,72,3,1,11,False,22179 - SET 10 LIGHTS NIGHT OWL,United Kingdom
16320.0,1038.46,732,56,2,15,False,23119 - PACK OF 6 LARGE FRUIT STRAWS ,Unspecified
16321.0,230.7,78,7,7,14,True,21198 - WHITE HEART CONFETTI IN TUBE,Australia
16322.0,326.75,231,28,2,14,False,22338 - STAR DECORATION PAINTED ZINC ,United Kingdom
16323.0,207.5,50,1,1,14,False,47566 - PARTY BUNTING,United Kingdom
16324.0,428.68,282,100,3,12,True,"51014L - FEATHER PEN,LIGHT PINK",United Kingdom
16325.0,510.54,164,14,5,8,False,22360 - GLASS JAR ENGLISH CONFECTIONERY,United Kingdom
16326.0,3085.96,689,158,15,10,True,23284 - DOORMAT KEEP CALM AND COME IN,United Kingdom
16327.0,3844.22,2571,142,6,13,False,21326 - AGED GLASS SILVER T-LIGHT HOLDER,United Kingdom
16330.0,242.21,145,39,4,17,True,23330 - DECORATIVE WICKER HEART MEDIUM,United Kingdom
16332.0,1583.2,793,125,8,14,True,23077 - DOUGHNUT LIP GLOSS ,United Kingdom
16333.0,26626.8,32184,9,22,12,True,84077 - WORLD WAR 2 GLIDERS ASSTD DESIGNS,United Kingdom
16337.0,151.05,87,10,1,10,False,20979 - 36 PENCILS TUBE RED RETROSPOT,United Kingdom
16338.0,214.8,94,11,1,13,False,21326 - AGED GLASS SILVER T-LIGHT HOLDER,United Kingdom
16339.0,109.95,23,17,1,13,False,22147 - FELTCRAFT BUTTERFLY HEARTS,United Kingdom
16340.0,549.07,501,124,1,14,False,84077 - WORLD WAR 2 GLIDERS ASSTD DESIGNS,United Kingdom
16341.0,1959.38,1388,60,6,9,True,23201 - JUMBO BAG ALPHABET,United Kingdom
16342.0,322.41,157,10,4,8,False,71459 - HANGING JAM JAR T-LIGHT HOLDER,United Kingdom
16343.0,370.48,195,29,2,17,True,23438 -  RED SPOT GIFT BAG LARGE,United Kingdom
16344.0,101.1,18,1,1,15,False,22427 - ENAMEL FLOWER JUG CREAM,United Kingdom
16345.0,575.41,289,35,1,16,False,23090 - VINTAGE GLASS T-LIGHT HOLDER,United Kingdom
16347.0,887.65,353,61,2,13,False,22030 - SWALLOWS GREETING CARD,United Kingdom
16348.0,1469.45,819,157,7,15,True,23078 - ICE CREAM PEN LIP GLOSS ,United Kingdom
16349.0,53.5,9,9,1,12,False,21174 - POTTERING IN THE SHED METAL SIGN,United Kingdom
16350.0,1100.47,542,41,5,9,False,22469 - HEART OF WICKER SMALL,United Kingdom
16351.0,153.9,90,8,1,10,False,47504K - ENGLISH ROSE GARDEN SECATEURS,United Kingdom
16352.0,494.44,300,28,2,8,False,84836 - ZINC METAL HEART DECORATION,United Kingdom
16353.0,6675.71,2006,51,23,12,True,79321 - CHILLI LIGHTS,United Kingdom
16354.0,395.8,150,38,2,14,False,22197 - POPCORN HOLDER,United Kingdom
16356.0,210.32,92,20,4,12,True,82583 - HOT BATHS METAL SIGN,United Kingdom
16357.0,658.88,246,31,3,16,False,22460 - EMBOSSED GLASS TEALIGHT HOLDER,United Kingdom
16358.0,2024.95,1301,82,5,15,False,20973 - 12 PENCIL SMALL TUBE WOODLAND,United Kingdom
16359.0,1460.37,1154,39,12,10,True,84836 - ZINC METAL HEART DECORATION,United Kingdom
16360.0,3411.69,2128,365,8,12,True,22197 - POPCORN HOLDER,United Kingdom
16361.0,896.66,421,87,4,12,False,21498 - RED RETROSPOT WRAP ,United Kingdom
16362.0,652.07,325,58,9,14,True,21818 - GLITTER HEART DECORATION,United Kingdom
16363.0,109.36,52,5,1,14,False,23090 - VINTAGE GLASS T-LIGHT HOLDER,United Kingdom
16364.0,707.04,280,48,2,11,False,22029 - SPACEBOY BIRTHDAY CARD,United Kingdom
16365.0,1540.42,504,45,9,17,True,84763 - ZINC FINISH 15CM PLANTER POTS,United Kingdom
16366.0,327.3,256,18,1,8,False,16156S - WRAP PINK FAIRY CAKES ,United Kingdom
16367.0,804.49,647,123,2,12,False,16218 - CARTOON  PENCIL SHARPENERS,United Kingdom
16368.0,497.43,260,58,2,13,False,17003 - BROCADE RING PURSE ,United Kingdom
16369.0,1553.66,1035,91,3,9,False,21592 - RETROSPOT CIGAR BOX MATCHES ,United Kingdom
16370.0,1320.56,647,143,4,11,False,16156S - WRAP PINK FAIRY CAKES ,United Kingdom
16372.0,367.93,166,86,2,12,True,23086 - ZINC  STAR T-LIGHT HOLDER ,United Kingdom
16374.0,473.03,240,101,2,13,False,84879 - ASSORTED COLOUR BIRD ORNAMENT,United Kingdom
16376.0,977.52,689,104,3,10,True,20668 - DISCO BALL CHRISTMAS DECORATION,United Kingdom
16377.0,676.2,1500,5,1,15,False,17003 - BROCADE RING PURSE ,United Kingdom
16378.0,362.95,267,22,3,10,False,20973 - 12 PENCIL SMALL TUBE WOODLAND,United Kingdom
16379.0,2131.9,1408,87,5,15,False,23344 - JUMBO BAG 50'S CHRISTMAS ,United Kingdom
16380.0,1780.59,1524,28,1,15,False,23048 - SET OF 10 LANTERNS FAIRY LIGHT STAR,United Kingdom
16383.0,668.36,475,80,2,12,False,22740 - POLKADOT PEN,United Kingdom
16384.0,584.5,260,33,2,10,False,20828 - GLITTER BUTTERFLY CLIPS,United Kingdom
16385.0,555.89,261,52,3,13,False,23167 - SMALL CERAMIC TOP STORAGE JAR ,United Kingdom
16386.0,317.2,224,76,2,12,False,84945 - MULTI COLOUR SILVER T-LIGHT HOLDER,United Kingdom
16387.0,94.36,44,4,1,11,False,84879 - ASSORTED COLOUR BIRD ORNAMENT,United Kingdom
16389.0,1362.27,1230,33,5,15,False,20668 - DISCO BALL CHRISTMAS DECORATION,United Kingdom
16392.0,221.19,203,41,1,12,False,16169M - WRAP DAISY CARPET ,United Kingdom
16393.0,2941.05,1529,121,20,11,True,23238 - SET OF 4 KNICK KNACK TINS LONDON ,United Kingdom
16394.0,1412.06,2317,61,9,14,False,23000 - TRAVEL CARD WALLET TRANSPORT,United Kingdom
16395.0,1486.9,1476,150,5,12,False,21830 - ASSORTED CREEPY CRAWLIES,United Kingdom
16398.0,1631.15,745,75,4,9,False,22197 - SMALL POPCORN HOLDER,United Kingdom
16399.0,408.57,264,68,2,13,False,84077 - WORLD WAR 2 GLIDERS ASSTD DESIGNS,United Kingdom
16400.0,303.93,172,28,1,12,False,22952 - 60 CAKE CASES VINTAGE CHRISTMAS,United Kingdom
16401.0,4061.24,3858,68,20,12,True,22197 - SMALL POPCORN HOLDER,United Kingdom
16402.0,299.6,149,55,2,12,False,22969 - HOMEMADE JAM SCENTED CANDLES,United Kingdom
16403.0,161.05,103,10,2,13,False,84535B - FAIRY CAKES NOTEBOOK A6 SIZE,United Kingdom
16404.0,443.05,157,23,1,14,False,"84212 - ASSORTED FLOWER COLOUR ""LEIS""",United Kingdom
16405.0,167.25,187,3,2,15,False,21326 - AGED GLASS SILVER T-LIGHT HOLDER,United Kingdom
16406.0,163.07,123,55,1,11,False,23377 - PACK OF 12 DOLLY GIRL TISSUES,United Kingdom
16407.0,2126.93,1124,99,10,14,True,22771 - CLEAR DRAWER KNOB ACRYLIC EDWARDIAN,United Kingdom
16409.0,2028.88,1306,145,5,14,False,85203 - HANGING WOOD AND FELT BUTTERFLY ,United Kingdom
16411.0,214.65,132,41,2,13,False,21287 - SCENTED VELVET LOUNGE CANDLE ,United Kingdom
16412.0,151.83,73,25,1,12,False,75049L - LARGE CIRCULAR MIRROR MOBILE,United Kingdom
16413.0,262.2,148,30,1,12,False,22129 - PARTY CONES CANDY DECORATION,United Kingdom
16414.0,126.25,27,5,2,9,False,84946 - ANTIQUE SILVER TEA GLASS ETCHED,United Kingdom
16415.0,210.35,187,45,1,13,False,22577 - WOODEN HEART CHRISTMAS SCANDINAVIAN,United Kingdom
16416.0,1026.99,655,60,4,13,False,20982 - 12 PENCILS TALL TUBE SKULLS,United Kingdom
16418.0,675.27,288,76,3,10,False,21498 - RED RETROSPOT WRAP ,United Kingdom
16419.0,959.48,435,36,7,12,True,84947 - ANTIQUE SILVER TEA GLASS ENGRAVED,United Kingdom
16422.0,33805.69,32592,72,75,11,True,17003 - BROCADE RING PURSE ,United Kingdom
16423.0,346.12,230,18,1,9,False,35970 - ZINC FOLKART SLEIGH BELLS,United Kingdom
16424.0,82.56,82,6,2,13,False,71459 - HANGING JAM JAR T-LIGHT HOLDER,United Kingdom
16425.0,302.7,199,21,1,14,False,16161P - WRAP ENGLISH ROSE ,United Kingdom
16426.0,1908.25,1243,211,10,12,True,37423 - WHITE WITH BLACK CATS PLATE,United Kingdom
16427.0,241.06,156,8,2,15,False,84978 - HANGING HEART JAR T-LIGHT HOLDER,United Kingdom
16429.0,284.55,9,2,1,13,False,84078A - SET/4 WHITE RETRO STORAGE CUBES ,United Kingdom
16430.0,300.85,103,6,1,14,False,22633 - HAND WARMER UNION JACK,United Kingdom
16431.0,642.81,453,51,3,14,True,79000 - MOROCCAN TEA GLASS,United Kingdom
16432.0,287.4,276,8,1,13,False,22197 - POPCORN HOLDER,United Kingdom
16433.0,184.26,106,17,1,14,False,"21506 - FANCY FONT BIRTHDAY CARD, ",United Kingdom
16434.0,1522.25,767,88,7,12,False,22178 - VICTORIAN GLASS HANGING T-LIGHT,United Kingdom
16438.0,798.35,463,74,5,19,False,85040A - S/4 PINK FLOWER CANDLES IN BOWL,United Kingdom
16440.0,3640.67,2018,186,5,12,False,22197 - SMALL POPCORN HOLDER,United Kingdom
16441.0,381.2,173,22,2,17,False,22294 - HEART FILIGREE DOVE  SMALL,United Kingdom
16442.0,616.79,446,161,3,11,False,16049 - TEATIME GEL PENS ASST,United Kingdom
16444.0,638.77,405,70,5,12,True,22197 - SMALL POPCORN HOLDER,United Kingdom
16445.0,230.51,111,62,1,12,False,21034 - REX CASH+CARRY JUMBO SHOPPER,United Kingdom
16446.0,2.9,2,3,3,9,True,22980 - PANTRY SCRUBBING BRUSH,United Kingdom
16447.0,259.01,223,34,1,12,False,21899 - GARAGE KEY FOB,United Kingdom
16448.0,188.89,78,19,1,16,False,85123A - WHITE HANGING HEART T-LIGHT HOLDER,United Kingdom
16449.0,674.69,359,40,3,10,False,22288 - HANGING METAL RABBIT DECORATION,United Kingdom
16450.0,311.92,200,11,1,11,False,21136 - PAINTED METAL PEARS ASSORTED,United Kingdom
16451.0,266.97,120,14,1,9,False,84596B - SMALL DOLLY MIX DESIGN ORANGE BOWL,United Kingdom
16455.0,1841.18,988,69,7,16,True,20971 - PINK BLUE FELT CRAFT TRINKET BOX,United Kingdom
16456.0,2158.37,1148,80,5,9,False,85099B - JUMBO BAG RED RETROSPOT,United Kingdom
16457.0,208.36,140,9,1,13,False,21326 - AGED GLASS SILVER T-LIGHT HOLDER,United Kingdom
16458.0,3482.74,2154,52,18,12,False,85099B - JUMBO BAG RED RETROSPOT,United Kingdom
16460.0,814.72,879,128,3,10,False,16218 - CARTOON  PENCIL SHARPENERS,United Kingdom
16461.0,151.42,49,31,1,12,False,22440 - BALLOON WATER BOMB PACK OF 35,United Kingdom
16462.0,102.0,12,1,4,8,False,22487 - WHITE WOOD GARDEN PLANT LADDER,United Kingdom
16463.0,1383.7,1135,74,7,14,True,84077 - WORLD WAR 2 GLIDERS ASSTD DESIGNS,United Kingdom
16464.0,1314.68,963,152,3,13,False,84077 - WORLD WAR 2 GLIDERS ASSTD DESIGNS,United Kingdom
16466.0,1603.46,789,103,7,11,False,85199S - SMALL HANGING IVORY/RED WOOD BIRD,United Kingdom
16468.0,74.9,31,2,1,14,False,22386 - JUMBO BAG PINK POLKADOT,United Kingdom
16469.0,650.43,273,148,4,13,True,21504 - SKULLS GREETING CARD,United Kingdom
16470.0,757.44,530,120,5,11,True,84077 - WORLD WAR 2 GLIDERS ASSTD DESIGNS,United Kingdom
16471.0,223.95,141,13,1,9,False,21385 - IVORY HANGING DECORATION  HEART,United Kingdom
16473.0,314.86,195,18,4,9,False,22986 - GINGHAM ROSE WRAP,United Kingdom
16474.0,1811.47,918,237,11,14,True,22457 - NATURAL SLATE HEART CHALKBOARD ,United Kingdom
16475.0,544.3,319,23,4,9,False,84755 - COLOUR GLASS T-LIGHT HOLDER HANGING,United Kingdom
16477.0,2494.46,1415,111,7,9,False,20725 - LUNCH BAG RED RETROSPOT,United Kingdom
16478.0,331.0,224,15,3,10,False,21802 - CHRISTMAS TREE HEART DECORATION,United Kingdom
16479.0,300.83,102,35,2,13,True,22197 - POPCORN HOLDER,United Kingdom
16480.0,769.29,455,51,1,11,False,84946 - ANTIQUE SILVER T-LIGHT GLASS,United Kingdom
16482.0,220.62,346,18,1,12,False,37340 - MULTICOLOUR SPRING FLOWER MUG,United Kingdom
16483.0,139.35,44,19,1,13,False,20726 - LUNCH BAG WOODLAND,United Kingdom
16484.0,379.4,194,25,3,10,False,84755 - COLOUR GLASS T-LIGHT HOLDER HANGING,United Kingdom
16485.0,363.65,235,41,1,15,False,85078 - SCANDINAVIAN 3 HEARTS NAPKIN RING,United Kingdom
16488.0,492.2,724,28,4,9,False,16045 - POPART WOODEN PENCILS ASST,United Kingdom
16491.0,731.5,478,39,1,10,False,22492 - MINI PAINT SET VINTAGE ,United Kingdom
16493.0,1329.66,1113,40,6,11,False,21790 - VINTAGE SNAP CARDS,United Kingdom
16494.0,826.53,675,47,1,12,False,21383 - PACK OF 12 STICKY BUNNIES,United Kingdom
16495.0,684.41,337,78,3,16,True,22740 - POLKADOT PEN,United Kingdom
16496.0,1562.22,1091,92,4,10,False,84077 - WORLD WAR 2 GLIDERS ASSTD DESIGNS,United Kingdom
16497.0,2965.69,1396,128,6,13,True,21390 - FILIGRIS HEART WITH BUTTERFLY,United Kingdom
16498.0,86.12,42,15,3,15,True,23167 - SMALL CERAMIC TOP STORAGE JAR ,United Kingdom
16499.0,319.1,122,20,5,10,True,21915 - RED  HARMONICA IN BOX ,United Kingdom
16500.0,400.86,123,8,6,14,True,22086 - PAPER CHAIN KIT 50'S CHRISTMAS ,United Kingdom
16503.0,1421.43,567,71,5,15,False,23077 - DOUGHNUT LIP GLOSS ,United Kingdom
16504.0,484.38,524,76,1,15,False,22340 - NOEL GARLAND PAINTED ZINC ,United Kingdom
16505.0,777.6,576,4,1,12,False,22734 - SET OF 6 RIBBONS VINTAGE CHRISTMAS,United Kingdom
16506.0,90.3,42,3,2,12,False,22696 - WICKER WREATH LARGE,United Kingdom
16509.0,363.7,64,13,1,9,False,22697 - GREEN REGENCY TEACUP AND SAUCER,United Kingdom
16510.0,248.1,92,13,1,13,False,84946 - ANTIQUE SILVER TEA GLASS ETCHED,United Kingdom
16511.0,950.26,417,135,3,10,False,22492 - MINI PAINT SET VINTAGE ,United Kingdom
16513.0,874.59,407,33,4,10,False,22619 - SET OF 6 SOLDIER SKITTLES,United Kingdom
16515.0,1627.13,833,89,5,11,False,22923 - FRIDGE MAGNETS LES ENFANTS ASSORTED,United Kingdom
16516.0,101.7,58,6,1,14,False,23161 - REGENCY CAKE FORK,United Kingdom
16517.0,162.7,96,17,1,13,False,84763 - ZINC FINISH 15CM PLANTER POTS,United Kingdom
16518.0,480.92,325,36,3,16,False,22621 - TRADITIONAL KNITTING NANCY,United Kingdom
16519.0,215.08,54,13,2,14,False,72741 - GRAND CHOCOLATECANDLE,United Kingdom
16520.0,1036.62,557,129,4,13,True,22919 - HERB MARKER MINT,United Kingdom
16523.0,9295.67,4233,151,28,12,True,23203 - JUMBO BAG DOILEY PATTERNS,United Kingdom
16525.0,11895.57,6493,75,29,11,True,21326 - AGED GLASS SILVER T-LIGHT HOLDER,United Kingdom
16526.0,290.36,106,15,1,12,False,21313 - GLASS HEART T-LIGHT HOLDER ,United Kingdom
16527.0,228.06,106,14,1,16,False,47420 - ASSORTED COLOUR SUCTION CUP HOOK,United Kingdom
16528.0,244.41,171,17,1,12,False,22646 - CERAMIC STRAWBERRY CAKE MONEY BANK,United Kingdom
16529.0,455.25,198,30,1,17,False,21231 - SWEETHEART CERAMIC TRINKET BOX,United Kingdom
16531.0,1244.59,915,68,7,13,False,16218 - CARTOON  PENCIL SHARPENERS,United Kingdom
16532.0,6748.8,2016,2,3,10,False,79321 - CHILLI LIGHTS,United Kingdom
16533.0,1026.94,514,112,5,13,True,22098 - BOUDOIR SQUARE TISSUE BOX,United Kingdom
16535.0,593.75,356,31,1,15,False,23310 - BUBBLEGUM RING ASSORTED,United Kingdom
16536.0,539.02,250,49,2,13,False,16169E - WRAP 50'S  CHRISTMAS,United Kingdom
16539.0,1388.81,477,36,4,8,False,21523 - DOORMAT FANCY FONT HOME SWEET HOME,United Kingdom
16542.0,119.62,46,5,1,10,False,82494L - WOODEN FRAME ANTIQUE WHITE ,United Kingdom
16545.0,339.3,78,3,1,10,False,79321 - CHILLI LIGHTS,United Kingdom
16549.0,4154.64,2365,445,10,13,True,22156 - HEART DECORATION WITH PEARLS ,United Kingdom
16550.0,2266.25,1526,163,9,13,True,20668 - DISCO BALL CHRISTMAS DECORATION,United Kingdom
16551.0,922.12,970,26,3,9,False,23293 - SET OF 12 FAIRY CAKE BAKING CASES,United Kingdom
16552.0,379.73,219,17,2,10,False,21980 - PACK OF 12 RED RETROSPOT TISSUES ,United Kingdom
16553.0,5664.57,4595,63,14,12,True,84077 - WORLD WAR 2 GLIDERS ASSTD DESIGNS,United Kingdom
16554.0,641.55,311,52,7,14,True,22792 - FLUTED ANTIQUE CANDLE HOLDER,United Kingdom
16555.0,285.89,175,15,2,12,False,23000 - TRAVEL CARD WALLET TRANSPORT,United Kingdom
16556.0,3313.79,1890,144,7,11,False,85123A - WHITE HANGING HEART T-LIGHT HOLDER,United Kingdom
16557.0,281.85,111,11,2,13,False,84946 - ANTIQUE SILVER T-LIGHT GLASS,United Kingdom
16558.0,8257.04,5346,264,24,13,True,84347 - ROTATING SILVER ANGELS T-LIGHT HLDR,United Kingdom
16560.0,816.51,498,53,3,10,False,21498 - RED RETROSPOT WRAP ,United Kingdom
16561.0,511.12,244,29,2,9,False,20972 - PINK CREAM FELT CRAFT TRINKET BOX ,United Kingdom
16563.0,1077.74,486,19,1,11,False,84879 - ASSORTED COLOUR BIRD ORNAMENT,United Kingdom
16565.0,173.7,46,3,1,15,False,51008 - AFGHAN SLIPPER SOCK PAIR,United Kingdom
16566.0,614.01,361,14,6,8,False,84946 - ANTIQUE SILVER T-LIGHT GLASS,United Kingdom
16567.0,865.6,996,34,2,9,False,79337 - BLUE FLOCK GLASS CANDLEHOLDER,United Kingdom
16569.0,124.2,93,5,1,15,False,16169E - WRAP 50'S  CHRISTMAS,United Kingdom
16570.0,3622.95,2050,70,15,15,True,84879 - ASSORTED COLOUR BIRD ORNAMENT,United Kingdom
16571.0,1285.22,1176,73,5,14,False,22741 - FUNKY DIVA PEN,United Kingdom
16572.0,999.7,530,40,4,13,False,22151 - PLACE SETTING WHITE HEART,United Kingdom
16573.0,648.41,354,40,4,9,False,21497 - FANCY FONTS BIRTHDAY WRAP,United Kingdom
16574.0,451.44,416,28,1,13,False,22952 - 60 CAKE CASES VINTAGE CHRISTMAS,United Kingdom
16581.0,70.44,122,9,2,10,False,16161P - WRAP ENGLISH ROSE ,United Kingdom
16582.0,313.62,164,6,1,17,False,21137 - BLACK RECORD COVER FRAME,United Kingdom
16583.0,233.45,111,14,1,12,False,21718 - RED METAL BEACH SPADE ,United Kingdom
16584.0,908.03,635,25,3,13,False,82581 - TOILET METAL SIGN,United Kingdom
16586.0,463.95,95,8,1,9,False,22854 - CREAM SWEETHEART EGG HOLDER,United Kingdom
16587.0,225.15,71,13,1,15,False,22178 - VICTORIAN GLASS HANGING T-LIGHT,United Kingdom
16589.0,459.24,368,31,3,10,False,21981 - PACK OF 12 WOODLAND TISSUES ,United Kingdom
16591.0,213.5,41,10,1,10,False,23284 - DOORMAT KEEP CALM AND COME IN,United Kingdom
16592.0,4073.28,2914,142,19,11,True,22197 - SMALL POPCORN HOLDER,United Kingdom
16593.0,330.03,116,24,3,12,False,85039A - SET/4 RED MINI ROSE CANDLE IN BOWL,United Kingdom
16594.0,181.09,64,53,1,14,False,21147 - JINGLE BELLS TREE DECORATION,United Kingdom
16595.0,360.16,335,83,1,13,False,16169E - WRAP 50'S  CHRISTMAS,United Kingdom
16596.0,250.15,97,12,2,10,False,22227 - HANGING HEART MIRROR DECORATION ,United Kingdom
16597.0,90.04,184,7,1,15,False,22319 - HAIRCLIPS FORTIES FABRIC ASSORTED,United Kingdom
16598.0,140.7,70,10,2,11,False,22644 - CERAMIC CHERRY CAKE MONEY BANK,United Kingdom
16600.0,813.52,1145,50,6,9,False,20992 - JAZZ HEARTS PURSE NOTEBOOK,United Kingdom
16601.0,244.8,134,29,1,11,False,17003 - BROCADE RING PURSE ,United Kingdom
16602.0,494.73,317,29,2,15,False,84077 - WORLD WAR 2 GLIDERS ASSTD DESIGNS,United Kingdom
16603.0,482.47,480,34,2,10,False,16045 - POPART WOODEN PENCILS ASST,United Kingdom
16607.0,3038.67,2822,140,16,15,True,16259 - PIECE OF CAMO STATIONERY SET,United Kingdom
16609.0,5450.96,2410,155,9,10,False,21287 - SCENTED VELVET LOUNGE CANDLE ,United Kingdom
16610.0,75.66,66,6,1,13,False,23144 - ZINC T-LIGHT HOLDER STARS SMALL,United Kingdom
16611.0,120.99,46,10,2,15,False,21703 - BAG 125g SWIRLY MARBLES,United Kingdom
16612.0,1187.66,506,48,4,7,False,21931 - JUMBO STORAGE BAG SUKI,United Kingdom
16613.0,618.59,293,30,1,15,False,22969 - HOMEMADE JAM SCENTED CANDLES,United Kingdom
16614.0,506.19,223,26,1,11,False,"21899 - KEY FOB , GARAGE DESIGN",United Kingdom
16616.0,500.42,370,31,2,13,False,21509 - COWBOYS AND INDIANS BIRTHDAY CARD ,United Kingdom
16617.0,151.85,91,5,1,10,False,84946 - ANTIQUE SILVER T-LIGHT GLASS,United Kingdom
16618.0,2630.64,1362,79,6,10,True,21669 - BLUE STRIPE CERAMIC DRAWER KNOB,United Kingdom
16619.0,204.41,129,14,2,8,False,22489 - PACK OF 12 TRADITIONAL CRAYONS,United Kingdom
16620.0,178.96,88,9,2,10,False,21985 - PACK OF 12 HEARTS DESIGN TISSUES ,United Kingdom
16621.0,813.48,302,22,4,11,False,84946 - ANTIQUE SILVER T-LIGHT GLASS,United Kingdom
16623.0,129.45,39,5,1,10,False,22296 - HEART IVORY TRELLIS LARGE,United Kingdom
16624.0,810.57,488,44,2,12,False,21810 - CHRISTMAS HANGING STAR WITH BELL,United Kingdom
16625.0,333.08,164,23,1,12,False,21700 - BIG DOUGHNUT FRIDGE MAGNETS,United Kingdom
16626.0,4379.65,2670,86,20,11,True,21326 - AGED GLASS SILVER T-LIGHT HOLDER,United Kingdom
16627.0,322.8,162,20,1,14,False,37340 - MULTICOLOUR SPRING FLOWER MUG,United Kingdom
16628.0,2183.04,1202,79,6,12,False,22138 - BAKING SET 9 PIECE RETROSPOT ,United Kingdom
16629.0,417.73,493,58,2,10,False,16045 - POPART WOODEN PENCILS ASST,United Kingdom
16633.0,2878.15,1137,115,7,14,True,22178 - VICTORIAN GLASS HANGING T-LIGHT,United Kingdom
16634.0,217.9,82,9,2,12,False,21927 - BLUE/CREAM STRIPE CUSHION COVER ,United Kingdom
16637.0,1124.59,891,66,5,10,False,84077 - WORLD WAR 2 GLIDERS ASSTD DESIGNS,United Kingdom
16638.0,1676.47,1254,92,11,11,False,22834 - HAND WARMER BABUSHKA DESIGN,United Kingdom
16639.0,1169.38,503,48,4,13,False,85123A - WHITE HANGING HEART T-LIGHT HOLDER,United Kingdom
16641.0,231.1,256,12,1,12,False,22153 - ANGEL DECORATION STARS ON DRESS,United Kingdom
16642.0,679.83,478,32,3,11,False,22438 - BALLOON ART MAKE YOUR OWN FLOWERS,United Kingdom
16643.0,487.51,269,27,1,8,False,22740 - POLKADOT PEN,United Kingdom
16644.0,833.78,826,62,2,12,False,16156S - WRAP PINK FAIRY CAKES ,United Kingdom
16647.0,214.06,146,12,2,9,False,23167 - SMALL CERAMIC TOP STORAGE JAR ,United Kingdom
16648.0,270.86,269,19,2,8,False,22492 - MINI PAINT SET VINTAGE ,United Kingdom
16650.0,518.42,372,24,1,9,False,22741 - FUNKY DIVA PEN,United Kingdom
16652.0,6654.26,3267,75,11,13,True,84755 - COLOUR GLASS T-LIGHT HOLDER HANGING,United Kingdom
16653.0,1166.92,723,67,3,13,False,16161P - WRAP ENGLISH ROSE ,United Kingdom
16654.0,594.97,280,29,5,15,False,22740 - POLKADOT PEN,United Kingdom
16655.0,3794.52,2367,208,6,15,False,22086 - PAPER CHAIN KIT 50'S CHRISTMAS ,United Kingdom
16656.0,8568.24,8873,14,21,10,False,22998 - TRAVEL CARD WALLET KEEP CALM,United Kingdom
16657.0,933.62,1229,158,4,11,False,16045 - POPART WOODEN PENCILS ASST,United Kingdom
16658.0,123.24,40,8,1,13,False,21730 - GLASS STAR FROSTED T-LIGHT HOLDER,United Kingdom
16659.0,39.12,72,2,1,15,False,21090 - SET/6 COLLAGE PAPER PLATES,United Kingdom
16660.0,810.45,451,16,5,12,True,22460 - EMBOSSED GLASS TEALIGHT HOLDER,United Kingdom
16665.0,135.4,59,9,1,14,False,72741 - GRAND CHOCOLATECANDLE,United Kingdom
16666.0,118.98,233,32,1,14,False,21495 - SKULLS AND CROSSBONES WRAP,United Kingdom
16667.0,570.13,237,52,2,12,False,22127 - PARTY CONES CARNIVAL ASSORTED,United Kingdom
16668.0,306.72,318,9,6,12,False,22536 - MAGIC DRAWING SLATE PURDEY,United Kingdom
16669.0,1370.87,883,141,4,14,True,16045 - POPART WOODEN PENCILS ASST,United Kingdom
16670.0,4022.46,2524,179,17,17,True,21498 - RED RETROSPOT WRAP ,United Kingdom
16671.0,1692.27,875,3,3,9,False,85049A - TRADITIONAL CHRISTMAS RIBBONS,United Kingdom
16672.0,8093.59,2812,23,23,14,True,22467 - GUMBALL COAT RACK,United Kingdom
16674.0,319.61,188,89,2,11,False,22791 - T-LIGHT GLASS FLUTED ANTIQUE,United Kingdom
16676.0,1558.72,631,75,5,15,False,21592 - RETROSPOT CIGAR BOX MATCHES ,United Kingdom
16678.0,3013.83,2368,93,17,10,True,22996 - TRAVEL CARD WALLET VINTAGE TICKET,United Kingdom
16679.0,129.75,29,3,1,13,False,79321 - CHILLI LIGHTS,United Kingdom
16680.0,183.7,94,10,1,17,False,21914 - BLUE HARMONICA IN BOX ,United Kingdom
16681.0,1770.34,1407,18,6,10,False,22616 - PACK OF 12 LONDON TISSUES ,United Kingdom
16682.0,1028.0,1040,15,5,15,False,22534 - MAGIC DRAWING SLATE SPACEBOY ,United Kingdom
16684.0,65892.08,49390,120,31,10,True,15036 - ASSORTED COLOURS SILK FAN,United Kingdom
16685.0,324.24,396,60,2,13,True,84077 - WORLD WAR 2 GLIDERS ASSTD DESIGNS,United Kingdom
16686.0,3043.48,2025,406,9,14,True,84077 - WORLD WAR 2 GLIDERS ASSTD DESIGNS,United Kingdom
16688.0,1260.86,804,52,4,12,False,23353 - 6 GIFT TAGS VINTAGE CHRISTMAS ,United Kingdom
16689.0,303.26,168,13,3,10,True,22043 - CHRISTMAS CARD SCREEN PRINT ,United Kingdom
16690.0,208.63,137,10,3,10,False,21871 - SAVE THE PLANET MUG,United Kingdom
16692.0,1276.0,152,2,2,14,False,21621 - VINTAGE UNION JACK BUNTING,United Kingdom
16693.0,482.01,204,58,2,11,False,16169E - WRAP 50'S  CHRISTMAS,United Kingdom
16696.0,657.9,146,7,4,14,False,47566 - PARTY BUNTING,United Kingdom
16697.0,112.75,27,20,1,17,False,15044D - RED PAPER PARASOL,United Kingdom
16698.0,1998.0,840,4,2,10,False,22084 - PAPER CHAIN KIT EMPIRE,United Kingdom
16700.0,5040.0,4019,159,17,13,False,22616 - PACK OF 12 LONDON TISSUES ,United Kingdom
16701.0,5150.27,6211,99,18,12,True,20668 - DISCO BALL CHRISTMAS DECORATION,United Kingdom
16705.0,13946.13,5458,135,29,11,True,79000 - MOROCCAN TEA GLASS,United Kingdom
16706.0,531.35,249,108,3,13,False,17021 - NAMASTE SWAGAT INCENSE,United Kingdom
16708.0,656.63,285,27,1,12,False,22086 - PAPER CHAIN KIT 50'S CHRISTMAS ,United Kingdom
16709.0,3029.87,851,64,5,10,True,22197 - SMALL POPCORN HOLDER,United Kingdom
16710.0,2483.04,1836,268,10,13,True,21167 - WHITE SAGE INCENSE,United Kingdom
16711.0,1651.03,833,18,5,14,False,21167 - WHITE SAGE INCENSE,United Kingdom
16712.0,3645.43,1749,259,11,15,True,22816 - CARD MOTORBIKE SANTA,United Kingdom
16713.0,6840.23,4264,339,21,12,True,23327 - HANGING CLEAR MINI BOTTLE,United Kingdom
16714.0,911.53,608,77,4,13,True,16161P - WRAP ENGLISH ROSE ,United Kingdom
16715.0,301.72,642,19,1,18,False,84755 - COLOUR GLASS T-LIGHT HOLDER HANGING,United Kingdom
16716.0,319.8,44,1,3,10,False,22171 - 3 HOOK PHOTO SHELF ANTIQUE WHITE,United Kingdom
16717.0,3278.36,1568,178,9,10,False,22197 - POPCORN HOLDER,United Kingdom
16718.0,623.75,413,41,1,13,False,22816 - CARD MOTORBIKE SANTA,United Kingdom
16719.0,1773.92,1202,108,8,11,True,17003 - BROCADE RING PURSE ,United Kingdom
16720.0,155.24,182,25,1,16,False,84077 - WORLD WAR 2 GLIDERS ASSTD DESIGNS,United Kingdom
16721.0,292.47,172,37,1,16,False,21145 - ANTIQUE GLASS PLACE SETTING,United Kingdom
16722.0,4711.21,4989,96,16,11,True,21495 - SKULLS AND CROSSBONES WRAP,United Kingdom
16723.0,589.15,399,37,2,11,False,84077 - WORLD WAR 2 GLIDERS ASSTD DESIGNS,United Kingdom
16725.0,775.07,293,110,8,16,True,85175 - CACTI T-LIGHT CANDLES,United Kingdom
16726.0,1382.02,977,121,5,13,True,22051 - BLUE SCANDINAVIAN PAISLEY WRAP,United Kingdom
16727.0,272.82,177,41,1,13,False,22791 - T-LIGHT GLASS FLUTED ANTIQUE,United Kingdom
16728.0,1054.67,677,218,4,11,False,15036 - ASSORTED COLOURS SILK FAN,United Kingdom
16729.0,7076.28,5769,235,26,13,True,22998 - TRAVEL CARD WALLET KEEP CALM,United Kingdom
16730.0,702.79,898,75,4,14,False,84692 - BOX OF 24 COCKTAIL PARASOLS,United Kingdom
16732.0,603.75,317,28,1,9,False,84077 - WORLD WAR 2 GLIDERS ASSTD DESIGNS,United Kingdom
16734.0,650.51,346,44,3,15,True,23077 - DOUGHNUT LIP GLOSS ,United Kingdom
16735.0,2269.21,1554,88,7,10,True,84755 - COLOUR GLASS T-LIGHT HOLDER HANGING,United Kingdom
16737.0,417.6,288,1,1,13,False,84949 - SILVER HANGING T-LIGHT HOLDER,United Kingdom
16738.0,3.75,3,1,1,9,False,46000U - POLYESTER FILLER PAD 30CMx30CM,United Kingdom
16739.0,312.55,169,13,2,9,False,71459 - HANGING JAM JAR T-LIGHT HOLDER,United Kingdom
16743.0,2191.84,2010,89,8,12,True,20972 - PINK CREAM FELT CRAFT TRINKET BOX ,United Kingdom
16744.0,1304.76,805,198,7,12,False,75049L - LARGE CIRCULAR MIRROR MOBILE,United Kingdom
16745.0,7170.7,6727,148,18,12,True,21977 - PACK OF 60 PINK PAISLEY CAKE CASES,United Kingdom
16746.0,6694.31,4662,234,19,12,True,22621 - TRADITIONAL KNITTING NANCY,United Kingdom
16747.0,826.96,577,34,4,10,False,22944 - CHRISTMAS METAL POSTCARD WITH BELLS,United Kingdom
16748.0,1515.9,880,42,5,14,False,22386 - JUMBO BAG PINK POLKADOT,United Kingdom
16750.0,623.93,214,74,5,14,False,85111 - SILVER GLITTER FLOWER VOTIVE HOLDER,United Kingdom
16751.0,1764.72,1031,24,1,10,False,22617 - BAKING SET SPACEBOY DESIGN,United Kingdom
16752.0,207.5,54,9,1,12,False,22595 - CHRISTMAS GINGHAM HEART,United Kingdom
16753.0,223.92,189,34,1,13,False,16169E - WRAP 50'S  CHRISTMAS,United Kingdom
16754.0,2002.4,4280,2,1,17,False,84077 - WORLD WAR 2 GLIDERS ASSTD DESIGNS,United Kingdom
16755.0,1484.63,1058,134,5,13,True,"84212 - ASSORTED FLOWER COLOUR ""LEIS""",United Kingdom
16756.0,239.4,106,13,1,9,False,22151 - PLACE SETTING WHITE HEART,United Kingdom
16757.0,106.83,81,7,1,11,False,21164 - HOME SWEET HOME METAL SIGN ,United Kingdom
16758.0,369.34,203,22,1,14,False,23340 - VINTAGE CHRISTMAS CAKE FRILL,United Kingdom
16759.0,772.84,608,40,4,9,True,22693 - GROW A FLYTRAP OR SUNFLOWER IN TIN,United Kingdom
16761.0,316.62,341,13,1,11,False,22492 - MINI PAINT SET VINTAGE ,United Kingdom
16762.0,1501.38,618,51,3,10,False,23300 - GARDENERS KNEELING PAD CUP OF TEA ,United Kingdom
16763.0,594.9,318,23,2,11,False,22492 - MINI PAINT SET VINTAGE ,United Kingdom
16764.0,2758.25,1247,209,18,11,True,84347 - ROTATING SILVER ANGELS T-LIGHT HLDR,United Kingdom
16765.0,34.0,4,1,1,15,False,21621 - VINTAGE UNION JACK BUNTING,United Kingdom
16766.0,1145.6,536,17,2,13,True,22907 - PACK OF 20 NAPKINS PANTRY DESIGN,United Kingdom
16767.0,5580.6,4435,148,11,9,True,23271 - CHRISTMAS TABLE SILVER CANDLE SPIKE,United Kingdom
16768.0,458.04,191,47,5,10,True,22693 - GROW A FLYTRAP OR SUNFLOWER IN TIN,United Kingdom
16769.0,380.39,83,33,1,13,False,85123A - WHITE HANGING HEART T-LIGHT HOLDER,United Kingdom
16770.0,744.9,452,116,6,15,True,22834 - HAND WARMER BABUSHKA DESIGN,United Kingdom
16771.0,2246.81,1489,200,5,13,False,17084R - ASSORTED INCENSE PACK,United Kingdom
16773.0,171.59,171,23,1,14,False,"51014A - FEATHER PEN,HOT PINK",United Kingdom
16774.0,654.92,318,36,5,12,False,71459 - HANGING JAM JAR T-LIGHT HOLDER,United Kingdom
16775.0,1695.66,440,84,11,15,False,84978 - HANGING HEART JAR T-LIGHT HOLDER,United Kingdom
16776.0,388.28,262,61,1,13,False,22161 - HEART DECORATION RUSTIC HANGING ,United Kingdom
16777.0,226.35,64,45,2,13,False,85123A - WHITE HANGING HEART T-LIGHT HOLDER,United Kingdom
16778.0,245.94,194,16,2,13,False,21977 - PACK OF 60 PINK PAISLEY CAKE CASES,United Kingdom
16779.0,10454.05,5236,161,28,14,True,84692 - BOX OF 24 COCKTAIL PARASOLS,United Kingdom
16780.0,425.19,271,51,2,16,False,22297 - HEART IVORY TRELLIS SMALL,United Kingdom
16781.0,294.65,111,17,2,14,False,84683 - CLASSICAL ROSE CANDLESTAND,United Kingdom
16782.0,2242.25,703,103,19,11,False,85123A - WHITE HANGING HEART T-LIGHT HOLDER,United Kingdom
16784.0,107.6,24,3,1,12,False,21137 - BLACK RECORD COVER FRAME,United Kingdom
16788.0,597.48,311,138,2,13,False,16156S - WRAP PINK FAIRY CAKES ,United Kingdom
16789.0,80.8,32,5,1,15,False,23301 - GARDENERS KNEELING PAD KEEP CALM ,United Kingdom
16790.0,1520.12,892,88,8,11,False,21845 - DAIRY MAID STRIPE MUG,United Kingdom
16791.0,1706.28,759,218,8,13,True,84879 - ASSORTED COLOUR BIRD ORNAMENT,United Kingdom
16792.0,110.38,44,11,2,14,True,85199S - SMALL HANGING IVORY/RED WOOD BIRD,United Kingdom
16793.0,243.84,146,16,1,15,False,22952 - 60 CAKE CASES VINTAGE CHRISTMAS,United Kingdom
16794.0,1201.51,933,142,12,12,True,22151 - PLACE SETTING WHITE HEART,United Kingdom
16795.0,414.88,239,64,1,14,False,84832 - ZINC WILLIE WINKIE  CANDLE STICK,United Kingdom
16796.0,305.62,186,18,1,14,False,21231 - SWEETHEART CERAMIC TRINKET BOX,United Kingdom
16800.0,1201.49,540,148,1,14,False,22816 - CARD MOTORBIKE SANTA,United Kingdom
16801.0,867.83,313,72,5,11,False,21289 - LARGE STRIPES CHOCOLATE GIFT BAG,United Kingdom
16803.0,332.3,245,24,1,14,False,23232 - WRAP VINTAGE LEAF DESIGN,United Kingdom
16804.0,536.99,246,59,3,16,True,23077 - DOUGHNUT LIP GLOSS ,United Kingdom
16805.0,460.59,539,94,2,11,False,17084R - ASSORTED INCENSE PACK,United Kingdom
16806.0,801.49,378,68,4,15,False,84978 - HANGING HEART JAR T-LIGHT HOLDER,United Kingdom
16807.0,1121.59,778,57,3,9,False,22492 - MINI PAINT SET VINTAGE ,United Kingdom
16808.0,288.42,196,21,2,19,False,21291 - SMALL POLKADOT CHOCOLATE GIFT BAG ,United Kingdom
16809.0,912.74,651,79,6,12,True,21977 - PACK OF 60 PINK PAISLEY CAKE CASES,United Kingdom
16810.0,275.64,112,16,2,11,False,84879 - ASSORTED COLOUR BIRD ORNAMENT,United Kingdom
16811.0,547.07,477,26,2,11,False,22338 - STAR DECORATION PAINTED ZINC ,United Kingdom
16812.0,479.35,81,15,1,12,False,22586 - FELTCRAFT HAIRBAND PINK AND BLUE,United Kingdom
16813.0,1692.98,1525,248,10,11,False,84568 - GIRLS ALPHABET IRON ON PATCHES ,United Kingdom
16814.0,6500.6,2768,122,22,11,True,84879 - ASSORTED COLOUR BIRD ORNAMENT,United Kingdom
16816.0,417.06,274,28,4,11,False,20975 - 12 PENCILS SMALL TUBE RED RETROSPOT,United Kingdom
16817.0,1446.95,762,76,13,10,True,21654 - RIDGED GLASS FINGER BOWL,United Kingdom
16818.0,3317.97,2163,172,13,12,False,21422 - PORCELAIN ROSE SMALL,United Kingdom
16820.0,497.61,307,26,1,12,False,84077 - WORLD WAR 2 GLIDERS ASSTD DESIGNS,United Kingdom
16823.0,358.38,136,34,1,15,False,22197 - SMALL POPCORN HOLDER,United Kingdom
16824.0,460.64,236,23,2,12,False,23165 - LARGE CERAMIC TOP STORAGE JAR,United Kingdom
16825.0,775.18,566,27,2,9,False,79000 - MOROCCAN TEA GLASS,United Kingdom
16826.0,341.7,158,22,1,14,False,21790 - VINTAGE SNAP CARDS,United Kingdom
16828.0,128.5,59,8,2,13,False,21907 - I'M ON HOLIDAY METAL SIGN,United Kingdom
16829.0,197.22,99,11,1,10,False,84692 - BOX OF 24 COCKTAIL PARASOLS,United Kingdom
16830.0,325.91,264,23,1,11,False,21498 - RED RETROSPOT WRAP ,United Kingdom
16832.0,199.15,33,11,3,14,False,22820 - GIFT BAG BIRTHDAY,United Kingdom
16833.0,1106.53,440,46,4,8,True,21137 - BLACK RECORD COVER FRAME,United Kingdom
16834.0,413.46,358,24,1,9,False,21122 - SET/10 PINK POLKADOT PARTY CANDLES,United Kingdom
16835.0,180.85,61,10,2,13,False,20713 - JUMBO BAG OWLS,United Kingdom
16836.0,251.87,165,11,2,10,False,84947 - ANTIQUE SILVER TEA GLASS ENGRAVED,United Kingdom
16837.0,3167.73,1562,123,12,11,True,22338 - STAR DECORATION PAINTED ZINC ,United Kingdom
16838.0,582.9,184,24,3,13,False,84879 - ASSORTED COLOUR BIRD ORNAMENT,United Kingdom
16839.0,15357.78,8470,117,39,15,True,22791 - T-LIGHT GLASS FLUTED ANTIQUE,United Kingdom
16841.0,1774.62,2234,101,7,10,False,20996 - JAZZ HEARTS ADDRESS BOOK,United Kingdom
16842.0,1260.44,692,45,4,17,False,22986 - GINGHAM ROSE WRAP,United Kingdom
16843.0,10183.82,10154,226,17,11,True,16259 - PIECE OF CAMO STATIONERY SET,United Kingdom
16846.0,214.32,135,11,1,13,False,23547 - WRAP FLOWER SHOP  ,United Kingdom
16847.0,193.44,78,12,1,13,False,22909 - SET OF 20 VINTAGE CHRISTMAS NAPKINS,United Kingdom
16848.0,281.42,182,14,1,8,False,22938 - CUPCAKE LACE PAPER SET 6,United Kingdom
16849.0,124.57,33,8,1,9,False,21136 - PAINTED METAL PEARS ASSORTED,United Kingdom
16850.0,332.41,249,19,1,11,False,21876 - POTTERING MUG,United Kingdom
16851.0,342.45,271,17,3,9,False,22154 - ANGEL DECORATION 3 BUTTONS ,United Kingdom
16852.0,144.91,56,9,2,13,False,22161 - HEART DECORATION RUSTIC HANGING ,United Kingdom
16855.0,328.4,164,19,2,12,False,85034B - 3 WHITE CHOC MORRIS BOXED CANDLES,United Kingdom
16856.0,35.4,12,2,1,8,False,22470 - HEART OF WICKER LARGE,United Kingdom
16858.0,345.89,83,9,2,9,False,22073 - RED RETROSPOT STORAGE JAR,United Kingdom
16859.0,473.14,656,50,5,13,False,21495 - SKULLS AND CROSSBONES WRAP,United Kingdom
16861.0,151.65,133,8,3,15,False,22418 - 10 COLOUR SPACEBOY PEN,United Kingdom
16863.0,481.35,392,25,4,15,False,84077 - WORLD WAR 2 GLIDERS ASSTD DESIGNS,United Kingdom
16866.0,207.74,60,10,3,10,False,21137 - BLACK RECORD COVER FRAME,United Kingdom
16869.0,805.62,581,113,5,12,False,22740 - POLKADOT PEN,United Kingdom
16871.0,2761.49,1250,131,7,11,True,22952 - 60 CAKE CASES VINTAGE CHRISTMAS,United Kingdom
16872.0,680.02,600,5,3,14,False,84947 - ANTIQUE SILVER TEA GLASS ENGRAVED,United Kingdom
16873.0,7066.31,3825,179,10,15,False,22492 - MINI PAINT SET VINTAGE ,United Kingdom
16875.0,2023.47,1044,94,9,11,True,84946 - ANTIQUE SILVER TEA GLASS ETCHED,United Kingdom
16877.0,853.72,463,111,6,16,False,23301 - GARDENERS KNEELING PAD KEEP CALM ,United Kingdom
16880.0,1519.08,753,121,7,11,True,21830 - ASSORTED CREEPY CRAWLIES,United Kingdom
16881.0,432.0,600,1,1,10,False,15036 - ASSORTED COLOURS SILK FAN,United Kingdom
16882.0,705.12,424,39,3,10,False,21497 - FANCY FONTS BIRTHDAY WRAP,United Kingdom
16883.0,276.73,104,33,2,10,False,22621 - TRADITIONAL KNITTING NANCY,United Kingdom
16884.0,429.84,320,26,2,10,True,23353 - 6 GIFT TAGS VINTAGE CHRISTMAS ,United Kingdom
16885.0,471.51,184,82,3,13,False,21287 - SCENTED VELVET LOUNGE CANDLE ,United Kingdom
16887.0,194.88,157,35,1,14,False,22161 - HEART DECORATION RUSTIC HANGING ,United Kingdom
16889.0,1578.67,925,112,3,11,False,22561 - WOODEN SCHOOL COLOURING SET,United Kingdom
16891.0,809.7,283,166,5,11,False,21967 - PACK OF 12 SKULL TISSUES,United Kingdom
16892.0,496.84,235,88,7,13,True,21704 - BAG 250g SWIRLY MARBLES,United Kingdom
16893.0,145.93,62,44,1,12,False,84809A - WHITE CHRYSANTHEMUMS ART FLOWER,United Kingdom
16895.0,219.14,102,57,1,12,False,21071 - VINTAGE BILLBOARD DRINK ME MUG,United Kingdom
16897.0,213.03,58,37,3,15,True,21067 - VINTAGE RED TEATIME MUG,United Kingdom
16898.0,444.46,386,151,4,12,False,22610 - PENS ASSORTED FUNNY FACE,United Kingdom
16899.0,1281.56,522,80,6,10,False,22197 - SMALL POPCORN HOLDER,United Kingdom
16900.0,187.69,723,79,5,10,False,16045 - POPART WOODEN PENCILS ASST,United Kingdom
16902.0,1706.88,629,43,1,14,False,23167 - SMALL CERAMIC TOP STORAGE JAR ,United Kingdom
16903.0,373.24,262,50,1,15,False,22181 - SNOWSTORM PHOTO FRAME FRIDGE MAGNET,United Kingdom
16904.0,3754.27,2034,387,16,13,True,17003 - BROCADE RING PURSE ,United Kingdom
16905.0,3085.48,1407,117,8,10,True,84347 - ROTATING SILVER ANGELS T-LIGHT HLDR,United Kingdom
16906.0,579.77,281,74,4,12,False,22460 - EMBOSSED GLASS TEALIGHT HOLDER,United Kingdom
16907.0,981.65,298,89,5,14,False,71477 - COLOUR GLASS. STAR T-LIGHT HOLDER,United Kingdom
16909.0,364.14,434,18,2,16,False,22984 - CARD GINGHAM ROSE ,United Kingdom
16910.0,1510.06,886,318,8,14,False,"51014C - FEATHER PEN,COAL BLACK",United Kingdom
16912.0,2528.67,1014,89,14,10,True,22952 - 60 CAKE CASES VINTAGE CHRISTMAS,United Kingdom
16913.0,113.44,82,8,1,12,False,84876B - GREEN HEART COMPACT MIRROR,United Kingdom
16914.0,208.46,121,25,1,15,False,23438 -  RED SPOT GIFT BAG LARGE,United Kingdom
16915.0,621.68,132,46,6,13,False,23084 - RABBIT NIGHT LIGHT,United Kingdom
16916.0,576.26,440,129,2,12,False,22609 - PENS ASSORTED SPACEBALL,United Kingdom
16917.0,391.52,232,9,1,11,False,84978 - HANGING HEART JAR T-LIGHT HOLDER,United Kingdom
16918.0,1043.34,708,97,7,12,True,20718 - RED RETROSPOT SHOPPER BAG,United Kingdom
16919.0,2596.45,1413,141,11,13,False,84596B - SMALL DOLLY MIX DESIGN ORANGE BOWL,United Kingdom
16921.0,169.79,171,50,1,16,False,22049 - WRAP CHRISTMAS SCREEN PRINT,United Kingdom
16923.0,6666.83,3183,316,26,11,True,22294 - HEART FILIGREE DOVE  SMALL,United Kingdom
16924.0,739.5,480,69,4,11,True,21311 - SET/4 BIRD MIRROR MAGNETS ,United Kingdom
16926.0,230.25,35,14,1,13,False,22065 - CHRISTMAS PUDDING TRINKET POT ,United Kingdom
16927.0,543.05,993,5,3,11,False,"84212 - ASSORTED FLOWER COLOUR ""LEIS""",United Kingdom
16928.0,2781.5,2094,72,19,13,True,22775 - PURPLE DRAWERKNOB ACRYLIC EDWARDIAN,United Kingdom
16929.0,1295.39,929,51,7,12,False,84596B - SMALL DOLLY MIX DESIGN ORANGE BOWL,United Kingdom
16930.0,380.55,341,47,3,14,True,21811 - HANGING HEART WITH BELL,United Kingdom
16931.0,4604.22,3158,448,21,12,True,21829 - DINOSAUR KEYRINGS ASSORTED,United Kingdom
16932.0,161.94,87,44,1,14,False,21034 - REX CASH+CARRY JUMBO SHOPPER,United Kingdom
16933.0,530.08,281,44,5,12,True,22815 - CARD PSYCHEDELIC APPLES,United Kingdom
16934.0,950.93,399,59,2,12,True,22294 - HEART FILIGREE DOVE  SMALL,United Kingdom
16936.0,262.68,173,56,1,11,False,22609 - PENS ASSORTED SPACEBALL,United Kingdom
16938.0,1903.13,1025,212,5,11,True,23310 - BUBBLEGUM RING ASSORTED,United Kingdom
16940.0,3049.88,2169,226,3,13,False,21818 - GLITTER HEART DECORATION,United Kingdom
16942.0,1894.11,807,159,10,12,True,84879 - ASSORTED COLOUR BIRD ORNAMENT,United Kingdom
16943.0,816.73,145,23,3,11,False,22457 - NATURAL SLATE HEART CHALKBOARD ,United Kingdom
16945.0,4345.5,2725,137,19,15,True,85099C - JUMBO  BAG BAROQUE BLACK WHITE,United Kingdom
16947.0,406.48,312,21,1,9,False,22439 - 6 ROCKET BALLOONS ,United Kingdom
16948.0,435.02,1614,15,3,8,False,16045 - POPART WOODEN PENCILS ASST,United Kingdom
16949.0,1161.27,790,57,7,12,False,22944 - CHRISTMAS METAL POSTCARD WITH BELLS,United Kingdom
16950.0,1178.56,644,39,3,9,False,85123A - WHITE HANGING HEART T-LIGHT HOLDER,United Kingdom
16951.0,1262.75,1306,73,4,11,False,21829 - DINOSAUR KEYRINGS ASSORTED,United Kingdom
16952.0,167.61,92,16,2,12,True,21500 - PINK POLKADOT WRAP ,United Kingdom
16953.0,20.8,10,1,1,15,False,85099B - JUMBO BAG RED RETROSPOT,United Kingdom
16954.0,2085.08,1054,40,9,11,True,22061 - LARGE CAKE STAND  HANGING STRAWBERY,United Kingdom
16955.0,493.67,246,18,5,10,False,22740 - POLKADOT PEN,United Kingdom
16956.0,292.34,112,16,2,8,False,22029 - SPACEBOY BIRTHDAY CARD,United Kingdom
16957.0,416.64,172,15,2,9,False,85194S - HANGING SPRING FLOWER EGG SMALL,United Kingdom
16959.0,117.35,49,7,1,15,False,22355 - CHARLOTTE BAG SUKI DESIGN,United Kingdom
16960.0,507.05,304,92,3,11,False,23084 - RABBIT NIGHT LIGHT,United Kingdom
16961.0,234.17,125,14,1,13,False,23086 - ZINC  STAR T-LIGHT HOLDER ,United Kingdom
16963.0,110.55,35,7,1,13,False,21609 - SET 12 LAVENDER  BOTANICAL T-LIGHTS,United Kingdom
16965.0,201.19,291,26,1,12,False,17003 - BROCADE RING PURSE ,United Kingdom
16966.0,2148.47,1978,9,10,15,False,21703 - BAG 125g SWIRLY MARBLES,United Kingdom
16967.0,319.02,333,21,1,14,False,84077 - WORLD WAR 2 GLIDERS ASSTD DESIGNS,United Kingdom
16968.0,439.43,326,31,2,10,False,22959 - WRAP CHRISTMAS VILLAGE,United Kingdom
16969.0,650.41,816,42,3,13,False,16259 - PIECE OF CAMO STATIONERY SET,United Kingdom
16971.0,232.21,71,41,2,9,False,23102 - SILVER HEARTS TABLE DECORATION,United Kingdom
16976.0,251.52,88,2,1,16,False,84947 - ANTIQUE SILVER TEA GLASS ENGRAVED,United Kingdom
16978.0,344.33,166,39,1,12,False,84836 - ZINC METAL HEART DECORATION,United Kingdom
16979.0,1809.05,860,64,8,12,False,21810 - CHRISTMAS HANGING STAR WITH BELL,United Kingdom
16980.0,1078.96,788,71,2,12,False,84978 - HANGING HEART JAR T-LIGHT HOLDER,United Kingdom
16982.0,384.06,182,22,1,12,False,22733 - 3D TRADITIONAL CHRISTMAS STICKERS,United Kingdom
16983.0,1920.2,1366,112,8,12,False,21810 - CHRISTMAS HANGING STAR WITH BELL,United Kingdom
16984.0,4392.42,2408,354,5,12,True,17003 - BROCADE RING PURSE ,United Kingdom
16985.0,5461.62,1830,62,11,9,True,85123A - WHITE HANGING HEART T-LIGHT HOLDER,United Kingdom
16986.0,1873.2,1040,3,2,11,False,85099B - JUMBO BAG RED RETROSPOT,United Kingdom
16987.0,1625.05,402,74,7,16,True,23284 - DOORMAT KEEP CALM AND COME IN,United Kingdom
16988.0,126.12,43,7,1,16,False,22197 - POPCORN HOLDER,United Kingdom
16989.0,1133.25,1233,7,6,13,False,22916 - HERB MARKER THYME,United Kingdom
16990.0,179.0,100,1,1,8,False,85099C - JUMBO  BAG BAROQUE BLACK WHITE,United Kingdom
16992.0,1601.86,857,85,6,8,False,21212 - PACK OF 72 RETROSPOT CAKE CASES,United Kingdom
16996.0,1427.46,534,14,9,9,True,84879 - ASSORTED COLOUR BIRD ORNAMENT,United Kingdom
16997.0,702.0,360,7,3,11,False,21928 - JUMBO BAG SCANDINAVIAN PAISLEY,United Kingdom
16998.0,287.02,73,2,6,9,True,22371 - AIRLINE BAG VINTAGE TOKYO 78,United Kingdom
16999.0,484.82,294,21,2,13,False,23344 - JUMBO BAG 50'S CHRISTMAS ,United Kingdom
17001.0,3989.57,2164,75,11,15,False,85099B - JUMBO BAG RED RETROSPOT,United Kingdom
17002.0,1487.78,678,41,4,11,False,84946 - ANTIQUE SILVER TEA GLASS ETCHED,United Kingdom
17004.0,1412.94,819,38,2,12,False,21833 - CAMOUFLAGE LED TORCH,United Kingdom
17006.0,781.78,272,37,4,12,False,21588 - RETROSPOT GIANT TUBE MATCHES,United Kingdom
17007.0,877.43,587,50,7,10,True,21829 - DINOSAUR KEYRINGS ASSORTED,United Kingdom
17010.0,185.46,116,11,2,11,False,22492 - MINI PAINT SET VINTAGE ,United Kingdom
17011.0,270.9,186,15,1,13,False,22693 - GROW A FLYTRAP OR SUNFLOWER IN TIN,United Kingdom
17014.0,565.58,240,63,4,14,True,22563 - HAPPY STENCIL CRAFT,United Kingdom
17015.0,1842.56,1981,182,3,10,False,21497 - FANCY FONTS BIRTHDAY WRAP,United Kingdom
17017.0,8574.11,6613,88,27,14,True,22197 - SMALL POPCORN HOLDER,United Kingdom
17018.0,920.1,176,15,2,8,False,84970S - HANGING HEART ZINC T-LIGHT HOLDER,United Kingdom
17019.0,1272.61,827,166,4,11,False,22197 - SMALL POPCORN HOLDER,United Kingdom
17022.0,71.0,108,7,1,17,False,22577 - WOODEN HEART CHRISTMAS SCANDINAVIAN,United Kingdom
17024.0,95.85,69,2,3,9,False,72127 - COLUMBIAN CANDLE ROUND ,United Kingdom
17025.0,357.77,235,8,3,15,True,22791 - T-LIGHT GLASS FLUTED ANTIQUE,United Kingdom
17026.0,154.83,97,4,2,12,False,20754 - RETROSPOT RED WASHING UP GLOVES,United Kingdom
17027.0,848.59,415,110,7,13,True,22077 - 6 RIBBONS RUSTIC CHARM,United Kingdom
17029.0,716.0,400,1,2,10,False,85099B - JUMBO BAG RED RETROSPOT,United Kingdom
17030.0,146.87,146,11,1,8,False,22577 - WOODEN HEART CHRISTMAS SCANDINAVIAN,United Kingdom
17031.0,380.35,235,19,2,9,False,23344 - JUMBO BAG 50'S CHRISTMAS ,United Kingdom
17033.0,1030.14,750,24,3,13,False,22128 - PARTY CONES CANDY ASSORTED,United Kingdom
17034.0,734.57,406,28,4,8,False,85062 - PEARL CRYSTAL PUMPKIN T-LIGHT HLDR,United Kingdom
17035.0,388.33,201,27,3,11,False,84755 - COLOUR GLASS T-LIGHT HOLDER HANGING,United Kingdom
17037.0,1253.22,652,75,2,12,False,21787 - RAIN PONCHO RETROSPOT,United Kingdom
17038.0,112.4,28,22,1,13,False,23360 - SET 8 CANDLES VINTAGE DOILY,United Kingdom
17040.0,449.73,181,15,1,10,False,16161P - WRAP ENGLISH ROSE ,United Kingdom
17041.0,1065.77,947,59,4,11,True,16156S - WRAP PINK FAIRY CAKES ,United Kingdom
17042.0,1044.38,994,74,5,10,False,84077 - WORLD WAR 2 GLIDERS ASSTD DESIGNS,United Kingdom
17043.0,1735.18,998,100,4,10,False,79000 - MOROCCAN TEA GLASS,United Kingdom
17044.0,897.43,487,8,3,8,False,84949 - SILVER HANGING T-LIGHT HOLDER,United Kingdom
17045.0,339.44,106,20,3,12,False,72741 - GRAND CHOCOLATECANDLE,United Kingdom
17046.0,642.02,510,22,1,14,False,21746 - SMALL RED RETROSPOT WINDMILL,United Kingdom
17047.0,1100.9,533,59,3,16,True,21985 - PACK OF 12 HEARTS DESIGN TISSUES ,United Kingdom
17048.0,864.32,474,41,6,11,False,22386 - JUMBO BAG PINK POLKADOT,United Kingdom
17049.0,5594.78,2669,201,11,13,True,22086 - PAPER CHAIN KIT 50'S CHRISTMAS ,United Kingdom
17050.0,3228.84,1614,169,6,14,False,22740 - POLKADOT PEN,United Kingdom
17051.0,247.14,184,40,1,14,False,20724 - RED RETROSPOT CHARLOTTE BAG,United Kingdom
17052.0,413.75,261,72,1,14,False,23354 - 6 GIFT TAGS 50'S CHRISTMAS ,United Kingdom
17053.0,496.38,121,13,2,10,False,"21216 - SET 3 RETROSPOT TEA,COFFEE,SUGAR",United Kingdom
17054.0,1353.83,802,64,6,12,False,"21900 - KEY FOB , SHED",United Kingdom
17058.0,1179.89,592,51,3,9,False,84755 - COLOUR GLASS T-LIGHT HOLDER HANGING,United Kingdom
17059.0,3095.04,1855,292,5,12,False,23310 - BUBBLEGUM RING ASSORTED,United Kingdom
17060.0,234.24,216,5,1,13,False,84978 - HANGING HEART JAR T-LIGHT HOLDER,United Kingdom
17061.0,5116.13,1484,57,12,13,True,47566 - PARTY BUNTING,United Kingdom
17062.0,534.47,428,53,5,11,True,72232 - FENG SHUI PILLAR CANDLE,United Kingdom
17063.0,1421.59,763,66,11,13,True,23330 - DECORATIVE WICKER HEART MEDIUM,United Kingdom
17064.0,859.35,318,53,3,10,False,22457 - NATURAL SLATE HEART CHALKBOARD ,United Kingdom
17068.0,4531.34,2154,116,22,13,True,22379 - RECYCLING BAG RETROSPOT ,United Kingdom
17069.0,2655.22,1482,111,13,11,True,23231 - WRAP DOILEY DESIGN,United Kingdom
17070.0,312.14,133,62,1,17,False,22813 - PACK 3 BOXES BIRD PANNETONE ,United Kingdom
17071.0,2385.48,1182,102,14,16,True,22469 - HEART OF WICKER SMALL,United Kingdom
17073.0,1446.09,759,142,4,10,False,84077 - WORLD WAR 2 GLIDERS ASSTD DESIGNS,United Kingdom
17075.0,813.77,289,62,5,13,True,22988 - SOLDIERS EGG CUP ,United Kingdom
17076.0,841.08,295,17,3,8,False,21232 - STRAWBERRY CERAMIC TRINKET BOX,United Kingdom
17078.0,378.2,788,28,2,18,True,17038 - PORCELAIN BUDAH INCENSE HOLDER,United Kingdom
17079.0,118.8,24,2,1,15,False,23298 - SPOTTY BUNTING,United Kingdom
17080.0,285.5,164,8,3,12,False,84978 - HANGING HEART JAR T-LIGHT HOLDER,United Kingdom
17081.0,290.16,78,55,2,12,False,22113 - GREY HEART HOT WATER BOTTLE,United Kingdom
17082.0,2003.85,1049,75,2,14,False,22945 - CHRISTMAS METAL TAGS ASSORTED ,United Kingdom
17083.0,1405.78,772,24,3,11,False,20675 - BLUE POLKADOT BOWL,United Kingdom
17084.0,2949.75,1816,146,2,14,True,85172 - HYACINTH BULB T-LIGHT CANDLES,United Kingdom
17085.0,1555.05,784,116,6,12,True,22444 - GROW YOUR OWN PLANT IN A CAN ,United Kingdom
17086.0,2050.08,1859,76,6,13,False,23571 - TRADITIONAL NAUGHTS & CROSSES,United Kingdom
17088.0,1991.01,868,96,4,9,False,85099B - JUMBO BAG RED RETROSPOT,United Kingdom
17090.0,2041.85,920,45,8,13,False,22302 - COFFEE MUG PEARS  DESIGN,United Kingdom
17091.0,3802.81,1743,119,10,10,True,84077 - WORLD WAR 2 GLIDERS ASSTD DESIGNS,United Kingdom
17092.0,1777.78,1131,99,4,12,False,21829 - DINOSAUR KEYRINGS ASSORTED,United Kingdom
17094.0,270.2,148,14,2,13,False,22138 - BAKING SET 9 PIECE RETROSPOT ,United Kingdom
17095.0,1088.2,613,70,6,11,True,15036 - ASSORTED COLOURS SILK FAN,United Kingdom
17096.0,992.68,332,46,7,15,False,72051S - BAG OF SILVER STONES,United Kingdom
17097.0,937.92,457,153,9,15,True,21135 - VICTORIAN  METAL POSTCARD SPRING,Spain
17100.0,971.74,800,65,2,16,True,22492 - MINI PAINT SET VINTAGE ,United Kingdom
17101.0,1621.73,815,28,4,10,False,22197 - SMALL POPCORN HOLDER,United Kingdom
17102.0,25.5,2,1,1,10,False,22236 - CAKE STAND 3 TIER MAGIC GARDEN,United Kingdom
17105.0,665.78,693,80,2,14,False,17038 - PORCELAIN BUDAH INCENSE HOLDER,United Kingdom
17107.0,10380.43,4537,269,7,14,True,17084R - ASSORTED INCENSE PACK,United Kingdom
17109.0,869.68,573,107,8,13,True,22944 - CHRISTMAS METAL POSTCARD WITH BELLS,United Kingdom
17110.0,163.3,50,12,1,12,False,22064 - PINK DOUGHNUT TRINKET POT ,United Kingdom
17111.0,248.61,302,29,1,15,False,17084N - FAIRY DREAMS INCENSE ,United Kingdom
17114.0,747.22,210,85,10,11,True,82494L - WOODEN FRAME ANTIQUE WHITE ,United Kingdom
17115.0,806.9,368,33,5,14,False,21294 - ETCHED GLASS COASTER,United Kingdom
17117.0,116.2,68,9,1,13,False,21700 - BIG DOUGHNUT FRIDGE MAGNETS,United Kingdom
17118.0,157.02,154,10,1,12,False,20974 - 12 PENCILS SMALL TUBE SKULL,United Kingdom
17119.0,593.61,327,35,3,11,False,21810 - CHRISTMAS HANGING STAR WITH BELL,United Kingdom
17120.0,307.46,120,18,1,15,False,15036 - ASSORTED COLOURS SILK FAN,United Kingdom
17122.0,138.32,80,7,1,14,False,23061 - VINTAGE EMBOSSED HEART,United Kingdom
17123.0,345.3,246,9,1,10,False,75049L - LARGE CIRCULAR MIRROR MOBILE,United Kingdom
17124.0,298.89,130,31,1,14,False,22217 - T-LIGHT HOLDER HANGING LACE,United Kingdom
17125.0,259.35,291,34,1,14,False,16045 - POPART WOODEN PENCILS ASST,United Kingdom
17126.0,991.85,790,189,7,13,True,20668 - DISCO BALL CHRISTMAS DECORATION,United Kingdom
17128.0,157.09,76,14,1,12,False,75049L - LARGE CIRCULAR MIRROR MOBILE,United Kingdom
17131.0,2463.17,983,78,5,15,True,85123A - WHITE HANGING HEART T-LIGHT HOLDER,United Kingdom
17133.0,4892.24,2730,13,7,12,True,82582 - AREA PATROLLED METAL SIGN,United Kingdom
17134.0,425.0,102,21,2,9,False,22766 - PHOTO FRAME CORNICE,United Kingdom
17135.0,1139.73,1224,34,7,10,True,22155 - STAR DECORATION RUSTIC,United Kingdom
17138.0,380.5,126,24,1,11,False,21868 - POTTING SHED TEA MUG,United Kingdom
17139.0,10585.57,5163,309,15,12,True,20725 - LUNCH BAG RED RETROSPOT,United Kingdom
17140.0,465.32,302,16,1,13,False,84987 - SET OF 36 TEATIME PAPER DOILIES,United Kingdom
17142.0,579.0,81,15,1,18,False,21189 - WHITE HONEYCOMB PAPER GARLAND ,United Kingdom
17144.0,984.57,483,42,2,12,False,22959 - WRAP CHRISTMAS VILLAGE,United Kingdom
17146.0,749.78,212,33,3,12,False,22178 - VICTORIAN GLASS HANGING T-LIGHT,United Kingdom
17147.0,1679.64,878,70,6,9,True,21122 - SET/10 PINK POLKADOT PARTY CANDLES,United Kingdom
17148.0,124.88,82,9,1,9,False,22465 - HANGING METAL STAR LANTERN,United Kingdom
17152.0,1503.5,477,9,4,12,True,22128 - PARTY CONES CANDY ASSORTED,United Kingdom
17153.0,213.78,104,14,1,13,False,22969 - HOMEMADE JAM SCENTED CANDLES,United Kingdom
17154.0,329.34,490,23,1,13,False,85204 - HANGING WOOD AND FELT FLOWER,United Kingdom
17155.0,251.7,242,19,2,10,False,21172 - PARTY METAL SIGN ,United Kingdom
17157.0,306.55,169,11,3,9,False,21137 - BLACK RECORD COVER FRAME,United Kingdom
17158.0,1266.97,778,53,3,10,False,22771 - CLEAR DRAWER KNOB ACRYLIC EDWARDIAN,United Kingdom
17159.0,1534.73,1110,96,4,9,False,16219 - HOUSE SHAPE PENCIL SHARPENER,United Kingdom
17160.0,3518.03,2856,111,6,13,False,84077 - WORLD WAR 2 GLIDERS ASSTD DESIGNS,United Kingdom
17162.0,1707.21,1000,81,11,9,True,"21899 - KEY FOB , GARAGE DESIGN",United Kingdom
17163.0,293.1,66,3,2,8,False,22112 - CHOCOLATE HOT WATER BOTTLE,United Kingdom
17164.0,2466.4,1500,92,8,9,True,21212 - PACK OF 72 RETROSPOT CAKE CASES,United Kingdom
17165.0,158.68,100,10,1,16,False,22151 - PLACE SETTING WHITE HEART,United Kingdom
17166.0,189.49,75,11,3,9,False,22727 - ALARM CLOCK BAKELIKE RED ,United Kingdom
17169.0,816.88,519,51,4,10,False,23310 - BUBBLEGUM RING ASSORTED,United Kingdom
17171.0,224.91,185,16,1,16,False,22335 - HEART DECORATION PAINTED ZINC ,United Kingdom
17172.0,313.26,479,16,2,9,False,22944 - CHRISTMAS METAL POSTCARD WITH BELLS,United Kingdom
17173.0,3755.65,1121,36,9,14,True,85123A - WHITE HANGING HEART T-LIGHT HOLDER,United Kingdom
17174.0,59.9,41,4,1,11,False,84755 - COLOUR GLASS T-LIGHT HOLDER HANGING,United Kingdom
17175.0,1430.94,865,42,5,12,False,21422 - PORCELAIN ROSE SMALL,United Kingdom
17176.0,306.13,170,15,1,12,False,85123A - WHITE HANGING HEART T-LIGHT HOLDER,United Kingdom
17179.0,711.79,290,56,3,16,False,20828 - GLITTER BUTTERFLY CLIPS,United Kingdom
17180.0,780.38,680,91,6,16,True,22417 - PACK OF 60 SPACEBOY CAKE CASES,United Kingdom
17181.0,239.92,241,23,2,12,False,21326 - AGED GLASS SILVER T-LIGHT HOLDER,United Kingdom
17183.0,3286.91,1264,42,8,15,False,22091 - EMPIRE TISSUE BOX,United Kingdom
17186.0,144.0,200,1,2,10,False,22197 - POPCORN HOLDER,United Kingdom
17187.0,203.95,144,10,1,12,False,15036 - ASSORTED COLOURS SILK FAN,United Kingdom
17188.0,2275.58,1301,71,9,12,True,16156S - WRAP PINK FAIRY CAKES ,United Kingdom
17189.0,384.4,227,52,2,17,False,22024 - RAINY LADIES BIRTHDAY CARD,United Kingdom
17190.0,249.74,160,19,3,10,False,23550 - WRAP ALPHABET POSTER  ,United Kingdom
17191.0,2095.13,1167,163,7,14,True,22771 - CLEAR DRAWER KNOB ACRYLIC EDWARDIAN,United Kingdom
17193.0,1674.46,1238,17,9,10,True,22492 - MINI PAINT SET VINTAGE ,United Kingdom
17194.0,262.62,119,26,2,12,False,22906 - 12 MESSAGE CARDS WITH ENVELOPES,United Kingdom
17197.0,1013.01,191,29,1,10,False,21891 - TRADITIONAL WOODEN SKIPPING ROPE,United Kingdom
17198.0,692.22,357,89,3,10,False,21818 - GLITTER CHRISTMAS HEART ,United Kingdom
17201.0,342.63,268,38,1,11,False,22185 - SLATE TILE NATURAL HANGING,United Kingdom
17203.0,3563.85,2850,116,6,12,True,20986 - BLUE CALCULATOR RULER,United Kingdom
17204.0,1352.91,589,47,9,12,True,21121 - SET/10 RED POLKADOT PARTY CANDLES,United Kingdom
17205.0,384.08,884,13,1,12,False,21495 - SKULLS AND CROSSBONES WRAP,United Kingdom
17206.0,204.24,76,7,1,13,False,23513 - EMBROIDERED RIBBON REEL SUSIE ,United Kingdom
17211.0,2299.67,1310,150,9,13,True,84077 - WORLD WAR 2 GLIDERS ASSTD DESIGNS,United Kingdom
17212.0,226.85,147,4,1,19,False,22693 - GROW A FLYTRAP OR SUNFLOWER IN TIN,United Kingdom
17213.0,2741.08,1167,85,11,14,True,15036 - ASSORTED COLOURS SILK FAN,United Kingdom
17214.0,984.12,275,79,7,11,True,22322 - BIRD DECORATION GREEN POLKADOT,United Kingdom
17217.0,113.5,24,9,1,17,False,22499 - WOODEN UNION JACK BUNTING,United Kingdom
17218.0,1960.72,958,146,10,15,False,23271 - CHRISTMAS TABLE SILVER CANDLE SPIKE,United Kingdom
17219.0,114.23,89,24,1,11,False,22791 - T-LIGHT GLASS FLUTED ANTIQUE,United Kingdom
17220.0,3198.25,1905,303,14,13,True,16156L - WRAP CAROUSEL,United Kingdom
17221.0,335.13,288,59,2,13,False,84947 - ANTIQUE SILVER TEA GLASS ENGRAVED,United Kingdom
17222.0,354.15,128,27,1,13,False,21508 - VINTAGE KID DOLLY CARD ,United Kingdom
17223.0,426.79,112,43,2,14,False,84879 - ASSORTED COLOUR BIRD ORNAMENT,United Kingdom
17226.0,393.49,406,21,1,11,False,20983 - 12 PENCILS TALL TUBE RED RETROSPOT,United Kingdom
17227.0,939.32,741,28,6,10,False,84375 - SET OF 20 KIDS COOKIE CUTTERS,United Kingdom
17228.0,1906.09,1532,140,8,10,False,17084R - ASSORTED INCENSE PACK,United Kingdom
17229.0,318.76,185,39,2,12,False,85099B - JUMBO BAG RED RETROSPOT,United Kingdom
17230.0,3466.67,1553,51,11,15,True,22197 - SMALL POPCORN HOLDER,United Kingdom
17231.0,3127.82,1736,294,14,16,True,21819 - GLITTER CHRISTMAS STAR ,United Kingdom
17232.0,421.52,203,30,2,12,False,84347 - ROTATING SILVER ANGELS T-LIGHT HLDR,United Kingdom
17233.0,190.88,131,25,1,14,False,23271 - CHRISTMAS TABLE SILVER CANDLE SPIKE,United Kingdom
17234.0,149.89,55,14,1,11,False,22713 - CARD I LOVE LONDON ,United Kingdom
17235.0,550.06,224,24,2,13,False,22738 - RIBBON REEL SNOWY VILLAGE,United Kingdom
17236.0,916.13,474,88,6,11,False,21385 - IVORY HANGING DECORATION  HEART,United Kingdom
17237.0,314.69,105,18,2,12,False,23082 - SET 6 PAPER TABLE LANTERN HEARTS ,United Kingdom
17238.0,3744.65,1822,297,17,12,True,17003 - BROCADE RING PURSE ,United Kingdom
17239.0,379.95,149,15,2,9,False,22464 - HANGING METAL HEART LANTERN,United Kingdom
17242.0,1135.04,611,30,2,13,False,23076 - ICE CREAM SUNDAE LIP GLOSS,United Kingdom
17243.0,8628.55,3362,180,30,10,True,22112 - CHOCOLATE HOT WATER BOTTLE,United Kingdom
17244.0,954.9,616,31,1,15,False,70007 - HI TEC ALPINE HAND WARMER,United Kingdom
17245.0,171.45,75,9,1,10,False,22077 - 6 RIBBONS RUSTIC CHARM,United Kingdom
17247.0,282.19,106,53,1,15,False,23437 -  50'S CHRISTMAS GIFT BAG LARGE,United Kingdom
17248.0,318.65,213,68,1,13,False,21787 - RAIN PONCHO RETROSPOT,United Kingdom
17250.0,384.52,168,55,2,12,False,22038 - BOTANICAL LAVENDER GIFT WRAP ,United Kingdom
17251.0,283.28,110,37,1,11,False,22616 - PACK OF 12 LONDON TISSUES ,United Kingdom
17252.0,353.86,193,86,2,9,False,20674 - GREEN POLKADOT BOWL,United Kingdom
17253.0,178.26,43,18,1,12,False,23214 - JINGLE BELL HEART ANTIQUE GOLD,United Kingdom
17254.0,272.44,252,100,2,12,False,22492 - MINI PAINT SET VINTAGE ,United Kingdom
17255.0,298.41,232,69,2,12,False,22597 - MUSICAL ZINC HEART DECORATION ,United Kingdom
17256.0,240.0,141,12,2,13,False,62018 - SOMBRERO ,United Kingdom
17259.0,603.37,410,104,2,12,False,84945 - MULTI COLOUR SILVER T-LIGHT HOLDER,United Kingdom
17262.0,1253.36,367,9,5,13,True,47566 - PARTY BUNTING,United Kingdom
17263.0,63.44,36,23,1,14,False,21670 - BLUE SPOT CERAMIC DRAWER KNOB,United Kingdom
17265.0,562.9,394,106,2,10,False,22998 - TRAVEL CARD WALLET KEEP CALM,United Kingdom
17266.0,310.64,161,60,3,14,False,21818 - GLITTER HEART DECORATION,United Kingdom
17267.0,317.62,159,37,2,17,True,22178 - VICTORIAN GLASS HANGING T-LIGHT,United Kingdom
17268.0,763.64,844,3,4,10,False,71459 - HANGING JAM JAR T-LIGHT HOLDER,United Kingdom
17272.0,2144.53,1776,70,5,12,False,84077 - WORLD WAR 2 GLIDERS ASSTD DESIGNS,United Kingdom
17274.0,111.98,79,24,1,13,False,23271 - CHRISTMAS TABLE SILVER CANDLE SPIKE,United Kingdom
17277.0,1065.35,430,67,2,12,False,21985 - PACK OF 12 HEARTS DESIGN TISSUES ,United Kingdom
17278.0,246.04,179,15,1,13,False,21497 - FANCY FONTS BIRTHDAY WRAP,United Kingdom
17279.0,187.83,48,8,1,11,False,82494L - WOODEN FRAME ANTIQUE WHITE ,United Kingdom
17282.0,1703.41,1877,79,3,10,False,21791 - VINTAGE HEADS AND TAILS CARD GAME ,United Kingdom
17284.0,1641.68,1362,229,7,10,True,22616 - PACK OF 12 LONDON TISSUES ,United Kingdom
17286.0,153.92,118,44,1,12,False,47578A - ENGLISH ROSE SMALL SCENTED FLOWER,United Kingdom
17287.0,1064.11,559,88,7,12,False,22294 - HEART FILIGREE DOVE  SMALL,United Kingdom
17288.0,1419.73,1203,118,7,13,False,22492 - MINI PAINT SET VINTAGE ,United Kingdom
17289.0,936.16,519,86,4,12,True,21618 - 4 WILDFLOWER BOTANICAL CANDLES,United Kingdom
17290.0,525.24,404,92,2,12,False,21403 - BLUE EGG  SPOON,United Kingdom
17291.0,550.8,72,1,1,13,False,22777 - GLASS CLOCHE LARGE,United Kingdom
17293.0,1875.11,1140,93,9,14,True,21326 - AGED GLASS SILVER T-LIGHT HOLDER,United Kingdom
17295.0,556.95,294,53,3,10,True,23090 - VINTAGE GLASS T-LIGHT HOLDER,United Kingdom
17297.0,131.78,67,49,1,14,False,22977 - DOLLY GIRL CHILDRENS EGG CUP,United Kingdom
17298.0,498.42,387,30,2,12,False,35648 - VINTAGE BEAD PINK PURSE ,United Kingdom
17299.0,669.11,678,50,4,12,False,85199L - LARGE HANGING IVORY & RED WOOD BIRD,United Kingdom
17301.0,197.63,149,59,1,13,False,21982 - PACK OF 12 SUKI TISSUES ,United Kingdom
17302.0,1119.93,573,68,6,9,False,23082 - SET 6 PAPER TABLE LANTERN HEARTS ,United Kingdom
17303.0,250.04,144,53,1,13,False,22047 - EMPIRE GIFT WRAP,United Kingdom
17306.0,8600.73,11470,13,21,9,True,22616 - PACK OF 12 LONDON TISSUES ,United Kingdom
17309.0,82.75,41,11,1,15,False,84945 - MULTI COLOUR SILVER T-LIGHT HOLDER,United Kingdom
17311.0,1384.85,1005,55,2,10,False,23445 - ICE CREAM BUBBLES,United Kingdom
17312.0,644.3,372,11,3,11,False,21694 - SMALL REGAL  SILVER CANDLEPOT ,United Kingdom
17313.0,2288.13,1382,24,2,9,False,22732 - 3D VINTAGE CHRISTMAS STICKERS ,United Kingdom
17314.0,2514.76,1884,120,11,9,False,22616 - PACK OF 12 LONDON TISSUES ,United Kingdom
17315.0,6204.46,3856,259,43,10,True,22151 - PLACE SETTING WHITE HEART,United Kingdom
17317.0,2524.02,1074,8,5,17,True,21098 - CHRISTMAS TOILET ROLL,United Kingdom
17320.0,1200.62,634,57,3,13,False,22151 - PLACE SETTING WHITE HEART,United Kingdom
17321.0,700.86,373,94,2,11,False,23310 - BUBBLEGUM RING ASSORTED,United Kingdom
17323.0,908.99,770,125,9,12,True,22355 - CHARLOTTE BAG SUKI DESIGN,United Kingdom
17324.0,990.23,844,43,4,11,False,21239 - PINK  POLKADOT CUP,United Kingdom
17325.0,96.8,60,6,1,13,False,22195 - LARGE HEART MEASURING SPOONS,United Kingdom
17329.0,523.11,142,29,2,14,False,72802A - ROSE SCENT CANDLE IN JEWELLED BOX,United Kingdom
17330.0,363.9,120,5,2,8,False,23503 - PLAYING CARDS KEEP CALM & CARRY ON,United Kingdom
17331.0,175.2,16,1,1,11,False,22423 - REGENCY CAKESTAND 3 TIER,United Kingdom
17333.0,494.25,375,28,1,10,False,22713 - CARD I LOVE LONDON ,United Kingdom
17334.0,306.6,314,11,3,9,False,22492 - MINI PAINT SET VINTAGE ,United Kingdom
17337.0,1944.32,1240,421,7,14,True,22492 - MINI PAINT SET VINTAGE ,United Kingdom
17338.0,6612.18,3123,390,10,14,True,85123A - WHITE HANGING HEART T-LIGHT HOLDER,United Kingdom
17339.0,243.36,152,9,2,13,False,23187 - FRENCH STYLE STORAGE JAR BONBONS,United Kingdom
17340.0,11891.18,5902,231,16,13,True,84077 - WORLD WAR 2 GLIDERS ASSTD DESIGNS,United Kingdom
17341.0,781.36,489,147,3,12,True,40016 - CHINESE DRAGON PAPER LANTERNS,United Kingdom
17343.0,193.64,56,17,1,15,False,84949 - SILVER HANGING T-LIGHT HOLDER,United Kingdom
17344.0,160.57,66,31,1,12,False,21326 - AGED GLASS SILVER T-LIGHT HOLDER,United Kingdom
17345.0,537.74,346,70,4,12,True,84945 - MULTI COLOUR SILVER T-LIGHT HOLDER,United Kingdom
17346.0,2611.58,1639,299,16,12,True,21326 - AGED GLASS SILVER T-LIGHT HOLDER,United Kingdom
17347.0,228.96,216,1,1,13,False,84947 - ANTIQUE SILVER TEA GLASS ENGRAVED,United Kingdom
17348.0,1159.52,1401,180,5,11,False,23310 - BUBBLEGUM RING ASSORTED,United Kingdom
17349.0,110.75,112,8,1,14,False,21719 - LOVELY BONBON STICKER SHEET,United Kingdom
17350.0,1256.19,759,66,5,15,True,22049 - WRAP CHRISTMAS SCREEN PRINT,United Kingdom
17351.0,587.15,113,22,3,16,False,48138 - DOORMAT UNION FLAG,United Kingdom
17353.0,1740.0,1200,5,2,16,False,22382 - LUNCH BAG SPACEBOY DESIGN ,United Kingdom
17354.0,1393.06,1006,15,1,10,False,22596 - CHRISTMAS STAR WISH LIST CHALKBOARD,United Kingdom
17356.0,178.22,166,19,1,11,False,85206A - CREAM FELT EASTER EGG BASKET,United Kingdom
17357.0,388.14,153,41,2,16,True,22734 - SET OF 6 RIBBONS VINTAGE CHRISTMAS,United Kingdom
17358.0,365.85,202,55,2,14,False,"21506 - FANCY FONT BIRTHDAY CARD, ",United Kingdom
17359.0,127.86,161,13,1,14,False,20869 - GOLD FABRIC MIRROR,United Kingdom
17360.0,585.79,335,113,3,12,True,16161P - WRAP ENGLISH ROSE ,United Kingdom
17361.0,488.2,157,26,3,9,False,21137 - BLACK RECORD COVER FRAME,United Kingdom
17362.0,312.23,191,30,2,10,False,22303 - COFFEE MUG APPLES DESIGN,United Kingdom
17364.0,4455.73,2680,288,12,12,True,22693 - GROW A FLYTRAP OR SUNFLOWER IN TIN,United Kingdom
17365.0,4801.56,4777,278,8,12,True,16011 - ANIMAL STICKERS,United Kingdom
17367.0,168.4,150,33,1,14,False,17003 - BROCADE RING PURSE ,United Kingdom
17368.0,1349.52,680,93,9,11,False,15056N - EDWARDIAN PARASOL NATURAL,United Kingdom
17370.0,446.18,540,31,4,14,False,16219 - HOUSE SHAPE PENCIL SHARPENER,United Kingdom
17371.0,423.89,152,83,3,13,True,37370 - RETRO COFFEE MUGS ASSORTED,United Kingdom
17372.0,1342.68,749,215,8,13,False,90058B - CRYSTAL STUD EARRINGS ASSORTED COL ,United Kingdom
17373.0,646.92,408,47,4,11,False,21975 - PACK OF 60 DINOSAUR CAKE CASES,United Kingdom
17374.0,495.77,85,24,2,9,False,22585 - PACK OF 6 BIRDY GIFT TAGS,United Kingdom
17375.0,372.5,361,65,4,15,False,17003 - BROCADE RING PURSE ,United Kingdom
17376.0,203.2,86,23,2,12,False,22659 - LUNCH BOX I LOVE LONDON,United Kingdom
17377.0,3925.92,2075,191,21,10,False,22900 -  SET 2 TEA TOWELS I LOVE LONDON ,United Kingdom
17379.0,404.66,663,71,1,13,False,16045 - POPART WOODEN PENCILS ASST,United Kingdom
17381.0,20272.43,25646,40,30,11,True,22616 - PACK OF 12 LONDON TISSUES ,United Kingdom
17382.0,65.4,25,2,1,13,False,85088 - CANDY SPOT HAND BAG,United Kingdom
17383.0,199.29,150,49,1,17,False,22959 - WRAP CHRISTMAS VILLAGE,United Kingdom
17384.0,336.4,88,12,2,15,False,15056N - EDWARDIAN PARASOL NATURAL,United Kingdom
17385.0,261.11,201,42,1,11,False,16048 - TEATIME ROUND PENCIL SHARPENER ,United Kingdom
17386.0,2686.42,1902,23,6,13,True,85106 - CUT GLASS HEXAGON T-LIGHT HOLDER,United Kingdom
17387.0,784.11,542,71,2,11,False,21810 - CHRISTMAS HANGING STAR WITH BELL,United Kingdom
17388.0,1259.56,1068,13,4,12,False,84947 - ANTIQUE SILVER TEA GLASS ENGRAVED,United Kingdom
17389.0,31300.08,7430,48,43,15,True,22666 - RECIPE BOX PANTRY YELLOW DESIGN,United Kingdom
17391.0,508.8,480,2,2,9,False,22178 - VICTORIAN GLASS HANGING T-LIGHT,United Kingdom
17392.0,457.91,320,53,2,12,False,22051 - BLUE SCANDINAVIAN PAISLEY WRAP,United Kingdom
17394.0,203.87,241,4,1,13,False,23144 - ZINC T-LIGHT HOLDER STARS SMALL,United Kingdom
17396.0,7330.8,2005,24,8,10,True,22727 - ALARM CLOCK BAKELIKE RED ,United Kingdom
17397.0,696.41,254,88,2,13,True,22991 - GIRAFFE WOODEN RULER,United Kingdom
17398.0,653.38,310,30,3,9,False,21212 - PACK OF 72 RETROSPOT CAKE CASES,United Kingdom
17400.0,2129.96,1097,175,5,17,False,23077 - DOUGHNUT LIP GLOSS ,United Kingdom
17402.0,2633.85,701,33,13,13,True,22619 - SET OF 6 SOLDIER SKITTLES,United Kingdom
17403.0,281.62,117,32,1,15,False,21694 - SMALL REGAL  SILVER CANDLEPOT ,United Kingdom
17404.0,30300.82,32324,111,18,10,True,22492 - MINI PAINT SET VINTAGE ,Sweden
17405.0,967.22,705,77,5,10,False,16169E - WRAP 50'S  CHRISTMAS,United Kingdom
17406.0,1928.72,784,99,5,15,True,70006 - LOVE HEART POCKET WARMER,United Kingdom
17408.0,32.65,3,2,1,12,False,22221 - CAKE STAND LOVEBIRD 2 TIER PINK,United Kingdom
17409.0,771.85,105,13,2,10,False,22180 - RETROSPOT LAMP,United Kingdom
17410.0,1214.72,616,57,5,15,False,22197 - SMALL POPCORN HOLDER,United Kingdom
17411.0,748.94,298,41,4,10,False,85175 - CACTI T-LIGHT CANDLES,United Kingdom
17412.0,1258.06,738,48,7,12,False,21731 - RED TOADSTOOL LED NIGHT LIGHT,United Kingdom
17414.0,778.0,2100,5,2,11,False,17003 - BROCADE RING PURSE ,United Kingdom
17415.0,507.84,114,14,1,12,False,22961 - JAM MAKING SET PRINTED,United Kingdom
17416.0,6838.34,4266,186,9,8,False,23035 - DRAWER KNOB CERAMIC IVORY,United Kingdom
17418.0,463.46,289,29,2,11,False,16225 - RATTLE SNAKE EGGS,United Kingdom
17419.0,4200.97,1872,155,14,9,True,21212 - PACK OF 72 RETROSPOT CAKE CASES,United Kingdom
17420.0,598.83,265,28,3,9,False,23103 - JINGLE BELL HEART DECORATION,United Kingdom
17422.0,1853.13,2195,93,10,10,False,22944 - CHRISTMAS METAL POSTCARD WITH BELLS,United Kingdom
17423.0,663.63,421,26,4,9,False,71459 - HANGING JAM JAR T-LIGHT HOLDER,United Kingdom
17425.0,759.17,407,42,2,11,False,22178 - VICTORIAN GLASS HANGING T-LIGHT,United Kingdom
17426.0,5022.26,3082,179,7,12,True,21212 - PACK OF 72 RETROSPOT CAKE CASES,United Kingdom
17427.0,100.8,34,2,1,11,False,23503 - PLAYING CARDS KEEP CALM & CARRY ON,United Kingdom
17428.0,17078.45,9435,255,33,10,True,85184C - S/4 VALENTINE DECOUPAGE HEART BOX,United Kingdom
17429.0,512.12,616,36,4,13,False,22266 - EASTER DECORATION HANGING BUNNY,United Kingdom
17430.0,265.76,190,14,2,9,False,22492 - MINI PAINT SET VINTAGE ,United Kingdom
17431.0,403.3,292,41,1,14,False,85194L - HANGING SPRING FLOWER EGG LARGE,United Kingdom
17432.0,365.76,207,44,2,17,False,22792 - FLUTED ANTIQUE CANDLE HOLDER,United Kingdom
17433.0,303.16,185,53,1,14,False,21326 - AGED GLASS SILVER T-LIGHT HOLDER,United Kingdom
17434.0,2333.42,1685,100,9,13,False,21810 - CHRISTMAS HANGING STAR WITH BELL,United Kingdom
17436.0,216.3,90,7,2,11,False,22300 - COFFEE MUG DOG + BALL DESIGN,United Kingdom
17438.0,378.3,100,17,2,10,False,21915 - RED  HARMONICA IN BOX ,United Kingdom
17440.0,177.1,232,3,5,12,True,84945 - MULTI COLOUR SILVER T-LIGHT HOLDER,United Kingdom
17442.0,2210.26,1490,97,10,12,False,"22985 - WRAP, BILLBOARD FONTS DESIGN",United Kingdom
17443.0,534.24,504,1,1,10,False,37370 - RETRO COFFEE MUGS ASSORTED,Canada
17444.0,2940.04,2119,132,3,9,False,84077 - WORLD WAR 2 GLIDERS ASSTD DESIGNS,Canada
17446.0,120.9,198,6,2,10,False,21215 - IVORY PAPER CUP CAKE CASES ,United Kingdom
17447.0,541.53,443,33,2,10,False,84879 - ASSORTED COLOUR BIRD ORNAMENT,United Kingdom
17449.0,2504.86,1115,178,8,17,True,22269 - EGG CUP NATURAL CHICKEN,United Kingdom
17450.0,187482.17,69029,127,55,10,True,22469 - HEART OF WICKER SMALL,United Kingdom
17451.0,1648.95,1178,83,10,11,True,22578 - WOODEN STAR CHRISTMAS SCANDINAVIAN,United Kingdom
17453.0,486.72,219,19,2,9,False,22697 - GREEN REGENCY TEACUP AND SAUCER,United Kingdom
17454.0,517.53,243,57,4,13,False,23199 - JUMBO BAG APPLES,United Kingdom
17455.0,131.7,66,8,1,12,False,20728 - LUNCH BAG CARS BLUE,United Kingdom
17456.0,249.86,222,17,1,15,False,21802 - CHRISTMAS TREE HEART DECORATION,United Kingdom
17457.0,1737.7,826,14,5,8,False,21609 - SET 12 LAVENDER  BOTANICAL T-LIGHTS,United Kingdom
17458.0,316.5,170,52,1,13,False,15034 - PAPER POCKET TRAVELING FAN ,United Kingdom
17459.0,657.3,537,88,2,13,False,23310 - BUBBLEGUM RING ASSORTED,United Kingdom
17460.0,452.63,176,18,8,10,False,85123A - WHITE HANGING HEART T-LIGHT HOLDER,United Kingdom
17461.0,757.46,799,104,3,10,True,21167 - WHITE SAGE INCENSE,United Kingdom
17462.0,662.94,224,25,3,13,False,21430 - SET/3 RED GINGHAM ROSE STORAGE BOX,United Kingdom
17463.0,1881.36,1090,162,6,13,False,21500 - PINK POLKADOT WRAP ,United Kingdom
17464.0,289.96,220,9,1,13,False,17003 - BROCADE RING PURSE ,United Kingdom
17466.0,763.28,306,41,2,9,False,22560 - TRADITIONAL MODELLING CLAY,United Kingdom
17468.0,137.0,116,5,2,12,False,21070 - VINTAGE BILLBOARD MUG ,United Kingdom
17469.0,1843.06,778,61,6,8,False,23203 - JUMBO BAG DOILEY PATTERNS,United Kingdom
17470.0,1125.07,1675,67,5,9,False,21394 - RED POLKADOT BEAKER ,United Kingdom
17472.0,710.29,462,142,3,14,False,22948 - METAL DECORATION NAUGHTY CHILDREN ,United Kingdom
17475.0,194.37,178,14,1,14,False,21497 - FANCY FONTS BIRTHDAY WRAP,United Kingdom
17480.0,506.51,336,29,2,10,False,22489 - PACK OF 12 TRADITIONAL CRAYONS,United Kingdom
17481.0,1249.34,1060,69,5,9,False,20992 - JAZZ HEARTS PURSE NOTEBOOK,United Kingdom
17483.0,414.04,191,18,3,13,False,22959 - WRAP CHRISTMAS VILLAGE,United Kingdom
17486.0,396.87,191,24,1,14,False,21169 - YOU'RE CONFUSING ME METAL SIGN ,United Kingdom
17489.0,376.64,428,28,2,8,False,23310 - BUBBLEGUM RING ASSORTED,United Kingdom
17490.0,1926.88,1021,64,11,9,True,23251 - VINTAGE RED ENAMEL TRIM MUG ,United Kingdom
17491.0,3541.92,2012,72,11,11,False,22585 - PACK OF 6 BIRDY GIFT TAGS,United Kingdom
17492.0,374.57,155,12,1,15,False,21136 - PAINTED METAL PEARS ASSORTED,United Kingdom
17495.0,497.56,229,21,2,12,False,22909 - SET OF 20 VINTAGE CHRISTMAS NAPKINS,United Kingdom
17496.0,271.05,79,10,1,8,False,15036 - ASSORTED COLOURS SILK FAN,United Kingdom
17498.0,272.22,394,17,1,12,False,22336 - DOVE DECORATION PAINTED ZINC ,United Kingdom
17499.0,622.88,711,40,1,9,False,22740 - POLKADOT PEN,United Kingdom
17500.0,1138.0,17,3,3,9,False,22826 - LOVE SEAT ANTIQUE WHITE METAL,United Kingdom
17501.0,288.6,160,18,2,9,True,21977 - PACK OF 60 PINK PAISLEY CAKE CASES,United Kingdom
17502.0,689.1,376,25,4,13,False,23334 - IVORY WICKER HEART SMALL,United Kingdom
17503.0,558.96,486,36,2,9,False,22577 - WOODEN HEART CHRISTMAS SCANDINAVIAN,United Kingdom
17504.0,2745.28,1456,112,10,12,True,22469 - HEART OF WICKER SMALL,United Kingdom
17505.0,1145.84,556,48,2,9,False,21175 - GIN + TONIC DIET METAL SIGN,United Kingdom
17506.0,294.29,136,14,2,11,False,16156S - WRAP PINK FAIRY CAKES ,United Kingdom
17507.0,605.58,359,79,2,11,False,82578 - KITCHEN METAL SIGN,United Kingdom
17508.0,387.31,289,22,1,8,False,15034 - PAPER POCKET TRAVELING FAN ,Greece
17509.0,6100.74,3530,75,11,14,True,23076 - ICE CREAM SUNDAE LIP GLOSS,United Kingdom
17510.0,308.48,214,20,1,10,False,22537 - MAGIC DRAWING SLATE DINOSAUR,United Kingdom
17511.0,88125.38,63012,467,46,11,True,20668 - DISCO BALL CHRISTMAS DECORATION,United Kingdom
17512.0,2920.04,2752,61,11,9,False,84755 - COLOUR GLASS T-LIGHT HOLDER HANGING,United Kingdom
17513.0,513.2,254,6,1,16,False,23503 - PLAYING CARDS KEEP CALM & CARRY ON,United Kingdom
17514.0,208.65,135,40,1,15,False,85212 - MINI PAINTED GARDEN DECORATION ,United Kingdom
17515.0,639.02,243,49,4,14,False,22681 - FRENCH BLUE METAL DOOR SIGN 6,United Kingdom
17516.0,768.08,416,113,5,12,True,84077 - WORLD WAR 2 GLIDERS ASSTD DESIGNS,United Kingdom
17517.0,153.94,102,11,1,11,False,22247 - BUNNY DECORATION MAGIC GARDEN,United Kingdom
17519.0,1839.07,1233,60,7,10,False,21094 - SET/6 RED SPOTTY PAPER PLATES,United Kingdom
17520.0,546.81,365,30,1,12,False,22577 - WOODEN HEART CHRISTMAS SCANDINAVIAN,United Kingdom
17521.0,721.96,518,38,4,11,False,21811 - HANGING HEART WITH BELL,United Kingdom
17522.0,1070.71,1034,59,5,12,False,22178 - VICTORIAN GLASS HANGING T-LIGHT,United Kingdom
17523.0,652.74,872,25,4,13,True,84568 - GIRLS ALPHABET IRON ON PATCHES ,United Kingdom
17524.0,145.0,90,6,1,14,False,21584 - RETROSPOT SMALL TUBE MATCHES,United Kingdom
17525.0,422.7,82,9,1,12,False,22112 - CHOCOLATE HOT WATER BOTTLE,United Kingdom
17526.0,706.7,257,17,8,11,True,22964 - 3 PIECE SPACEBOY COOKIE CUTTER SET,United Kingdom
17527.0,888.86,463,45,6,12,False,16161P - WRAP ENGLISH ROSE ,United Kingdom
17528.0,3540.1,2130,183,11,13,True,23367 - SET 12 COLOUR PENCILS SPACEBOY ,United Kingdom
17530.0,2385.0,1526,306,10,17,True,22816 - CARD MOTORBIKE SANTA,United Kingdom
17531.0,293.45,135,15,2,10,False,23231 - WRAP DOILEY DESIGN,United Kingdom
17534.0,223.36,103,9,1,12,False,22986 - WRAP GINGHAM ROSE ,United Kingdom
17535.0,164.4,136,13,1,15,False,84755 - COLOUR GLASS T-LIGHT HOLDER HANGING,United Kingdom
17536.0,76.5,6,3,1,13,False,84968A - SET OF 16 VINTAGE ROSE CUTLERY,United Kingdom
17537.0,897.62,700,74,2,10,False,22065 - CHRISTMAS PUDDING TRINKET POT ,United Kingdom
17538.0,98.42,134,9,1,12,False,20668 - DISCO BALL CHRISTMAS DECORATION,United Kingdom
17540.0,570.4,193,20,3,9,False,22112 - CHOCOLATE HOT WATER BOTTLE,United Kingdom
17542.0,170.75,134,24,1,11,False,16161G - WRAP BAD HAIR DAY,United Kingdom
17545.0,645.96,341,122,3,13,True,90058B - CRYSTAL STUD EARRINGS ASSORTED COL ,United Kingdom
17549.0,148.86,210,5,2,9,False,21818 - GLITTER HEART DECORATION,United Kingdom
17550.0,267.16,86,42,3,14,True,21476 - STEEL SWEETHEART ROUND TABLE CREAM,United Kingdom
17551.0,306.84,150,39,1,14,False,22693 - GROW A FLYTRAP OR SUNFLOWER IN TIN,United Kingdom
17552.0,909.96,708,45,6,18,True,21981 - PACK OF 12 WOODLAND TISSUES ,United Kingdom
17553.0,1487.6,1048,2,1,10,False,62018 - SOMBRERO ,United Kingdom
17554.0,1952.45,1763,58,5,14,False,23232 - WRAP VINTAGE LEAF DESIGN,United Kingdom
17555.0,483.26,349,101,2,12,False,20668 - DISCO BALL CHRISTMAS DECORATION,United Kingdom
17556.0,157.9,101,6,1,10,False,22791 - T-LIGHT GLASS FLUTED ANTIQUE,United Kingdom
17557.0,541.46,306,27,3,12,False,"51014A - FEATHER PEN,HOT PINK",United Kingdom
17560.0,854.95,651,22,5,9,False,84755 - COLOUR GLASS T-LIGHT HOLDER HANGING,United Kingdom
17561.0,167.62,146,44,1,12,False,23310 - BUBBLEGUM RING ASSORTED,United Kingdom
17562.0,1107.38,813,48,8,14,False,17003 - BROCADE RING PURSE ,United Kingdom
17564.0,454.01,146,38,3,13,False,22604 - SET OF 4 NAPKIN CHARMS CUTLERY,United Kingdom
17566.0,901.21,518,113,2,13,False,23103 - JINGLE BELL HEART DECORATION,United Kingdom
17567.0,4012.56,2428,110,10,15,False,84879 - ASSORTED COLOUR BIRD ORNAMENT,United Kingdom
17569.0,344.14,159,29,1,14,False,85175 - CACTI T-LIGHT CANDLES,United Kingdom
17571.0,1498.51,905,247,4,15,False,20668 - DISCO BALL CHRISTMAS DECORATION,United Kingdom
17572.0,226.75,95,7,4,12,False,72741 - GRAND CHOCOLATECANDLE,United Kingdom
17573.0,362.9,302,24,4,17,True,23186 - FRENCH STYLE STORAGE JAR CAFE ,United Kingdom
17574.0,185.65,77,8,1,9,False,22178 - VICTORIAN GLASS HANGING T-LIGHT,United Kingdom
17576.0,3457.78,1954,245,22,16,True,22771 - CLEAR DRAWER KNOB ACRYLIC EDWARDIAN,United Kingdom
17578.0,124.74,90,5,2,11,False,21845 - DAIRY MAID STRIPE MUG,United Kingdom
17579.0,440.2,256,46,4,9,False,23076 - ICE CREAM SUNDAE LIP GLOSS,United Kingdom
17580.0,215.72,88,43,3,12,False,22283 - 6 EGG HOUSE PAINTED WOOD,United Kingdom
17581.0,10736.11,5861,231,31,12,True,85099B - JUMBO BAG RED RETROSPOT,United Kingdom
17582.0,175.27,123,28,1,13,False,22693 - GROW A FLYTRAP OR SUNFLOWER IN TIN,United Kingdom
17584.0,1227.3,446,30,3,13,False,82552 - WASHROOM METAL SIGN,United Kingdom
17585.0,1133.07,1671,176,4,13,False,16216 - LETTER SHAPE PENCIL SHARPENER,United Kingdom
17588.0,1240.2,676,19,3,10,False,17003 - BROCADE RING PURSE ,United Kingdom
17589.0,2404.17,1631,172,4,13,False,23077 - DOUGHNUT LIP GLOSS ,United Kingdom
17590.0,1479.22,828,162,3,12,False,20668 - DISCO BALL CHRISTMAS DECORATION,United Kingdom
17591.0,2215.02,1008,81,8,13,False,82583 - HOT BATHS METAL SIGN,United Kingdom
17593.0,3911.56,3095,190,6,10,False,23326 - HANGING MINI COLOURED BOTTLES,United Kingdom
17594.0,993.18,550,42,2,10,False,20725 - LUNCH BAG RED RETROSPOT,United Kingdom
17595.0,388.79,229,68,2,16,False,85175 - CACTI T-LIGHT CANDLES,United Kingdom
17596.0,2827.93,4400,168,7,13,False,17003 - BROCADE RING PURSE ,United Kingdom
17597.0,2044.37,1176,55,1,11,False,84077 - WORLD WAR 2 GLIDERS ASSTD DESIGNS,United Kingdom
17600.0,161.67,144,13,1,9,False,22095 - LADS ONLY TISSUE BOX,United Kingdom
17601.0,116.01,103,9,1,18,False,21829 - DINOSAUR KEYRINGS ASSORTED,United Kingdom
17602.0,5050.77,4135,335,8,13,False,84347 - ROTATING SILVER ANGELS T-LIGHT HLDR,United Kingdom
17604.0,309.36,169,57,2,13,False,17003 - BROCADE RING PURSE ,United Kingdom
17608.0,193.42,232,54,2,13,True,23550 - WRAP ALPHABET POSTER  ,United Kingdom
17609.0,1103.92,721,199,6,17,True,22608 - PENS ASSORTED FUNKY JEWELED ,United Kingdom
17611.0,3947.87,2552,440,19,14,True,84077 - WORLD WAR 2 GLIDERS ASSTD DESIGNS,United Kingdom
17612.0,1992.76,1787,117,10,15,False,85099B - JUMBO BAG RED RETROSPOT,United Kingdom
17613.0,4509.37,2470,211,17,10,True,85123A - WHITE HANGING HEART T-LIGHT HOLDER,United Kingdom
17614.0,390.07,238,97,1,16,False,21326 - AGED GLASS SILVER T-LIGHT HOLDER,United Kingdom
17615.0,329.6,140,13,3,8,False,21314 - SMALL GLASS HEART TRINKET POT,United Kingdom
17616.0,571.2,224,1,3,10,False,85123A - WHITE HANGING HEART T-LIGHT HOLDER,United Kingdom
17618.0,971.58,331,56,3,11,False,22348 - TEA BAG PLATE RED RETROSPOT,United Kingdom
17619.0,218.52,127,71,1,14,False,21397 - BLUE POLKADOT EGG CUP ,United Kingdom
17620.0,81.44,60,4,1,12,False,22962 - JAM JAR WITH PINK LID,United Kingdom
17621.0,1336.1,510,25,4,13,False,22086 - PAPER CHAIN KIT 50'S CHRISTMAS ,United Kingdom
17623.0,527.05,265,33,1,11,False,22952 - 60 CAKE CASES VINTAGE CHRISTMAS,United Kingdom
17624.0,843.48,554,49,2,10,False,21500 - PINK POLKADOT WRAP ,United Kingdom
17625.0,2047.0,1198,223,4,12,False,21385 - IVORY HANGING DECORATION  HEART,United Kingdom
17628.0,75.75,79,5,1,15,False,21212 - PACK OF 72 RETROSPOT CAKE CASES,United Kingdom
17629.0,1784.12,1621,106,9,10,False,10080 - GROOVY CACTUS INFLATABLE,United Kingdom
17630.0,503.6,158,24,2,11,False,84763 - ZINC FINISH 15CM PLANTER POTS,United Kingdom
17631.0,528.33,334,39,3,13,False,22319 - HAIRCLIPS FORTIES FABRIC ASSORTED,United Kingdom
17633.0,1242.34,630,60,6,15,False,22600 - CHRISTMAS RETROSPOT STAR WOOD,United Kingdom
17634.0,2361.97,840,209,9,13,False,22467 - GUMBALL COAT RACK,United Kingdom
17636.0,265.93,176,20,2,8,False,22578 - WOODEN STAR CHRISTMAS SCANDINAVIAN,United Kingdom
17637.0,547.06,280,35,2,12,False,84818 - DANISH ROSE PHOTO FRAME,United Kingdom
17639.0,108.5,49,7,1,15,False,21670 - BLUE SPOT CERAMIC DRAWER KNOB,United Kingdom
17640.0,621.66,250,5,1,9,False,35970 - ZINC FOLKART SLEIGH BELLS,United Kingdom
17642.0,712.29,474,34,2,9,False,23251 - VINTAGE RED ENAMEL TRIM MUG ,United Kingdom
17643.0,101.55,71,8,1,14,False,22336 - DOVE DECORATION PAINTED ZINC ,United Kingdom
17644.0,2768.98,1741,103,17,13,True,22558 - CLOTHES PEGS RETROSPOT PACK 24 ,United Kingdom
17646.0,995.66,320,46,4,10,False,21684 - SMALL MEDINA STAMPED METAL BOWL ,United Kingdom
17647.0,133.06,30,7,1,15,False,23422 - PANTRY HOOK BALLOON WHISK ,United Kingdom
17648.0,1789.55,486,81,5,11,True,22077 - 6 RIBBONS RUSTIC CHARM,United Kingdom
17649.0,861.74,398,52,2,10,False,21212 - PACK OF 72 RETROSPOT CAKE CASES,United Kingdom
17650.0,166.08,150,8,1,14,False,21212 - PACK OF 72 RETROSPOT CAKE CASES,United Kingdom
17651.0,3886.67,3100,149,14,10,True,16045 - POPART WOODEN PENCILS ASST,United Kingdom
17652.0,4737.13,2479,118,18,14,False,22197 - SMALL POPCORN HOLDER,United Kingdom
17653.0,1175.88,1401,44,5,12,False,23366 - SET 12 COLOURING PENCILS DOILY,United Kingdom
17654.0,117.55,41,22,1,13,False,21670 - BLUE SPOT CERAMIC DRAWER KNOB,United Kingdom
17655.0,2571.74,956,66,8,16,False,21181 - PLEASE ONE PERSON METAL SIGN,United Kingdom
17656.0,1674.69,1399,67,5,13,False,22336 - DOVE DECORATION PAINTED ZINC ,United Kingdom
17658.0,485.88,522,17,3,11,False,"51014C - FEATHER PEN,COAL BLACK",United Kingdom
17659.0,2954.75,1486,127,14,9,False,84077 - WORLD WAR 2 GLIDERS ASSTD DESIGNS,United Kingdom
17660.0,196.0,130,37,1,13,False,17084N - FAIRY DREAMS INCENSE ,United Kingdom
17663.0,1788.27,793,63,9,8,False,82552 - WASHROOM METAL SIGN,United Kingdom
17664.0,604.64,604,41,2,11,False,22741 - FUNKY DIVA PEN,United Kingdom
17666.0,728.16,596,14,2,9,False,23329 - DECORATIVE WICKER HEART LARGE,United Kingdom
17667.0,2055.51,1037,85,5,9,True,85175 - CACTI T-LIGHT CANDLES,United Kingdom
17668.0,347.75,93,14,2,13,False,21121 - SET/10 RED POLKADOT PARTY CANDLES,United Kingdom
17669.0,3406.72,1916,45,7,13,False,23203 - JUMBO BAG DOILEY PATTERNS,United Kingdom
17670.0,205.7,110,11,1,9,False,21878 - PACK OF 6 SANDCASTLE FLAGS ASSORTED,United Kingdom
17671.0,1284.08,659,40,6,12,False,84879 - ASSORTED COLOUR BIRD ORNAMENT,United Kingdom
17672.0,3106.62,1672,105,4,13,False,84347 - ROTATING SILVER ANGELS T-LIGHT HLDR,United Kingdom
17673.0,1622.22,1485,118,7,12,True,16033 - MINI HIGHLIGHTER PENS,United Kingdom
17674.0,551.04,672,19,2,10,False,21790 - VINTAGE SNAP CARDS,United Kingdom
17675.0,20098.1,8278,240,41,13,True,85123A - WHITE HANGING HEART T-LIGHT HOLDER,United Kingdom
17676.0,1383.27,931,50,7,14,False,23208 - LUNCH BAG VINTAGE LEAF DESIGN,United Kingdom
17677.0,16219.22,9725,179,43,12,True,85099B - JUMBO BAG RED RETROSPOT,United Kingdom
17678.0,298.11,207,16,1,11,False,23232 - WRAP VINTAGE PETALS  DESIGN,United Kingdom
17679.0,1992.11,729,29,2,7,False,23307 - SET OF 60 PANTRY DESIGN CAKE CASES ,United Kingdom
17680.0,184.4,96,11,1,12,False,21068 - VINTAGE BILLBOARD LOVE/HATE MUG,United Kingdom
17682.0,2459.33,1365,48,7,15,False,84978 - HANGING HEART JAR T-LIGHT HOLDER,United Kingdom
17684.0,239.41,145,15,1,11,False,85078 - SCANDINAVIAN 3 HEARTS NAPKIN RING,United Kingdom
17685.0,3191.53,1956,88,7,11,False,85114A - BLACK ENCHANTED FOREST PLACEMAT,United Kingdom
17686.0,5739.46,2478,205,7,14,True,22411 - JUMBO SHOPPER VINTAGE RED PAISLEY,United Kingdom
17690.0,4748.45,1767,186,16,15,True,21498 - RED RETROSPOT WRAP ,United Kingdom
17691.0,290.4,134,18,2,11,False,22403 - MAGNETS PACK OF 4 VINTAGE LABELS ,United Kingdom
17692.0,733.44,666,34,5,8,False,21870 - I CAN ONLY PLEASE ONE PERSON MUG,United Kingdom
17693.0,187.02,229,16,3,15,True,23232 - WRAP VINTAGE LEAF DESIGN,United Kingdom
17694.0,283.12,184,15,1,12,False,"84212 - ASSORTED FLOWER COLOUR ""LEIS""",United Kingdom
17695.0,765.34,779,30,2,10,False,22161 - HEART DECORATION RUSTIC HANGING ,United Kingdom
17696.0,2201.05,1730,79,14,13,True,16237 - SLEEPING CAT ERASERS,United Kingdom
17697.0,338.95,93,19,1,15,False,21181 - PLEASE ONE PERSON METAL SIGN,United Kingdom
17698.0,154.95,93,8,1,11,False,22693 - GROW A FLYTRAP OR SUNFLOWER IN TIN,United Kingdom
17700.0,2508.89,1261,118,6,13,False,85123A - WHITE HANGING HEART T-LIGHT HOLDER,United Kingdom
17701.0,417.95,109,24,1,12,False,22969 - HOMEMADE JAM SCENTED CANDLES,United Kingdom
17702.0,1719.72,1320,62,6,16,False,23203 - JUMBO BAG DOILEY PATTERNS,United Kingdom
17703.0,798.74,590,47,3,15,False,22197 - POPCORN HOLDER,United Kingdom
17704.0,885.19,343,27,2,9,False,22741 - FUNKY DIVA PEN,United Kingdom
17705.0,1781.12,957,63,10,12,False,20727 - LUNCH BAG  BLACK SKULL.,United Kingdom
17706.0,10097.37,3833,270,22,13,True,17003 - BROCADE RING PURSE ,United Kingdom
17707.0,152.4,144,3,2,13,False,79000 - MOROCCAN TEA GLASS,United Kingdom
17708.0,267.08,91,28,2,10,False,22467 - GUMBALL COAT RACK,United Kingdom
17709.0,137.45,17,7,1,11,False,22697 - GREEN REGENCY TEACUP AND SAUCER,United Kingdom
17711.0,385.1,246,22,2,11,False,20996 - JAZZ HEARTS ADDRESS BOOK,United Kingdom
17712.0,522.91,215,29,1,12,False,22693 - GROW A FLYTRAP OR SUNFLOWER IN TIN,United Kingdom
17714.0,153.0,92,10,1,10,False,21494 - ROTATING LEAVES T-LIGHT HOLDER,United Kingdom
17715.0,326.4,384,1,1,12,False,75049L - LARGE CIRCULAR MIRROR MOBILE,United Kingdom
17716.0,5505.79,3004,172,12,12,True,22086 - PAPER CHAIN KIT 50'S CHRISTMAS ,United Kingdom
17718.0,139.35,83,6,1,13,False,21231 - SWEETHEART CERAMIC TRINKET BOX,United Kingdom
17719.0,5367.8,2455,111,18,12,False,21845 - DAIRY MAID STRIPE MUG,United Kingdom
17720.0,1195.94,576,39,4,10,False,22112 - CHOCOLATE HOT WATER BOTTLE,United Kingdom
17722.0,2380.64,1572,112,6,11,False,21557 - SET OF 6 FUNKY BEAKERS,United Kingdom
17723.0,3276.4,792,4,6,10,False,47566 - PARTY BUNTING,United Kingdom
17724.0,995.65,289,38,4,10,False,23298 - SPOTTY BUNTING,United Kingdom
17725.0,3371.13,2141,115,14,12,True,21166 - COOK WITH WINE METAL SIGN ,United Kingdom
17727.0,1042.55,639,66,2,15,False,16156S - WRAP PINK FAIRY CAKES ,United Kingdom
17728.0,2515.68,1464,154,5,8,False,22153 - ANGEL DECORATION STARS ON DRESS,United Kingdom
17730.0,5288.83,3567,127,15,9,False,22741 - FUNKY DIVA PEN,United Kingdom
17731.0,878.2,392,54,5,14,True,23433 - HANGING QUILTED PATCHWORK APPLES,United Kingdom
17732.0,303.97,93,18,1,9,False,22602 - CHRISTMAS RETROSPOT HEART WOOD,United Kingdom
17733.0,692.19,463,33,2,8,False,84978 - HANGING HEART JAR T-LIGHT HOLDER,United Kingdom
17734.0,700.63,422,40,3,9,False,84077 - WORLD WAR 2 GLIDERS ASSTD DESIGNS,United Kingdom
17735.0,13110.02,8439,319,19,10,True,22383 - LUNCH BAG SUKI  DESIGN ,United Kingdom
17736.0,337.49,237,24,4,9,False,22771 - CLEAR DRAWER KNOB ACRYLIC EDWARDIAN,United Kingdom
17737.0,168.24,108,8,2,14,False,84945 - MULTI COLOUR SILVER T-LIGHT HOLDER,United Kingdom
17738.0,1863.35,1027,89,5,9,True,22065 - CHRISTMAS PUDDING TRINKET POT ,United Kingdom
17739.0,2786.05,856,29,8,9,False,84978 - HANGING HEART JAR T-LIGHT HOLDER,United Kingdom
17742.0,355.11,89,13,2,10,False,84879 - ASSORTED COLOUR BIRD ORNAMENT,United Kingdom
17744.0,2291.08,3376,111,7,12,False,22422 - TOOTHPASTE TUBE PEN,United Kingdom
17746.0,98.8,26,6,2,11,False,22898 - CHILDRENS APRON APPLES DESIGN,United Kingdom
17747.0,64.65,11,1,2,8,False,22106 - MIRROR MOSAIC HURRICANE LAMP ,United Kingdom
17749.0,674.52,320,33,2,13,False,21397 - BLUE POLKADOT EGG CUP ,United Kingdom
17750.0,1797.57,3957,101,9,15,False,23005 - TRAVEL CARD WALLET I LOVE LONDON,United Kingdom
17752.0,80.64,192,1,1,16,False,16225 - RATTLE SNAKE EGGS,United Kingdom
17754.0,1739.92,1820,82,6,12,True,85099B - JUMBO BAG RED RETROSPOT,United Kingdom
17757.0,5585.49,3316,275,31,16,True,21240 - BLUE POLKADOT CUP,United Kingdom
17758.0,3456.7,2091,310,8,15,True,23078 - ICE CREAM PEN LIP GLOSS ,United Kingdom
17759.0,834.99,708,82,3,13,True,21810 - CHRISTMAS HANGING STAR WITH BELL,United Kingdom
17760.0,287.59,239,25,2,10,False,85199S - SMALL HANGING IVORY/RED WOOD BIRD,United Kingdom
17761.0,712.78,398,19,1,10,False,21809 - CHRISTMAS HANGING TREE WITH BELL,United Kingdom
17763.0,15.0,12,1,1,14,False,75049L - LARGE CIRCULAR MIRROR MOBILE,United Kingdom
17764.0,818.82,395,71,2,11,False,23232 - WRAP VINTAGE PETALS  DESIGN,United Kingdom
17765.0,371.88,144,51,3,12,False,10133 - COLOURING PENCILS BROWN TUBE,United Kingdom
17767.0,271.2,128,21,1,14,False,72349B - SET/6 PURPLE BUTTERFLY T-LIGHTS,United Kingdom
17768.0,2273.18,1186,77,3,13,False,22633 - HAND WARMER UNION JACK,United Kingdom
17769.0,3960.63,1857,200,12,11,True,84879 - ASSORTED COLOUR BIRD ORNAMENT,United Kingdom
17770.0,1143.27,365,33,5,12,True,84945 - MULTI COLOUR SILVER T-LIGHT HOLDER,United Kingdom
17771.0,245.81,287,51,2,11,False,16169E - WRAP 50'S  CHRISTMAS,United Kingdom
17772.0,182.77,58,50,2,10,True,21034 - REX CASH+CARRY JUMBO SHOPPER,United Kingdom
17774.0,1215.46,511,124,5,12,True,84077 - WORLD WAR 2 GLIDERS ASSTD DESIGNS,United Kingdom
17775.0,56.4,72,3,1,10,False,22219 - LOVEBIRD HANGING DECORATION WHITE ,United Kingdom
17777.0,665.86,507,141,3,12,False,22151 - PLACE SETTING WHITE HEART,United Kingdom
17779.0,642.17,394,73,5,14,True,21829 - DINOSAUR KEYRINGS ASSORTED,United Kingdom
17781.0,188.02,34,12,2,16,False,21359 - RELAX LARGE WOOD LETTERS,United Kingdom
17783.0,283.47,354,67,2,10,False,16169K - WRAP FOLK ART,United Kingdom
17785.0,131.94,67,13,1,13,False,22816 - CARD MOTORBIKE SANTA,United Kingdom
17786.0,278.74,200,57,2,12,False,47503A - ASS FLORAL PRINT MULTI SCREWDRIVER,United Kingdom
17787.0,1865.19,910,94,4,11,False,85061W - WHITE JEWELLED HEART DECORATION,United Kingdom
17788.0,1117.9,211,3,2,10,False,22193 - RED DINER WALL CLOCK,United Kingdom
17789.0,225.9,74,14,1,13,False,21688 - SILVER PLATE CANDLE BOWL SMALL,United Kingdom
17790.0,1965.55,836,121,14,10,True,22469 - HEART OF WICKER SMALL,United Kingdom
17791.0,106.1,46,10,1,12,False,20979 - 36 PENCILS TUBE RED RETROSPOT,United Kingdom
17793.0,323.04,232,49,1,14,False,23310 - BUBBLEGUM RING ASSORTED,United Kingdom
17795.0,350.39,341,43,2,12,False,21829 - DINOSAUR KEYRINGS ASSORTED,United Kingdom
17796.0,697.9,178,63,4,12,False,"21216 - SET 3 RETROSPOT TEA,COFFEE,SUGAR",United Kingdom
17797.0,780.43,498,102,3,13,True,22047 - EMPIRE GIFT WRAP,United Kingdom
17799.0,3026.08,1755,280,11,13,True,23374 - RED SPOT PAPER GIFT BAG,United Kingdom
17800.0,1199.01,736,51,9,12,False,22693 - GROW A FLYTRAP OR SUNFLOWER IN TIN,United Kingdom
17802.0,1251.84,743,105,4,14,True,21829 - DINOSAUR KEYRINGS ASSORTED,United Kingdom
17805.0,512.31,478,10,1,11,False,85061W - WHITE JEWELLED HEART DECORATION,United Kingdom
17806.0,546.04,727,43,1,14,False,22609 - PENS ASSORTED SPACEBALL,United Kingdom
17809.0,4627.62,2015,47,15,12,True,22585 - PACK OF 6 BIRDY GIFT TAGS,United Kingdom
17811.0,7677.71,4128,359,51,10,True,22197 - SMALL POPCORN HOLDER,United Kingdom
17812.0,732.16,350,113,4,11,False,84945 - MULTI COLOUR SILVER T-LIGHT HOLDER,United Kingdom
17813.0,1714.6,777,297,7,14,True,22492 - MINI PAINT SET VINTAGE ,United Kingdom
17816.0,36.56,30,16,4,14,False,22962 - JAM JAR WITH PINK LID,United Kingdom
17817.0,387.68,67,32,3,17,True,21736 - GOLD SCROLL GLASS T-LIGHT HOLDER,United Kingdom
17819.0,3661.07,1027,36,8,10,True,22697 - GREEN REGENCY TEACUP AND SAUCER,United Kingdom
17824.0,298.4,408,13,1,14,False,84077 - WORLD WAR 2 GLIDERS ASSTD DESIGNS,United Kingdom
17827.0,1995.46,1247,190,5,11,True,22741 - FUNKY DIVA PEN,United Kingdom
17828.0,1599.97,641,54,9,8,True,72741 - GRAND CHOCOLATECANDLE,Malta
17829.0,889.24,496,30,1,12,False,21700 - BIG DOUGHNUT FRIDGE MAGNETS,United Arab Emirates
17830.0,398.7,92,18,3,10,False,22464 - HANGING METAL HEART LANTERN,United Kingdom
17831.0,35.4,12,2,1,15,False,22697 - GREEN REGENCY TEACUP AND SAUCER,United Kingdom
17832.0,155.37,208,61,1,11,False,22609 - PENS ASSORTED SPACEBALL,United Kingdom
17835.0,350.64,348,45,3,11,False,20868 - SILVER FABRIC MIRROR,United Kingdom
17836.0,110.21,88,23,1,16,False,17012C - ORIGAMI LAVENDER INCENSE/CANDL SET ,United Kingdom
17837.0,1560.53,515,110,10,16,True,22646 - CERAMIC STRAWBERRY CAKE MONEY BANK,United Kingdom
17838.0,2312.7,1421,96,6,11,True,84077 - WORLD WAR 2 GLIDERS ASSTD DESIGNS,United Kingdom
17839.0,338.8,285,50,1,17,False,22711 - WRAP CIRCUS PARADE,United Kingdom
17841.0,40340.78,22865,1331,169,14,True,20668 - DISCO BALL CHRISTMAS DECORATION,United Kingdom
17843.0,205.48,113,36,1,15,False,M - Manual,United Kingdom
17844.0,51.56,52,5,1,11,False,23293 - SET OF 12 FAIRY CAKE BAKING CASES,Canada
17846.0,2033.1,1,1,1,15,False,M - Manual,United Kingdom
17848.0,901.2,398,41,9,17,False,21135 - VICTORIAN  METAL POSTCARD SPRING,United Kingdom
17849.0,605.8,114,14,4,11,False,84946 - ANTIQUE SILVER TEA GLASS ETCHED,United Kingdom
17850.0,5288.63,1693,24,35,9,True,71053 - WHITE METAL LANTERN,United Kingdom
17852.0,114.34,53,21,2,12,True,84380 - SET OF 3 BUTTERFLY COOKIE CUTTERS,United Kingdom
17854.0,311.26,84,15,2,16,False,84836 - ZINC METAL HEART DECORATION,United Kingdom
17855.0,208.97,197,17,1,9,False,21918 - SET 12 KIDS COLOUR  CHALK STICKS,United Kingdom
17856.0,1393.79,826,12,6,11,True,84947 - ANTIQUE SILVER TEA GLASS ENGRAVED,United Kingdom
17857.0,26763.34,19086,19,25,13,True,M - Manual,United Kingdom
17858.0,5155.66,2706,101,12,14,False,22771 - CLEAR DRAWER KNOB ACRYLIC EDWARDIAN,United Kingdom
17859.0,148.21,127,23,1,10,False,16011 - ANIMAL STICKERS,United Kingdom
17860.0,252.8,104,49,1,12,False,21693 - SMALL HAMMERED SILVER CANDLEPOT ,United Kingdom
17861.0,2059.2,1968,172,9,13,True,84077 - WORLD WAR 2 GLIDERS ASSTD DESIGNS,United Kingdom
17862.0,330.9,100,11,1,12,False,22975 - SPACEBOY CHILDRENS EGG CUP,United Kingdom
17863.0,3160.0,2638,110,6,13,False,21788 - KIDS RAIN MAC BLUE,United Kingdom
17864.0,597.5,810,70,3,11,False,21829 - DINOSAUR KEYRINGS ASSORTED,United Kingdom
17865.0,10158.54,5698,191,27,12,True,82582 - AREA PATROLLED METAL SIGN,United Kingdom
17866.0,325.7,173,9,2,11,True,23077 - DOUGHNUT LIP GLOSS ,United Kingdom
17867.0,622.75,253,62,8,12,True,23109 - PACK OF SIX LED TEA LIGHTS,United Kingdom
17869.0,428.18,111,37,5,16,True,21587 - COSY HOUR GIANT TUBE MATCHES,United Kingdom
17870.0,1889.4,1400,214,13,10,True,22158 - 3 HEARTS HANGING DECORATION RUSTIC,United Kingdom
17871.0,155.9,182,10,1,11,False,21399 - BLUE POLKADOT COFFEE MUG,United Kingdom
17873.0,1764.36,999,24,6,14,True,21166 - COOK WITH WINE METAL SIGN ,United Kingdom
17874.0,658.26,209,37,7,13,True,22616 - PACK OF 12 LONDON TISSUES ,United Kingdom
17877.0,237.61,98,12,1,13,False,21080 - SET/20 RED RETROSPOT PAPER NAPKINS ,United Kingdom
17878.0,379.45,401,26,1,11,False,85199S - SMALL HANGING IVORY/RED WOOD BIRD,United Kingdom
17879.0,178.52,45,6,1,12,False,23091 - ZINC HERB GARDEN CONTAINER,United Kingdom
17880.0,458.92,314,26,1,10,False,22492 - MINI PAINT SET VINTAGE ,United Kingdom
17881.0,133.35,32,8,1,17,False,84792 - ENCHANTED BIRD COATHANGER 5 HOOK,United Kingdom
17883.0,671.77,379,133,4,13,False,23058 - CHRISTMAS HANGING SNOWFLAKE,United Kingdom
17884.0,717.45,854,107,4,11,False,16216 - LETTER SHAPE PENCIL SHARPENER,United Kingdom
17885.0,190.19,167,50,1,14,False,20668 - DISCO BALL CHRISTMAS DECORATION,United Kingdom
17886.0,899.61,481,93,3,10,False,22367 - CHILDRENS APRON SPACEBOY DESIGN,United Kingdom
17887.0,111.35,30,10,1,17,False,22596 - CHRISTMAS STAR WISH LIST CHALKBOARD,United Kingdom
17888.0,525.78,431,60,10,13,True,22049 - WRAP CHRISTMAS SCREEN PRINT,United Kingdom
17889.0,203.87,79,20,2,16,False,84978 - HANGING HEART JAR T-LIGHT HOLDER,United Kingdom
17890.0,602.09,416,88,2,11,False,22816 - CARD MOTORBIKE SANTA,United Kingdom
17891.0,203.86,393,34,1,20,False,21061 - PARTY INVITES FOOTBALL,United Kingdom
17892.0,244.1,109,27,3,12,False,22637 - PIGGY BANK RETROSPOT ,United Kingdom
17893.0,112.25,161,15,1,13,False,22710 - WRAP I LOVE LONDON ,United Kingdom
17894.0,1119.81,405,127,8,13,False,85123A - WHITE HANGING HEART T-LIGHT HOLDER,United Kingdom
17895.0,98.0,130,15,1,17,False,22610 - PENS ASSORTED FUNNY FACE,United Kingdom
17896.0,256.32,288,2,1,13,False,22792 - FLUTED ANTIQUE CANDLE HOLDER,United Kingdom
17897.0,541.1,223,100,4,12,True,21967 - PACK OF 12 SKULL TISSUES,United Kingdom
17898.0,152.06,190,27,2,14,False,84077 - WORLD WAR 2 GLIDERS ASSTD DESIGNS,United Kingdom
17899.0,155.8,171,29,1,14,False,90058A - CRYSTAL STUD EARRINGS CLEAR DISPLAY,United Kingdom
17900.0,15.0,1,4,4,12,True,23444 - Next Day Carriage,United Kingdom
17901.0,110.38,24,19,1,17,False,22676 - FRENCH BLUE METAL DOOR SIGN 1,United Kingdom
17904.0,178.92,62,33,2,12,True,22714 - CARD BIRTHDAY COWBOY,United Kingdom
17905.0,800.24,407,33,4,10,False,46000S - POLYESTER FILLER PAD 40x40cm,United Kingdom
17906.0,72.9,26,12,1,17,False,85027L - FRENCH CHATEAU LARGE PLATTER ,United Kingdom
17908.0,243.28,173,51,1,11,False,16238 - PARTY TIME PENCIL ERASERS,United Kingdom
17911.0,366.23,223,39,1,14,False,23353 - 6 GIFT TAGS VINTAGE CHRISTMAS ,United Kingdom
17912.0,295.61,183,35,6,16,True,16012 - FOOD/DRINK SPONGE STICKERS,United Kingdom
17913.0,411.6,289,55,2,10,False,23445 - ICE CREAM BUBBLES,United Kingdom
17914.0,336.43,473,72,1,11,False,84077 - WORLD WAR 2 GLIDERS ASSTD DESIGNS,United Kingdom
17917.0,341.28,187,77,3,12,False,16216 - LETTER SHAPE PENCIL SHARPENER,United Kingdom
17919.0,1304.04,756,23,1,13,False,22492 - MINI PAINT SET VINTAGE ,United Kingdom
17920.0,4204.1,2516,407,17,10,False,84568 - GIRLS ALPHABET IRON ON PATCHES ,United Kingdom
17921.0,826.52,430,114,4,18,False,22178 - VICTORIAN GLASS HANGING T-LIGHT,United Kingdom
17923.0,207.5,50,1,1,15,False,47566 - PARTY BUNTING,United Kingdom
17924.0,2894.33,1141,27,13,9,True,23157 - SET OF 6 NATIVITY MAGNETS ,United Kingdom
17925.0,244.08,72,1,1,10,False,21137 - BLACK RECORD COVER FRAME,United Kingdom
17926.0,397.29,306,17,2,9,False,"84212 - ASSORTED FLOWER COLOUR ""LEIS""",United Kingdom
17928.0,212.54,140,23,2,13,False,M - Manual,United Kingdom
17929.0,834.5,107,4,5,12,False,22634 - CHILDS BREAKFAST SET SPACEBOY ,United Kingdom
17930.0,1740.48,1594,26,5,15,False,"84212 - ASSORTED FLOWER COLOUR ""LEIS""",United Kingdom
17931.0,408.36,249,63,2,12,False,22252 - BIRDCAGE DECORATION TEALIGHT HOLDER,United Kingdom
17932.0,1331.57,789,84,3,10,False,21788 - KIDS RAIN MAC BLUE,United Kingdom
17934.0,704.25,478,21,2,10,False,21889 - WOODEN BOX OF DOMINOES,United Kingdom
17935.0,145.79,82,28,2,11,False,20659 - ECONOMY LUGGAGE TAG,United Kingdom
17936.0,389.84,262,68,1,13,False,22493 - PAINT YOUR OWN CANVAS SET,United Kingdom
17937.0,4301.22,1754,19,7,14,False,21915 - RED  HARMONICA IN BOX ,United Kingdom
17939.0,99.14,40,12,1,12,False,84817 - DANISH ROSE DECORATIVE PLATE,United Kingdom
17940.0,1983.58,9751,8,14,14,True,22616 - PACK OF 12 LONDON TISSUES ,United Kingdom
17941.0,304.56,252,2,1,8,False,85049E - SCANDINAVIAN REDS RIBBONS,United Kingdom
17942.0,77.5,38,2,1,10,False,23323 - WHITE WICKER STAR ,United Kingdom
17946.0,149.58,75,18,2,14,False,21986 - PACK OF 12 PINK POLKADOT TISSUES,United Kingdom
17947.0,176.68,168,9,1,13,False,21231 - SWEETHEART CERAMIC TRINKET BOX,United Kingdom
17948.0,358.56,144,1,1,12,False,23247 - BISCUIT TIN 50'S CHRISTMAS,United Kingdom
17949.0,52750.84,27571,29,52,11,True,22197 - SMALL POPCORN HOLDER,United Kingdom
17950.0,472.12,342,63,4,15,True,84077 - WORLD WAR 2 GLIDERS ASSTD DESIGNS,United Kingdom
17951.0,990.84,610,18,4,12,False,22633 - HAND WARMER UNION JACK,United Kingdom
17954.0,2295.37,2229,327,16,12,True,84568 - GIRLS ALPHABET IRON ON PATCHES ,United Kingdom
17955.0,557.3,273,14,4,12,True,75049L - LARGE CIRCULAR MIRROR MOBILE,United Kingdom
17956.0,12.75,1,1,1,13,False,22485 - SET OF 2 WOODEN MARKET CRATES,United Kingdom
17957.0,111.68,287,31,1,14,False,21650 - ASSORTED TUTTI FRUTTI BRACELET,United Kingdom
17958.0,508.46,84,7,1,12,False,84813 - SET OF 4 DIAMOND NAPKIN RINGS,United Kingdom
17960.0,73.78,41,26,1,14,False,22744 - MAKE YOUR OWN MONSOON CARD KIT,United Kingdom
17961.0,1296.44,560,211,39,16,True,22439 - 6 ROCKET BALLOONS ,United Kingdom
17962.0,102.83,128,33,1,14,False,17003 - BROCADE RING PURSE ,United Kingdom
17964.0,471.7,301,84,2,10,False,21830 - ASSORTED CREEPY CRAWLIES,United Kingdom
17965.0,2622.57,1556,274,14,10,True,22996 - TRAVEL CARD WALLET VINTAGE TICKET,United Kingdom
17966.0,1098.43,2571,53,5,10,True,16161P - WRAP ENGLISH ROSE ,United Kingdom
17967.0,123.07,80,41,1,11,False,22028 - PENNY FARTHING BIRTHDAY CARD,United Kingdom
17968.0,277.35,160,74,1,12,False,22945 - CHRISTMAS METAL TAGS ASSORTED ,United Kingdom
17969.0,228.2,152,14,2,13,False,40016 - CHINESE DRAGON PAPER LANTERNS,United Kingdom
17970.0,582.59,525,27,1,20,False,22418 - 10 COLOUR SPACEBOY PEN,United Kingdom
17972.0,136.04,37,30,1,12,False,37327 - ASSTD MULTICOLOUR CIRCLES MUG,United Kingdom
17973.0,337.04,176,15,1,10,False,20668 - DISCO BALL CHRISTMAS DECORATION,United Kingdom
17974.0,740.79,519,143,3,11,False,22610 - PENS ASSORTED FUNNY FACE,United Kingdom
17975.0,4393.61,1552,189,14,11,True,21754 - HOME BUILDING BLOCK WORD,United Kingdom
17976.0,353.19,106,56,1,13,False,21415 - CLAM SHELL SMALL ,United Kingdom
17977.0,288.14,342,19,1,13,False,84077 - WORLD WAR 2 GLIDERS ASSTD DESIGNS,United Kingdom
17978.0,300.92,499,12,1,14,False,22154 - ANGEL DECORATION 3 BUTTONS ,United Kingdom
17979.0,737.81,395,116,5,12,True,22439 - 6 ROCKET BALLOONS ,United Kingdom
17980.0,811.45,682,23,3,12,False,21326 - AGED GLASS SILVER T-LIGHT HOLDER,United Kingdom
17984.0,152.68,98,48,1,15,False,16011 - ANIMAL STICKERS,United Kingdom
17985.0,634.95,183,20,1,14,False,17021 - NAMASTE SWAGAT INCENSE,United Kingdom
17986.0,20.8,10,1,1,14,False,21928 - JUMBO BAG SCANDINAVIAN BLUE PAISLEY,United Kingdom
17987.0,198.57,261,13,1,14,False,21679 - SKULLS  STICKERS,United Kingdom
17988.0,191.17,42,37,8,15,True,23155 - KNICKERBOCKERGLORY MAGNET ASSORTED ,United Kingdom
17990.0,630.84,414,27,3,12,False,21915 - RED  HARMONICA IN BOX ,United Kingdom
17991.0,93.35,25,4,2,15,False,22698 - PINK REGENCY TEACUP AND SAUCER,United Kingdom
17994.0,629.69,473,63,6,11,True,22998 - TRAVEL CARD WALLET KEEP CALM,United Kingdom
17995.0,76.1,133,2,1,12,False,40016 - CHINESE DRAGON PAPER LANTERNS,United Kingdom
17997.0,1511.3,2078,134,12,15,True,84929 - ASSTD FRUIT+FLOWERS FRIDGE MAGNETS,United Kingdom
17999.0,382.06,221,87,2,15,False,22616 - PACK OF 12 LONDON TISSUES ,United Kingdom
18001.0,417.23,363,56,2,11,False,16169E - WRAP 50'S  CHRISTMAS,United Kingdom
18004.0,169.47,78,32,1,13,False,16216 - LETTER SHAPE PENCIL SHARPENER,United Kingdom
18005.0,249.72,93,52,2,11,False,21289 - LARGE STRIPES CHOCOLATE GIFT BAG,United Kingdom
18006.0,444.68,220,21,1,16,False,23077 - DOUGHNUT LIP GLOSS ,United Kingdom
18008.0,2116.19,1581,24,9,15,True,22567 - 20 DOLLY PEGS RETROSPOT,United Kingdom
18009.0,252.24,124,31,2,13,True,23233 - WRAP POPPIES  DESIGN,United Kingdom
18010.0,174.8,60,14,1,12,False,21894 - POTTING SHED SEED ENVELOPES,United Kingdom
18011.0,102.79,71,28,1,17,False,35271S - GOLD PRINT PAPER BAG,United Kingdom
18013.0,187.29,285,31,2,14,True,22531 - MAGIC DRAWING SLATE CIRCUS PARADE  ,United Kingdom
18014.0,166.42,68,29,1,15,False,21136 - PAINTED METAL PEARS ASSORTED,United Kingdom
18015.0,120.03,157,46,1,14,False,16012 - FOOD/DRINK SPONGE STICKERS,United Kingdom
18016.0,1483.56,1029,90,5,13,False,22998 - TRAVEL CARD WALLET KEEP CALM,United Kingdom
18017.0,523.0,300,1,3,13,False,85099B - JUMBO BAG RED RETROSPOT,United Kingdom
18018.0,122.14,55,29,2,13,False,20668 - DISCO BALL CHRISTMAS DECORATION,United Kingdom
18019.0,38.45,7,5,1,12,False,47566 - PARTY BUNTING,United Kingdom
18022.0,668.11,736,141,1,12,False,84077 - WORLD WAR 2 GLIDERS ASSTD DESIGNS,United Kingdom
18024.0,236.78,148,21,3,12,True,22693 - GROW A FLYTRAP OR SUNFLOWER IN TIN,United Kingdom
18027.0,115.31,78,21,1,10,False,22996 - TRAVEL CARD WALLET VINTAGE TICKET,United Kingdom
18030.0,220.7,66,8,3,13,True,21683 - MEDIUM MEDINA STAMPED METAL BOWL ,United Kingdom
18032.0,73.5,42,5,1,15,False,22127 - PARTY CONES CARNIVAL ASSORTED,United Kingdom
18033.0,97.97,253,32,1,17,False,16045 - POPART WOODEN PENCILS ASST,United Kingdom
18034.0,422.88,561,99,2,12,True,20668 - DISCO BALL CHRISTMAS DECORATION,United Kingdom
18035.0,730.4,611,44,3,17,True,21915 - RED  HARMONICA IN BOX ,United Kingdom
18036.0,405.62,234,77,3,11,False,84347 - ROTATING SILVER ANGELS T-LIGHT HLDR,United Kingdom
18037.0,70.02,20,19,6,15,False,22329 - ROUND CONTAINER SET OF 5 RETROSPOT,United Kingdom
18040.0,357.2,148,18,2,8,False,20712 - JUMBO BAG WOODLAND ANIMALS,United Kingdom
18041.0,4161.14,3810,285,22,15,True,21080 - SET/20 RED RETROSPOT PAPER NAPKINS ,United Kingdom
18042.0,165.05,33,7,1,11,False,22558 - CLOTHES PEGS RETROSPOT PACK 24 ,United Kingdom
18043.0,559.51,282,106,3,12,False,84466 - TOP SECRET PEN SET,United Kingdom
18044.0,2085.65,1032,88,11,15,False,22616 - PACK OF 12 LONDON TISSUES ,United Kingdom
18045.0,189.4,142,43,1,13,False,21499 - BLUE POLKADOT WRAP,United Kingdom
18048.0,172.29,127,6,2,14,True,84947 - ANTIQUE SILVER TEA GLASS ENGRAVED,United Kingdom
18050.0,74.4,40,5,1,14,False,22222 - CAKE PLATE LOVEBIRD WHITE,United Kingdom
18053.0,297.07,301,20,2,9,False,22577 - WOODEN HEART CHRISTMAS SCANDINAVIAN,United Kingdom
18055.0,6752.14,2450,223,11,12,False,84879 - ASSORTED COLOUR BIRD ORNAMENT,United Kingdom
18056.0,363.65,211,19,1,14,False,22856 - ASSORTED EASTER DECORATIONS  BELLS,United Kingdom
18058.0,170.16,88,3,1,8,False,21733 - RED HANGING HEART T-LIGHT HOLDER,United Kingdom
18059.0,296.71,258,17,4,9,False,21208 - PASTEL COLOUR HONEYCOMB FAN,United Kingdom
18061.0,2119.41,955,18,10,8,False,84970S - HANGING HEART ZINC T-LIGHT HOLDER,United Kingdom
18062.0,720.52,396,23,3,9,False,21202 - DOLLY HONEYCOMB GARLAND,United Kingdom
18064.0,814.0,384,7,2,15,False,23202 - JUMBO BAG VINTAGE LEAF,United Kingdom
18065.0,2380.08,1024,110,15,11,True,22151 - PLACE SETTING WHITE HEART,United Kingdom
18066.0,318.0,108,10,1,15,False,22086 - PAPER CHAIN KIT 50'S CHRISTMAS ,United Kingdom
18067.0,396.33,189,36,1,15,False,20983 - 12 PENCILS TALL TUBE RED RETROSPOT,United Kingdom
18068.0,101.7,6,1,1,14,False,22802 - FAUX FUR CHOCOLATE THROW,United Kingdom
18069.0,2021.82,1308,334,7,16,True,22035 - VINTAGE CARAVAN GREETING CARD ,United Kingdom
18071.0,453.0,260,23,2,10,False,84946 - ANTIQUE SILVER T-LIGHT GLASS,United Kingdom
18073.0,3864.44,3098,23,13,14,True,84946 - ANTIQUE SILVER T-LIGHT GLASS,United Kingdom
18074.0,489.6,190,13,1,9,False,84755 - COLOUR GLASS T-LIGHT HOLDER HANGING,United Kingdom
18075.0,2538.72,1437,97,14,10,False,85123A - WHITE HANGING HEART T-LIGHT HOLDER,United Kingdom
18077.0,2633.01,1878,101,11,10,False,23084 - RABBIT NIGHT LIGHT,United Kingdom
18078.0,336.13,145,27,2,14,False,22699 - ROSES REGENCY TEACUP AND SAUCER ,United Kingdom
18079.0,3651.97,7432,99,4,15,True,22998 - TRAVEL CARD WALLET KEEP CALM,United Kingdom
18080.0,1231.5,642,2,2,8,False,22084 - PAPER CHAIN KIT EMPIRE,United Kingdom
18081.0,343.45,195,14,3,11,False,21803 - CHRISTMAS TREE STAR DECORATION,United Kingdom
18082.0,703.37,621,62,1,12,False,22537 - MAGIC DRAWING SLATE DINOSAUR,United Kingdom
18084.0,87.53,311,2,2,13,False,22578 - WOODEN STAR CHRISTMAS SCANDINAVIAN,United Kingdom
18085.0,689.95,265,25,2,12,False,22111 - SCOTTIE DOG HOT WATER BOTTLE,United Kingdom
18086.0,101.34,106,7,1,13,False,21213 - PACK OF 72 SKULL CAKE CASES,United Kingdom
18087.0,3770.12,3571,7,4,10,False,22053 - EMPIRE DESIGN ROSETTE,United Kingdom
18088.0,167.67,109,35,1,13,False,21326 - AGED GLASS SILVER T-LIGHT HOLDER,United Kingdom
18092.0,9065.76,4250,28,12,12,True,79000 - MOROCCAN TEA GLASS,United Kingdom
18093.0,2083.42,1381,31,5,15,False,21326 - AGED GLASS SILVER T-LIGHT HOLDER,United Kingdom
18094.0,3017.3,2518,39,7,14,True,15036 - ASSORTED COLOURS SILK FAN,United Kingdom
18095.0,580.05,419,20,2,12,False,22492 - MINI PAINT SET VINTAGE ,United Kingdom
18096.0,911.15,825,157,3,11,False,16216 - LETTER SHAPE PENCIL SHARPENER,United Kingdom
18097.0,2692.85,1685,66,7,10,True,84077 - WORLD WAR 2 GLIDERS ASSTD DESIGNS,United Kingdom
18099.0,168.31,149,19,1,15,False,22998 - TRAVEL CARD WALLET KEEP CALM,United Kingdom
18101.0,223.65,88,37,2,13,False,85061W - WHITE JEWELLED HEART DECORATION,United Kingdom
18102.0,256438.49,64122,151,62,11,True,22189 - CREAM HEART CARD HOLDER,United Kingdom
18104.0,754.64,362,38,1,14,False,22573 - STAR WOODEN CHRISTMAS DECORATION,United Kingdom
18105.0,113.48,46,18,1,12,False,82482 - WOODEN PICTURE FRAME WHITE FINISH,United Kingdom
18106.0,430.7,128,33,1,12,False,85123A - WHITE HANGING HEART T-LIGHT HOLDER,United Kingdom
18108.0,264.65,82,17,2,8,False,21313 - GLASS HEART T-LIGHT HOLDER ,United Kingdom
18109.0,7925.32,4219,120,31,12,True,22151 - PLACE SETTING WHITE HEART,United Kingdom
18110.0,206.05,79,33,2,12,True,22311 - OFFICE MUG WARMER BLACK+SILVER ,United Kingdom
18112.0,352.69,255,26,2,13,False,22597 - MUSICAL ZINC HEART DECORATION ,United Kingdom
18113.0,76.32,72,1,1,12,False,84946 - ANTIQUE SILVER TEA GLASS ETCHED,United Kingdom
18114.0,220.1,55,28,1,13,False,22482 - BLUE TEA TOWEL CLASSIC DESIGN,United Kingdom
18116.0,1418.03,848,230,8,13,False,22616 - PACK OF 12 LONDON TISSUES ,United Kingdom
18117.0,320.72,618,68,1,12,False,16216 - LETTER SHAPE PENCIL SHARPENER,United Kingdom
18118.0,5595.77,2877,424,31,11,True,22197 - SMALL POPCORN HOLDER,United Kingdom
18119.0,181.12,125,29,1,11,False,22816 - CARD MOTORBIKE SANTA,United Kingdom
18120.0,111.15,31,17,1,13,False,21933 - PINK VINTAGE PAISLEY PICNIC BAG,United Kingdom
18121.0,673.1,450,28,2,12,False,84946 - ANTIQUE SILVER T-LIGHT GLASS,United Kingdom
18122.0,1826.21,1234,239,6,11,False,84077 - WORLD WAR 2 GLIDERS ASSTD DESIGNS,United Kingdom
18123.0,589.44,594,31,2,13,False,20982 - 12 PENCILS TALL TUBE SKULLS,United Kingdom
18125.0,1141.34,803,164,5,12,True,22197 - SMALL POPCORN HOLDER,United Kingdom
18126.0,206.83,144,52,1,12,False,22693 - GROW A FLYTRAP OR SUNFLOWER IN TIN,United Kingdom
18127.0,348.73,188,41,3,10,True,72232 - FENG SHUI PILLAR CANDLE,United Kingdom
18129.0,112.55,48,13,1,14,False,22969 - HOMEMADE JAM SCENTED CANDLES,United Kingdom
18130.0,1045.74,817,58,4,8,False,21811 - HANGING HEART WITH BELL,United Kingdom
18133.0,715.5,0,2,2,14,False,23167 - SMALL CERAMIC TOP STORAGE JAR ,United Kingdom
18135.0,681.91,349,11,5,14,False,84947 - ANTIQUE SILVER TEA GLASS ENGRAVED,United Kingdom
18136.0,761.83,373,34,4,9,False,21114 - LAVENDER SCENTED FABRIC HEART,United Kingdom
18138.0,152.65,38,8,1,14,False,20837 - FRENCH FLORAL CUSHION COVER ,United Kingdom
18139.0,8393.22,5461,36,8,16,True,23298 - SPOTTY BUNTING,United Kingdom
18142.0,1014.9,1273,9,4,13,False,22492 - MINI PAINT SET VINTAGE ,United Kingdom
18143.0,1000.16,570,59,2,10,False,21977 - PACK OF 60 PINK PAISLEY CAKE CASES,United Kingdom
18144.0,2888.75,1343,27,12,13,True,84879 - ASSORTED COLOUR BIRD ORNAMENT,United Kingdom
18145.0,2861.55,2625,174,4,12,False,84077 - WORLD WAR 2 GLIDERS ASSTD DESIGNS,United Kingdom
18146.0,160.35,153,10,2,12,False,21212 - PACK OF 72 RETROSPOT CAKE CASES,United Kingdom
18147.0,179.34,203,7,2,11,False,21498 - RED RETROSPOT WRAP ,United Kingdom
18149.0,612.08,310,11,3,12,False,84879 - ASSORTED COLOUR BIRD ORNAMENT,United Kingdom
18150.0,566.58,332,29,3,10,False,20971 - PINK BLUE FELT CRAFT TRINKET BOX,United Kingdom
18151.0,653.35,355,38,2,8,False,20974 - 12 PENCILS SMALL TUBE SKULL,United Kingdom
18154.0,399.19,255,15,2,10,False,22600 - CHRISTMAS RETROSPOT STAR WOOD,United Kingdom
18155.0,347.82,258,19,4,10,False,22151 - PLACE SETTING WHITE HEART,United Kingdom
18156.0,734.94,301,100,2,12,False,22959 - WRAP CHRISTMAS VILLAGE,United Kingdom
18158.0,451.75,353,24,3,9,False,20719 - WOODLAND CHARLOTTE BAG,United Kingdom
18159.0,530.15,139,23,1,14,False,22423 - REGENCY CAKESTAND 3 TIER,United Kingdom
18160.0,638.06,294,37,2,13,False,84755 - COLOUR GLASS T-LIGHT HOLDER HANGING,United Kingdom
18161.0,1612.79,810,49,6,8,False,84879 - ASSORTED COLOUR BIRD ORNAMENT,United Kingdom
18164.0,394.7,183,24,2,12,False,22986 - WRAP GINGHAM ROSE ,United Kingdom
18165.0,302.46,254,10,1,13,False,23160 - REGENCY TEA SPOON,United Kingdom
18167.0,1355.51,359,25,6,13,False,20970 - PINK FLORAL FELTCRAFT SHOULDER BAG,United Kingdom
18168.0,1133.64,585,101,9,19,True,"84212 - ASSORTED FLOWER COLOUR ""LEIS""",United Kingdom
18169.0,202.65,61,9,1,12,False,23321 - SMALL WHITE HEART OF WICKER,United Kingdom
18170.0,980.31,409,29,3,14,False,23322 - LARGE WHITE HEART OF WICKER,United Kingdom
18171.0,1208.51,477,43,7,9,False,84879 - ASSORTED COLOUR BIRD ORNAMENT,United Kingdom
18172.0,7490.17,3170,101,25,16,True,85123A - WHITE HANGING HEART T-LIGHT HOLDER,United Kingdom
18173.0,2106.84,1220,23,4,11,False,22129 - PARTY CONES CANDY TREE DECORATION,United Kingdom
18174.0,104.0,50,1,1,16,False,85099B - JUMBO BAG RED RETROSPOT,United Kingdom
18176.0,448.65,279,30,2,12,False,84992 - 72 SWEETHEART FAIRY CAKE CASES,United Kingdom
18177.0,1314.17,705,53,7,10,True,23199 - JUMBO BAG APPLES,United Kingdom
18178.0,1573.41,979,80,6,6,False,22614 - PACK OF 12 SPACEBOY TISSUES,United Kingdom
18179.0,1793.17,1360,86,6,13,False,84568 - GIRLS ALPHABET IRON ON PATCHES ,United Kingdom
18180.0,1843.75,1721,108,6,8,False,22197 - POPCORN HOLDER,United Kingdom
18181.0,382.8,146,40,1,15,False,84755 - COLOUR GLASS T-LIGHT HOLDER HANGING,United Kingdom
18183.0,600.52,362,36,6,9,False,84755 - COLOUR GLASS T-LIGHT HOLDER HANGING,United Kingdom
18184.0,49.8,60,1,1,15,False,15036 - ASSORTED COLOURS SILK FAN,United Kingdom
18185.0,304.25,183,17,1,13,False,21212 - PACK OF 72 RETROSPOT CAKE CASES,United Kingdom
18188.0,1998.49,1167,63,4,12,False,84347 - ROTATING SILVER ANGELS T-LIGHT HLDR,United Kingdom
18189.0,1084.34,564,65,3,9,False,21231 - SWEETHEART CERAMIC TRINKET BOX,United Kingdom
18190.0,274.51,139,14,3,10,False,15036 - ASSORTED COLOURS SILK FAN,United Kingdom
18191.0,207.8,140,7,1,12,False,84945 - MULTI COLOUR SILVER T-LIGHT HOLDER,United Kingdom
18192.0,957.97,339,45,1,9,False,22086 - PAPER CHAIN KIT 50'S CHRISTMAS ,United Kingdom
18193.0,212.96,120,17,3,10,False,85212 - MINI PAINTED GARDEN DECORATION ,United Kingdom
18194.0,896.0,448,7,2,13,False,22075 - 6 RIBBONS ELEGANT CHRISTMAS ,United Kingdom
18196.0,689.13,433,131,2,16,False,22294 - HEART FILIGREE DOVE  SMALL,United Kingdom
18198.0,5083.06,3839,81,21,10,False,22178 - VICTORIAN GLASS HANGING T-LIGHT,United Kingdom
18200.0,163.8,111,29,1,18,False,84836 - ZINC METAL HEART DECORATION,United Kingdom
18202.0,1396.99,581,55,3,12,True,84879 - ASSORTED COLOUR BIRD ORNAMENT,United Kingdom
18203.0,160.42,43,19,1,13,False,22170 - PICTURE FRAME WOOD TRIPLE PORTRAIT,United Kingdom
18204.0,1979.3,1198,159,4,9,False,23077 - DOUGHNUT LIP GLOSS ,United Kingdom
18205.0,517.36,192,30,2,12,False,22469 - HEART OF WICKER SMALL,United Kingdom
18209.0,139.1,58,8,1,12,False,20652 - BLUE POLKADOT LUGGAGE TAG ,United Kingdom
18210.0,2621.38,1398,109,6,8,False,21810 - CHRISTMAS HANGING STAR WITH BELL,United Kingdom
18211.0,600.07,359,37,5,8,False,22178 - VICTORIAN GLASS HANGING T-LIGHT,United Kingdom
18212.0,248.42,101,30,1,16,False,84459B - YELLOW METAL CHICKEN HEART ,United Kingdom
18213.0,232.48,232,15,1,10,False,16156S - WRAP PINK FAIRY CAKES ,United Kingdom
18215.0,299.34,118,13,1,16,False,21181 - PLEASE ONE PERSON METAL SIGN,United Kingdom
18216.0,481.75,200,26,1,16,False,23226 - FILIGREE HEART DAISY WHITE,United Kingdom
18217.0,621.75,491,27,2,10,False,23293 - SET OF 12 FAIRY CAKE BAKING CASES,United Kingdom
18218.0,626.38,546,17,4,12,False,21935 - SUKI  SHOULDER BAG,United Kingdom
18219.0,2019.77,883,58,11,12,True,84879 - ASSORTED COLOUR BIRD ORNAMENT,United Kingdom
18220.0,297.78,282,2,2,9,False,21231 - SWEETHEART CERAMIC TRINKET BOX,United Kingdom
18221.0,1033.31,789,59,6,14,False,84077 - WORLD WAR 2 GLIDERS ASSTD DESIGNS,United Kingdom
18222.0,443.0,335,19,1,10,False,22266 - EASTER DECORATION HANGING BUNNY,United Kingdom
18223.0,6315.23,2890,119,27,11,True,22197 - SMALL POPCORN HOLDER,United Kingdom
18224.0,158.95,69,10,1,10,False,21704 - BAG 250g SWIRLY MARBLES,United Kingdom
18225.0,5361.02,3206,151,17,9,False,22952 - 60 CAKE CASES VINTAGE CHRISTMAS,United Kingdom
18226.0,5192.1,3459,141,14,9,False,20725 - LUNCH BAG RED RETROSPOT,United Kingdom
18227.0,93.75,21,5,1,12,False,84836 - ZINC METAL HEART DECORATION,United Kingdom
18228.0,769.2,236,23,3,9,False,17129F - BLUE GLASS GEMS IN BAG,United Kingdom
18229.0,7276.9,2488,66,20,10,False,20725 - LUNCH BAG RED RETROSPOT,United Kingdom
18230.0,2716.6,1298,32,10,13,False,82001S - VINYL RECORD FRAME SILVER,United Kingdom
18231.0,2066.17,808,106,6,9,False,22774 - RED DRAWER KNOB ACRYLIC EDWARDIAN,United Kingdom
18232.0,582.47,299,31,5,11,False,22046 - TEA PARTY  WRAPPING PAPER ,United Kingdom
18233.0,440.0,4,1,1,8,False,22823 - CHEST NATURAL WOOD 20 DRAWERS,United Kingdom
18235.0,1796.48,1578,100,3,8,False,21394 - RED POLKADOT BEAKER ,United Kingdom
18236.0,882.24,403,42,6,9,False,23231 - WRAP DOILEY DESIGN,United Kingdom
18237.0,987.1,622,40,5,12,False,23035 - DRAWER KNOB CERAMIC IVORY,United Kingdom
18239.0,1561.61,795,80,5,15,False,22178 - VICTORIAN GLASS HANGING T-LIGHT,United Kingdom
18240.0,422.58,126,6,1,13,False,15056BL - EDWARDIAN PARASOL BLACK,United Kingdom
18241.0,2058.09,1047,60,18,10,False,21977 - PACK OF 60 PINK PAISLEY CAKE CASES,United Kingdom
18242.0,2232.49,1017,72,4,11,True,23167 - SMALL CERAMIC TOP STORAGE JAR ,United Kingdom
18245.0,2507.56,1781,155,8,14,True,85175 - CACTI T-LIGHT CANDLES,United Kingdom
18246.0,596.1,166,3,2,11,False,22087 - PAPER BUNTING WHITE LACE,United Kingdom
18248.0,783.02,501,39,4,6,False,84926E - FLOWERS TILE COASTER,United Kingdom
18249.0,95.34,128,8,1,15,False,22608 - PENS ASSORTED FUNKY JEWELED ,United Kingdom
18250.0,342.92,198,21,2,13,False,22492 - MINI PAINT SET VINTAGE ,United Kingdom
18251.0,4314.72,7824,16,1,15,False,22952 - 60 CAKE CASES VINTAGE CHRISTMAS,United Kingdom
18252.0,526.67,239,90,2,11,False,23546 - WRAP PAISLEY PARK ,United Kingdom
18255.0,103.3,74,6,1,13,False,84946 - ANTIQUE SILVER T-LIGHT GLASS,United Kingdom
18257.0,2265.38,1010,98,12,11,True,23344 - JUMBO BAG 50'S CHRISTMAS ,United Kingdom
18259.0,2338.6,714,27,3,12,False,22112 - CHOCOLATE HOT WATER BOTTLE,United Kingdom
18260.0,2595.0,1469,86,8,10,False,22151 - PLACE SETTING WHITE HEART,United Kingdom
18261.0,324.24,146,19,2,9,False,20971 - PINK BLUE FELT CRAFT TRINKET BOX,United Kingdom
18262.0,149.48,182,13,1,16,False,21213 - PACK OF 72 SKULL CAKE CASES,United Kingdom
18263.0,1211.08,1467,59,4,9,False,47503A - ASS FLORAL PRINT MULTI SCREWDRIVER,United Kingdom
18265.0,801.51,311,44,2,14,False,16161P - WRAP ENGLISH ROSE ,United Kingdom
18269.0,138.9,70,7,2,13,False,21731 - RED TOADSTOOL LED NIGHT LIGHT,United Kingdom
18270.0,238.95,97,12,3,12,False,22791 - T-LIGHT GLASS FLUTED ANTIQUE,United Kingdom
18272.0,3064.78,2044,99,7,9,False,21399 - BLUE POLKADOT COFFEE MUG,United Kingdom
18273.0,204.0,80,1,3,11,False,"79302M - ART LIGHTS,FUNK MONKEY",United Kingdom
18276.0,323.36,184,14,3,10,True,22492 - MINI PAINT SET VINTAGE ,United Kingdom
18277.0,97.63,67,9,2,12,False,22578 - WOODEN STAR CHRISTMAS SCANDINAVIAN,United Kingdom
18278.0,173.9,66,9,1,11,False,22595 - GINGHAM HEART DECORATION,United Kingdom
18280.0,180.6,45,10,1,9,False,22084 - PAPER CHAIN KIT EMPIRE,United Kingdom
18281.0,80.82,54,7,1,10,False,22028 - PENNY FARTHING BIRTHDAY CARD,United Kingdom
18282.0,176.6,98,12,3,11,False,23187 - FRENCH STYLE STORAGE JAR BONBONS,United Kingdom
18283.0,2094.88,1397,263,16,14,True,22418 - 10 COLOUR SPACEBOY PEN,United Kingdom
18287.0,1837.28,1586,59,3,10,False,85039B - S/4 IVORY MINI ROSE CANDLE IN BOWL,United Kingdom
