peri;mes;codipart;detapart;importe;mza;naci;importe_hoy
2007;1;55;Resultado Operativo - Amortizacion de la D Consolidada;59.04;0.279037;0.279037;22346.81
2007;1;54;Amortizacion de la Deuda Consolidada;17.89;0.279037;0.279037;6771.42
2007;1;53;IX. Resultado Operativo (VIII-IX);76.93;0.279037;0.279037;29118.23
2007;1;52;VIII. Egresos Totales (II+V+VI+VII);199.06;0.279037;0.279037;75344.79
2007;1;51;VII. Ingresos Totales (I+IV);275.99;0.279037;0.279037;104463.02
2007;1;50;Otros;0.00;0.279037;0.279037;0.00
2007;1;49;Compra de Acciones, Titulos, Valores, Otros;0.00;0.279037;0.279037;0.00
2007;1;48;Prestamos;0.00;0.279037;0.279037;0.00
2007;1;47;Inversion Financiera;0.00;0.279037;0.279037;0.00
2007;1;46;al Sector Privado;0.00;0.279037;0.279037;0.00
2007;1;45;al Sector Publico+Remesas al IPV;0.80;0.279037;0.279037;302.80
2007;1;44;Transferencias para financiar Erogaciones de Capital;0.80;0.279037;0.279037;302.80
2007;1;43;Trabajos Publicos;9.11;0.279037;0.279037;3448.16
2007;1;42;Bienes de Capital;0.20;0.279037;0.279037;75.70
2007;1;41;VI. Erogaciones de Capital;10.11;0.279037;0.279037;3826.66
2007;1;40;Resto Otros Recursos de Capital;0.04;0.279037;0.279037;15.14
2007;1;39;Fondo Residual;2.00;0.279037;0.279037;757.01
2007;1;38;Venta de Acciones;0.00;0.279037;0.279037;0.00
2007;1;37;Otros Recursos de Capital;2.04;0.279037;0.279037;772.15
2007;1;36;Reembolsos de Prestamos;0.00;0.279037;0.279037;0.00
2007;1;35;Reembolsos de Obras Publicas;0.00;0.279037;0.279037;0.00
2007;1;34;V. Recursos de Capital;2.04;0.279037;0.279037;772.15
2007;1;33;IV.Resultado Economico Neto de Remesas;85.00;0.279037;0.279037;32172.75
2007;1;32;Remesas EMT;0.00;0.279037;0.279037;0.00
2007;1;31;Remesas ATM;0.00;0.279037;0.279037;0.00
2007;1;30;Resultado Economico con Remesas;85.00;0.279037;0.279037;32172.75
2007;1;29;Otras Erogaciones Corrientes;0.10;0.279037;0.279037;37.85
2007;1;28;Otras Transferencias;16.08;0.279037;0.279037;6086.33
2007;1;27;Municipios;34.57;0.279037;0.279037;13084.85
2007;1;26;Transferencias a Municipios y Otros;50.65;0.279037;0.279037;19171.17
2007;1;25;Intereses y Gastos de la Deuda;4.38;0.279037;0.279037;1657.84
2007;1;24;Otros Servicios;6.15;0.279037;0.279037;2327.79
2007;1;23;Bienes Corrientes;3.14;0.279037;0.279037;1188.50
2007;1;22;Locaciones de Servicio;3.77;0.279037;0.279037;1426.96
2007;1;21;Personal;120.76;0.279037;0.279037;45708.01
2007;1;20;Erogaciones Corrientes;188.95;0.279037;0.279037;71518.12
2007;1;19;Aportes no Reintegrables;9.97;0.279037;0.279037;3773.67
2007;1;18;Coparticipacion Vial;0.84;0.279037;0.279037;317.94
2007;1;17;Ley 25.053 Fdo. Nac. de Incentivo Docente;4.48;0.279037;0.279037;1695.69
2007;1;16;Regimenes Especiales Nacionales s/Financ. Educativo;19.63;0.279037;0.279037;7430.01
2007;1;15;Coparticipacion Federal + Financ. Educativo;134.82;0.279037;0.279037;51029.76
2007;1;14;De Origen Nacional;169.74;0.279037;0.279037;64247.08
2007;1;13;Otros no Tributarios;4.68;0.279037;0.279037;1771.39
2007;1;12;Remesas del Instituto de Juegos y Casino;-0.12;0.279037;0.279037;-45.42
2007;1;11;Tasas Retributivas de Servicios;4.36;0.279037;0.279037;1650.27
2007;1;10;Regalias;46.01;0.279037;0.279037;17414.92
2007;1;9;No Tributarios;54.93;0.279037;0.279037;20791.16
2007;1;8;Otros Tributarios;0.45;0.279037;0.279037;170.33
2007;1;7;Sellos y Tasas de Justicia;9.71;0.279037;0.279037;3675.26
2007;1;6;Inmobiliario;3.65;0.279037;0.279037;1381.54
2007;1;5;Automotor;4.51;0.279037;0.279037;1707.05
2007;1;4;Ingresos Brutos;30.96;0.279037;0.279037;11718.45
2007;1;3;Tributarios;49.28;0.279037;0.279037;18652.62
2007;1;2;De Origen Provincial;104.21;0.279037;0.279037;39443.79
2007;1;1;Recursos Corrientes;273.95;0.279037;0.279037;103690.87
2007;2;55;Resultado Operativo - Amortizacion de la D Consolidada;-52.90;0.282123;0.282123;-19803.78
2007;2;54;Amortizacion de la Deuda Consolidada;60.86;0.282123;0.282123;22783.71
2007;2;53;IX. Resultado Operativo (VIII-IX);7.96;0.282123;0.282123;2979.93
2007;2;52;VIII. Egresos Totales (II+V+VI+VII);291.49;0.282123;0.282123;109122.97
2007;2;51;VII. Ingresos Totales (I+IV);299.45;0.282123;0.282123;112102.90
2007;2;50;Otros;0.00;0.282123;0.282123;0.00
2007;2;49;Compra de Acciones, Titulos, Valores, Otros;0.00;0.282123;0.282123;0.00
2007;2;48;Prestamos;0.00;0.282123;0.282123;0.00
2007;2;47;Inversion Financiera;0.00;0.282123;0.282123;0.00
2007;2;46;al Sector Privado;0.00;0.282123;0.282123;0.00
2007;2;45;al Sector Publico+Remesas al IPV;1.25;0.282123;0.282123;467.95
2007;2;44;Transferencias para financiar Erogaciones de Capital;1.25;0.282123;0.282123;467.95
2007;2;43;Trabajos Publicos;13.11;0.282123;0.282123;4907.89
2007;2;42;Bienes de Capital;0.21;0.282123;0.282123;78.62
2007;2;41;VI. Erogaciones de Capital;14.57;0.282123;0.282123;5454.46
2007;2;40;Resto Otros Recursos de Capital;0.02;0.282123;0.282123;7.49
2007;2;39;Fondo Residual;0.77;0.282123;0.282123;288.26
2007;2;38;Venta de Acciones;0.00;0.282123;0.282123;0.00
2007;2;37;Otros Recursos de Capital;0.79;0.282123;0.282123;295.75
2007;2;36;Reembolsos de Prestamos;0.38;0.282123;0.282123;142.26
2007;2;35;Reembolsos de Obras Publicas;0.00;0.282123;0.282123;0.00
2007;2;34;V. Recursos de Capital;1.17;0.282123;0.282123;438.00
2007;2;33;IV.Resultado Economico Neto de Remesas;21.36;0.282123;0.282123;7996.39
2007;2;32;Remesas EMT;0.00;0.282123;0.282123;0.00
2007;2;31;Remesas ATM;0.00;0.282123;0.282123;0.00
2007;2;30;Resultado Economico con Remesas;21.36;0.282123;0.282123;7996.39
2007;2;29;Otras Erogaciones Corrientes;0.13;0.282123;0.282123;48.67
2007;2;28;Otras Transferencias;26.94;0.282123;0.282123;10085.33
2007;2;27;Municipios;52.84;0.282123;0.282123;19781.32
2007;2;26;Transferencias a Municipios y Otros;79.78;0.282123;0.282123;29866.65
2007;2;25;Intereses y Gastos de la Deuda;36.44;0.282123;0.282123;13641.78
2007;2;24;Otros Servicios;12.40;0.282123;0.282123;4642.10
2007;2;23;Bienes Corrientes;5.87;0.282123;0.282123;2197.51
2007;2;22;Locaciones de Servicio;4.39;0.282123;0.282123;1643.45
2007;2;21;Personal;137.91;0.282123;0.282123;51628.35
2007;2;20;Erogaciones Corrientes;276.92;0.282123;0.282123;103668.51
2007;2;19;Aportes no Reintegrables;7.24;0.282123;0.282123;2710.39
2007;2;18;Coparticipacion Vial;0.89;0.282123;0.282123;333.18
2007;2;17;Ley 25.053 Fdo. Nac. de Incentivo Docente;4.47;0.282123;0.282123;1673.40
2007;2;16;Regimenes Especiales Nacionales s/Financ. Educativo;18.24;0.282123;0.282123;6828.37
2007;2;15;Coparticipacion Federal + Financ. Educativo;105.15;0.282123;0.282123;39364.23
2007;2;14;De Origen Nacional;135.99;0.282123;0.282123;50909.58
2007;2;13;Otros no Tributarios;8.02;0.282123;0.282123;3002.39
2007;2;12;Remesas del Instituto de Juegos y Casino;6.09;0.282123;0.282123;2279.87
2007;2;11;Tasas Retributivas de Servicios;5.87;0.282123;0.282123;2197.51
2007;2;10;Regalias;46.84;0.282123;0.282123;17535.15
2007;2;9;No Tributarios;66.82;0.282123;0.282123;25014.91
2007;2;8;Otros Tributarios;0.43;0.282123;0.282123;160.98
2007;2;7;Sellos y Tasas de Justicia;10.11;0.282123;0.282123;3784.81
2007;2;6;Inmobiliario;3.77;0.282123;0.282123;1411.35
2007;2;5;Automotor;24.72;0.282123;0.282123;9254.24
2007;2;4;Ingresos Brutos;56.44;0.282123;0.282123;21129.03
2007;2;3;Tributarios;95.47;0.282123;0.282123;35740.40
2007;2;2;De Origen Provincial;162.29;0.282123;0.282123;60755.32
2007;2;1;Recursos Corrientes;298.28;0.282123;0.282123;111664.89
2007;3;55;Resultado Operativo - Amortizacion de la D Consolidada;5.32;0.283439;0.283439;1982.36
2007;3;54;Amortizacion de la Deuda Consolidada;19.48;0.283439;0.283439;7258.73
2007;3;53;IX. Resultado Operativo (VIII-IX);24.80;0.283439;0.283439;9241.09
2007;3;52;VIII. Egresos Totales (II+V+VI+VII);326.64;0.283439;0.283439;121714.07
2007;3;51;VII. Ingresos Totales (I+IV);351.44;0.283439;0.283439;130955.15
2007;3;50;Otros;0.00;0.283439;0.283439;0.00
2007;3;49;Compra de Acciones, Titulos, Valores, Otros;0.00;0.283439;0.283439;0.00
2007;3;48;Prestamos;0.00;0.283439;0.283439;0.00
2007;3;47;Inversion Financiera;0.00;0.283439;0.283439;0.00
2007;3;46;al Sector Privado;0.00;0.283439;0.283439;0.00
2007;3;45;al Sector Publico+Remesas al IPV;11.51;0.283439;0.283439;4288.91
2007;3;44;Transferencias para financiar Erogaciones de Capital;11.51;0.283439;0.283439;4288.91
2007;3;43;Trabajos Publicos;26.42;0.283439;0.283439;9844.74
2007;3;42;Bienes de Capital;1.87;0.283439;0.283439;696.81
2007;3;41;VI. Erogaciones de Capital;39.80;0.283439;0.283439;14830.46
2007;3;40;Resto Otros Recursos de Capital;0.02;0.283439;0.283439;7.45
2007;3;39;Fondo Residual;1.10;0.283439;0.283439;409.89
2007;3;38;Venta de Acciones;0.00;0.283439;0.283439;0.00
2007;3;37;Otros Recursos de Capital;1.12;0.283439;0.283439;417.34
2007;3;36;Reembolsos de Prestamos;5.04;0.283439;0.283439;1878.03
2007;3;35;Reembolsos de Obras Publicas;0.00;0.283439;0.283439;0.00
2007;3;34;V. Recursos de Capital;6.16;0.283439;0.283439;2295.37
2007;3;33;IV.Resultado Economico Neto de Remesas;58.44;0.283439;0.283439;21776.18
2007;3;32;Remesas EMT;0.00;0.283439;0.283439;0.00
2007;3;31;Remesas ATM;0.00;0.283439;0.283439;0.00
2007;3;30;Resultado Economico con Remesas;58.44;0.283439;0.283439;21776.18
2007;3;29;Otras Erogaciones Corrientes;0.13;0.283439;0.283439;48.44
2007;3;28;Otras Transferencias;51.05;0.283439;0.283439;19022.48
2007;3;27;Municipios;47.97;0.283439;0.283439;17874.80
2007;3;26;Transferencias a Municipios y Otros;99.02;0.283439;0.283439;36897.28
2007;3;25;Intereses y Gastos de la Deuda;4.42;0.283439;0.283439;1647.00
2007;3;24;Otros Servicios;20.22;0.283439;0.283439;7534.47
2007;3;23;Bienes Corrientes;11.00;0.283439;0.283439;4098.87
2007;3;22;Locaciones de Servicio;4.63;0.283439;0.283439;1725.25
2007;3;21;Personal;147.42;0.283439;0.283439;54932.30
2007;3;20;Erogaciones Corrientes;286.84;0.283439;0.283439;106883.61
2007;3;19;Aportes no Reintegrables;7.45;0.283439;0.283439;2776.05
2007;3;18;Coparticipacion Vial;1.32;0.283439;0.283439;491.86
2007;3;17;Ley 25.053 Fdo. Nac. de Incentivo Docente;4.58;0.283439;0.283439;1706.62
2007;3;16;Regimenes Especiales Nacionales s/Financ. Educativo;20.90;0.283439;0.283439;7787.85
2007;3;15;Coparticipacion Federal + Financ. Educativo;128.53;0.283439;0.283439;47893.43
2007;3;14;De Origen Nacional;162.78;0.283439;0.283439;60655.82
2007;3;13;Otros no Tributarios;9.00;0.283439;0.283439;3353.62
2007;3;12;Remesas del Instituto de Juegos y Casino;6.32;0.283439;0.283439;2354.99
2007;3;11;Tasas Retributivas de Servicios;5.79;0.283439;0.283439;2157.50
2007;3;10;Regalias;42.21;0.283439;0.283439;15728.48
2007;3;9;No Tributarios;63.32;0.283439;0.283439;23594.58
2007;3;8;Otros Tributarios;0.63;0.283439;0.283439;234.75
2007;3;7;Sellos y Tasas de Justicia;11.25;0.283439;0.283439;4192.03
2007;3;6;Inmobiliario;33.03;0.283439;0.283439;12307.79
2007;3;5;Automotor;8.64;0.283439;0.283439;3219.48
2007;3;4;Ingresos Brutos;65.63;0.283439;0.283439;24455.35
2007;3;3;Tributarios;119.18;0.283439;0.283439;44409.39
2007;3;2;De Origen Provincial;182.50;0.283439;0.283439;68003.97
2007;3;1;Recursos Corrientes;345.28;0.283439;0.283439;128659.79
2007;4;55;Resultado Operativo - Amortizacion de la D Consolidada;-51.67;0.285340;0.285340;-19125.24
2007;4;54;Amortizacion de la Deuda Consolidada;20.18;0.285340;0.285340;7469.47
2007;4;53;IX. Resultado Operativo (VIII-IX);-31.49;0.285340;0.285340;-11655.77
2007;4;52;VIII. Egresos Totales (II+V+VI+VII);305.39;0.285340;0.285340;113037.66
2007;4;51;VII. Ingresos Totales (I+IV);273.90;0.285340;0.285340;101381.89
2007;4;50;Otros;0.00;0.285340;0.285340;0.00
2007;4;49;Compra de Acciones, Titulos, Valores, Otros;0.00;0.285340;0.285340;0.00
2007;4;48;Prestamos;0.00;0.285340;0.285340;0.00
2007;4;47;Inversion Financiera;0.00;0.285340;0.285340;0.00
2007;4;46;al Sector Privado;0.19;0.285340;0.285340;70.33
2007;4;45;al Sector Publico+Remesas al IPV;13.07;0.285340;0.285340;4837.76
2007;4;44;Transferencias para financiar Erogaciones de Capital;13.26;0.285340;0.285340;4908.08
2007;4;43;Trabajos Publicos;25.20;0.285340;0.285340;9327.58
2007;4;42;Bienes de Capital;1.01;0.285340;0.285340;373.84
2007;4;41;VI. Erogaciones de Capital;39.47;0.285340;0.285340;14609.50
2007;4;40;Resto Otros Recursos de Capital;0.01;0.285340;0.285340;3.70
2007;4;39;Fondo Residual;0.96;0.285340;0.285340;355.34
2007;4;38;Venta de Acciones;0.00;0.285340;0.285340;0.00
2007;4;37;Otros Recursos de Capital;0.97;0.285340;0.285340;359.04
2007;4;36;Reembolsos de Prestamos;1.56;0.285340;0.285340;577.42
2007;4;35;Reembolsos de Obras Publicas;0.00;0.285340;0.285340;0.00
2007;4;34;V. Recursos de Capital;2.53;0.285340;0.285340;936.46
2007;4;33;IV.Resultado Economico Neto de Remesas;5.45;0.285340;0.285340;2017.27
2007;4;32;Remesas EMT;0.00;0.285340;0.285340;0.00
2007;4;31;Remesas ATM;0.00;0.285340;0.285340;0.00
2007;4;30;Resultado Economico con Remesas;5.45;0.285340;0.285340;2017.27
2007;4;29;Otras Erogaciones Corrientes;0.13;0.285340;0.285340;48.12
2007;4;28;Otras Transferencias;27.78;0.285340;0.285340;10282.54
2007;4;27;Municipios;37.82;0.285340;0.285340;13998.77
2007;4;26;Transferencias a Municipios y Otros;65.60;0.285340;0.285340;24281.31
2007;4;25;Intereses y Gastos de la Deuda;5.65;0.285340;0.285340;2091.30
2007;4;24;Otros Servicios;17.85;0.285340;0.285340;6607.03
2007;4;23;Bienes Corrientes;7.97;0.285340;0.285340;2950.03
2007;4;22;Locaciones de Servicio;5.34;0.285340;0.285340;1976.56
2007;4;21;Personal;163.38;0.285340;0.285340;60473.80
2007;4;20;Erogaciones Corrientes;265.92;0.285340;0.285340;98428.16
2007;4;19;Aportes no Reintegrables;6.70;0.285340;0.285340;2479.95
2007;4;18;Coparticipacion Vial;0.00;0.285340;0.285340;0.00
2007;4;17;Ley 25.053 Fdo. Nac. de Incentivo Docente;4.58;0.285340;0.285340;1695.25
2007;4;16;Regimenes Especiales Nacionales s/Financ. Educativo;17.68;0.285340;0.285340;6544.11
2007;4;15;Coparticipacion Federal + Financ. Educativo;110.01;0.285340;0.285340;40719.32
2007;4;14;De Origen Nacional;138.97;0.285340;0.285340;51438.63
2007;4;13;Otros no Tributarios;4.85;0.285340;0.285340;1795.19
2007;4;12;Remesas del Instituto de Juegos y Casino;7.15;0.285340;0.285340;2646.52
2007;4;11;Tasas Retributivas de Servicios;5.48;0.285340;0.285340;2028.38
2007;4;10;Regalias;44.33;0.285340;0.285340;16408.39
2007;4;9;No Tributarios;61.81;0.285340;0.285340;22878.48
2007;4;8;Otros Tributarios;0.20;0.285340;0.285340;74.03
2007;4;7;Sellos y Tasas de Justicia;9.16;0.285340;0.285340;3390.50
2007;4;6;Inmobiliario;4.40;0.285340;0.285340;1628.62
2007;4;5;Automotor;9.74;0.285340;0.285340;3605.18
2007;4;4;Ingresos Brutos;47.09;0.285340;0.285340;17429.99
2007;4;3;Tributarios;70.59;0.285340;0.285340;26128.32
2007;4;2;De Origen Provincial;132.40;0.285340;0.285340;49006.80
2007;4;1;Recursos Corrientes;271.37;0.285340;0.285340;100445.43
2007;5;55;Resultado Operativo - Amortizacion de la D Consolidada;50.28;0.287476;0.287476;18472.46
2007;5;54;Amortizacion de la Deuda Consolidada;18.35;0.287476;0.287476;6741.64
2007;5;53;IX. Resultado Operativo (VIII-IX);68.63;0.287476;0.287476;25214.10
2007;5;52;VIII. Egresos Totales (II+V+VI+VII);361.05;0.287476;0.287476;132646.80
2007;5;51;VII. Ingresos Totales (I+IV);429.68;0.287476;0.287476;157860.89
2007;5;50;Otros;0.00;0.287476;0.287476;0.00
2007;5;49;Compra de Acciones, Titulos, Valores, Otros;0.00;0.287476;0.287476;0.00
2007;5;48;Prestamos;4.90;0.287476;0.287476;1800.22
2007;5;47;Inversion Financiera;4.90;0.287476;0.287476;1800.22
2007;5;46;al Sector Privado;0.00;0.287476;0.287476;0.00
2007;5;45;al Sector Publico+Remesas al IPV;18.80;0.287476;0.287476;6906.97
2007;5;44;Transferencias para financiar Erogaciones de Capital;18.80;0.287476;0.287476;6906.97
2007;5;43;Trabajos Publicos;30.45;0.287476;0.287476;11187.08
2007;5;42;Bienes de Capital;6.22;0.287476;0.287476;2285.18
2007;5;41;VI. Erogaciones de Capital;60.37;0.287476;0.287476;22179.44
2007;5;40;Resto Otros Recursos de Capital;0.02;0.287476;0.287476;7.35
2007;5;39;Fondo Residual;2.16;0.287476;0.287476;793.57
2007;5;38;Venta de Acciones;0.00;0.287476;0.287476;0.00
2007;5;37;Otros Recursos de Capital;2.18;0.287476;0.287476;800.91
2007;5;36;Reembolsos de Prestamos;0.07;0.287476;0.287476;25.72
2007;5;35;Reembolsos de Obras Publicas;0.00;0.287476;0.287476;0.00
2007;5;34;V. Recursos de Capital;2.25;0.287476;0.287476;826.63
2007;5;33;IV.Resultado Economico Neto de Remesas;126.75;0.287476;0.287476;46566.91
2007;5;32;Remesas EMT;0.00;0.287476;0.287476;0.00
2007;5;31;Remesas ATM;0.00;0.287476;0.287476;0.00
2007;5;30;Resultado Economico con Remesas;126.75;0.287476;0.287476;46566.91
2007;5;29;Otras Erogaciones Corrientes;0.13;0.287476;0.287476;47.76
2007;5;28;Otras Transferencias;45.87;0.287476;0.287476;16852.26
2007;5;27;Municipios;54.76;0.287476;0.287476;20118.37
2007;5;26;Transferencias a Municipios y Otros;100.63;0.287476;0.287476;36970.63
2007;5;25;Intereses y Gastos de la Deuda;5.00;0.287476;0.287476;1836.96
2007;5;24;Otros Servicios;19.16;0.287476;0.287476;7039.23
2007;5;23;Bienes Corrientes;10.53;0.287476;0.287476;3868.64
2007;5;22;Locaciones de Servicio;5.31;0.287476;0.287476;1950.85
2007;5;21;Personal;159.92;0.287476;0.287476;58753.29
2007;5;20;Erogaciones Corrientes;300.68;0.287476;0.287476;110467.36
2007;5;19;Aportes no Reintegrables;8.52;0.287476;0.287476;3130.18
2007;5;18;Coparticipacion Vial;1.43;0.287476;0.287476;525.37
2007;5;17;Ley 25.053 Fdo. Nac. de Incentivo Docente;0.00;0.287476;0.287476;0.00
2007;5;16;Regimenes Especiales Nacionales s/Financ. Educativo;42.08;0.287476;0.287476;15459.85
2007;5;15;Coparticipacion Federal + Financ. Educativo;195.99;0.287476;0.287476;72005.11
2007;5;14;De Origen Nacional;248.02;0.287476;0.287476;91120.51
2007;5;13;Otros no Tributarios;8.16;0.287476;0.287476;2997.92
2007;5;12;Remesas del Instituto de Juegos y Casino;4.16;0.287476;0.287476;1528.35
2007;5;11;Tasas Retributivas de Servicios;7.93;0.287476;0.287476;2913.42
2007;5;10;Regalias;45.71;0.287476;0.287476;16793.48
2007;5;9;No Tributarios;65.96;0.287476;0.287476;24233.16
2007;5;8;Otros Tributarios;0.56;0.287476;0.287476;205.74
2007;5;7;Sellos y Tasas de Justicia;11.57;0.287476;0.287476;4250.72
2007;5;6;Inmobiliario;12.65;0.287476;0.287476;4647.51
2007;5;5;Automotor;11.25;0.287476;0.287476;4133.16
2007;5;4;Ingresos Brutos;77.42;0.287476;0.287476;28443.47
2007;5;3;Tributarios;113.45;0.287476;0.287476;41680.60
2007;5;2;De Origen Provincial;179.41;0.287476;0.287476;65913.76
2007;5;1;Recursos Corrientes;427.43;0.287476;0.287476;157034.26
2007;6;55;Resultado Operativo - Amortizacion de la D Consolidada;5728.28;0.288865;0.288865;2094403.35
2007;6;54;Amortizacion de la Deuda Consolidada;29.04;0.288865;0.288865;10617.75
2007;6;53;IX. Resultado Operativo (VIII-IX);5757.32;0.288865;0.288865;2105021.11
2007;6;52;VIII. Egresos Totales (II+V+VI+VII);424.04;0.288865;0.288865;155039.70
2007;6;51;VII. Ingresos Totales (I+IV);6181.36;0.288865;0.288865;2260060.81
2007;6;50;Otros;0.00;0.288865;0.288865;0.00
2007;6;49;Compra de Acciones, Titulos, Valores, Otros;25.00;0.288865;0.288865;9140.63
2007;6;48;Prestamos;2.18;0.288865;0.288865;797.06
2007;6;47;Inversion Financiera;27.18;0.288865;0.288865;9937.69
2007;6;46;al Sector Privado;0.00;0.288865;0.288865;0.00
2007;6;45;al Sector Publico+Remesas al IPV;10.63;0.288865;0.288865;3886.60
2007;6;44;Transferencias para financiar Erogaciones de Capital;10.63;0.288865;0.288865;3886.60
2007;6;43;Trabajos Publicos;25.79;0.288865;0.288865;9429.47
2007;6;42;Bienes de Capital;4.49;0.288865;0.288865;1641.66
2007;6;41;VI. Erogaciones de Capital;68.09;0.288865;0.288865;24895.42
2007;6;40;Resto Otros Recursos de Capital;0.12;0.288865;0.288865;43.88
2007;6;39;Fondo Residual;1.35;0.288865;0.288865;493.59
2007;6;38;Venta de Acciones;0.00;0.288865;0.288865;0.00
2007;6;37;Otros Recursos de Capital;1.47;0.288865;0.288865;537.47
2007;6;36;Reembolsos de Prestamos;0.62;0.288865;0.288865;226.69
2007;6;35;Reembolsos de Obras Publicas;0.00;0.288865;0.288865;0.00
2007;6;34;V. Recursos de Capital;2.09;0.288865;0.288865;764.16
2007;6;33;IV.Resultado Economico Neto de Remesas;5823.32;0.288865;0.288865;2129152.37
2007;6;32;Remesas EMT;0.00;0.288865;0.288865;0.00
2007;6;31;Remesas ATM;0.00;0.288865;0.288865;0.00
2007;6;30;Resultado Economico con Remesas;5823.32;0.288865;0.288865;2129152.37
2007;6;29;Otras Erogaciones Corrientes;0.12;0.288865;0.288865;43.88
2007;6;28;Otras Transferencias;33.27;0.288865;0.288865;12164.35
2007;6;27;Municipios;48.85;0.288865;0.288865;17860.79
2007;6;26;Transferencias a Municipios y Otros;82.12;0.288865;0.288865;30025.14
2007;6;25;Intereses y Gastos de la Deuda;7.45;0.288865;0.288865;2723.91
2007;6;24;Otros Servicios;22.17;0.288865;0.288865;8105.91
2007;6;23;Bienes Corrientes;13.31;0.288865;0.288865;4866.47
2007;6;22;Locaciones de Servicio;4.66;0.288865;0.288865;1703.81
2007;6;21;Personal;226.12;0.288865;0.288865;82675.16
2007;6;20;Erogaciones Corrientes;355.95;0.288865;0.288865;130144.28
2007;6;19;Aportes no Reintegrables;25.89;0.288865;0.288865;9466.04
2007;6;18;Coparticipacion Vial;1.45;0.288865;0.288865;530.16
2007;6;17;Ley 25.053 Fdo. Nac. de Incentivo Docente;9.17;0.288865;0.288865;3352.78
2007;6;16;Regimenes Especiales Nacionales s/Financ. Educativo;38.91;0.288865;0.288865;14226.48
2007;6;15;Coparticipacion Federal + Financ. Educativo;169.26;0.288865;0.288865;61885.72
2007;6;14;De Origen Nacional;244.68;0.288865;0.288865;89461.17
2007;6;13;Otros no Tributarios;5770.95;0.288865;0.288865;2110004.58
2007;6;12;Remesas del Instituto de Juegos y Casino;11.42;0.288865;0.288865;4175.44
2007;6;11;Tasas Retributivas de Servicios;5.26;0.288865;0.288865;1923.19
2007;6;10;Regalias;48.56;0.288865;0.288865;17754.76
2007;6;9;No Tributarios;5836.19;0.288865;0.288865;2133857.97
2007;6;8;Otros Tributarios;0.52;0.288865;0.288865;190.13
2007;6;7;Sellos y Tasas de Justicia;11.24;0.288865;0.288865;4109.63
2007;6;6;Inmobiliario;5.72;0.288865;0.288865;2091.38
2007;6;5;Automotor;13.76;0.288865;0.288865;5031.00
2007;6;4;Ingresos Brutos;67.16;0.288865;0.288865;24555.39
2007;6;3;Tributarios;98.40;0.288865;0.288865;35977.52
2007;6;2;De Origen Provincial;180.81;0.288865;0.288865;66108.69
2007;6;1;Recursos Corrientes;555.12;0.288865;0.288865;202965.84
2007;7;55;Resultado Operativo - Amortizacion de la D Consolidada;-7585.93;0.290123;0.290123;-2761580.34
2007;7;54;Amortizacion de la Deuda Consolidada;20.14;0.290123;0.290123;7331.76
2007;7;53;IX. Resultado Operativo (VIII-IX);-7565.79;0.290123;0.290123;-2754248.58
2007;7;52;VIII. Egresos Totales (II+V+VI+VII);346.51;0.290123;0.290123;126143.43
2007;7;51;VII. Ingresos Totales (I+IV);-7219.28;0.290123;0.290123;-2628105.15
2007;7;50;Otros;0.00;0.290123;0.290123;0.00
2007;7;49;Compra de Acciones, Titulos, Valores, Otros;0.00;0.290123;0.290123;0.00
2007;7;48;Prestamos;2.62;0.290123;0.290123;953.78
2007;7;47;Inversion Financiera;2.62;0.290123;0.290123;953.78
2007;7;46;al Sector Privado;0.00;0.290123;0.290123;0.00
2007;7;45;al Sector Publico+Remesas al IPV;14.24;0.290123;0.290123;5183.93
2007;7;44;Transferencias para financiar Erogaciones de Capital;14.24;0.290123;0.290123;5183.93
2007;7;43;Trabajos Publicos;35.36;0.290123;0.290123;12872.45
2007;7;42;Bienes de Capital;8.20;0.290123;0.290123;2985.13
2007;7;41;VI. Erogaciones de Capital;60.42;0.290123;0.290123;21995.28
2007;7;40;Resto Otros Recursos de Capital;0.01;0.290123;0.290123;3.64
2007;7;39;Fondo Residual;0.73;0.290123;0.290123;265.75
2007;7;38;Venta de Acciones;0.00;0.290123;0.290123;0.00
2007;7;37;Otros Recursos de Capital;0.74;0.290123;0.290123;269.39
2007;7;36;Reembolsos de Prestamos;4.33;0.290123;0.290123;1576.29
2007;7;35;Reembolsos de Obras Publicas;0.00;0.290123;0.290123;0.00
2007;7;34;V. Recursos de Capital;5.07;0.290123;0.290123;1845.68
2007;7;33;IV.Resultado Economico Neto de Remesas;-7510.44;0.290123;0.290123;-2734098.97
2007;7;32;Remesas EMT;0.00;0.290123;0.290123;0.00
2007;7;31;Remesas ATM;0.00;0.290123;0.290123;0.00
2007;7;30;Resultado Economico con Remesas;-7510.44;0.290123;0.290123;-2734098.97
2007;7;29;Otras Erogaciones Corrientes;0.14;0.290123;0.290123;50.97
2007;7;28;Otras Transferencias;34.09;0.290123;0.290123;12410.12
2007;7;27;Municipios;44.19;0.290123;0.290123;16086.92
2007;7;26;Transferencias a Municipios y Otros;78.28;0.290123;0.290123;28497.03
2007;7;25;Intereses y Gastos de la Deuda;7.55;0.290123;0.290123;2748.50
2007;7;24;Otros Servicios;21.37;0.290123;0.290123;7779.53
2007;7;23;Bienes Corrientes;12.24;0.290123;0.290123;4455.85
2007;7;22;Locaciones de Servicio;4.49;0.290123;0.290123;1634.54
2007;7;21;Personal;162.02;0.290123;0.290123;58981.73
2007;7;20;Erogaciones Corrientes;286.09;0.290123;0.290123;104148.14
2007;7;19;Aportes no Reintegrables;15.41;0.290123;0.290123;5609.85
2007;7;18;Coparticipacion Vial;0.58;0.290123;0.290123;211.14
2007;7;17;Ley 25.053 Fdo. Nac. de Incentivo Docente;4.58;0.290123;0.290123;1667.30
2007;7;16;Regimenes Especiales Nacionales s/Financ. Educativo;44.03;0.290123;0.290123;16028.67
2007;7;15;Coparticipacion Federal + Financ. Educativo;137.68;0.290123;0.290123;50121.00
2007;7;14;De Origen Nacional;202.28;0.290123;0.290123;73637.97
2007;7;13;Otros no Tributarios;-7574.82;0.290123;0.290123;-2757535.86
2007;7;12;Remesas del Instituto de Juegos y Casino;3.66;0.290123;0.290123;1332.39
2007;7;11;Tasas Retributivas de Servicios;5.93;0.290123;0.290123;2158.76
2007;7;10;Regalias;45.29;0.290123;0.290123;16487.36
2007;7;9;No Tributarios;-7519.94;0.290123;0.290123;-2737557.35
2007;7;8;Otros Tributarios;0.73;0.290123;0.290123;265.75
2007;7;7;Sellos y Tasas de Justicia;10.51;0.290123;0.290123;3826.06
2007;7;6;Inmobiliario;10.00;0.290123;0.290123;3640.40
2007;7;5;Automotor;6.20;0.290123;0.290123;2257.05
2007;7;4;Ingresos Brutos;65.87;0.290123;0.290123;23979.30
2007;7;3;Tributarios;93.31;0.290123;0.290123;33968.55
2007;7;2;De Origen Provincial;125.12;0.290123;0.290123;45548.66
2007;7;1;Recursos Corrientes;390.82;0.290123;0.290123;142274.03
2007;8;55;Resultado Operativo - Amortizacion de la D Consolidada;1886.81;0.291541;0.291541;683533.09
2007;8;54;Amortizacion de la Deuda Consolidada;31.72;0.291541;0.291541;11491.18
2007;8;53;IX. Resultado Operativo (VIII-IX);1918.53;0.291541;0.291541;695024.26
2007;8;52;VIII. Egresos Totales (II+V+VI+VII);411.21;0.291541;0.291541;148968.70
2007;8;51;VII. Ingresos Totales (I+IV);2329.74;0.291541;0.291541;843992.97
2007;8;50;Otros;0.00;0.291541;0.291541;0.00
2007;8;49;Compra de Acciones, Titulos, Valores, Otros;0.60;0.291541;0.291541;217.36
2007;8;48;Prestamos;1.85;0.291541;0.291541;670.20
2007;8;47;Inversion Financiera;2.45;0.291541;0.291541;887.56
2007;8;46;al Sector Privado;0.00;0.291541;0.291541;0.00
2007;8;45;al Sector Publico+Remesas al IPV;32.39;0.291541;0.291541;11733.90
2007;8;44;Transferencias para financiar Erogaciones de Capital;32.39;0.291541;0.291541;11733.90
2007;8;43;Trabajos Publicos;24.80;0.291541;0.291541;8984.28
2007;8;42;Bienes de Capital;5.75;0.291541;0.291541;2083.05
2007;8;41;VI. Erogaciones de Capital;65.39;0.291541;0.291541;23688.78
2007;8;40;Resto Otros Recursos de Capital;0.04;0.291541;0.291541;14.49
2007;8;39;Fondo Residual;0.77;0.291541;0.291541;278.95
2007;8;38;Venta de Acciones;0.00;0.291541;0.291541;0.00
2007;8;37;Otros Recursos de Capital;0.81;0.291541;0.291541;293.44
2007;8;36;Reembolsos de Prestamos;0.05;0.291541;0.291541;18.11
2007;8;35;Reembolsos de Obras Publicas;0.00;0.291541;0.291541;0.00
2007;8;34;V. Recursos de Capital;0.86;0.291541;0.291541;311.55
2007;8;33;IV.Resultado Economico Neto de Remesas;1983.06;0.291541;0.291541;718401.49
2007;8;32;Remesas EMT;0.00;0.291541;0.291541;0.00
2007;8;31;Remesas ATM;0.00;0.291541;0.291541;0.00
2007;8;30;Resultado Economico con Remesas;1983.06;0.291541;0.291541;718401.49
2007;8;29;Otras Erogaciones Corrientes;0.13;0.291541;0.291541;47.09
2007;8;28;Otras Transferencias;31.48;0.291541;0.291541;11404.23
2007;8;27;Municipios;55.85;0.291541;0.291541;20232.73
2007;8;26;Transferencias a Municipios y Otros;87.33;0.291541;0.291541;31636.97
2007;8;25;Intereses y Gastos de la Deuda;23.59;0.291541;0.291541;8545.93
2007;8;24;Otros Servicios;32.26;0.291541;0.291541;11686.80
2007;8;23;Bienes Corrientes;17.51;0.291541;0.291541;6343.33
2007;8;22;Locaciones de Servicio;5.25;0.291541;0.291541;1901.91
2007;8;21;Personal;179.75;0.291541;0.291541;65117.88
2007;8;20;Erogaciones Corrientes;345.82;0.291541;0.291541;125279.92
2007;8;19;Aportes no Reintegrables;27.52;0.291541;0.291541;9969.65
2007;8;18;Coparticipacion Vial;0.83;0.291541;0.291541;300.68
2007;8;17;Ley 25.053 Fdo. Nac. de Incentivo Docente;4.60;0.291541;0.291541;1666.44
2007;8;16;Regimenes Especiales Nacionales s/Financ. Educativo;34.97;0.291541;0.291541;12668.55
2007;8;15;Coparticipacion Federal + Financ. Educativo;187.60;0.291541;0.291541;67961.70
2007;8;14;De Origen Nacional;255.52;0.291541;0.291541;92567.02
2007;8;13;Otros no Tributarios;1919.96;0.291541;0.291541;695542.31
2007;8;12;Remesas del Instituto de Juegos y Casino;8.40;0.291541;0.291541;3043.06
2007;8;11;Tasas Retributivas de Servicios;7.33;0.291541;0.291541;2655.43
2007;8;10;Regalias;49.64;0.291541;0.291541;17983.04
2007;8;9;No Tributarios;1985.33;0.291541;0.291541;719223.84
2007;8;8;Otros Tributarios;0.74;0.291541;0.291541;268.08
2007;8;7;Sellos y Tasas de Justicia;13.64;0.291541;0.291541;4941.35
2007;8;6;Inmobiliario;6.04;0.291541;0.291541;2188.11
2007;8;5;Automotor;14.89;0.291541;0.291541;5394.19
2007;8;4;Ingresos Brutos;52.72;0.291541;0.291541;19098.83
2007;8;3;Tributarios;88.03;0.291541;0.291541;31890.55
2007;8;2;De Origen Provincial;134.23;0.291541;0.291541;48627.39
2007;8;1;Recursos Corrientes;455.34;0.291541;0.291541;164955.64
2007;9;55;Resultado Operativo - Amortizacion de la D Consolidada;-36.64;0.293194;0.293194;-13198.71
2007;9;54;Amortizacion de la Deuda Consolidada;26.06;0.293194;0.293194;9387.51
2007;9;53;IX. Resultado Operativo (VIII-IX);-10.58;0.293194;0.293194;-3811.20
2007;9;52;VIII. Egresos Totales (II+V+VI+VII);387.09;0.293194;0.293194;139440.16
2007;9;51;VII. Ingresos Totales (I+IV);376.51;0.293194;0.293194;135628.96
2007;9;50;Otros;0.00;0.293194;0.293194;0.00
2007;9;49;Compra de Acciones, Titulos, Valores, Otros;0.04;0.293194;0.293194;14.41
2007;9;48;Prestamos;13.84;0.293194;0.293194;4985.54
2007;9;47;Inversion Financiera;13.88;0.293194;0.293194;4999.95
2007;9;46;al Sector Privado;0.01;0.293194;0.293194;3.60
2007;9;45;al Sector Publico+Remesas al IPV;4.54;0.293194;0.293194;1635.43
2007;9;44;Transferencias para financiar Erogaciones de Capital;4.55;0.293194;0.293194;1639.03
2007;9;43;Trabajos Publicos;24.88;0.293194;0.293194;8962.44
2007;9;42;Bienes de Capital;6.01;0.293194;0.293194;2164.96
2007;9;41;VI. Erogaciones de Capital;49.32;0.293194;0.293194;17766.38
2007;9;40;Resto Otros Recursos de Capital;0.06;0.293194;0.293194;21.61
2007;9;39;Fondo Residual;3.06;0.293194;0.293194;1102.29
2007;9;38;Venta de Acciones;0.00;0.293194;0.293194;0.00
2007;9;37;Otros Recursos de Capital;3.12;0.293194;0.293194;1123.91
2007;9;36;Reembolsos de Prestamos;2.23;0.293194;0.293194;803.31
2007;9;35;Reembolsos de Obras Publicas;0.00;0.293194;0.293194;0.00
2007;9;34;V. Recursos de Capital;5.35;0.293194;0.293194;1927.21
2007;9;33;IV.Resultado Economico Neto de Remesas;33.39;0.293194;0.293194;12027.97
2007;9;32;Remesas EMT;0.00;0.293194;0.293194;0.00
2007;9;31;Remesas ATM;0.00;0.293194;0.293194;0.00
2007;9;30;Resultado Economico con Remesas;33.39;0.293194;0.293194;12027.97
2007;9;29;Otras Erogaciones Corrientes;0.00;0.293194;0.293194;0.00
2007;9;28;Otras Transferencias;32.52;0.293194;0.293194;11714.57
2007;9;27;Municipios;44.59;0.293194;0.293194;16062.51
2007;9;26;Transferencias a Municipios y Otros;77.11;0.293194;0.293194;27777.08
2007;9;25;Intereses y Gastos de la Deuda;9.26;0.293194;0.293194;3335.70
2007;9;24;Otros Servicios;62.85;0.293194;0.293194;22640.25
2007;9;23;Bienes Corrientes;12.06;0.293194;0.293194;4344.33
2007;9;22;Locaciones de Servicio;4.27;0.293194;0.293194;1538.17
2007;9;21;Personal;172.22;0.293194;0.293194;62038.25
2007;9;20;Erogaciones Corrientes;337.77;0.293194;0.293194;121673.78
2007;9;19;Aportes no Reintegrables;18.48;0.293194;0.293194;6656.99
2007;9;18;Coparticipacion Vial;0.64;0.293194;0.293194;230.55
2007;9;17;Ley 25.053 Fdo. Nac. de Incentivo Docente;9.30;0.293194;0.293194;3350.11
2007;9;16;Regimenes Especiales Nacionales s/Financ. Educativo;36.26;0.293194;0.293194;13061.82
2007;9;15;Coparticipacion Federal + Financ. Educativo;146.65;0.293194;0.293194;52827.25
2007;9;14;De Origen Nacional;211.33;0.293194;0.293194;76126.71
2007;9;13;Otros no Tributarios;17.64;0.293194;0.293194;6354.40
2007;9;12;Remesas del Instituto de Juegos y Casino;11.21;0.293194;0.293194;4038.14
2007;9;11;Tasas Retributivas de Servicios;6.60;0.293194;0.293194;2377.50
2007;9;10;Regalias;50.35;0.293194;0.293194;18137.42
2007;9;9;No Tributarios;85.80;0.293194;0.293194;30907.45
2007;9;8;Otros Tributarios;0.92;0.293194;0.293194;331.41
2007;9;7;Sellos y Tasas de Justicia;12.66;0.293194;0.293194;4560.47
2007;9;6;Inmobiliario;10.59;0.293194;0.293194;3814.80
2007;9;5;Automotor;7.19;0.293194;0.293194;2590.03
2007;9;4;Ingresos Brutos;42.67;0.293194;0.293194;15370.87
2007;9;3;Tributarios;74.03;0.293194;0.293194;26667.58
2007;9;2;De Origen Provincial;159.83;0.293194;0.293194;57575.04
2007;9;1;Recursos Corrientes;371.16;0.293194;0.293194;133701.75
2007;10;55;Resultado Operativo - Amortizacion de la D Consolidada;-83.54;0.295431;0.295431;-29865.47
2007;10;54;Amortizacion de la Deuda Consolidada;14.27;0.295431;0.295431;5101.51
2007;10;53;IX. Resultado Operativo (VIII-IX);-69.27;0.295431;0.295431;-24763.96
2007;10;52;VIII. Egresos Totales (II+V+VI+VII);453.21;0.295431;0.295431;162022.16
2007;10;51;VII. Ingresos Totales (I+IV);383.94;0.295431;0.295431;137258.20
2007;10;50;Otros;0.00;0.295431;0.295431;0.00
2007;10;49;Compra de Acciones, Titulos, Valores, Otros;0.00;0.295431;0.295431;0.00
2007;10;48;Prestamos;8.46;0.295431;0.295431;3024.44
2007;10;47;Inversion Financiera;8.46;0.295431;0.295431;3024.44
2007;10;46;al Sector Privado;0.00;0.295431;0.295431;0.00
2007;10;45;al Sector Publico+Remesas al IPV;33.10;0.295431;0.295431;11833.22
2007;10;44;Transferencias para financiar Erogaciones de Capital;33.10;0.295431;0.295431;11833.22
2007;10;43;Trabajos Publicos;39.54;0.295431;0.295431;14135.51
2007;10;42;Bienes de Capital;3.34;0.295431;0.295431;1194.05
2007;10;41;VI. Erogaciones de Capital;84.44;0.295431;0.295431;30187.22
2007;10;40;Resto Otros Recursos de Capital;0.41;0.295431;0.295431;146.57
2007;10;39;Fondo Residual;5.46;0.295431;0.295431;1951.95
2007;10;38;Venta de Acciones;0.00;0.295431;0.295431;0.00
2007;10;37;Otros Recursos de Capital;5.87;0.295431;0.295431;2098.52
2007;10;36;Reembolsos de Prestamos;2.07;0.295431;0.295431;740.02
2007;10;35;Reembolsos de Obras Publicas;0.00;0.295431;0.295431;0.00
2007;10;34;V. Recursos de Capital;7.94;0.295431;0.295431;2838.54
2007;10;33;IV.Resultado Economico Neto de Remesas;7.23;0.295431;0.295431;2584.72
2007;10;32;Remesas EMT;0.00;0.295431;0.295431;0.00
2007;10;31;Remesas ATM;0.00;0.295431;0.295431;0.00
2007;10;30;Resultado Economico con Remesas;7.23;0.295431;0.295431;2584.72
2007;10;29;Otras Erogaciones Corrientes;0.17;0.295431;0.295431;60.77
2007;10;28;Otras Transferencias;39.85;0.295431;0.295431;14246.34
2007;10;27;Municipios;48.47;0.295431;0.295431;17327.98
2007;10;26;Transferencias a Municipios y Otros;88.32;0.295431;0.295431;31574.32
2007;10;25;Intereses y Gastos de la Deuda;5.26;0.295431;0.295431;1880.45
2007;10;24;Otros Servicios;46.53;0.295431;0.295431;16634.43
2007;10;23;Bienes Corrientes;16.40;0.295431;0.295431;5862.99
2007;10;22;Locaciones de Servicio;5.82;0.295431;0.295431;2080.64
2007;10;21;Personal;206.27;0.295431;0.295431;73741.34
2007;10;20;Erogaciones Corrientes;368.77;0.295431;0.295431;131834.94
2007;10;19;Aportes no Reintegrables;14.72;0.295431;0.295431;5262.39
2007;10;18;Coparticipacion Vial;1.92;0.295431;0.295431;686.40
2007;10;17;Ley 25.053 Fdo. Nac. de Incentivo Docente;4.65;0.295431;0.295431;1662.37
2007;10;16;Regimenes Especiales Nacionales s/Financ. Educativo;39.15;0.295431;0.295431;13996.09
2007;10;15;Coparticipacion Federal + Financ. Educativo;161.50;0.295431;0.295431;57736.10
2007;10;14;De Origen Nacional;221.94;0.295431;0.295431;79343.35
2007;10;13;Otros no Tributarios;20.90;0.295431;0.295431;7471.73
2007;10;12;Remesas del Instituto de Juegos y Casino;1.54;0.295431;0.295431;550.55
2007;10;11;Tasas Retributivas de Servicios;7.78;0.295431;0.295431;2781.34
2007;10;10;Regalias;55.44;0.295431;0.295431;19819.75
2007;10;9;No Tributarios;85.66;0.295431;0.295431;30623.37
2007;10;8;Otros Tributarios;1.29;0.295431;0.295431;461.17
2007;10;7;Sellos y Tasas de Justicia;13.40;0.295431;0.295431;4790.49
2007;10;6;Inmobiliario;5.41;0.295431;0.295431;1934.07
2007;10;5;Automotor;6.18;0.295431;0.295431;2209.34
2007;10;4;Ingresos Brutos;42.12;0.295431;0.295431;15057.86
2007;10;3;Tributarios;68.40;0.295431;0.295431;24452.94
2007;10;2;De Origen Provincial;154.06;0.295431;0.295431;55076.31
2007;10;1;Recursos Corrientes;376.00;0.295431;0.295431;134419.66
2007;11;55;Resultado Operativo - Amortizacion de la D Consolidada;-49.39;0.297508;0.297508;-17533.61
2007;11;54;Amortizacion de la Deuda Consolidada;23.47;0.297508;0.297508;8331.93
2007;11;53;IX. Resultado Operativo (VIII-IX);-25.92;0.297508;0.297508;-9201.68
2007;11;52;VIII. Egresos Totales (II+V+VI+VII);435.57;0.297508;0.297508;154628.78
2007;11;51;VII. Ingresos Totales (I+IV);409.65;0.297508;0.297508;145427.09
2007;11;50;Otros;0.00;0.297508;0.297508;0.00
2007;11;49;Compra de Acciones, Titulos, Valores, Otros;0.00;0.297508;0.297508;0.00
2007;11;48;Prestamos;0.02;0.297508;0.297508;7.10
2007;11;47;Inversion Financiera;0.02;0.297508;0.297508;7.10
2007;11;46;al Sector Privado;0.00;0.297508;0.297508;0.00
2007;11;45;al Sector Publico+Remesas al IPV;11.14;0.297508;0.297508;3954.74
2007;11;44;Transferencias para financiar Erogaciones de Capital;11.14;0.297508;0.297508;3954.74
2007;11;43;Trabajos Publicos;36.36;0.297508;0.297508;12907.92
2007;11;42;Bienes de Capital;12.31;0.297508;0.297508;4370.09
2007;11;41;VI. Erogaciones de Capital;59.83;0.297508;0.297508;21239.85
2007;11;40;Resto Otros Recursos de Capital;0.30;0.297508;0.297508;106.50
2007;11;39;Fondo Residual;-1.44;0.297508;0.297508;-511.20
2007;11;38;Venta de Acciones;0.00;0.297508;0.297508;0.00
2007;11;37;Otros Recursos de Capital;-1.14;0.297508;0.297508;-404.70
2007;11;36;Reembolsos de Prestamos;-0.37;0.297508;0.297508;-131.35
2007;11;35;Reembolsos de Obras Publicas;0.00;0.297508;0.297508;0.00
2007;11;34;V. Recursos de Capital;-1.51;0.297508;0.297508;-536.05
2007;11;33;IV.Resultado Economico Neto de Remesas;35.42;0.297508;0.297508;12574.22
2007;11;32;Remesas EMT;0.00;0.297508;0.297508;0.00
2007;11;31;Remesas ATM;0.00;0.297508;0.297508;0.00
2007;11;30;Resultado Economico con Remesas;35.42;0.297508;0.297508;12574.22
2007;11;29;Otras Erogaciones Corrientes;0.12;0.297508;0.297508;42.60
2007;11;28;Otras Transferencias;53.14;0.297508;0.297508;18864.87
2007;11;27;Municipios;57.29;0.297508;0.297508;20338.14
2007;11;26;Transferencias a Municipios y Otros;110.43;0.297508;0.297508;39203.01
2007;11;25;Intereses y Gastos de la Deuda;7.48;0.297508;0.297508;2655.42
2007;11;24;Otros Servicios;26.72;0.297508;0.297508;9485.69
2007;11;23;Bienes Corrientes;15.76;0.297508;0.297508;5594.85
2007;11;22;Locaciones de Servicio;4.94;0.297508;0.297508;1753.72
2007;11;21;Personal;210.29;0.297508;0.297508;74653.64
2007;11;20;Erogaciones Corrientes;375.74;0.297508;0.297508;133388.93
2007;11;19;Aportes no Reintegrables;27.48;0.297508;0.297508;9755.49
2007;11;18;Coparticipacion Vial;1.61;0.297508;0.297508;571.56
2007;11;17;Ley 25.053 Fdo. Nac. de Incentivo Docente;9.30;0.297508;0.297508;3301.53
2007;11;16;Regimenes Especiales Nacionales s/Financ. Educativo;33.81;0.297508;0.297508;12002.66
2007;11;15;Coparticipacion Federal + Financ. Educativo;160.15;0.297508;0.297508;56853.77
2007;11;14;De Origen Nacional;232.35;0.297508;0.297508;82485.01
2007;11;13;Otros no Tributarios;27.69;0.297508;0.297508;9830.04
2007;11;12;Remesas del Instituto de Juegos y Casino;1.54;0.297508;0.297508;546.71
2007;11;11;Tasas Retributivas de Servicios;7.54;0.297508;0.297508;2676.72
2007;11;10;Regalias;59.20;0.297508;0.297508;21016.19
2007;11;9;No Tributarios;95.97;0.297508;0.297508;34069.66
2007;11;8;Otros Tributarios;0.33;0.297508;0.297508;117.15
2007;11;7;Sellos y Tasas de Justicia;12.82;0.297508;0.297508;4551.14
2007;11;6;Inmobiliario;11.02;0.297508;0.297508;3912.14
2007;11;5;Automotor;6.01;0.297508;0.297508;2133.57
2007;11;4;Ingresos Brutos;52.66;0.297508;0.297508;18694.47
2007;11;3;Tributarios;82.84;0.297508;0.297508;29408.47
2007;11;2;De Origen Provincial;178.81;0.297508;0.297508;63478.14
2007;11;1;Recursos Corrientes;411.16;0.297508;0.297508;145963.15
2007;12;55;Resultado Operativo - Amortizacion de la D Consolidada;-318.88;0.299950;0.299950;-112281.82
2007;12;54;Amortizacion de la Deuda Consolidada;117.68;0.299950;0.299950;41436.67
2007;12;53;IX. Resultado Operativo (VIII-IX);-201.20;0.299950;0.299950;-70845.15
2007;12;52;VIII. Egresos Totales (II+V+VI+VII);856.11;0.299950;0.299950;301447.52
2007;12;51;VII. Ingresos Totales (I+IV);654.91;0.299950;0.299950;230602.37
2007;12;50;Otros;0.00;0.299950;0.299950;0.00
2007;12;49;Compra de Acciones, Titulos, Valores, Otros;5.00;0.299950;0.299950;1760.57
2007;12;48;Prestamos;2.55;0.299950;0.299950;897.89
2007;12;47;Inversion Financiera;7.55;0.299950;0.299950;2658.45
2007;12;46;al Sector Privado;0.00;0.299950;0.299950;0.00
2007;12;45;al Sector Publico+Remesas al IPV;24.77;0.299950;0.299950;8721.84
2007;12;44;Transferencias para financiar Erogaciones de Capital;24.77;0.299950;0.299950;8721.84
2007;12;43;Trabajos Publicos;72.26;0.299950;0.299950;25443.69
2007;12;42;Bienes de Capital;22.61;0.299950;0.299950;7961.28
2007;12;41;VI. Erogaciones de Capital;127.19;0.299950;0.299950;44785.26
2007;12;40;Resto Otros Recursos de Capital;0.03;0.299950;0.299950;10.56
2007;12;39;Fondo Residual;1.65;0.299950;0.299950;580.99
2007;12;38;Venta de Acciones;0.00;0.299950;0.299950;0.00
2007;12;37;Otros Recursos de Capital;1.68;0.299950;0.299950;591.55
2007;12;36;Reembolsos de Prestamos;0.29;0.299950;0.299950;102.11
2007;12;35;Reembolsos de Obras Publicas;0.00;0.299950;0.299950;0.00
2007;12;34;V. Recursos de Capital;1.97;0.299950;0.299950;693.66
2007;12;33;IV.Resultado Economico Neto de Remesas;-75.98;0.299950;0.299950;-26753.55
2007;12;32;Remesas EMT;0.00;0.299950;0.299950;0.00
2007;12;31;Remesas ATM;0.00;0.299950;0.299950;0.00
2007;12;30;Resultado Economico con Remesas;-75.98;0.299950;0.299950;-26753.55
2007;12;29;Otras Erogaciones Corrientes;0.21;0.299950;0.299950;73.94
2007;12;28;Otras Transferencias;91.98;0.299950;0.299950;32387.36
2007;12;27;Municipios;61.61;0.299950;0.299950;21693.69
2007;12;26;Transferencias a Municipios y Otros;153.59;0.299950;0.299950;54081.05
2007;12;25;Intereses y Gastos de la Deuda;20.84;0.299950;0.299950;7338.04
2007;12;24;Otros Servicios;201.51;0.299950;0.299950;70954.30
2007;12;23;Bienes Corrientes;31.01;0.299950;0.299950;10919.03
2007;12;22;Locaciones de Servicio;9.46;0.299950;0.299950;3330.99
2007;12;21;Personal;312.30;0.299950;0.299950;109964.91
2007;12;20;Erogaciones Corrientes;728.92;0.299950;0.299950;256662.26
2007;12;19;Aportes no Reintegrables;49.98;0.299950;0.299950;17598.61
2007;12;18;Coparticipacion Vial;2.78;0.299950;0.299950;978.87
2007;12;17;Ley 25.053 Fdo. Nac. de Incentivo Docente;9.24;0.299950;0.299950;3253.52
2007;12;16;Regimenes Especiales Nacionales s/Financ. Educativo;45.78;0.299950;0.299950;16119.74
2007;12;15;Coparticipacion Federal + Financ. Educativo;179.44;0.299950;0.299950;63183.17
2007;12;14;De Origen Nacional;287.22;0.299950;0.299950;101133.92
2007;12;13;Otros no Tributarios;59.75;0.299950;0.299950;21038.76
2007;12;12;Remesas del Instituto de Juegos y Casino;12.35;0.299950;0.299950;4348.60
2007;12;11;Tasas Retributivas de Servicios;7.70;0.299950;0.299950;2711.27
2007;12;10;Regalias;55.52;0.299950;0.299950;19549.32
2007;12;9;No Tributarios;135.32;0.299950;0.299950;47647.94
2007;12;8;Otros Tributarios;1.14;0.299950;0.299950;401.41
2007;12;7;Sellos y Tasas de Justicia;14.42;0.299950;0.299950;5077.47
2007;12;6;Inmobiliario;5.66;0.299950;0.299950;1992.96
2007;12;5;Automotor;6.38;0.299950;0.299950;2246.48
2007;12;4;Ingresos Brutos;202.80;0.299950;0.299950;71408.53
2007;12;3;Tributarios;230.40;0.299950;0.299950;81126.85
2007;12;2;De Origen Provincial;365.72;0.299950;0.299950;128774.79
2007;12;1;Recursos Corrientes;652.94;0.299950;0.299950;229908.71
2008;1;55;Resultado Operativo - Amortizacion de la D Consolidada;72.63;0.302700;0.302700;25341.64
2008;1;54;Amortizacion de la Deuda Consolidada;13.46;0.302700;0.302700;4696.38
2008;1;53;IX. Resultado Operativo (VIII-IX);86.09;0.302700;0.302700;30038.02
2008;1;52;VIII. Egresos Totales (II+V+VI+VII);251.09;0.302700;0.302700;87608.86
2008;1;51;VII. Ingresos Totales (I+IV);337.18;0.302700;0.302700;117646.88
2008;1;50;Otros;0.00;0.302700;0.302700;0.00
2008;1;49;Compra de Acciones, Titulos, Valores, Otros;0.00;0.302700;0.302700;0.00
2008;1;48;Prestamos;0.00;0.302700;0.302700;0.00
2008;1;47;Inversion Financiera;0.00;0.302700;0.302700;0.00
2008;1;46;al Sector Privado;0.00;0.302700;0.302700;0.00
2008;1;45;al Sector Publico+Remesas al IPV;0.00;0.302700;0.302700;0.00
2008;1;44;Transferencias para financiar Erogaciones de Capital;0.00;0.302700;0.302700;0.00
2008;1;43;Trabajos Publicos;2.36;0.302700;0.302700;823.44
2008;1;42;Bienes de Capital;0.26;0.302700;0.302700;90.72
2008;1;41;VI. Erogaciones de Capital;2.62;0.302700;0.302700;914.16
2008;1;40;Resto Otros Recursos de Capital;0.01;0.302700;0.302700;3.49
2008;1;39;Fondo Residual;1.03;0.302700;0.302700;359.38
2008;1;38;Venta de Acciones;0.00;0.302700;0.302700;0.00
2008;1;37;Otros Recursos de Capital;1.04;0.302700;0.302700;362.87
2008;1;36;Reembolsos de Prestamos;0.78;0.302700;0.302700;272.15
2008;1;35;Reembolsos de Obras Publicas;0.00;0.302700;0.302700;0.00
2008;1;34;V. Recursos de Capital;1.82;0.302700;0.302700;635.02
2008;1;33;IV.Resultado Economico Neto de Remesas;86.89;0.302700;0.302700;30317.15
2008;1;32;Remesas EMT;0.00;0.302700;0.302700;0.00
2008;1;31;Remesas ATM;0.00;0.302700;0.302700;0.00
2008;1;30;Resultado Economico con Remesas;86.89;0.302700;0.302700;30317.15
2008;1;29;Otras Erogaciones Corrientes;0.10;0.302700;0.302700;34.89
2008;1;28;Otras Transferencias;16.57;0.302700;0.302700;5781.51
2008;1;27;Municipios;44.82;0.302700;0.302700;15638.33
2008;1;26;Transferencias a Municipios y Otros;61.39;0.302700;0.302700;21419.84
2008;1;25;Intereses y Gastos de la Deuda;5.04;0.302700;0.302700;1758.53
2008;1;24;Otros Servicios;7.82;0.302700;0.302700;2728.51
2008;1;23;Bienes Corrientes;2.83;0.302700;0.302700;987.43
2008;1;22;Locaciones de Servicio;3.55;0.302700;0.302700;1238.65
2008;1;21;Personal;167.74;0.302700;0.302700;58526.86
2008;1;20;Erogaciones Corrientes;248.47;0.302700;0.302700;86694.70
2008;1;19;Aportes no Reintegrables;5.22;0.302700;0.302700;1821.33
2008;1;18;Coparticipacion Vial;0.87;0.302700;0.302700;303.56
2008;1;17;Ley 25.053 Fdo. Nac. de Incentivo Docente;4.58;0.302700;0.302700;1598.03
2008;1;16;Regimenes Especiales Nacionales s/Financ. Educativo;25.17;0.302700;0.302700;8782.17
2008;1;15;Coparticipacion Federal + Financ. Educativo;179.66;0.302700;0.302700;62685.92
2008;1;14;De Origen Nacional;215.50;0.302700;0.302700;75191.00
2008;1;13;Otros no Tributarios;3.86;0.302700;0.302700;1346.81
2008;1;12;Remesas del Instituto de Juegos y Casino;0.18;0.302700;0.302700;62.80
2008;1;11;Tasas Retributivas de Servicios;5.04;0.302700;0.302700;1758.53
2008;1;10;Regalias;51.31;0.302700;0.302700;17902.79
2008;1;9;No Tributarios;60.39;0.302700;0.302700;21070.93
2008;1;8;Otros Tributarios;0.36;0.302700;0.302700;125.61
2008;1;7;Sellos y Tasas de Justicia;12.00;0.302700;0.302700;4186.97
2008;1;6;Inmobiliario;3.55;0.302700;0.302700;1238.65
2008;1;5;Automotor;5.46;0.302700;0.302700;1905.07
2008;1;4;Ingresos Brutos;38.10;0.302700;0.302700;13293.63
2008;1;3;Tributarios;59.47;0.302700;0.302700;20749.92
2008;1;2;De Origen Provincial;119.86;0.302700;0.302700;41820.85
2008;1;1;Recursos Corrientes;335.36;0.302700;0.302700;117011.85
2008;2;55;Resultado Operativo - Amortizacion de la D Consolidada;30.39;0.305508;0.305508;10506.04
2008;2;54;Amortizacion de la Deuda Consolidada;34.78;0.305508;0.305508;12023.70
2008;2;53;IX. Resultado Operativo (VIII-IX);65.17;0.305508;0.305508;22529.74
2008;2;52;VIII. Egresos Totales (II+V+VI+VII);342.55;0.305508;0.305508;118422.00
2008;2;51;VII. Ingresos Totales (I+IV);407.72;0.305508;0.305508;140951.74
2008;2;50;Otros;0.00;0.305508;0.305508;0.00
2008;2;49;Compra de Acciones, Titulos, Valores, Otros;0.00;0.305508;0.305508;0.00
2008;2;48;Prestamos;0.00;0.305508;0.305508;0.00
2008;2;47;Inversion Financiera;0.00;0.305508;0.305508;0.00
2008;2;46;al Sector Privado;0.00;0.305508;0.305508;0.00
2008;2;45;al Sector Publico+Remesas al IPV;0.13;0.305508;0.305508;44.94
2008;2;44;Transferencias para financiar Erogaciones de Capital;0.13;0.305508;0.305508;44.94
2008;2;43;Trabajos Publicos;10.90;0.305508;0.305508;3768.21
2008;2;42;Bienes de Capital;3.70;0.305508;0.305508;1279.12
2008;2;41;VI. Erogaciones de Capital;14.73;0.305508;0.305508;5092.27
2008;2;40;Resto Otros Recursos de Capital;0.02;0.305508;0.305508;6.91
2008;2;39;Fondo Residual;1.09;0.305508;0.305508;376.82
2008;2;38;Venta de Acciones;0.00;0.305508;0.305508;0.00
2008;2;37;Otros Recursos de Capital;1.11;0.305508;0.305508;383.73
2008;2;36;Reembolsos de Prestamos;0.09;0.305508;0.305508;31.11
2008;2;35;Reembolsos de Obras Publicas;0.00;0.305508;0.305508;0.00
2008;2;34;V. Recursos de Capital;1.20;0.305508;0.305508;414.85
2008;2;33;IV.Resultado Economico Neto de Remesas;78.70;0.305508;0.305508;27207.16
2008;2;32;Remesas EMT;0.00;0.305508;0.305508;0.00
2008;2;31;Remesas ATM;0.00;0.305508;0.305508;0.00
2008;2;30;Resultado Economico con Remesas;78.70;0.305508;0.305508;27207.16
2008;2;29;Otras Erogaciones Corrientes;0.10;0.305508;0.305508;34.57
2008;2;28;Otras Transferencias;31.58;0.305508;0.305508;10917.43
2008;2;27;Municipios;66.70;0.305508;0.305508;23058.67
2008;2;26;Transferencias a Municipios y Otros;98.28;0.305508;0.305508;33976.10
2008;2;25;Intereses y Gastos de la Deuda;23.19;0.305508;0.305508;8016.95
2008;2;24;Otros Servicios;12.78;0.305508;0.305508;4418.14
2008;2;23;Bienes Corrientes;4.64;0.305508;0.305508;1604.08
2008;2;22;Locaciones de Servicio;4.81;0.305508;0.305508;1662.85
2008;2;21;Personal;184.02;0.305508;0.305508;63617.04
2008;2;20;Erogaciones Corrientes;327.82;0.305508;0.305508;113329.73
2008;2;19;Aportes no Reintegrables;12.41;0.305508;0.305508;4290.23
2008;2;18;Coparticipacion Vial;2.51;0.305508;0.305508;867.73
2008;2;17;Ley 25.053 Fdo. Nac. de Incentivo Docente;4.58;0.305508;0.305508;1583.34
2008;2;16;Regimenes Especiales Nacionales s/Financ. Educativo;19.37;0.305508;0.305508;6696.35
2008;2;15;Coparticipacion Federal + Financ. Educativo;163.43;0.305508;0.305508;56498.93
2008;2;14;De Origen Nacional;202.30;0.305508;0.305508;69936.57
2008;2;13;Otros no Tributarios;50.76;0.305508;0.305508;17548.10
2008;2;12;Remesas del Instituto de Juegos y Casino;8.73;0.305508;0.305508;3018.02
2008;2;11;Tasas Retributivas de Servicios;6.15;0.305508;0.305508;2126.10
2008;2;10;Regalias;51.57;0.305508;0.305508;17828.12
2008;2;9;No Tributarios;117.21;0.305508;0.305508;40520.34
2008;2;8;Otros Tributarios;0.68;0.305508;0.305508;235.08
2008;2;7;Sellos y Tasas de Justicia;12.00;0.305508;0.305508;4148.49
2008;2;6;Inmobiliario;3.54;0.305508;0.305508;1223.80
2008;2;5;Automotor;27.15;0.305508;0.305508;9385.95
2008;2;4;Ingresos Brutos;43.64;0.305508;0.305508;15086.66
2008;2;3;Tributarios;87.01;0.305508;0.305508;30079.98
2008;2;2;De Origen Provincial;204.22;0.305508;0.305508;70600.32
2008;2;1;Recursos Corrientes;406.52;0.305508;0.305508;140536.89
2008;3;55;Resultado Operativo - Amortizacion de la D Consolidada;-31.79;0.307204;0.307204;-10929.36
2008;3;54;Amortizacion de la Deuda Consolidada;40.09;0.307204;0.307204;13782.89
2008;3;53;IX. Resultado Operativo (VIII-IX);8.30;0.307204;0.307204;2853.53
2008;3;52;VIII. Egresos Totales (II+V+VI+VII);358.60;0.307204;0.307204;123286.19
2008;3;51;VII. Ingresos Totales (I+IV);366.90;0.307204;0.307204;126139.72
2008;3;50;Otros;0.00;0.307204;0.307204;0.00
2008;3;49;Compra de Acciones, Titulos, Valores, Otros;0.00;0.307204;0.307204;0.00
2008;3;48;Prestamos;0.00;0.307204;0.307204;0.00
2008;3;47;Inversion Financiera;0.00;0.307204;0.307204;0.00
2008;3;46;al Sector Privado;0.00;0.307204;0.307204;0.00
2008;3;45;al Sector Publico+Remesas al IPV;19.56;0.307204;0.307204;6724.70
2008;3;44;Transferencias para financiar Erogaciones de Capital;19.56;0.307204;0.307204;6724.70
2008;3;43;Trabajos Publicos;10.79;0.307204;0.307204;3709.59
2008;3;42;Bienes de Capital;0.70;0.307204;0.307204;240.66
2008;3;41;VI. Erogaciones de Capital;31.05;0.307204;0.307204;10674.95
2008;3;40;Resto Otros Recursos de Capital;0.01;0.307204;0.307204;3.44
2008;3;39;Fondo Residual;1.46;0.307204;0.307204;501.95
2008;3;38;Venta de Acciones;0.00;0.307204;0.307204;0.00
2008;3;37;Otros Recursos de Capital;1.47;0.307204;0.307204;505.38
2008;3;36;Reembolsos de Prestamos;0.44;0.307204;0.307204;151.27
2008;3;35;Reembolsos de Obras Publicas;0.00;0.307204;0.307204;0.00
2008;3;34;V. Recursos de Capital;1.91;0.307204;0.307204;656.66
2008;3;33;IV.Resultado Economico Neto de Remesas;37.44;0.307204;0.307204;12871.82
2008;3;32;Remesas EMT;0.00;0.307204;0.307204;0.00
2008;3;31;Remesas ATM;0.00;0.307204;0.307204;0.00
2008;3;30;Resultado Economico con Remesas;37.44;0.307204;0.307204;12871.82
2008;3;29;Otras Erogaciones Corrientes;0.10;0.307204;0.307204;34.38
2008;3;28;Otras Transferencias;31.35;0.307204;0.307204;10778.09
2008;3;27;Municipios;49.35;0.307204;0.307204;16966.46
2008;3;26;Transferencias a Municipios y Otros;80.70;0.307204;0.307204;27744.55
2008;3;25;Intereses y Gastos de la Deuda;8.53;0.307204;0.307204;2932.60
2008;3;24;Otros Servicios;15.39;0.307204;0.307204;5291.06
2008;3;23;Bienes Corrientes;5.86;0.307204;0.307204;2014.66
2008;3;22;Locaciones de Servicio;4.61;0.307204;0.307204;1584.91
2008;3;21;Personal;212.36;0.307204;0.307204;73009.08
2008;3;20;Erogaciones Corrientes;327.55;0.307204;0.307204;112611.24
2008;3;19;Aportes no Reintegrables;21.25;0.307204;0.307204;7305.72
2008;3;18;Coparticipacion Vial;0.00;0.307204;0.307204;0.00
2008;3;17;Ley 25.053 Fdo. Nac. de Incentivo Docente;4.58;0.307204;0.307204;1574.60
2008;3;16;Regimenes Especiales Nacionales s/Financ. Educativo;17.25;0.307204;0.307204;5930.53
2008;3;15;Coparticipacion Federal + Financ. Educativo;115.44;0.307204;0.307204;39688.11
2008;3;14;De Origen Nacional;158.52;0.307204;0.307204;54498.96
2008;3;13;Otros no Tributarios;28.10;0.307204;0.307204;9660.74
2008;3;12;Remesas del Instituto de Juegos y Casino;6.99;0.307204;0.307204;2403.15
2008;3;11;Tasas Retributivas de Servicios;7.38;0.307204;0.307204;2537.23
2008;3;10;Regalias;48.69;0.307204;0.307204;16739.56
2008;3;9;No Tributarios;91.16;0.307204;0.307204;31340.68
2008;3;8;Otros Tributarios;0.46;0.307204;0.307204;158.15
2008;3;7;Sellos y Tasas de Justicia;12.94;0.307204;0.307204;4448.75
2008;3;6;Inmobiliario;38.29;0.307204;0.307204;13164.05
2008;3;5;Automotor;12.47;0.307204;0.307204;4287.17
2008;3;4;Ingresos Brutos;51.15;0.307204;0.307204;17585.30
2008;3;3;Tributarios;115.31;0.307204;0.307204;39643.42
2008;3;2;De Origen Provincial;206.47;0.307204;0.307204;70984.10
2008;3;1;Recursos Corrientes;364.99;0.307204;0.307204;125483.06
2008;4;55;Resultado Operativo - Amortizacion de la D Consolidada;-30.69;0.310275;0.310275;-10446.75
2008;4;54;Amortizacion de la Deuda Consolidada;44.95;0.310275;0.310275;15300.79
2008;4;53;IX. Resultado Operativo (VIII-IX);14.26;0.310275;0.310275;4854.04
2008;4;52;VIII. Egresos Totales (II+V+VI+VII);444.55;0.310275;0.310275;151322.96
2008;4;51;VII. Ingresos Totales (I+IV);458.81;0.310275;0.310275;156177.01
2008;4;50;Otros;0.00;0.310275;0.310275;0.00
2008;4;49;Compra de Acciones, Titulos, Valores, Otros;0.00;0.310275;0.310275;0.00
2008;4;48;Prestamos;0.00;0.310275;0.310275;0.00
2008;4;47;Inversion Financiera;0.00;0.310275;0.310275;0.00
2008;4;46;al Sector Privado;0.00;0.310275;0.310275;0.00
2008;4;45;al Sector Publico+Remesas al IPV;16.55;0.310275;0.310275;5633.55
2008;4;44;Transferencias para financiar Erogaciones de Capital;16.55;0.310275;0.310275;5633.55
2008;4;43;Trabajos Publicos;21.14;0.310275;0.310275;7195.97
2008;4;42;Bienes de Capital;1.76;0.310275;0.310275;599.10
2008;4;41;VI. Erogaciones de Capital;39.45;0.310275;0.310275;13428.62
2008;4;40;Resto Otros Recursos de Capital;0.01;0.310275;0.310275;3.40
2008;4;39;Fondo Residual;0.28;0.310275;0.310275;95.31
2008;4;38;Venta de Acciones;0.00;0.310275;0.310275;0.00
2008;4;37;Otros Recursos de Capital;0.29;0.310275;0.310275;98.71
2008;4;36;Reembolsos de Prestamos;7.07;0.310275;0.310275;2406.60
2008;4;35;Reembolsos de Obras Publicas;0.00;0.310275;0.310275;0.00
2008;4;34;V. Recursos de Capital;7.36;0.310275;0.310275;2505.31
2008;4;33;IV.Resultado Economico Neto de Remesas;46.35;0.310275;0.310275;15777.35
2008;4;32;Remesas EMT;0.00;0.310275;0.310275;0.00
2008;4;31;Remesas ATM;0.00;0.310275;0.310275;0.00
2008;4;30;Resultado Economico con Remesas;46.35;0.310275;0.310275;15777.35
2008;4;29;Otras Erogaciones Corrientes;0.11;0.310275;0.310275;37.44
2008;4;28;Otras Transferencias;49.16;0.310275;0.310275;16733.86
2008;4;27;Municipios;70.17;0.310275;0.310275;23885.58
2008;4;26;Transferencias a Municipios y Otros;119.33;0.310275;0.310275;40619.43
2008;4;25;Intereses y Gastos de la Deuda;14.04;0.310275;0.310275;4779.16
2008;4;24;Otros Servicios;31.61;0.310275;0.310275;10759.91
2008;4;23;Bienes Corrientes;14.72;0.310275;0.310275;5010.63
2008;4;22;Locaciones de Servicio;5.25;0.310275;0.310275;1787.08
2008;4;21;Personal;220.04;0.310275;0.310275;74900.70
2008;4;20;Erogaciones Corrientes;405.10;0.310275;0.310275;137894.35
2008;4;19;Aportes no Reintegrables;10.46;0.310275;0.310275;3560.54
2008;4;18;Coparticipacion Vial;2.56;0.310275;0.310275;871.41
2008;4;17;Ley 25.053 Fdo. Nac. de Incentivo Docente;4.58;0.310275;0.310275;1559.01
2008;4;16;Regimenes Especiales Nacionales s/Financ. Educativo;36.94;0.310275;0.310275;12574.22
2008;4;15;Coparticipacion Federal + Financ. Educativo;198.43;0.310275;0.310275;67544.74
2008;4;14;De Origen Nacional;252.97;0.310275;0.310275;86109.93
2008;4;13;Otros no Tributarios;32.42;0.310275;0.310275;11035.63
2008;4;12;Remesas del Instituto de Juegos y Casino;1.92;0.310275;0.310275;653.56
2008;4;11;Tasas Retributivas de Servicios;8.19;0.310275;0.310275;2787.84
2008;4;10;Regalias;58.40;0.310275;0.310275;19879.12
2008;4;9;No Tributarios;100.93;0.310275;0.310275;34356.15
2008;4;8;Otros Tributarios;1.07;0.310275;0.310275;364.22
2008;4;7;Sellos y Tasas de Justicia;13.25;0.310275;0.310275;4510.24
2008;4;6;Inmobiliario;8.32;0.310275;0.310275;2832.09
2008;4;5;Automotor;16.92;0.310275;0.310275;5759.50
2008;4;4;Ingresos Brutos;57.99;0.310275;0.310275;19739.55
2008;4;3;Tributarios;97.55;0.310275;0.310275;33205.61
2008;4;2;De Origen Provincial;198.48;0.310275;0.310275;67561.76
2008;4;1;Recursos Corrientes;451.45;0.310275;0.310275;153671.70
2008;5;55;Resultado Operativo - Amortizacion de la D Consolidada;66.99;0.313025;0.313025;22602.79
2008;5;54;Amortizacion de la Deuda Consolidada;40.76;0.313025;0.313025;13752.64
2008;5;53;IX. Resultado Operativo (VIII-IX);107.75;0.313025;0.313025;36355.43
2008;5;52;VIII. Egresos Totales (II+V+VI+VII);445.01;0.313025;0.313025;150148.76
2008;5;51;VII. Ingresos Totales (I+IV);552.76;0.313025;0.313025;186504.19
2008;5;50;Otros;0.00;0.313025;0.313025;0.00
2008;5;49;Compra de Acciones, Titulos, Valores, Otros;12.50;0.313025;0.313025;4217.57
2008;5;48;Prestamos;0.00;0.313025;0.313025;0.00
2008;5;47;Inversion Financiera;12.50;0.313025;0.313025;4217.57
2008;5;46;al Sector Privado;0.00;0.313025;0.313025;0.00
2008;5;45;al Sector Publico+Remesas al IPV;8.19;0.313025;0.313025;2763.35
2008;5;44;Transferencias para financiar Erogaciones de Capital;8.19;0.313025;0.313025;2763.35
2008;5;43;Trabajos Publicos;25.02;0.313025;0.313025;8441.88
2008;5;42;Bienes de Capital;0.48;0.313025;0.313025;161.95
2008;5;41;VI. Erogaciones de Capital;46.19;0.313025;0.313025;15584.75
2008;5;40;Resto Otros Recursos de Capital;0.03;0.313025;0.313025;10.12
2008;5;39;Fondo Residual;0.94;0.313025;0.313025;317.16
2008;5;38;Venta de Acciones;0.00;0.313025;0.313025;0.00
2008;5;37;Otros Recursos de Capital;0.97;0.313025;0.313025;327.28
2008;5;36;Reembolsos de Prestamos;3.49;0.313025;0.313025;1177.54
2008;5;35;Reembolsos de Obras Publicas;0.00;0.313025;0.313025;0.00
2008;5;34;V. Recursos de Capital;4.46;0.313025;0.313025;1504.83
2008;5;33;IV.Resultado Economico Neto de Remesas;149.48;0.313025;0.313025;50435.35
2008;5;32;Remesas EMT;0.00;0.313025;0.313025;0.00
2008;5;31;Remesas ATM;0.00;0.313025;0.313025;0.00
2008;5;30;Resultado Economico con Remesas;149.48;0.313025;0.313025;50435.35
2008;5;29;Otras Erogaciones Corrientes;0.08;0.313025;0.313025;26.99
2008;5;28;Otras Transferencias;42.80;0.313025;0.313025;14440.95
2008;5;27;Municipios;70.15;0.313025;0.313025;23668.99
2008;5;26;Transferencias a Municipios y Otros;112.95;0.313025;0.313025;38109.94
2008;5;25;Intereses y Gastos de la Deuda;13.33;0.313025;0.313025;4497.61
2008;5;24;Otros Servicios;24.99;0.313025;0.313025;8431.76
2008;5;23;Bienes Corrientes;15.84;0.313025;0.313025;5344.50
2008;5;22;Locaciones de Servicio;5.94;0.313025;0.313025;2004.19
2008;5;21;Personal;225.69;0.313025;0.313025;76149.02
2008;5;20;Erogaciones Corrientes;398.82;0.313025;0.313025;134564.01
2008;5;19;Aportes no Reintegrables;18.34;0.313025;0.313025;6188.01
2008;5;18;Coparticipacion Vial;1.65;0.313025;0.313025;556.72
2008;5;17;Ley 25.053 Fdo. Nac. de Incentivo Docente;4.65;0.313025;0.313025;1568.93
2008;5;16;Regimenes Especiales Nacionales s/Financ. Educativo;43.25;0.313025;0.313025;14592.78
2008;5;15;Coparticipacion Federal + Financ. Educativo;225.41;0.313025;0.313025;76054.54
2008;5;14;De Origen Nacional;293.30;0.313025;0.313025;98960.99
2008;5;13;Otros no Tributarios;21.66;0.313025;0.313025;7308.20
2008;5;12;Remesas del Instituto de Juegos y Casino;10.90;0.313025;0.313025;3677.72
2008;5;11;Tasas Retributivas de Servicios;7.22;0.313025;0.313025;2436.07
2008;5;10;Regalias;61.02;0.313025;0.313025;20588.48
2008;5;9;No Tributarios;100.80;0.313025;0.313025;34010.46
2008;5;8;Otros Tributarios;0.63;0.313025;0.313025;212.57
2008;5;7;Sellos y Tasas de Justicia;15.38;0.313025;0.313025;5189.29
2008;5;6;Inmobiliario;12.24;0.313025;0.313025;4129.84
2008;5;5;Automotor;8.92;0.313025;0.313025;3009.66
2008;5;4;Ingresos Brutos;117.03;0.313025;0.313025;39486.55
2008;5;3;Tributarios;154.20;0.313025;0.313025;52027.91
2008;5;2;De Origen Provincial;255.00;0.313025;0.313025;86038.37
2008;5;1;Recursos Corrientes;548.30;0.313025;0.313025;184999.36
2008;6;55;Resultado Operativo - Amortizacion de la D Consolidada;-84.17;0.314940;0.314940;-28226.73
2008;6;54;Amortizacion de la Deuda Consolidada;19.81;0.314940;0.314940;6643.36
2008;6;53;IX. Resultado Operativo (VIII-IX);-64.36;0.314940;0.314940;-21583.37
2008;6;52;VIII. Egresos Totales (II+V+VI+VII);562.52;0.314940;0.314940;188643.20
2008;6;51;VII. Ingresos Totales (I+IV);498.16;0.314940;0.314940;167059.83
2008;6;50;Otros;0.00;0.314940;0.314940;0.00
2008;6;49;Compra de Acciones, Titulos, Valores, Otros;0.00;0.314940;0.314940;0.00
2008;6;48;Prestamos;0.00;0.314940;0.314940;0.00
2008;6;47;Inversion Financiera;0.00;0.314940;0.314940;0.00
2008;6;46;al Sector Privado;0.00;0.314940;0.314940;0.00
2008;6;45;al Sector Publico+Remesas al IPV;11.16;0.314940;0.314940;3742.55
2008;6;44;Transferencias para financiar Erogaciones de Capital;11.16;0.314940;0.314940;3742.55
2008;6;43;Trabajos Publicos;30.53;0.314940;0.314940;10238.35
2008;6;42;Bienes de Capital;1.02;0.314940;0.314940;342.06
2008;6;41;VI. Erogaciones de Capital;42.71;0.314940;0.314940;14322.96
2008;6;40;Resto Otros Recursos de Capital;0.01;0.314940;0.314940;3.35
2008;6;39;Fondo Residual;1.88;0.314940;0.314940;630.47
2008;6;38;Venta de Acciones;0.00;0.314940;0.314940;0.00
2008;6;37;Otros Recursos de Capital;1.89;0.314940;0.314940;633.82
2008;6;36;Reembolsos de Prestamos;2.27;0.314940;0.314940;761.25
2008;6;35;Reembolsos de Obras Publicas;0.00;0.314940;0.314940;0.00
2008;6;34;V. Recursos de Capital;4.16;0.314940;0.314940;1395.07
2008;6;33;IV.Resultado Economico Neto de Remesas;-25.81;0.314940;0.314940;-8655.48
2008;6;32;Remesas EMT;0.00;0.314940;0.314940;0.00
2008;6;31;Remesas ATM;0.00;0.314940;0.314940;0.00
2008;6;30;Resultado Economico con Remesas;-25.81;0.314940;0.314940;-8655.48
2008;6;29;Otras Erogaciones Corrientes;0.14;0.314940;0.314940;46.95
2008;6;28;Otras Transferencias;52.77;0.314940;0.314940;17696.62
2008;6;27;Municipios;77.93;0.314940;0.314940;26134.12
2008;6;26;Transferencias a Municipios y Otros;130.70;0.314940;0.314940;43830.74
2008;6;25;Intereses y Gastos de la Deuda;6.22;0.314940;0.314940;2085.90
2008;6;24;Otros Servicios;25.61;0.314940;0.314940;8588.41
2008;6;23;Bienes Corrientes;16.70;0.314940;0.314940;5600.41
2008;6;22;Locaciones de Servicio;6.16;0.314940;0.314940;2065.78
2008;6;21;Personal;334.28;0.314940;0.314940;112102.06
2008;6;20;Erogaciones Corrientes;519.81;0.314940;0.314940;174320.24
2008;6;19;Aportes no Reintegrables;18.42;0.314940;0.314940;6177.22
2008;6;18;Coparticipacion Vial;1.50;0.314940;0.314940;503.03
2008;6;17;Ley 25.053 Fdo. Nac. de Incentivo Docente;0.00;0.314940;0.314940;0.00
2008;6;16;Regimenes Especiales Nacionales s/Financ. Educativo;55.38;0.314940;0.314940;18571.89
2008;6;15;Coparticipacion Federal + Financ. Educativo;218.84;0.314940;0.314940;73388.82
2008;6;14;De Origen Nacional;294.14;0.314940;0.314940;98640.96
2008;6;13;Otros no Tributarios;30.15;0.314940;0.314940;10110.92
2008;6;12;Remesas del Instituto de Juegos y Casino;8.83;0.314940;0.314940;2961.17
2008;6;11;Tasas Retributivas de Servicios;8.16;0.314940;0.314940;2736.49
2008;6;10;Regalias;61.42;0.314940;0.314940;20597.43
2008;6;9;No Tributarios;108.56;0.314940;0.314940;36406.00
2008;6;8;Otros Tributarios;0.50;0.314940;0.314940;167.68
2008;6;7;Sellos y Tasas de Justicia;16.17;0.314940;0.314940;5422.67
2008;6;6;Inmobiliario;5.85;0.314940;0.314940;1961.82
2008;6;5;Automotor;16.50;0.314940;0.314940;5533.34
2008;6;4;Ingresos Brutos;52.28;0.314940;0.314940;17532.29
2008;6;3;Tributarios;91.30;0.314940;0.314940;30617.80
2008;6;2;De Origen Provincial;199.86;0.314940;0.314940;67023.80
2008;6;1;Recursos Corrientes;494.00;0.314940;0.314940;165664.76
2008;7;55;Resultado Operativo - Amortizacion de la D Consolidada;48.57;0.316900;0.316900;16187.39
2008;7;54;Amortizacion de la Deuda Consolidada;18.12;0.316900;0.316900;6039.03
2008;7;53;IX. Resultado Operativo (VIII-IX);66.69;0.316900;0.316900;22226.42
2008;7;52;VIII. Egresos Totales (II+V+VI+VII);472.85;0.316900;0.316900;157591.27
2008;7;51;VII. Ingresos Totales (I+IV);539.54;0.316900;0.316900;179817.69
2008;7;50;Otros;0.00;0.316900;0.316900;0.00
2008;7;49;Compra de Acciones, Titulos, Valores, Otros;0.00;0.316900;0.316900;0.00
2008;7;48;Prestamos;0.00;0.316900;0.316900;0.00
2008;7;47;Inversion Financiera;0.00;0.316900;0.316900;0.00
2008;7;46;al Sector Privado;0.00;0.316900;0.316900;0.00
2008;7;45;al Sector Publico+Remesas al IPV;21.70;0.316900;0.316900;7232.17
2008;7;44;Transferencias para financiar Erogaciones de Capital;21.70;0.316900;0.316900;7232.17
2008;7;43;Trabajos Publicos;28.43;0.316900;0.316900;9475.14
2008;7;42;Bienes de Capital;5.19;0.316900;0.316900;1729.72
2008;7;41;VI. Erogaciones de Capital;55.32;0.316900;0.316900;18437.03
2008;7;40;Resto Otros Recursos de Capital;0.03;0.316900;0.316900;10.00
2008;7;39;Fondo Residual;0.08;0.316900;0.316900;26.66
2008;7;38;Venta de Acciones;0.00;0.316900;0.316900;0.00
2008;7;37;Otros Recursos de Capital;0.11;0.316900;0.316900;36.66
2008;7;36;Reembolsos de Prestamos;0.92;0.316900;0.316900;306.62
2008;7;35;Reembolsos de Obras Publicas;0.00;0.316900;0.316900;0.00
2008;7;34;V. Recursos de Capital;1.03;0.316900;0.316900;343.28
2008;7;33;IV.Resultado Economico Neto de Remesas;120.98;0.316900;0.316900;40320.17
2008;7;32;Remesas EMT;0.00;0.316900;0.316900;0.00
2008;7;31;Remesas ATM;0.00;0.316900;0.316900;0.00
2008;7;30;Resultado Economico con Remesas;120.98;0.316900;0.316900;40320.17
2008;7;29;Otras Erogaciones Corrientes;0.12;0.316900;0.316900;39.99
2008;7;28;Otras Transferencias;56.50;0.316900;0.316900;18830.30
2008;7;27;Municipios;62.66;0.316900;0.316900;20883.30
2008;7;26;Transferencias a Municipios y Otros;119.16;0.316900;0.316900;39713.60
2008;7;25;Intereses y Gastos de la Deuda;5.85;0.316900;0.316900;1949.69
2008;7;24;Otros Servicios;27.87;0.316900;0.316900;9288.50
2008;7;23;Bienes Corrientes;17.00;0.316900;0.316900;5665.75
2008;7;22;Locaciones de Servicio;6.44;0.316900;0.316900;2146.32
2008;7;21;Personal;241.09;0.316900;0.316900;80350.39
2008;7;20;Erogaciones Corrientes;417.53;0.316900;0.316900;139154.24
2008;7;19;Aportes no Reintegrables;35.65;0.316900;0.316900;11881.42
2008;7;18;Coparticipacion Vial;0.89;0.316900;0.316900;296.62
2008;7;17;Ley 25.053 Fdo. Nac. de Incentivo Docente;9.19;0.316900;0.316900;3062.84
2008;7;16;Regimenes Especiales Nacionales s/Financ. Educativo;58.96;0.316900;0.316900;19650.17
2008;7;15;Coparticipacion Federal + Financ. Educativo;199.84;0.316900;0.316900;66602.60
2008;7;14;De Origen Nacional;304.53;0.316900;0.316900;101493.65
2008;7;13;Otros no Tributarios;21.92;0.316900;0.316900;7305.49
2008;7;12;Remesas del Instituto de Juegos y Casino;7.21;0.316900;0.316900;2402.95
2008;7;11;Tasas Retributivas de Servicios;8.05;0.316900;0.316900;2682.90
2008;7;10;Regalias;56.88;0.316900;0.316900;18956.95
2008;7;9;No Tributarios;94.06;0.316900;0.316900;31348.28
2008;7;8;Otros Tributarios;0.42;0.316900;0.316900;139.98
2008;7;7;Sellos y Tasas de Justicia;15.07;0.316900;0.316900;5022.52
2008;7;6;Inmobiliario;12.53;0.316900;0.316900;4175.99
2008;7;5;Automotor;9.18;0.316900;0.316900;3059.51
2008;7;4;Ingresos Brutos;102.72;0.316900;0.316900;34234.48
2008;7;3;Tributarios;139.92;0.316900;0.316900;46632.49
2008;7;2;De Origen Provincial;233.98;0.316900;0.316900;77980.77
2008;7;1;Recursos Corrientes;538.51;0.316900;0.316900;179474.41
2008;8;55;Resultado Operativo - Amortizacion de la D Consolidada;-37.59;0.318231;0.318231;-12475.58
2008;8;54;Amortizacion de la Deuda Consolidada;55.46;0.318231;0.318231;18406.38
2008;8;53;IX. Resultado Operativo (VIII-IX);17.87;0.318231;0.318231;5930.80
2008;8;52;VIII. Egresos Totales (II+V+VI+VII);493.03;0.318231;0.318231;163629.60
2008;8;51;VII. Ingresos Totales (I+IV);510.90;0.318231;0.318231;169560.40
2008;8;50;Otros;0.00;0.318231;0.318231;0.00
2008;8;49;Compra de Acciones, Titulos, Valores, Otros;0.00;0.318231;0.318231;0.00
2008;8;48;Prestamos;0.00;0.318231;0.318231;0.00
2008;8;47;Inversion Financiera;0.00;0.318231;0.318231;0.00
2008;8;46;al Sector Privado;0.00;0.318231;0.318231;0.00
2008;8;45;al Sector Publico+Remesas al IPV;9.27;0.318231;0.318231;3076.58
2008;8;44;Transferencias para financiar Erogaciones de Capital;9.27;0.318231;0.318231;3076.58
2008;8;43;Trabajos Publicos;23.28;0.318231;0.318231;7726.30
2008;8;42;Bienes de Capital;5.23;0.318231;0.318231;1735.76
2008;8;41;VI. Erogaciones de Capital;37.78;0.318231;0.318231;12538.64
2008;8;40;Resto Otros Recursos de Capital;0.46;0.318231;0.318231;152.67
2008;8;39;Fondo Residual;3.01;0.318231;0.318231;998.98
2008;8;38;Venta de Acciones;0.00;0.318231;0.318231;0.00
2008;8;37;Otros Recursos de Capital;3.47;0.318231;0.318231;1151.64
2008;8;36;Reembolsos de Prestamos;0.28;0.318231;0.318231;92.93
2008;8;35;Reembolsos de Obras Publicas;0.00;0.318231;0.318231;0.00
2008;8;34;V. Recursos de Capital;3.75;0.318231;0.318231;1244.57
2008;8;33;IV.Resultado Economico Neto de Remesas;51.90;0.318231;0.318231;17224.87
2008;8;32;Remesas EMT;0.00;0.318231;0.318231;0.00
2008;8;31;Remesas ATM;0.00;0.318231;0.318231;0.00
2008;8;30;Resultado Economico con Remesas;51.90;0.318231;0.318231;17224.87
2008;8;29;Otras Erogaciones Corrientes;0.12;0.318231;0.318231;39.83
2008;8;28;Otras Transferencias;46.82;0.318231;0.318231;15538.89
2008;8;27;Municipios;70.14;0.318231;0.318231;23278.46
2008;8;26;Transferencias a Municipios y Otros;116.96;0.318231;0.318231;38817.35
2008;8;25;Intereses y Gastos de la Deuda;28.41;0.318231;0.318231;9428.87
2008;8;24;Otros Servicios;26.58;0.318231;0.318231;8821.52
2008;8;23;Bienes Corrientes;20.73;0.318231;0.318231;6879.99
2008;8;22;Locaciones de Servicio;6.40;0.318231;0.318231;2124.07
2008;8;21;Personal;256.05;0.318231;0.318231;84979.33
2008;8;20;Erogaciones Corrientes;455.25;0.318231;0.318231;151090.96
2008;8;19;Aportes no Reintegrables;17.64;0.318231;0.318231;5854.46
2008;8;18;Coparticipacion Vial;2.82;0.318231;0.318231;935.92
2008;8;17;Ley 25.053 Fdo. Nac. de Incentivo Docente;4.59;0.318231;0.318231;1523.36
2008;8;16;Regimenes Especiales Nacionales s/Financ. Educativo;39.94;0.318231;0.318231;13255.51
2008;8;15;Coparticipacion Federal + Financ. Educativo;200.74;0.318231;0.318231;66622.73
2008;8;14;De Origen Nacional;265.73;0.318231;0.318231;88191.98
2008;8;13;Otros no Tributarios;34.67;0.318231;0.318231;11506.48
2008;8;12;Remesas del Instituto de Juegos y Casino;8.92;0.318231;0.318231;2960.42
2008;8;11;Tasas Retributivas de Servicios;7.56;0.318231;0.318231;2509.06
2008;8;10;Regalias;57.84;0.318231;0.318231;19196.27
2008;8;9;No Tributarios;108.99;0.318231;0.318231;36172.22
2008;8;8;Otros Tributarios;1.79;0.318231;0.318231;594.08
2008;8;7;Sellos y Tasas de Justicia;15.53;0.318231;0.318231;5154.18
2008;8;6;Inmobiliario;5.14;0.318231;0.318231;1705.89
2008;8;5;Automotor;16.97;0.318231;0.318231;5632.10
2008;8;4;Ingresos Brutos;93.00;0.318231;0.318231;30865.37
2008;8;3;Tributarios;132.43;0.318231;0.318231;43951.62
2008;8;2;De Origen Provincial;241.42;0.318231;0.318231;80123.84
2008;8;1;Recursos Corrientes;507.15;0.318231;0.318231;168315.83
2008;9;55;Resultado Operativo - Amortizacion de la D Consolidada;-28.79;0.319664;0.319664;-9512.16
2008;9;54;Amortizacion de la Deuda Consolidada;22.45;0.319664;0.319664;7417.43
2008;9;53;IX. Resultado Operativo (VIII-IX);-6.34;0.319664;0.319664;-2094.72
2008;9;52;VIII. Egresos Totales (II+V+VI+VII);550.42;0.319664;0.319664;181857.61
2008;9;51;VII. Ingresos Totales (I+IV);544.08;0.319664;0.319664;179762.89
2008;9;50;Otros;0.00;0.319664;0.319664;0.00
2008;9;49;Compra de Acciones, Titulos, Valores, Otros;0.00;0.319664;0.319664;0.00
2008;9;48;Prestamos;0.10;0.319664;0.319664;33.04
2008;9;47;Inversion Financiera;0.10;0.319664;0.319664;33.04
2008;9;46;al Sector Privado;0.00;0.319664;0.319664;0.00
2008;9;45;al Sector Publico+Remesas al IPV;12.69;0.319664;0.319664;4192.75
2008;9;44;Transferencias para financiar Erogaciones de Capital;12.69;0.319664;0.319664;4192.75
2008;9;43;Trabajos Publicos;35.85;0.319664;0.319664;11844.76
2008;9;42;Bienes de Capital;6.95;0.319664;0.319664;2296.27
2008;9;41;VI. Erogaciones de Capital;55.59;0.319664;0.319664;18366.82
2008;9;40;Resto Otros Recursos de Capital;0.07;0.319664;0.319664;23.13
2008;9;39;Fondo Residual;0.99;0.319664;0.319664;327.09
2008;9;38;Venta de Acciones;0.00;0.319664;0.319664;0.00
2008;9;37;Otros Recursos de Capital;1.06;0.319664;0.319664;350.22
2008;9;36;Reembolsos de Prestamos;9.12;0.319664;0.319664;3013.23
2008;9;35;Reembolsos de Obras Publicas;0.00;0.319664;0.319664;0.00
2008;9;34;V. Recursos de Capital;10.18;0.319664;0.319664;3363.45
2008;9;33;IV.Resultado Economico Neto de Remesas;39.07;0.319664;0.319664;12908.65
2008;9;32;Remesas EMT;0.00;0.319664;0.319664;0.00
2008;9;31;Remesas ATM;0.00;0.319664;0.319664;0.00
2008;9;30;Resultado Economico con Remesas;39.07;0.319664;0.319664;12908.65
2008;9;29;Otras Erogaciones Corrientes;0.21;0.319664;0.319664;69.38
2008;9;28;Otras Transferencias;53.35;0.319664;0.319664;17626.73
2008;9;27;Municipios;78.01;0.319664;0.319664;25774.34
2008;9;26;Transferencias a Municipios y Otros;131.36;0.319664;0.319664;43401.07
2008;9;25;Intereses y Gastos de la Deuda;6.51;0.319664;0.319664;2150.89
2008;9;24;Otros Servicios;84.40;0.319664;0.319664;27885.58
2008;9;23;Bienes Corrientes;16.75;0.319664;0.319664;5534.16
2008;9;22;Locaciones de Servicio;6.16;0.319664;0.319664;2035.25
2008;9;21;Personal;249.44;0.319664;0.319664;82414.45
2008;9;20;Erogaciones Corrientes;494.83;0.319664;0.319664;163490.79
2008;9;19;Aportes no Reintegrables;16.03;0.319664;0.319664;5296.28
2008;9;18;Coparticipacion Vial;1.26;0.319664;0.319664;416.30
2008;9;17;Ley 25.053 Fdo. Nac. de Incentivo Docente;4.59;0.319664;0.319664;1516.53
2008;9;16;Regimenes Especiales Nacionales s/Financ. Educativo;40.35;0.319664;0.319664;13331.56
2008;9;15;Coparticipacion Federal + Financ. Educativo;184.48;0.319664;0.319664;60951.80
2008;9;14;De Origen Nacional;246.71;0.319664;0.319664;81512.47
2008;9;13;Otros no Tributarios;39.21;0.319664;0.319664;12954.90
2008;9;12;Remesas del Instituto de Juegos y Casino;8.54;0.319664;0.319664;2821.60
2008;9;11;Tasas Retributivas de Servicios;8.25;0.319664;0.319664;2725.78
2008;9;10;Regalias;69.20;0.319664;0.319664;22863.53
2008;9;9;No Tributarios;125.20;0.319664;0.319664;41365.82
2008;9;8;Otros Tributarios;1.42;0.319664;0.319664;469.17
2008;9;7;Sellos y Tasas de Justicia;13.81;0.319664;0.319664;4562.80
2008;9;6;Inmobiliario;11.38;0.319664;0.319664;3759.93
2008;9;5;Automotor;8.12;0.319664;0.319664;2682.83
2008;9;4;Ingresos Brutos;127.26;0.319664;0.319664;42046.44
2008;9;3;Tributarios;161.99;0.319664;0.319664;53521.16
2008;9;2;De Origen Provincial;287.19;0.319664;0.319664;94886.97
2008;9;1;Recursos Corrientes;533.90;0.319664;0.319664;176399.44
2008;10;55;Resultado Operativo - Amortizacion de la D Consolidada;-7.26;0.321273;0.321273;-2386.68
2008;10;54;Amortizacion de la Deuda Consolidada;24.23;0.321273;0.321273;7965.45
2008;10;53;IX. Resultado Operativo (VIII-IX);16.97;0.321273;0.321273;5578.77
2008;10;52;VIII. Egresos Totales (II+V+VI+VII);524.32;0.321273;0.321273;172366.64
2008;10;51;VII. Ingresos Totales (I+IV);541.29;0.321273;0.321273;177945.41
2008;10;50;Otros;0.00;0.321273;0.321273;0.00
2008;10;49;Compra de Acciones, Titulos, Valores, Otros;0.60;0.321273;0.321273;197.25
2008;10;48;Prestamos;0.09;0.321273;0.321273;29.59
2008;10;47;Inversion Financiera;0.69;0.321273;0.321273;226.83
2008;10;46;al Sector Privado;0.00;0.321273;0.321273;0.00
2008;10;45;al Sector Publico+Remesas al IPV;7.24;0.321273;0.321273;2380.10
2008;10;44;Transferencias para financiar Erogaciones de Capital;7.24;0.321273;0.321273;2380.10
2008;10;43;Trabajos Publicos;32.83;0.321273;0.321273;10792.64
2008;10;42;Bienes de Capital;22.84;0.321273;0.321273;7508.49
2008;10;41;VI. Erogaciones de Capital;63.60;0.321273;0.321273;20908.07
2008;10;40;Resto Otros Recursos de Capital;0.03;0.321273;0.321273;9.86
2008;10;39;Fondo Residual;1.20;0.321273;0.321273;394.49
2008;10;38;Venta de Acciones;0.00;0.321273;0.321273;0.00
2008;10;37;Otros Recursos de Capital;1.23;0.321273;0.321273;404.35
2008;10;36;Reembolsos de Prestamos;3.19;0.321273;0.321273;1048.69
2008;10;35;Reembolsos de Obras Publicas;0.00;0.321273;0.321273;0.00
2008;10;34;V. Recursos de Capital;4.42;0.321273;0.321273;1453.04
2008;10;33;IV.Resultado Economico Neto de Remesas;76.15;0.321273;0.321273;25033.79
2008;10;32;Remesas EMT;0.00;0.321273;0.321273;0.00
2008;10;31;Remesas ATM;0.00;0.321273;0.321273;0.00
2008;10;30;Resultado Economico con Remesas;76.15;0.321273;0.321273;25033.79
2008;10;29;Otras Erogaciones Corrientes;0.19;0.321273;0.321273;62.46
2008;10;28;Otras Transferencias;54.55;0.321273;0.321273;17932.94
2008;10;27;Municipios;78.95;0.321273;0.321273;25954.28
2008;10;26;Transferencias a Municipios y Otros;133.50;0.321273;0.321273;43887.22
2008;10;25;Intereses y Gastos de la Deuda;6.83;0.321273;0.321273;2245.32
2008;10;24;Otros Servicios;46.43;0.321273;0.321273;15263.55
2008;10;23;Bienes Corrientes;17.79;0.321273;0.321273;5848.34
2008;10;22;Locaciones de Servicio;6.12;0.321273;0.321273;2011.91
2008;10;21;Personal;249.86;0.321273;0.321273;82139.78
2008;10;20;Erogaciones Corrientes;460.72;0.321273;0.321273;151458.57
2008;10;19;Aportes no Reintegrables;20.57;0.321273;0.321273;6762.25
2008;10;18;Coparticipacion Vial;1.05;0.321273;0.321273;345.18
2008;10;17;Ley 25.053 Fdo. Nac. de Incentivo Docente;4.59;0.321273;0.321273;1508.93
2008;10;16;Regimenes Especiales Nacionales s/Financ. Educativo;47.61;0.321273;0.321273;15651.46
2008;10;15;Coparticipacion Federal + Financ. Educativo;213.98;0.321273;0.321273;70344.47
2008;10;14;De Origen Nacional;287.80;0.321273;0.321273;94612.29
2008;10;13;Otros no Tributarios;41.88;0.321273;0.321273;13767.77
2008;10;12;Remesas del Instituto de Juegos y Casino;8.38;0.321273;0.321273;2754.87
2008;10;11;Tasas Retributivas de Servicios;10.00;0.321273;0.321273;3287.43
2008;10;10;Regalias;61.19;0.321273;0.321273;20115.80
2008;10;9;No Tributarios;121.45;0.321273;0.321273;39925.86
2008;10;8;Otros Tributarios;0.53;0.321273;0.321273;174.23
2008;10;7;Sellos y Tasas de Justicia;16.78;0.321273;0.321273;5516.31
2008;10;6;Inmobiliario;5.30;0.321273;0.321273;1742.34
2008;10;5;Automotor;6.40;0.321273;0.321273;2103.96
2008;10;4;Ingresos Brutos;98.61;0.321273;0.321273;32417.37
2008;10;3;Tributarios;127.62;0.321273;0.321273;41954.21
2008;10;2;De Origen Provincial;249.07;0.321273;0.321273;81880.07
2008;10;1;Recursos Corrientes;536.87;0.321273;0.321273;176492.36
2008;11;55;Resultado Operativo - Amortizacion de la D Consolidada;2.63;0.322706;0.322706;860.76
2008;11;54;Amortizacion de la Deuda Consolidada;24.14;0.322706;0.322706;7900.62
2008;11;53;IX. Resultado Operativo (VIII-IX);26.77;0.322706;0.322706;8761.38
2008;11;52;VIII. Egresos Totales (II+V+VI+VII);493.71;0.322706;0.322706;161583.08
2008;11;51;VII. Ingresos Totales (I+IV);520.48;0.322706;0.322706;170344.46
2008;11;50;Otros;0.00;0.322706;0.322706;0.00
2008;11;49;Compra de Acciones, Titulos, Valores, Otros;0.00;0.322706;0.322706;0.00
2008;11;48;Prestamos;0.36;0.322706;0.322706;117.82
2008;11;47;Inversion Financiera;0.36;0.322706;0.322706;117.82
2008;11;46;al Sector Privado;0.00;0.322706;0.322706;0.00
2008;11;45;al Sector Publico+Remesas al IPV;13.85;0.322706;0.322706;4532.88
2008;11;44;Transferencias para financiar Erogaciones de Capital;13.85;0.322706;0.322706;4532.88
2008;11;43;Trabajos Publicos;24.26;0.322706;0.322706;7939.90
2008;11;42;Bienes de Capital;11.96;0.322706;0.322706;3914.31
2008;11;41;VI. Erogaciones de Capital;50.43;0.322706;0.322706;16504.90
2008;11;40;Resto Otros Recursos de Capital;0.02;0.322706;0.322706;6.55
2008;11;39;Fondo Residual;0.89;0.322706;0.322706;291.28
2008;11;38;Venta de Acciones;0.00;0.322706;0.322706;0.00
2008;11;37;Otros Recursos de Capital;0.91;0.322706;0.322706;297.83
2008;11;36;Reembolsos de Prestamos;0.71;0.322706;0.322706;232.37
2008;11;35;Reembolsos de Obras Publicas;0.00;0.322706;0.322706;0.00
2008;11;34;V. Recursos de Capital;1.62;0.322706;0.322706;530.20
2008;11;33;IV.Resultado Economico Neto de Remesas;75.58;0.322706;0.322706;24736.08
2008;11;32;Remesas EMT;0.00;0.322706;0.322706;0.00
2008;11;31;Remesas ATM;0.00;0.322706;0.322706;0.00
2008;11;30;Resultado Economico con Remesas;75.58;0.322706;0.322706;24736.08
2008;11;29;Otras Erogaciones Corrientes;0.15;0.322706;0.322706;49.09
2008;11;28;Otras Transferencias;58.43;0.322706;0.322706;19123.17
2008;11;27;Municipios;61.59;0.322706;0.322706;20157.38
2008;11;26;Transferencias a Municipios y Otros;120.02;0.322706;0.322706;39280.55
2008;11;25;Intereses y Gastos de la Deuda;7.27;0.322706;0.322706;2379.35
2008;11;24;Otros Servicios;43.19;0.322706;0.322706;14135.37
2008;11;23;Bienes Corrientes;23.58;0.322706;0.322706;7717.34
2008;11;22;Locaciones de Servicio;5.72;0.322706;0.322706;1872.06
2008;11;21;Personal;243.35;0.322706;0.322706;79644.41
2008;11;20;Erogaciones Corrientes;443.28;0.322706;0.322706;145078.18
2008;11;19;Aportes no Reintegrables;42.27;0.322706;0.322706;13834.27
2008;11;18;Coparticipacion Vial;2.17;0.322706;0.322706;710.20
2008;11;17;Ley 25.053 Fdo. Nac. de Incentivo Docente;4.59;0.322706;0.322706;1502.23
2008;11;16;Regimenes Especiales Nacionales s/Financ. Educativo;36.31;0.322706;0.322706;11883.66
2008;11;15;Coparticipacion Federal + Financ. Educativo;182.93;0.322706;0.322706;59869.95
2008;11;14;De Origen Nacional;268.27;0.322706;0.322706;87800.32
2008;11;13;Otros no Tributarios;25.11;0.322706;0.322706;8218.09
2008;11;12;Remesas del Instituto de Juegos y Casino;4.97;0.322706;0.322706;1626.60
2008;11;11;Tasas Retributivas de Servicios;8.03;0.322706;0.322706;2628.09
2008;11;10;Regalias;62.81;0.322706;0.322706;20556.67
2008;11;9;No Tributarios;100.92;0.322706;0.322706;33029.44
2008;11;8;Otros Tributarios;0.50;0.322706;0.322706;163.64
2008;11;7;Sellos y Tasas de Justicia;13.50;0.322706;0.322706;4418.33
2008;11;6;Inmobiliario;11.00;0.322706;0.322706;3600.12
2008;11;5;Automotor;5.59;0.322706;0.322706;1829.51
2008;11;4;Ingresos Brutos;119.08;0.322706;0.322706;38972.91
2008;11;3;Tributarios;149.67;0.322706;0.322706;48984.51
2008;11;2;De Origen Provincial;250.59;0.322706;0.322706;82013.95
2008;11;1;Recursos Corrientes;518.86;0.322706;0.322706;169814.26
2008;12;55;Resultado Operativo - Amortizacion de la D Consolidada;-307.81;0.323847;0.323847;-100386.16
2008;12;54;Amortizacion de la Deuda Consolidada;38.31;0.323847;0.323847;12494.05
2008;12;53;IX. Resultado Operativo (VIII-IX);-269.50;0.323847;0.323847;-87892.11
2008;12;52;VIII. Egresos Totales (II+V+VI+VII);962.36;0.323847;0.323847;313854.74
2008;12;51;VII. Ingresos Totales (I+IV);692.86;0.323847;0.323847;225962.63
2008;12;50;Otros;0.00;0.323847;0.323847;0.00
2008;12;49;Compra de Acciones, Titulos, Valores, Otros;0.00;0.323847;0.323847;0.00
2008;12;48;Prestamos;0.23;0.323847;0.323847;75.01
2008;12;47;Inversion Financiera;0.23;0.323847;0.323847;75.01
2008;12;46;al Sector Privado;0.03;0.323847;0.323847;9.78
2008;12;45;al Sector Publico+Remesas al IPV;19.13;0.323847;0.323847;6238.87
2008;12;44;Transferencias para financiar Erogaciones de Capital;19.16;0.323847;0.323847;6248.66
2008;12;43;Trabajos Publicos;77.46;0.323847;0.323847;25262.05
2008;12;42;Bienes de Capital;46.75;0.323847;0.323847;15246.59
2008;12;41;VI. Erogaciones de Capital;143.60;0.323847;0.323847;46832.31
2008;12;40;Resto Otros Recursos de Capital;0.43;0.323847;0.323847;140.24
2008;12;39;Fondo Residual;0.87;0.323847;0.323847;283.73
2008;12;38;Venta de Acciones;0.00;0.323847;0.323847;0.00
2008;12;37;Otros Recursos de Capital;1.30;0.323847;0.323847;423.97
2008;12;36;Reembolsos de Prestamos;-9.41;0.323847;0.323847;-3068.89
2008;12;35;Reembolsos de Obras Publicas;0.00;0.323847;0.323847;0.00
2008;12;34;V. Recursos de Capital;-8.11;0.323847;0.323847;-2644.92
2008;12;33;IV.Resultado Economico Neto de Remesas;-117.79;0.323847;0.323847;-38414.89
2008;12;32;Remesas EMT;0.00;0.323847;0.323847;0.00
2008;12;31;Remesas ATM;0.00;0.323847;0.323847;0.00
2008;12;30;Resultado Economico con Remesas;-117.79;0.323847;0.323847;-38414.89
2008;12;29;Otras Erogaciones Corrientes;0.15;0.323847;0.323847;48.92
2008;12;28;Otras Transferencias;114.26;0.323847;0.323847;37263.65
2008;12;27;Municipios;113.75;0.323847;0.323847;37097.32
2008;12;26;Transferencias a Municipios y Otros;228.01;0.323847;0.323847;74360.97
2008;12;25;Intereses y Gastos de la Deuda;11.68;0.323847;0.323847;3809.20
2008;12;24;Otros Servicios;135.58;0.323847;0.323847;44216.74
2008;12;23;Bienes Corrientes;44.49;0.323847;0.323847;14509.54
2008;12;22;Locaciones de Servicio;8.74;0.323847;0.323847;2850.38
2008;12;21;Personal;390.11;0.323847;0.323847;127226.69
2008;12;20;Erogaciones Corrientes;818.76;0.323847;0.323847;267022.43
2008;12;19;Aportes no Reintegrables;54.31;0.323847;0.323847;17712.14
2008;12;18;Coparticipacion Vial;1.92;0.323847;0.323847;626.17
2008;12;17;Ley 25.053 Fdo. Nac. de Incentivo Docente;4.65;0.323847;0.323847;1516.51
2008;12;16;Regimenes Especiales Nacionales s/Financ. Educativo;59.90;0.323847;0.323847;19535.20
2008;12;15;Coparticipacion Federal + Financ. Educativo;206.70;0.323847;0.323847;67411.13
2008;12;14;De Origen Nacional;327.48;0.323847;0.323847;106801.15
2008;12;13;Otros no Tributarios;89.87;0.323847;0.323847;29309.33
2008;12;12;Remesas del Instituto de Juegos y Casino;7.06;0.323847;0.323847;2302.48
2008;12;11;Tasas Retributivas de Servicios;10.79;0.323847;0.323847;3518.95
2008;12;10;Regalias;63.05;0.323847;0.323847;20562.51
2008;12;9;No Tributarios;170.77;0.323847;0.323847;55693.27
2008;12;8;Otros Tributarios;2.10;0.323847;0.323847;684.87
2008;12;7;Sellos y Tasas de Justicia;15.68;0.323847;0.323847;5113.72
2008;12;6;Inmobiliario;8.11;0.323847;0.323847;2644.92
2008;12;5;Automotor;10.34;0.323847;0.323847;3372.19
2008;12;4;Ingresos Brutos;166.49;0.323847;0.323847;54297.43
2008;12;3;Tributarios;202.72;0.323847;0.323847;66113.13
2008;12;2;De Origen Provincial;373.49;0.323847;0.323847;121806.40
2008;12;1;Recursos Corrientes;700.97;0.323847;0.323847;228607.55
2009;1;55;Resultado Operativo - Amortizacion de la D Consolidada;-28.25;0.324958;0.324958;-9181.68
2009;1;54;Amortizacion de la Deuda Consolidada;16.08;0.324958;0.324958;5226.25
2009;1;53;IX. Resultado Operativo (VIII-IX);-12.17;0.324958;0.324958;-3955.44
2009;1;52;VIII. Egresos Totales (II+V+VI+VII);385.87;0.324958;0.324958;125413.65
2009;1;51;VII. Ingresos Totales (I+IV);373.70;0.324958;0.324958;121458.21
2009;1;50;Otros;0.00;0.324958;0.324958;0.00
2009;1;49;Compra de Acciones, Titulos, Valores, Otros;0.00;0.324958;0.324958;0.00
2009;1;48;Prestamos;0.00;0.324958;0.324958;0.00
2009;1;47;Inversion Financiera;0.00;0.324958;0.324958;0.00
2009;1;46;al Sector Privado;0.00;0.324958;0.324958;0.00
2009;1;45;al Sector Publico+Remesas al IPV;7.09;0.324958;0.324958;2304.36
2009;1;44;Transferencias para financiar Erogaciones de Capital;7.09;0.324958;0.324958;2304.36
2009;1;43;Trabajos Publicos;13.33;0.324958;0.324958;4332.45
2009;1;42;Bienes de Capital;0.46;0.324958;0.324958;149.51
2009;1;41;VI. Erogaciones de Capital;20.88;0.324958;0.324958;6786.32
2009;1;40;Resto Otros Recursos de Capital;0.00;0.324958;0.324958;0.00
2009;1;39;Fondo Residual;0.00;0.324958;0.324958;0.00
2009;1;38;Venta de Acciones;0.00;0.324958;0.324958;0.00
2009;1;37;Otros Recursos de Capital;0.00;0.324958;0.324958;0.00
2009;1;36;Reembolsos de Prestamos;0.08;0.324958;0.324958;26.00
2009;1;35;Reembolsos de Obras Publicas;0.00;0.324958;0.324958;0.00
2009;1;34;V. Recursos de Capital;0.08;0.324958;0.324958;26.00
2009;1;33;IV.Resultado Economico Neto de Remesas;8.63;0.324958;0.324958;2804.88
2009;1;32;Remesas EMT;0.00;0.324958;0.324958;0.00
2009;1;31;Remesas ATM;0.00;0.324958;0.324958;0.00
2009;1;30;Resultado Economico con Remesas;8.63;0.324958;0.324958;2804.88
2009;1;29;Otras Erogaciones Corrientes;0.10;0.324958;0.324958;32.50
2009;1;28;Otras Transferencias;43.54;0.324958;0.324958;14151.17
2009;1;27;Municipios;50.63;0.324958;0.324958;16455.52
2009;1;26;Transferencias a Municipios y Otros;94.17;0.324958;0.324958;30606.69
2009;1;25;Intereses y Gastos de la Deuda;5.74;0.324958;0.324958;1865.59
2009;1;24;Otros Servicios;8.22;0.324958;0.324958;2671.63
2009;1;23;Bienes Corrientes;3.57;0.324958;0.324958;1160.30
2009;1;22;Locaciones de Servicio;4.78;0.324958;0.324958;1553.57
2009;1;21;Personal;248.41;0.324958;0.324958;80737.05
2009;1;20;Erogaciones Corrientes;364.99;0.324958;0.324958;118627.33
2009;1;19;Aportes no Reintegrables;22.02;0.324958;0.324958;7156.84
2009;1;18;Coparticipacion Vial;1.60;0.324958;0.324958;520.02
2009;1;17;Ley 25.053 Fdo. Nac. de Incentivo Docente;0.00;0.324958;0.324958;0.00
2009;1;16;Regimenes Especiales Nacionales s/Financ. Educativo;25.06;0.324958;0.324958;8144.88
2009;1;15;Coparticipacion Federal + Financ. Educativo;180.52;0.324958;0.324958;58671.76
2009;1;14;De Origen Nacional;229.20;0.324958;0.324958;74493.50
2009;1;13;Otros no Tributarios;3.75;0.324958;0.324958;1218.81
2009;1;12;Remesas del Instituto de Juegos y Casino;1.89;0.324958;0.324958;614.28
2009;1;11;Tasas Retributivas de Servicios;6.77;0.324958;0.324958;2200.35
2009;1;10;Regalias;63.54;0.324958;0.324958;20651.47
2009;1;9;No Tributarios;75.95;0.324958;0.324958;24684.91
2009;1;8;Otros Tributarios;0.13;0.324958;0.324958;42.25
2009;1;7;Sellos y Tasas de Justicia;12.35;0.324958;0.324958;4013.94
2009;1;6;Inmobiliario;4.56;0.324958;0.324958;1482.07
2009;1;5;Automotor;5.35;0.324958;0.324958;1738.83
2009;1;4;Ingresos Brutos;46.08;0.324958;0.324958;14976.70
2009;1;3;Tributarios;68.47;0.324958;0.324958;22253.80
2009;1;2;De Origen Provincial;144.42;0.324958;0.324958;46938.71
2009;1;1;Recursos Corrientes;373.62;0.324958;0.324958;121432.21
2009;2;55;Resultado Operativo - Amortizacion de la D Consolidada;-30.70;0.326538;0.326538;-9929.69
2009;2;54;Amortizacion de la Deuda Consolidada;42.13;0.326538;0.326538;13626.64
2009;2;53;IX. Resultado Operativo (VIII-IX);11.43;0.326538;0.326538;3696.95
2009;2;52;VIII. Egresos Totales (II+V+VI+VII);469.59;0.326538;0.326538;151885.43
2009;2;51;VII. Ingresos Totales (I+IV);481.02;0.326538;0.326538;155582.38
2009;2;50;Otros;0.00;0.326538;0.326538;0.00
2009;2;49;Compra de Acciones, Titulos, Valores, Otros;0.00;0.326538;0.326538;0.00
2009;2;48;Prestamos;0.00;0.326538;0.326538;0.00
2009;2;47;Inversion Financiera;0.00;0.326538;0.326538;0.00
2009;2;46;al Sector Privado;0.00;0.326538;0.326538;0.00
2009;2;45;al Sector Publico+Remesas al IPV;7.28;0.326538;0.326538;2354.66
2009;2;44;Transferencias para financiar Erogaciones de Capital;7.28;0.326538;0.326538;2354.66
2009;2;43;Trabajos Publicos;19.72;0.326538;0.326538;6378.29
2009;2;42;Bienes de Capital;0.48;0.326538;0.326538;155.25
2009;2;41;VI. Erogaciones de Capital;27.48;0.326538;0.326538;8888.20
2009;2;40;Resto Otros Recursos de Capital;0.01;0.326538;0.326538;3.23
2009;2;39;Fondo Residual;1.58;0.326538;0.326538;511.04
2009;2;38;Venta de Acciones;0.00;0.326538;0.326538;0.00
2009;2;37;Otros Recursos de Capital;1.59;0.326538;0.326538;514.27
2009;2;36;Reembolsos de Prestamos;0.10;0.326538;0.326538;32.34
2009;2;35;Reembolsos de Obras Publicas;0.00;0.326538;0.326538;0.00
2009;2;34;V. Recursos de Capital;1.69;0.326538;0.326538;546.62
2009;2;33;IV.Resultado Economico Neto de Remesas;37.22;0.326538;0.326538;12038.54
2009;2;32;Remesas EMT;0.00;0.326538;0.326538;0.00
2009;2;31;Remesas ATM;0.00;0.326538;0.326538;0.00
2009;2;30;Resultado Economico con Remesas;37.22;0.326538;0.326538;12038.54
2009;2;29;Otras Erogaciones Corrientes;0.17;0.326538;0.326538;54.99
2009;2;28;Otras Transferencias;55.30;0.326538;0.326538;17886.38
2009;2;27;Municipios;68.34;0.326538;0.326538;22104.07
2009;2;26;Transferencias a Municipios y Otros;123.64;0.326538;0.326538;39990.45
2009;2;25;Intereses y Gastos de la Deuda;27.95;0.326538;0.326538;9040.22
2009;2;24;Otros Servicios;22.41;0.326538;0.326538;7248.35
2009;2;23;Bienes Corrientes;8.28;0.326538;0.326538;2678.11
2009;2;22;Locaciones de Servicio;5.36;0.326538;0.326538;1733.65
2009;2;21;Personal;254.30;0.326538;0.326538;82251.47
2009;2;20;Erogaciones Corrientes;442.11;0.326538;0.326538;142997.23
2009;2;19;Aportes no Reintegrables;13.97;0.326538;0.326538;4518.49
2009;2;18;Coparticipacion Vial;2.10;0.326538;0.326538;679.23
2009;2;17;Ley 25.053 Fdo. Nac. de Incentivo Docente;9.19;0.326538;0.326538;2972.44
2009;2;16;Regimenes Especiales Nacionales s/Financ. Educativo;24.03;0.326538;0.326538;7772.33
2009;2;15;Coparticipacion Federal + Financ. Educativo;178.49;0.326538;0.326538;57731.28
2009;2;14;De Origen Nacional;227.78;0.326538;0.326538;73673.77
2009;2;13;Otros no Tributarios;62.30;0.326538;0.326538;20150.48
2009;2;12;Remesas del Instituto de Juegos y Casino;6.74;0.326538;0.326538;2180.00
2009;2;11;Tasas Retributivas de Servicios;8.31;0.326538;0.326538;2687.81
2009;2;10;Regalias;63.69;0.326538;0.326538;20600.06
2009;2;9;No Tributarios;141.04;0.326538;0.326538;45618.35
2009;2;8;Otros Tributarios;1.45;0.326538;0.326538;468.99
2009;2;7;Sellos y Tasas de Justicia;12.00;0.326538;0.326538;3881.31
2009;2;6;Inmobiliario;4.07;0.326538;0.326538;1316.41
2009;2;5;Automotor;32.55;0.326538;0.326538;10528.06
2009;2;4;Ingresos Brutos;60.44;0.326538;0.326538;19548.87
2009;2;3;Tributarios;110.51;0.326538;0.326538;35743.65
2009;2;2;De Origen Provincial;251.55;0.326538;0.326538;81362.00
2009;2;1;Recursos Corrientes;479.33;0.326538;0.326538;155035.76
2009;3;55;Resultado Operativo - Amortizacion de la D Consolidada;-25.45;0.328015;0.328015;-8194.55
2009;3;54;Amortizacion de la Deuda Consolidada;21.27;0.328015;0.328015;6848.65
2009;3;53;IX. Resultado Operativo (VIII-IX);-4.18;0.328015;0.328015;-1345.90
2009;3;52;VIII. Egresos Totales (II+V+VI+VII);484.36;0.328015;0.328015;155957.25
2009;3;51;VII. Ingresos Totales (I+IV);480.18;0.328015;0.328015;154611.35
2009;3;50;Otros;0.00;0.328015;0.328015;0.00
2009;3;49;Compra de Acciones, Titulos, Valores, Otros;0.00;0.328015;0.328015;0.00
2009;3;48;Prestamos;1.92;0.328015;0.328015;618.21
2009;3;47;Inversion Financiera;1.92;0.328015;0.328015;618.21
2009;3;46;al Sector Privado;0.00;0.328015;0.328015;0.00
2009;3;45;al Sector Publico+Remesas al IPV;8.00;0.328015;0.328015;2575.89
2009;3;44;Transferencias para financiar Erogaciones de Capital;8.00;0.328015;0.328015;2575.89
2009;3;43;Trabajos Publicos;27.91;0.328015;0.328015;8986.64
2009;3;42;Bienes de Capital;5.59;0.328015;0.328015;1799.90
2009;3;41;VI. Erogaciones de Capital;43.42;0.328015;0.328015;13980.64
2009;3;40;Resto Otros Recursos de Capital;0.00;0.328015;0.328015;0.00
2009;3;39;Fondo Residual;0.00;0.328015;0.328015;0.00
2009;3;38;Venta de Acciones;0.00;0.328015;0.328015;0.00
2009;3;37;Otros Recursos de Capital;0.00;0.328015;0.328015;0.00
2009;3;36;Reembolsos de Prestamos;0.91;0.328015;0.328015;293.01
2009;3;35;Reembolsos de Obras Publicas;0.00;0.328015;0.328015;0.00
2009;3;34;V. Recursos de Capital;0.91;0.328015;0.328015;293.01
2009;3;33;IV.Resultado Economico Neto de Remesas;38.33;0.328015;0.328015;12341.73
2009;3;32;Remesas EMT;0.00;0.328015;0.328015;0.00
2009;3;31;Remesas ATM;0.00;0.328015;0.328015;0.00
2009;3;30;Resultado Economico con Remesas;38.33;0.328015;0.328015;12341.73
2009;3;29;Otras Erogaciones Corrientes;0.17;0.328015;0.328015;54.74
2009;3;28;Otras Transferencias;54.07;0.328015;0.328015;17409.80
2009;3;27;Municipios;65.96;0.328015;0.328015;21238.21
2009;3;26;Transferencias a Municipios y Otros;120.03;0.328015;0.328015;38648.01
2009;3;25;Intereses y Gastos de la Deuda;7.79;0.328015;0.328015;2508.27
2009;3;24;Otros Servicios;36.53;0.328015;0.328015;11762.16
2009;3;23;Bienes Corrientes;14.45;0.328015;0.328015;4652.70
2009;3;22;Locaciones de Servicio;5.27;0.328015;0.328015;1696.87
2009;3;21;Personal;256.70;0.328015;0.328015;82653.87
2009;3;20;Erogaciones Corrientes;440.94;0.328015;0.328015;141976.61
2009;3;19;Aportes no Reintegrables;20.71;0.328015;0.328015;6668.33
2009;3;18;Coparticipacion Vial;1.99;0.328015;0.328015;640.75
2009;3;17;Ley 25.053 Fdo. Nac. de Incentivo Docente;4.59;0.328015;0.328015;1477.92
2009;3;16;Regimenes Especiales Nacionales s/Financ. Educativo;26.45;0.328015;0.328015;8516.54
2009;3;15;Coparticipacion Federal + Financ. Educativo;186.47;0.328015;0.328015;60040.77
2009;3;14;De Origen Nacional;240.21;0.328015;0.328015;77344.31
2009;3;13;Otros no Tributarios;26.08;0.328015;0.328015;8397.40
2009;3;12;Remesas del Instituto de Juegos y Casino;8.40;0.328015;0.328015;2704.68
2009;3;11;Tasas Retributivas de Servicios;12.04;0.328015;0.328015;3876.71
2009;3;10;Regalias;58.13;0.328015;0.328015;18717.06
2009;3;9;No Tributarios;104.65;0.328015;0.328015;33695.86
2009;3;8;Otros Tributarios;0.09;0.328015;0.328015;28.98
2009;3;7;Sellos y Tasas de Justicia;11.56;0.328015;0.328015;3722.16
2009;3;6;Inmobiliario;39.42;0.328015;0.328015;12692.70
2009;3;5;Automotor;13.76;0.328015;0.328015;4430.53
2009;3;4;Ingresos Brutos;69.58;0.328015;0.328015;22403.80
2009;3;3;Tributarios;134.41;0.328015;0.328015;43278.17
2009;3;2;De Origen Provincial;239.06;0.328015;0.328015;76974.03
2009;3;1;Recursos Corrientes;479.27;0.328015;0.328015;154318.34
2009;4;55;Resultado Operativo - Amortizacion de la D Consolidada;-104.03;0.329975;0.329975;-33297.27
2009;4;54;Amortizacion de la Deuda Consolidada;29.96;0.329975;0.329975;9589.41
2009;4;53;IX. Resultado Operativo (VIII-IX);-74.07;0.329975;0.329975;-23707.86
2009;4;52;VIII. Egresos Totales (II+V+VI+VII);534.10;0.329975;0.329975;170951.36
2009;4;51;VII. Ingresos Totales (I+IV);460.03;0.329975;0.329975;147243.50
2009;4;50;Otros;0.00;0.329975;0.329975;0.00
2009;4;49;Compra de Acciones, Titulos, Valores, Otros;0.00;0.329975;0.329975;0.00
2009;4;48;Prestamos;4.70;0.329975;0.329975;1504.35
2009;4;47;Inversion Financiera;4.70;0.329975;0.329975;1504.35
2009;4;46;al Sector Privado;0.00;0.329975;0.329975;0.00
2009;4;45;al Sector Publico+Remesas al IPV;10.11;0.329975;0.329975;3235.94
2009;4;44;Transferencias para financiar Erogaciones de Capital;10.11;0.329975;0.329975;3235.94
2009;4;43;Trabajos Publicos;32.35;0.329975;0.329975;10354.38
2009;4;42;Bienes de Capital;4.45;0.329975;0.329975;1424.33
2009;4;41;VI. Erogaciones de Capital;51.61;0.329975;0.329975;16519.00
2009;4;40;Resto Otros Recursos de Capital;12.67;0.329975;0.329975;4055.33
2009;4;39;Fondo Residual;1.72;0.329975;0.329975;550.53
2009;4;38;Venta de Acciones;0.00;0.329975;0.329975;0.00
2009;4;37;Otros Recursos de Capital;14.39;0.329975;0.329975;4605.86
2009;4;36;Reembolsos de Prestamos;0.67;0.329975;0.329975;214.45
2009;4;35;Reembolsos de Obras Publicas;0.00;0.329975;0.329975;0.00
2009;4;34;V. Recursos de Capital;15.06;0.329975;0.329975;4820.31
2009;4;33;IV.Resultado Economico Neto de Remesas;-37.52;0.329975;0.329975;-12009.16
2009;4;32;Remesas EMT;0.00;0.329975;0.329975;0.00
2009;4;31;Remesas ATM;0.00;0.329975;0.329975;0.00
2009;4;30;Resultado Economico con Remesas;-37.52;0.329975;0.329975;-12009.16
2009;4;29;Otras Erogaciones Corrientes;0.17;0.329975;0.329975;54.41
2009;4;28;Otras Transferencias;56.69;0.329975;0.329975;18144.98
2009;4;27;Municipios;70.36;0.329975;0.329975;22520.38
2009;4;26;Transferencias a Municipios y Otros;127.05;0.329975;0.329975;40665.36
2009;4;25;Intereses y Gastos de la Deuda;12.84;0.329975;0.329975;4109.75
2009;4;24;Otros Servicios;38.22;0.329975;0.329975;12233.22
2009;4;23;Bienes Corrientes;17.42;0.329975;0.329975;5575.68
2009;4;22;Locaciones de Servicio;6.92;0.329975;0.329975;2214.91
2009;4;21;Personal;279.87;0.329975;0.329975;89579.02
2009;4;20;Erogaciones Corrientes;482.49;0.329975;0.329975;154432.35
2009;4;19;Aportes no Reintegrables;16.60;0.329975;0.329975;5313.22
2009;4;18;Coparticipacion Vial;1.24;0.329975;0.329975;396.89
2009;4;17;Ley 25.053 Fdo. Nac. de Incentivo Docente;4.59;0.329975;0.329975;1469.14
2009;4;16;Regimenes Especiales Nacionales s/Financ. Educativo;20.96;0.329975;0.329975;6708.74
2009;4;15;Coparticipacion Federal + Financ. Educativo;161.89;0.329975;0.329975;51816.73
2009;4;14;De Origen Nacional;205.28;0.329975;0.329975;65704.73
2009;4;13;Otros no Tributarios;41.92;0.329975;0.329975;13417.49
2009;4;12;Remesas del Instituto de Juegos y Casino;8.43;0.329975;0.329975;2698.22
2009;4;11;Tasas Retributivas de Servicios;10.98;0.329975;0.329975;3514.41
2009;4;10;Regalias;59.62;0.329975;0.329975;19082.79
2009;4;9;No Tributarios;120.95;0.329975;0.329975;38712.91
2009;4;8;Otros Tributarios;0.89;0.329975;0.329975;284.87
2009;4;7;Sellos y Tasas de Justicia;13.01;0.329975;0.329975;4164.16
2009;4;6;Inmobiliario;6.87;0.329975;0.329975;2198.91
2009;4;5;Automotor;17.25;0.329975;0.329975;5521.27
2009;4;4;Ingresos Brutos;80.72;0.329975;0.329975;25836.35
2009;4;3;Tributarios;118.74;0.329975;0.329975;38005.55
2009;4;2;De Origen Provincial;239.69;0.329975;0.329975;76718.46
2009;4;1;Recursos Corrientes;444.97;0.329975;0.329975;142423.19
2009;5;55;Resultado Operativo - Amortizacion de la D Consolidada;51.25;0.331262;0.331262;16340.05
2009;5;54;Amortizacion de la Deuda Consolidada;26.21;0.331262;0.331262;8356.54
2009;5;53;IX. Resultado Operativo (VIII-IX);77.46;0.331262;0.331262;24696.58
2009;5;52;VIII. Egresos Totales (II+V+VI+VII);533.52;0.331262;0.331262;170102.26
2009;5;51;VII. Ingresos Totales (I+IV);610.98;0.331262;0.331262;194798.85
2009;5;50;Otros;0.00;0.331262;0.331262;0.00
2009;5;49;Compra de Acciones, Titulos, Valores, Otros;0.00;0.331262;0.331262;0.00
2009;5;48;Prestamos;9.52;0.331262;0.331262;3035.26
2009;5;47;Inversion Financiera;9.52;0.331262;0.331262;3035.26
2009;5;46;al Sector Privado;0.00;0.331262;0.331262;0.00
2009;5;45;al Sector Publico+Remesas al IPV;16.02;0.331262;0.331262;5107.66
2009;5;44;Transferencias para financiar Erogaciones de Capital;16.02;0.331262;0.331262;5107.66
2009;5;43;Trabajos Publicos;41.26;0.331262;0.331262;13154.93
2009;5;42;Bienes de Capital;4.26;0.331262;0.331262;1358.22
2009;5;41;VI. Erogaciones de Capital;71.06;0.331262;0.331262;22656.07
2009;5;40;Resto Otros Recursos de Capital;18.18;0.331262;0.331262;5796.33
2009;5;39;Fondo Residual;1.38;0.331262;0.331262;439.99
2009;5;38;Venta de Acciones;0.00;0.331262;0.331262;0.00
2009;5;37;Otros Recursos de Capital;19.56;0.331262;0.331262;6236.32
2009;5;36;Reembolsos de Prestamos;0.53;0.331262;0.331262;168.98
2009;5;35;Reembolsos de Obras Publicas;0.00;0.331262;0.331262;0.00
2009;5;34;V. Recursos de Capital;20.09;0.331262;0.331262;6405.30
2009;5;33;IV.Resultado Economico Neto de Remesas;128.43;0.331262;0.331262;40947.36
2009;5;32;Remesas EMT;0.00;0.331262;0.331262;0.00
2009;5;31;Remesas ATM;0.00;0.331262;0.331262;0.00
2009;5;30;Resultado Economico con Remesas;128.43;0.331262;0.331262;40947.36
2009;5;29;Otras Erogaciones Corrientes;0.17;0.331262;0.331262;54.20
2009;5;28;Otras Transferencias;44.97;0.331262;0.331262;14337.79
2009;5;27;Municipios;70.92;0.331262;0.331262;22611.43
2009;5;26;Transferencias a Municipios y Otros;115.89;0.331262;0.331262;36949.23
2009;5;25;Intereses y Gastos de la Deuda;8.20;0.331262;0.331262;2614.41
2009;5;24;Otros Servicios;29.38;0.331262;0.331262;9367.23
2009;5;23;Bienes Corrientes;17.61;0.331262;0.331262;5614.60
2009;5;22;Locaciones de Servicio;5.71;0.331262;0.331262;1820.52
2009;5;21;Personal;285.50;0.331262;0.331262;91026.01
2009;5;20;Erogaciones Corrientes;462.46;0.331262;0.331262;147446.19
2009;5;19;Aportes no Reintegrables;47.23;0.331262;0.331262;15058.35
2009;5;18;Coparticipacion Vial;1.30;0.331262;0.331262;414.48
2009;5;17;Ley 25.053 Fdo. Nac. de Incentivo Docente;4.61;0.331262;0.331262;1469.81
2009;5;16;Regimenes Especiales Nacionales s/Financ. Educativo;59.47;0.331262;0.331262;18960.83
2009;5;15;Coparticipacion Federal + Financ. Educativo;258.02;0.331262;0.331262;82264.56
2009;5;14;De Origen Nacional;370.63;0.331262;0.331262;118168.02
2009;5;13;Otros no Tributarios;29.88;0.331262;0.331262;9526.65
2009;5;12;Remesas del Instituto de Juegos y Casino;1.45;0.331262;0.331262;462.30
2009;5;11;Tasas Retributivas de Servicios;11.12;0.331262;0.331262;3545.39
2009;5;10;Regalias;58.00;0.331262;0.331262;18492.15
2009;5;9;No Tributarios;100.45;0.331262;0.331262;32026.49
2009;5;8;Otros Tributarios;1.32;0.331262;0.331262;420.86
2009;5;7;Sellos y Tasas de Justicia;14.21;0.331262;0.331262;4530.58
2009;5;6;Inmobiliario;12.08;0.331262;0.331262;3851.47
2009;5;5;Automotor;7.74;0.331262;0.331262;2467.75
2009;5;4;Ingresos Brutos;84.46;0.331262;0.331262;26928.39
2009;5;3;Tributarios;119.81;0.331262;0.331262;38199.04
2009;5;2;De Origen Provincial;220.26;0.331262;0.331262;70225.53
2009;5;1;Recursos Corrientes;590.89;0.331262;0.331262;188393.55
2009;6;55;Resultado Operativo - Amortizacion de la D Consolidada;-129.66;0.332358;0.332358;-41203.19
2009;6;54;Amortizacion de la Deuda Consolidada;19.28;0.332358;0.332358;6126.77
2009;6;53;IX. Resultado Operativo (VIII-IX);-110.38;0.332358;0.332358;-35076.42
2009;6;52;VIII. Egresos Totales (II+V+VI+VII);729.79;0.332358;0.332358;231911.77
2009;6;51;VII. Ingresos Totales (I+IV);619.41;0.332358;0.332358;196835.35
2009;6;50;Otros;0.00;0.332358;0.332358;0.00
2009;6;49;Compra de Acciones, Titulos, Valores, Otros;0.60;0.332358;0.332358;190.67
2009;6;48;Prestamos;52.96;0.332358;0.332358;16829.56
2009;6;47;Inversion Financiera;53.56;0.332358;0.332358;17020.23
2009;6;46;al Sector Privado;0.00;0.332358;0.332358;0.00
2009;6;45;al Sector Publico+Remesas al IPV;12.69;0.332358;0.332358;4032.61
2009;6;44;Transferencias para financiar Erogaciones de Capital;12.69;0.332358;0.332358;4032.61
2009;6;43;Trabajos Publicos;39.20;0.332358;0.332358;12456.93
2009;6;42;Bienes de Capital;12.98;0.332358;0.332358;4124.77
2009;6;41;VI. Erogaciones de Capital;118.43;0.332358;0.332358;37634.54
2009;6;40;Resto Otros Recursos de Capital;15.14;0.332358;0.332358;4811.17
2009;6;39;Fondo Residual;0.05;0.332358;0.332358;15.89
2009;6;38;Venta de Acciones;0.00;0.332358;0.332358;0.00
2009;6;37;Otros Recursos de Capital;15.19;0.332358;0.332358;4827.06
2009;6;36;Reembolsos de Prestamos;0.29;0.332358;0.332358;92.16
2009;6;35;Reembolsos de Obras Publicas;0.00;0.332358;0.332358;0.00
2009;6;34;V. Recursos de Capital;15.48;0.332358;0.332358;4919.22
2009;6;33;IV.Resultado Economico Neto de Remesas;-7.43;0.332358;0.332358;-2361.10
2009;6;32;Remesas EMT;0.00;0.332358;0.332358;0.00
2009;6;31;Remesas ATM;0.00;0.332358;0.332358;0.00
2009;6;30;Resultado Economico con Remesas;-7.43;0.332358;0.332358;-2361.10
2009;6;29;Otras Erogaciones Corrientes;0.17;0.332358;0.332358;54.02
2009;6;28;Otras Transferencias;56.08;0.332358;0.332358;17821.03
2009;6;27;Municipios;82.35;0.332358;0.332358;26169.08
2009;6;26;Transferencias a Municipios y Otros;138.43;0.332358;0.332358;43990.11
2009;6;25;Intereses y Gastos de la Deuda;7.35;0.332358;0.332358;2335.67
2009;6;24;Otros Servicios;39.19;0.332358;0.332358;12453.75
2009;6;23;Bienes Corrientes;18.95;0.332358;0.332358;6021.91
2009;6;22;Locaciones de Servicio;7.31;0.332358;0.332358;2322.96
2009;6;21;Personal;399.96;0.332358;0.332358;127098.80
2009;6;20;Erogaciones Corrientes;611.36;0.332358;0.332358;194277.23
2009;6;19;Aportes no Reintegrables;31.54;0.332358;0.332358;10022.74
2009;6;18;Coparticipacion Vial;3.59;0.332358;0.332358;1140.83
2009;6;17;Ley 25.053 Fdo. Nac. de Incentivo Docente;4.79;0.332358;0.332358;1522.16
2009;6;16;Regimenes Especiales Nacionales s/Financ. Educativo;51.25;0.332358;0.332358;16286.16
2009;6;15;Coparticipacion Federal + Financ. Educativo;234.27;0.332358;0.332358;74446.03
2009;6;14;De Origen Nacional;325.44;0.332358;0.332358;103417.92
2009;6;13;Otros no Tributarios;25.90;0.332358;0.332358;8230.47
2009;6;12;Remesas del Instituto de Juegos y Casino;12.82;0.332358;0.332358;4073.92
2009;6;11;Tasas Retributivas de Servicios;14.50;0.332358;0.332358;4607.79
2009;6;10;Regalias;58.30;0.332358;0.332358;18526.50
2009;6;9;No Tributarios;111.52;0.332358;0.332358;35438.69
2009;6;8;Otros Tributarios;0.53;0.332358;0.332358;168.42
2009;6;7;Sellos y Tasas de Justicia;13.04;0.332358;0.332358;4143.84
2009;6;6;Inmobiliario;6.12;0.332358;0.332358;1944.81
2009;6;5;Automotor;18.40;0.332358;0.332358;5847.13
2009;6;4;Ingresos Brutos;128.88;0.332358;0.332358;40955.33
2009;6;3;Tributarios;166.97;0.332358;0.332358;53059.52
2009;6;2;De Origen Provincial;278.49;0.332358;0.332358;88498.21
2009;6;1;Recursos Corrientes;603.93;0.332358;0.332358;191916.13
2009;7;55;Resultado Operativo - Amortizacion de la D Consolidada;-53.04;0.333718;0.333718;-16786.30
2009;7;54;Amortizacion de la Deuda Consolidada;32.70;0.333718;0.333718;10349.02
2009;7;53;IX. Resultado Operativo (VIII-IX);-20.34;0.333718;0.333718;-6437.28
2009;7;52;VIII. Egresos Totales (II+V+VI+VII);552.26;0.333718;0.333718;174781.30
2009;7;51;VII. Ingresos Totales (I+IV);531.92;0.333718;0.333718;168344.02
2009;7;50;Otros;0.00;0.333718;0.333718;0.00
2009;7;49;Compra de Acciones, Titulos, Valores, Otros;0.00;0.333718;0.333718;0.00
2009;7;48;Prestamos;3.01;0.333718;0.333718;952.62
2009;7;47;Inversion Financiera;3.01;0.333718;0.333718;952.62
2009;7;46;al Sector Privado;0.00;0.333718;0.333718;0.00
2009;7;45;al Sector Publico+Remesas al IPV;17.74;0.333718;0.333718;5614.42
2009;7;44;Transferencias para financiar Erogaciones de Capital;17.74;0.333718;0.333718;5614.42
2009;7;43;Trabajos Publicos;32.33;0.333718;0.333718;10231.92
2009;7;42;Bienes de Capital;6.57;0.333718;0.333718;2079.30
2009;7;41;VI. Erogaciones de Capital;59.65;0.333718;0.333718;18878.25
2009;7;40;Resto Otros Recursos de Capital;13.62;0.333718;0.333718;4310.51
2009;7;39;Fondo Residual;1.72;0.333718;0.333718;544.35
2009;7;38;Venta de Acciones;0.00;0.333718;0.333718;0.00
2009;7;37;Otros Recursos de Capital;15.34;0.333718;0.333718;4854.86
2009;7;36;Reembolsos de Prestamos;0.48;0.333718;0.333718;151.91
2009;7;35;Reembolsos de Obras Publicas;0.00;0.333718;0.333718;0.00
2009;7;34;V. Recursos de Capital;15.82;0.333718;0.333718;5006.77
2009;7;33;IV.Resultado Economico Neto de Remesas;23.49;0.333718;0.333718;7434.20
2009;7;32;Remesas EMT;0.00;0.333718;0.333718;0.00
2009;7;31;Remesas ATM;0.00;0.333718;0.333718;0.00
2009;7;30;Resultado Economico con Remesas;23.49;0.333718;0.333718;7434.20
2009;7;29;Otras Erogaciones Corrientes;0.17;0.333718;0.333718;53.80
2009;7;28;Otras Transferencias;56.01;0.333718;0.333718;17726.25
2009;7;27;Municipios;66.06;0.333718;0.333718;20906.91
2009;7;26;Transferencias a Municipios y Otros;122.07;0.333718;0.333718;38633.17
2009;7;25;Intereses y Gastos de la Deuda;9.10;0.333718;0.333718;2880.00
2009;7;24;Otros Servicios;40.65;0.333718;0.333718;12865.06
2009;7;23;Bienes Corrientes;19.66;0.333718;0.333718;6222.07
2009;7;22;Locaciones de Servicio;7.17;0.333718;0.333718;2269.19
2009;7;21;Personal;293.79;0.333718;0.333718;92979.75
2009;7;20;Erogaciones Corrientes;492.61;0.333718;0.333718;155903.05
2009;7;19;Aportes no Reintegrables;32.13;0.333718;0.333718;10168.62
2009;7;18;Coparticipacion Vial;2.98;0.333718;0.333718;943.12
2009;7;17;Ley 25.053 Fdo. Nac. de Incentivo Docente;7.19;0.333718;0.333718;2275.52
2009;7;16;Regimenes Especiales Nacionales s/Financ. Educativo;52.16;0.333718;0.333718;16507.79
2009;7;15;Coparticipacion Federal + Financ. Educativo;209.64;0.333718;0.333718;66347.65
2009;7;14;De Origen Nacional;304.10;0.333718;0.333718;96242.70
2009;7;13;Otros no Tributarios;31.42;0.333718;0.333718;9943.92
2009;7;12;Remesas del Instituto de Juegos y Casino;5.99;0.333718;0.333718;1895.74
2009;7;11;Tasas Retributivas de Servicios;11.26;0.333718;0.333718;3563.61
2009;7;10;Regalias;62.76;0.333718;0.333718;19862.52
2009;7;9;No Tributarios;111.43;0.333718;0.333718;35265.78
2009;7;8;Otros Tributarios;1.41;0.333718;0.333718;446.24
2009;7;7;Sellos y Tasas de Justicia;14.09;0.333718;0.333718;4459.26
2009;7;6;Inmobiliario;12.81;0.333718;0.333718;4054.16
2009;7;5;Automotor;9.62;0.333718;0.333718;3044.57
2009;7;4;Ingresos Brutos;62.64;0.333718;0.333718;19824.54
2009;7;3;Tributarios;100.57;0.333718;0.333718;31828.77
2009;7;2;De Origen Provincial;212.00;0.333718;0.333718;67094.55
2009;7;1;Recursos Corrientes;516.10;0.333718;0.333718;163337.25
2009;8;55;Resultado Operativo - Amortizacion de la D Consolidada;-100.75;0.335649;0.335649;-31702.30
2009;8;54;Amortizacion de la Deuda Consolidada;45.30;0.335649;0.335649;14254.23
2009;8;53;IX. Resultado Operativo (VIII-IX);-55.45;0.335649;0.335649;-17448.06
2009;8;52;VIII. Egresos Totales (II+V+VI+VII);608.29;0.335649;0.335649;191406.34
2009;8;51;VII. Ingresos Totales (I+IV);552.84;0.335649;0.335649;173958.28
2009;8;50;Otros;0.00;0.335649;0.335649;0.00
2009;8;49;Compra de Acciones, Titulos, Valores, Otros;0.00;0.335649;0.335649;0.00
2009;8;48;Prestamos;1.45;0.335649;0.335649;456.26
2009;8;47;Inversion Financiera;1.45;0.335649;0.335649;456.26
2009;8;46;al Sector Privado;0.00;0.335649;0.335649;0.00
2009;8;45;al Sector Publico+Remesas al IPV;21.07;0.335649;0.335649;6629.95
2009;8;44;Transferencias para financiar Erogaciones de Capital;21.07;0.335649;0.335649;6629.95
2009;8;43;Trabajos Publicos;45.74;0.335649;0.335649;14392.68
2009;8;42;Bienes de Capital;8.86;0.335649;0.335649;2787.91
2009;8;41;VI. Erogaciones de Capital;77.12;0.335649;0.335649;24266.81
2009;8;40;Resto Otros Recursos de Capital;9.32;0.335649;0.335649;2932.66
2009;8;39;Fondo Residual;0.66;0.335649;0.335649;207.68
2009;8;38;Venta de Acciones;0.00;0.335649;0.335649;0.00
2009;8;37;Otros Recursos de Capital;9.98;0.335649;0.335649;3140.34
2009;8;36;Reembolsos de Prestamos;1.83;0.335649;0.335649;575.83
2009;8;35;Reembolsos de Obras Publicas;0.00;0.335649;0.335649;0.00
2009;8;34;V. Recursos de Capital;11.81;0.335649;0.335649;3716.17
2009;8;33;IV.Resultado Economico Neto de Remesas;9.86;0.335649;0.335649;3102.58
2009;8;32;Remesas EMT;0.00;0.335649;0.335649;0.00
2009;8;31;Remesas ATM;0.00;0.335649;0.335649;0.00
2009;8;30;Resultado Economico con Remesas;9.86;0.335649;0.335649;3102.58
2009;8;29;Otras Erogaciones Corrientes;0.17;0.335649;0.335649;53.49
2009;8;28;Otras Transferencias;63.94;0.335649;0.335649;20119.55
2009;8;27;Municipios;73.38;0.335649;0.335649;23089.97
2009;8;26;Transferencias a Municipios y Otros;137.32;0.335649;0.335649;43209.52
2009;8;25;Intereses y Gastos de la Deuda;27.62;0.335649;0.335649;8690.99
2009;8;24;Otros Servicios;30.78;0.335649;0.335649;9685.33
2009;8;23;Bienes Corrientes;19.06;0.335649;0.335649;5997.48
2009;8;22;Locaciones de Servicio;7.37;0.335649;0.335649;2319.07
2009;8;21;Personal;308.85;0.335649;0.335649;97183.66
2009;8;20;Erogaciones Corrientes;531.17;0.335649;0.335649;167139.54
2009;8;19;Aportes no Reintegrables;24.56;0.335649;0.335649;7728.12
2009;8;18;Coparticipacion Vial;2.92;0.335649;0.335649;918.82
2009;8;17;Ley 25.053 Fdo. Nac. de Incentivo Docente;7.19;0.335649;0.335649;2262.43
2009;8;16;Regimenes Especiales Nacionales s/Financ. Educativo;46.55;0.335649;0.335649;14647.56
2009;8;15;Coparticipacion Federal + Financ. Educativo;212.85;0.335649;0.335649;66976.02
2009;8;14;De Origen Nacional;294.07;0.335649;0.335649;92532.94
2009;8;13;Otros no Tributarios;42.22;0.335649;0.335649;13285.07
2009;8;12;Remesas del Instituto de Juegos y Casino;6.54;0.335649;0.335649;2057.90
2009;8;11;Tasas Retributivas de Servicios;11.84;0.335649;0.335649;3725.61
2009;8;10;Regalias;64.79;0.335649;0.335649;20387.01
2009;8;9;No Tributarios;125.39;0.335649;0.335649;39455.59
2009;8;8;Otros Tributarios;0.76;0.335649;0.335649;239.14
2009;8;7;Sellos y Tasas de Justicia;14.46;0.335649;0.335649;4550.03
2009;8;6;Inmobiliario;5.96;0.335649;0.335649;1875.39
2009;8;5;Automotor;19.61;0.335649;0.335649;6170.54
2009;8;4;Ingresos Brutos;80.78;0.335649;0.335649;25418.48
2009;8;3;Tributarios;121.57;0.335649;0.335649;38253.58
2009;8;2;De Origen Provincial;246.96;0.335649;0.335649;77709.17
2009;8;1;Recursos Corrientes;541.03;0.335649;0.335649;170242.11
2009;9;55;Resultado Operativo - Amortizacion de la D Consolidada;-166.56;0.338296;0.338296;-52000.18
2009;9;54;Amortizacion de la Deuda Consolidada;16.40;0.338296;0.338296;5120.09
2009;9;53;IX. Resultado Operativo (VIII-IX);-150.16;0.338296;0.338296;-46880.09
2009;9;52;VIII. Egresos Totales (II+V+VI+VII);698.20;0.338296;0.338296;217978.67
2009;9;51;VII. Ingresos Totales (I+IV);548.04;0.338296;0.338296;171098.58
2009;9;50;Otros;0.00;0.338296;0.338296;0.00
2009;9;49;Compra de Acciones, Titulos, Valores, Otros;0.00;0.338296;0.338296;0.00
2009;9;48;Prestamos;4.13;0.338296;0.338296;1289.39
2009;9;47;Inversion Financiera;4.13;0.338296;0.338296;1289.39
2009;9;46;al Sector Privado;0.00;0.338296;0.338296;0.00
2009;9;45;al Sector Publico+Remesas al IPV;21.14;0.338296;0.338296;6599.93
2009;9;44;Transferencias para financiar Erogaciones de Capital;21.14;0.338296;0.338296;6599.93
2009;9;43;Trabajos Publicos;43.46;0.338296;0.338296;13568.25
2009;9;42;Bienes de Capital;8.04;0.338296;0.338296;2510.10
2009;9;41;VI. Erogaciones de Capital;76.77;0.338296;0.338296;23967.66
2009;9;40;Resto Otros Recursos de Capital;11.72;0.338296;0.338296;3658.99
2009;9;39;Fondo Residual;-0.09;0.338296;0.338296;-28.10
2009;9;38;Venta de Acciones;0.00;0.338296;0.338296;0.00
2009;9;37;Otros Recursos de Capital;11.63;0.338296;0.338296;3630.90
2009;9;36;Reembolsos de Prestamos;1.97;0.338296;0.338296;615.04
2009;9;35;Reembolsos de Obras Publicas;0.00;0.338296;0.338296;0.00
2009;9;34;V. Recursos de Capital;13.60;0.338296;0.338296;4245.93
2009;9;33;IV.Resultado Economico Neto de Remesas;-86.99;0.338296;0.338296;-27158.36
2009;9;32;Remesas EMT;0.00;0.338296;0.338296;0.00
2009;9;31;Remesas ATM;0.00;0.338296;0.338296;0.00
2009;9;30;Resultado Economico con Remesas;-86.99;0.338296;0.338296;-27158.36
2009;9;29;Otras Erogaciones Corrientes;0.17;0.338296;0.338296;53.07
2009;9;28;Otras Transferencias;52.18;0.338296;0.338296;16290.64
2009;9;27;Municipios;66.40;0.338296;0.338296;20730.14
2009;9;26;Transferencias a Municipios y Otros;118.58;0.338296;0.338296;37020.78
2009;9;25;Intereses y Gastos de la Deuda;7.96;0.338296;0.338296;2485.12
2009;9;24;Otros Servicios;32.48;0.338296;0.338296;10140.29
2009;9;23;Bienes Corrientes;18.65;0.338296;0.338296;5822.55
2009;9;22;Locaciones de Servicio;6.41;0.338296;0.338296;2001.21
2009;9;21;Personal;437.18;0.338296;0.338296;136487.99
2009;9;20;Erogaciones Corrientes;621.43;0.338296;0.338296;194011.00
2009;9;19;Aportes no Reintegrables;17.56;0.338296;0.338296;5482.25
2009;9;18;Coparticipacion Vial;0.00;0.338296;0.338296;0.00
2009;9;17;Ley 25.053 Fdo. Nac. de Incentivo Docente;7.19;0.338296;0.338296;2244.72
2009;9;16;Regimenes Especiales Nacionales s/Financ. Educativo;42.97;0.338296;0.338296;13415.27
2009;9;15;Coparticipacion Federal + Financ. Educativo;210.00;0.338296;0.338296;65562.19
2009;9;14;De Origen Nacional;277.72;0.338296;0.338296;86704.43
2009;9;13;Otros no Tributarios;28.52;0.338296;0.338296;8903.97
2009;9;12;Remesas del Instituto de Juegos y Casino;1.45;0.338296;0.338296;452.69
2009;9;11;Tasas Retributivas de Servicios;12.38;0.338296;0.338296;3865.05
2009;9;10;Regalias;67.81;0.338296;0.338296;21170.34
2009;9;9;No Tributarios;110.16;0.338296;0.338296;34392.05
2009;9;8;Otros Tributarios;0.71;0.338296;0.338296;221.66
2009;9;7;Sellos y Tasas de Justicia;16.73;0.338296;0.338296;5223.12
2009;9;6;Inmobiliario;14.10;0.338296;0.338296;4402.03
2009;9;5;Automotor;10.25;0.338296;0.338296;3200.06
2009;9;4;Ingresos Brutos;104.77;0.338296;0.338296;32709.29
2009;9;3;Tributarios;146.56;0.338296;0.338296;45756.16
2009;9;2;De Origen Provincial;256.72;0.338296;0.338296;80148.21
2009;9;1;Recursos Corrientes;534.44;0.338296;0.338296;166852.65
2009;10;55;Resultado Operativo - Amortizacion de la D Consolidada;93.82;0.340870;0.340870;29069.51
2009;10;54;Amortizacion de la Deuda Consolidada;41.44;0.340870;0.340870;12839.91
2009;10;53;IX. Resultado Operativo (VIII-IX);135.26;0.340870;0.340870;41909.42
2009;10;52;VIII. Egresos Totales (II+V+VI+VII);432.96;0.340870;0.340870;134149.79
2009;10;51;VII. Ingresos Totales (I+IV);568.22;0.340870;0.340870;176059.21
2009;10;50;Otros;0.00;0.340870;0.340870;0.00
2009;10;49;Compra de Acciones, Titulos, Valores, Otros;0.00;0.340870;0.340870;0.00
2009;10;48;Prestamos;4.53;0.340870;0.340870;1403.59
2009;10;47;Inversion Financiera;4.53;0.340870;0.340870;1403.59
2009;10;46;al Sector Privado;0.00;0.340870;0.340870;0.00
2009;10;45;al Sector Publico+Remesas al IPV;14.18;0.340870;0.340870;4393.58
2009;10;44;Transferencias para financiar Erogaciones de Capital;14.18;0.340870;0.340870;4393.58
2009;10;43;Trabajos Publicos;24.82;0.340870;0.340870;7690.31
2009;10;42;Bienes de Capital;14.02;0.340870;0.340870;4344.00
2009;10;41;VI. Erogaciones de Capital;57.55;0.340870;0.340870;17831.49
2009;10;40;Resto Otros Recursos de Capital;16.53;0.340870;0.340870;5121.71
2009;10;39;Fondo Residual;-0.11;0.340870;0.340870;-34.08
2009;10;38;Venta de Acciones;0.00;0.340870;0.340870;0.00
2009;10;37;Otros Recursos de Capital;16.42;0.340870;0.340870;5087.63
2009;10;36;Reembolsos de Prestamos;0.14;0.340870;0.340870;43.38
2009;10;35;Reembolsos de Obras Publicas;0.00;0.340870;0.340870;0.00
2009;10;34;V. Recursos de Capital;16.56;0.340870;0.340870;5131.01
2009;10;33;IV.Resultado Economico Neto de Remesas;176.25;0.340870;0.340870;54609.90
2009;10;32;Remesas EMT;0.00;0.340870;0.340870;0.00
2009;10;31;Remesas ATM;0.00;0.340870;0.340870;0.00
2009;10;30;Resultado Economico con Remesas;176.25;0.340870;0.340870;54609.90
2009;10;29;Otras Erogaciones Corrientes;0.17;0.340870;0.340870;52.67
2009;10;28;Otras Transferencias;65.12;0.340870;0.340870;20177.00
2009;10;27;Municipios;70.07;0.340870;0.340870;21710.73
2009;10;26;Transferencias a Municipios y Otros;135.19;0.340870;0.340870;41887.73
2009;10;25;Intereses y Gastos de la Deuda;15.74;0.340870;0.340870;4876.93
2009;10;24;Otros Servicios;46.34;0.340870;0.340870;14358.14
2009;10;23;Bienes Corrientes;21.34;0.340870;0.340870;6612.06
2009;10;22;Locaciones de Servicio;8.49;0.340870;0.340870;2630.57
2009;10;21;Personal;148.14;0.340870;0.340870;45900.20
2009;10;20;Erogaciones Corrientes;375.41;0.340870;0.340870;116318.31
2009;10;19;Aportes no Reintegrables;22.51;0.340870;0.340870;6974.57
2009;10;18;Coparticipacion Vial;2.80;0.340870;0.340870;867.56
2009;10;17;Ley 25.053 Fdo. Nac. de Incentivo Docente;7.19;0.340870;0.340870;2227.77
2009;10;16;Regimenes Especiales Nacionales s/Financ. Educativo;49.11;0.340870;0.340870;15216.41
2009;10;15;Coparticipacion Federal + Financ. Educativo;227.99;0.340870;0.340870;70641.19
2009;10;14;De Origen Nacional;309.60;0.340870;0.340870;95927.51
2009;10;13;Otros no Tributarios;28.63;0.340870;0.340870;8870.82
2009;10;12;Remesas del Instituto de Juegos y Casino;4.65;0.340870;0.340870;1440.77
2009;10;11;Tasas Retributivas de Servicios;13.02;0.340870;0.340870;4034.16
2009;10;10;Regalias;61.20;0.340870;0.340870;18962.42
2009;10;9;No Tributarios;107.50;0.340870;0.340870;33308.16
2009;10;8;Otros Tributarios;0.84;0.340870;0.340870;260.27
2009;10;7;Sellos y Tasas de Justicia;15.41;0.340870;0.340870;4774.69
2009;10;6;Inmobiliario;6.45;0.340870;0.340870;1998.49
2009;10;5;Automotor;6.97;0.340870;0.340870;2159.61
2009;10;4;Ingresos Brutos;104.89;0.340870;0.340870;32499.47
2009;10;3;Tributarios;134.56;0.340870;0.340870;41692.53
2009;10;2;De Origen Provincial;242.06;0.340870;0.340870;75000.69
2009;10;1;Recursos Corrientes;551.66;0.340870;0.340870;170928.20
2009;11;55;Resultado Operativo - Amortizacion de la D Consolidada;29.43;0.343546;0.343546;9047.66
2009;11;54;Amortizacion de la Deuda Consolidada;23.06;0.343546;0.343546;7089.33
2009;11;53;IX. Resultado Operativo (VIII-IX);52.49;0.343546;0.343546;16137.00
2009;11;52;VIII. Egresos Totales (II+V+VI+VII);589.92;0.343546;0.343546;181359.05
2009;11;51;VII. Ingresos Totales (I+IV);642.41;0.343546;0.343546;197496.05
2009;11;50;Otros;0.00;0.343546;0.343546;0.00
2009;11;49;Compra de Acciones, Titulos, Valores, Otros;0.00;0.343546;0.343546;0.00
2009;11;48;Prestamos;1.13;0.343546;0.343546;347.40
2009;11;47;Inversion Financiera;1.13;0.343546;0.343546;347.40
2009;11;46;al Sector Privado;0.00;0.343546;0.343546;0.00
2009;11;45;al Sector Publico+Remesas al IPV;14.00;0.343546;0.343546;4304.02
2009;11;44;Transferencias para financiar Erogaciones de Capital;14.00;0.343546;0.343546;4304.02
2009;11;43;Trabajos Publicos;56.73;0.343546;0.343546;17440.50
2009;11;42;Bienes de Capital;5.58;0.343546;0.343546;1715.46
2009;11;41;VI. Erogaciones de Capital;77.44;0.343546;0.343546;23807.37
2009;11;40;Resto Otros Recursos de Capital;9.03;0.343546;0.343546;2776.09
2009;11;39;Fondo Residual;0.79;0.343546;0.343546;242.87
2009;11;38;Venta de Acciones;0.00;0.343546;0.343546;0.00
2009;11;37;Otros Recursos de Capital;9.82;0.343546;0.343546;3018.96
2009;11;36;Reembolsos de Prestamos;0.86;0.343546;0.343546;264.39
2009;11;35;Reembolsos de Obras Publicas;0.00;0.343546;0.343546;0.00
2009;11;34;V. Recursos de Capital;10.68;0.343546;0.343546;3283.35
2009;11;33;IV.Resultado Economico Neto de Remesas;119.25;0.343546;0.343546;36661.02
2009;11;32;Remesas EMT;0.00;0.343546;0.343546;0.00
2009;11;31;Remesas ATM;0.00;0.343546;0.343546;0.00
2009;11;30;Resultado Economico con Remesas;119.25;0.343546;0.343546;36661.02
2009;11;29;Otras Erogaciones Corrientes;0.17;0.343546;0.343546;52.26
2009;11;28;Otras Transferencias;65.08;0.343546;0.343546;20007.54
2009;11;27;Municipios;63.43;0.343546;0.343546;19500.28
2009;11;26;Transferencias a Municipios y Otros;128.51;0.343546;0.343546;39507.82
2009;11;25;Intereses y Gastos de la Deuda;8.49;0.343546;0.343546;2610.08
2009;11;24;Otros Servicios;52.95;0.343546;0.343546;16278.41
2009;11;23;Bienes Corrientes;20.62;0.343546;0.343546;6339.20
2009;11;22;Locaciones de Servicio;6.61;0.343546;0.343546;2032.11
2009;11;21;Personal;295.13;0.343546;0.343546;90731.79
2009;11;20;Erogaciones Corrientes;512.48;0.343546;0.343546;157551.68
2009;11;19;Aportes no Reintegrables;40.16;0.343546;0.343546;12346.39
2009;11;18;Coparticipacion Vial;4.99;0.343546;0.343546;1534.08
2009;11;17;Ley 25.053 Fdo. Nac. de Incentivo Docente;0.00;0.343546;0.343546;0.00
2009;11;16;Regimenes Especiales Nacionales s/Financ. Educativo;39.86;0.343546;0.343546;12254.16
2009;11;15;Coparticipacion Federal + Financ. Educativo;208.58;0.343546;0.343546;64123.73
2009;11;14;De Origen Nacional;293.59;0.343546;0.343546;90258.35
2009;11;13;Otros no Tributarios;163.31;0.343546;0.343546;50206.38
2009;11;12;Remesas del Instituto de Juegos y Casino;1.45;0.343546;0.343546;445.77
2009;11;11;Tasas Retributivas de Servicios;12.35;0.343546;0.343546;3796.76
2009;11;10;Regalias;62.61;0.343546;0.343546;19248.19
2009;11;9;No Tributarios;239.72;0.343546;0.343546;73697.10
2009;11;8;Otros Tributarios;0.97;0.343546;0.343546;298.21
2009;11;7;Sellos y Tasas de Justicia;16.80;0.343546;0.343546;5164.82
2009;11;6;Inmobiliario;12.73;0.343546;0.343546;3913.58
2009;11;5;Automotor;5.82;0.343546;0.343546;1789.24
2009;11;4;Ingresos Brutos;62.10;0.343546;0.343546;19091.40
2009;11;3;Tributarios;98.42;0.343546;0.343546;30257.25
2009;11;2;De Origen Provincial;338.14;0.343546;0.343546;103954.35
2009;11;1;Recursos Corrientes;631.73;0.343546;0.343546;194212.70
2009;12;55;Resultado Operativo - Amortizacion de la D Consolidada;-415.97;0.346369;0.346369;-126839.35
2009;12;54;Amortizacion de la Deuda Consolidada;34.90;0.346369;0.346369;10641.86
2009;12;53;IX. Resultado Operativo (VIII-IX);-381.07;0.346369;0.346369;-116197.49
2009;12;52;VIII. Egresos Totales (II+V+VI+VII);1299.78;0.346369;0.346369;396334.47
2009;12;51;VII. Ingresos Totales (I+IV);918.71;0.346369;0.346369;280136.98
2009;12;50;Otros;0.00;0.346369;0.346369;0.00
2009;12;49;Compra de Acciones, Titulos, Valores, Otros;0.00;0.346369;0.346369;0.00
2009;12;48;Prestamos;7.80;0.346369;0.346369;2378.41
2009;12;47;Inversion Financiera;7.80;0.346369;0.346369;2378.41
2009;12;46;al Sector Privado;0.00;0.346369;0.346369;0.00
2009;12;45;al Sector Publico+Remesas al IPV;35.82;0.346369;0.346369;10922.39
2009;12;44;Transferencias para financiar Erogaciones de Capital;35.82;0.346369;0.346369;10922.39
2009;12;43;Trabajos Publicos;64.77;0.346369;0.346369;19749.95
2009;12;42;Bienes de Capital;45.73;0.346369;0.346369;13944.19
2009;12;41;VI. Erogaciones de Capital;154.12;0.346369;0.346369;46994.93
2009;12;40;Resto Otros Recursos de Capital;13.96;0.346369;0.346369;4256.74
2009;12;39;Fondo Residual;2.16;0.346369;0.346369;658.64
2009;12;38;Venta de Acciones;0.00;0.346369;0.346369;0.00
2009;12;37;Otros Recursos de Capital;16.12;0.346369;0.346369;4915.38
2009;12;36;Reembolsos de Prestamos;1.70;0.346369;0.346369;518.37
2009;12;35;Reembolsos de Obras Publicas;0.00;0.346369;0.346369;0.00
2009;12;34;V. Recursos de Capital;17.82;0.346369;0.346369;5433.75
2009;12;33;IV.Resultado Economico Neto de Remesas;-244.77;0.346369;0.346369;-74636.31
2009;12;32;Remesas EMT;0.00;0.346369;0.346369;0.00
2009;12;31;Remesas ATM;0.00;0.346369;0.346369;0.00
2009;12;30;Resultado Economico con Remesas;-244.77;0.346369;0.346369;-74636.31
2009;12;29;Otras Erogaciones Corrientes;0.17;0.346369;0.346369;51.84
2009;12;28;Otras Transferencias;98.55;0.346369;0.346369;30050.29
2009;12;27;Municipios;87.88;0.346369;0.346369;26796.74
2009;12;26;Transferencias a Municipios y Otros;186.43;0.346369;0.346369;56847.03
2009;12;25;Intereses y Gastos de la Deuda;18.45;0.346369;0.346369;5625.85
2009;12;24;Otros Servicios;405.20;0.346369;0.346369;123555.31
2009;12;23;Bienes Corrientes;49.82;0.346369;0.346369;15191.33
2009;12;22;Locaciones de Servicio;11.32;0.346369;0.346369;3451.74
2009;12;21;Personal;474.27;0.346369;0.346369;144616.43
2009;12;20;Erogaciones Corrientes;1145.66;0.346369;0.346369;349339.54
2009;12;19;Aportes no Reintegrables;136.69;0.346369;0.346369;41680.10
2009;12;18;Coparticipacion Vial;2.99;0.346369;0.346369;911.72
2009;12;17;Ley 25.053 Fdo. Nac. de Incentivo Docente;14.38;0.346369;0.346369;4384.81
2009;12;16;Regimenes Especiales Nacionales s/Financ. Educativo;65.01;0.346369;0.346369;19823.13
2009;12;15;Coparticipacion Federal + Financ. Educativo;237.71;0.346369;0.346369;72483.55
2009;12;14;De Origen Nacional;456.78;0.346369;0.346369;139283.31
2009;12;13;Otros no Tributarios;54.53;0.346369;0.346369;16627.52
2009;12;12;Remesas del Instituto de Juegos y Casino;17.17;0.346369;0.346369;5235.55
2009;12;11;Tasas Retributivas de Servicios;18.03;0.346369;0.346369;5497.78
2009;12;10;Regalias;63.74;0.346369;0.346369;19435.87
2009;12;9;No Tributarios;153.47;0.346369;0.346369;46796.73
2009;12;8;Otros Tributarios;1.56;0.346369;0.346369;475.68
2009;12;7;Sellos y Tasas de Justicia;19.19;0.346369;0.346369;5851.50
2009;12;6;Inmobiliario;7.18;0.346369;0.346369;2189.36
2009;12;5;Automotor;8.43;0.346369;0.346369;2570.51
2009;12;4;Ingresos Brutos;254.28;0.346369;0.346369;77536.14
2009;12;3;Tributarios;290.64;0.346369;0.346369;88623.19
2009;12;2;De Origen Provincial;444.11;0.346369;0.346369;135419.92
2009;12;1;Recursos Corrientes;900.89;0.346369;0.346369;274703.23
2010;1;55;Resultado Operativo - Amortizacion de la D Consolidada;29.91;0.349528;0.349528;9037.86
2010;1;54;Amortizacion de la Deuda Consolidada;20.92;0.349528;0.349528;6321.36
2010;1;53;IX. Resultado Operativo (VIII-IX);50.83;0.349528;0.349528;15359.22
2010;1;52;VIII. Egresos Totales (II+V+VI+VII);375.68;0.349528;0.349528;113518.62
2010;1;51;VII. Ingresos Totales (I+IV);426.51;0.349528;0.349528;128877.84
2010;1;50;Otros;0.00;0.349528;0.349528;0.00
2010;1;49;Compra de Acciones, Titulos, Valores, Otros;0.00;0.349528;0.349528;0.00
2010;1;48;Prestamos;0.91;0.349528;0.349528;274.97
2010;1;47;Inversion Financiera;0.91;0.349528;0.349528;274.97
2010;1;46;al Sector Privado;0.00;0.349528;0.349528;0.00
2010;1;45;al Sector Publico+Remesas al IPV;1.97;0.349528;0.349528;595.27
2010;1;44;Transferencias para financiar Erogaciones de Capital;1.97;0.349528;0.349528;595.27
2010;1;43;Trabajos Publicos;5.19;0.349528;0.349528;1568.25
2010;1;42;Bienes de Capital;0.23;0.349528;0.349528;69.50
2010;1;41;VI. Erogaciones de Capital;8.30;0.349528;0.349528;2508.00
2010;1;40;Resto Otros Recursos de Capital;9.92;0.349528;0.349528;2997.51
2010;1;39;Fondo Residual;0.00;0.349528;0.349528;0.00
2010;1;38;Venta de Acciones;0.00;0.349528;0.349528;0.00
2010;1;37;Otros Recursos de Capital;9.92;0.349528;0.349528;2997.51
2010;1;36;Reembolsos de Prestamos;1.63;0.349528;0.349528;492.53
2010;1;35;Reembolsos de Obras Publicas;0.00;0.349528;0.349528;0.00
2010;1;34;V. Recursos de Capital;11.55;0.349528;0.349528;3490.04
2010;1;33;IV.Resultado Economico Neto de Remesas;47.58;0.349528;0.349528;14377.17
2010;1;32;Remesas EMT;0.00;0.349528;0.349528;0.00
2010;1;31;Remesas ATM;0.00;0.349528;0.349528;0.00
2010;1;30;Resultado Economico con Remesas;47.58;0.349528;0.349528;14377.17
2010;1;29;Otras Erogaciones Corrientes;0.13;0.349528;0.349528;39.28
2010;1;28;Otras Transferencias;28.63;0.349528;0.349528;8651.08
2010;1;27;Municipios;56.79;0.349528;0.349528;17160.14
2010;1;26;Transferencias a Municipios y Otros;85.42;0.349528;0.349528;25811.22
2010;1;25;Intereses y Gastos de la Deuda;1.92;0.349528;0.349528;580.16
2010;1;24;Otros Servicios;22.41;0.349528;0.349528;6771.59
2010;1;23;Bienes Corrientes;2.85;0.349528;0.349528;861.18
2010;1;22;Locaciones de Servicio;5.59;0.349528;0.349528;1689.12
2010;1;21;Personal;249.06;0.349528;0.349528;75258.06
2010;1;20;Erogaciones Corrientes;367.38;0.349528;0.349528;111010.63
2010;1;19;Aportes no Reintegrables;10.60;0.349528;0.349528;3202.98
2010;1;18;Coparticipacion Vial;2.06;0.349528;0.349528;622.47
2010;1;17;Ley 25.053 Fdo. Nac. de Incentivo Docente;0.00;0.349528;0.349528;0.00
2010;1;16;Regimenes Especiales Nacionales s/Financ. Educativo;26.15;0.349528;0.349528;7901.70
2010;1;15;Coparticipacion Federal + Financ. Educativo;215.01;0.349528;0.349528;64969.23
2010;1;14;De Origen Nacional;253.82;0.349528;0.349528;76696.38
2010;1;13;Otros no Tributarios;16.12;0.349528;0.349528;4870.95
2010;1;12;Remesas del Instituto de Juegos y Casino;0.00;0.349528;0.349528;0.00
2010;1;11;Tasas Retributivas de Servicios;7.63;0.349528;0.349528;2305.54
2010;1;10;Regalias;64.65;0.349528;0.349528;19535.19
2010;1;9;No Tributarios;88.40;0.349528;0.349528;26711.69
2010;1;8;Otros Tributarios;0.83;0.349528;0.349528;250.80
2010;1;7;Sellos y Tasas de Justicia;14.03;0.349528;0.349528;4239.42
2010;1;6;Inmobiliario;4.14;0.349528;0.349528;1250.98
2010;1;5;Automotor;4.19;0.349528;0.349528;1266.09
2010;1;4;Ingresos Brutos;49.55;0.349528;0.349528;14972.44
2010;1;3;Tributarios;72.74;0.349528;0.349528;21979.73
2010;1;2;De Origen Provincial;161.14;0.349528;0.349528;48691.42
2010;1;1;Recursos Corrientes;414.96;0.349528;0.349528;125387.80
2010;2;55;Resultado Operativo - Amortizacion de la D Consolidada;46.00;0.353081;0.353081;13759.88
2010;2;54;Amortizacion de la Deuda Consolidada;52.16;0.353081;0.353081;15602.50
2010;2;53;IX. Resultado Operativo (VIII-IX);98.16;0.353081;0.353081;29362.38
2010;2;52;VIII. Egresos Totales (II+V+VI+VII);531.06;0.353081;0.353081;158854.77
2010;2;51;VII. Ingresos Totales (I+IV);629.22;0.353081;0.353081;188217.14
2010;2;50;Otros;0.00;0.353081;0.353081;0.00
2010;2;49;Compra de Acciones, Titulos, Valores, Otros;0.00;0.353081;0.353081;0.00
2010;2;48;Prestamos;0.92;0.353081;0.353081;275.20
2010;2;47;Inversion Financiera;0.92;0.353081;0.353081;275.20
2010;2;46;al Sector Privado;0.00;0.353081;0.353081;0.00
2010;2;45;al Sector Publico+Remesas al IPV;5.53;0.353081;0.353081;1654.18
2010;2;44;Transferencias para financiar Erogaciones de Capital;5.53;0.353081;0.353081;1654.18
2010;2;43;Trabajos Publicos;20.29;0.353081;0.353081;6069.30
2010;2;42;Bienes de Capital;2.83;0.353081;0.353081;846.53
2010;2;41;VI. Erogaciones de Capital;29.57;0.353081;0.353081;8845.21
2010;2;40;Resto Otros Recursos de Capital;16.65;0.353081;0.353081;4980.48
2010;2;39;Fondo Residual;1.91;0.353081;0.353081;571.33
2010;2;38;Venta de Acciones;0.00;0.353081;0.353081;0.00
2010;2;37;Otros Recursos de Capital;18.56;0.353081;0.353081;5551.81
2010;2;36;Reembolsos de Prestamos;3.09;0.353081;0.353081;924.30
2010;2;35;Reembolsos de Obras Publicas;0.00;0.353081;0.353081;0.00
2010;2;34;V. Recursos de Capital;21.65;0.353081;0.353081;6476.12
2010;2;33;IV.Resultado Economico Neto de Remesas;106.08;0.353081;0.353081;31731.47
2010;2;32;Remesas EMT;0.00;0.353081;0.353081;0.00
2010;2;31;Remesas ATM;0.00;0.353081;0.353081;0.00
2010;2;30;Resultado Economico con Remesas;106.08;0.353081;0.353081;31731.47
2010;2;29;Otras Erogaciones Corrientes;0.16;0.353081;0.353081;47.86
2010;2;28;Otras Transferencias;60.33;0.353081;0.353081;18046.38
2010;2;27;Municipios;85.96;0.353081;0.353081;25713.02
2010;2;26;Transferencias a Municipios y Otros;146.29;0.353081;0.353081;43759.39
2010;2;25;Intereses y Gastos de la Deuda;34.79;0.353081;0.353081;10406.65
2010;2;24;Otros Servicios;15.67;0.353081;0.353081;4687.33
2010;2;23;Bienes Corrientes;10.16;0.353081;0.353081;3039.14
2010;2;22;Locaciones de Servicio;6.78;0.353081;0.353081;2028.09
2010;2;21;Personal;287.64;0.353081;0.353081;86041.10
2010;2;20;Erogaciones Corrientes;501.49;0.353081;0.353081;150009.56
2010;2;19;Aportes no Reintegrables;64.62;0.353081;0.353081;19329.63
2010;2;18;Coparticipacion Vial;0.38;0.353081;0.353081;113.67
2010;2;17;Ley 25.053 Fdo. Nac. de Incentivo Docente;14.48;0.353081;0.353081;4331.37
2010;2;16;Regimenes Especiales Nacionales s/Financ. Educativo;26.92;0.353081;0.353081;8052.52
2010;2;15;Coparticipacion Federal + Financ. Educativo;220.31;0.353081;0.353081;65900.83
2010;2;14;De Origen Nacional;326.71;0.353081;0.353081;97728.02
2010;2;13;Otros no Tributarios;65.99;0.353081;0.353081;19739.44
2010;2;12;Remesas del Instituto de Juegos y Casino;1.90;0.353081;0.353081;568.34
2010;2;11;Tasas Retributivas de Servicios;13.90;0.353081;0.353081;4157.88
2010;2;10;Regalias;69.63;0.353081;0.353081;20828.26
2010;2;9;No Tributarios;151.42;0.353081;0.353081;45293.92
2010;2;8;Otros Tributarios;0.04;0.353081;0.353081;11.97
2010;2;7;Sellos y Tasas de Justicia;17.15;0.353081;0.353081;5130.04
2010;2;6;Inmobiliario;3.92;0.353081;0.353081;1172.58
2010;2;5;Automotor;39.45;0.353081;0.353081;11800.59
2010;2;4;Ingresos Brutos;68.88;0.353081;0.353081;20603.92
2010;2;3;Tributarios;129.44;0.353081;0.353081;38719.09
2010;2;2;De Origen Provincial;280.86;0.353081;0.353081;84013.01
2010;2;1;Recursos Corrientes;607.57;0.353081;0.353081;181741.03
2010;3;55;Resultado Operativo - Amortizacion de la D Consolidada;42.03;0.357323;0.357323;12423.08
2010;3;54;Amortizacion de la Deuda Consolidada;28.96;0.357323;0.357323;8559.90
2010;3;53;IX. Resultado Operativo (VIII-IX);70.99;0.357323;0.357323;20982.98
2010;3;52;VIII. Egresos Totales (II+V+VI+VII);601.19;0.357323;0.357323;177697.69
2010;3;51;VII. Ingresos Totales (I+IV);672.18;0.357323;0.357323;198680.67
2010;3;50;Otros;0.00;0.357323;0.357323;0.00
2010;3;49;Compra de Acciones, Titulos, Valores, Otros;0.00;0.357323;0.357323;0.00
2010;3;48;Prestamos;0.97;0.357323;0.357323;286.71
2010;3;47;Inversion Financiera;0.97;0.357323;0.357323;286.71
2010;3;46;al Sector Privado;0.00;0.357323;0.357323;0.00
2010;3;45;al Sector Publico+Remesas al IPV;6.80;0.357323;0.357323;2009.92
2010;3;44;Transferencias para financiar Erogaciones de Capital;6.80;0.357323;0.357323;2009.92
2010;3;43;Trabajos Publicos;58.28;0.357323;0.357323;17226.20
2010;3;42;Bienes de Capital;4.61;0.357323;0.357323;1362.61
2010;3;41;VI. Erogaciones de Capital;70.66;0.357323;0.357323;20885.44
2010;3;40;Resto Otros Recursos de Capital;12.49;0.357323;0.357323;3691.75
2010;3;39;Fondo Residual;2.50;0.357323;0.357323;738.94
2010;3;38;Venta de Acciones;0.00;0.357323;0.357323;0.00
2010;3;37;Otros Recursos de Capital;14.99;0.357323;0.357323;4430.69
2010;3;36;Reembolsos de Prestamos;1.27;0.357323;0.357323;375.38
2010;3;35;Reembolsos de Obras Publicas;0.00;0.357323;0.357323;0.00
2010;3;34;V. Recursos de Capital;16.26;0.357323;0.357323;4806.08
2010;3;33;IV.Resultado Economico Neto de Remesas;125.39;0.357323;0.357323;37062.35
2010;3;32;Remesas EMT;0.00;0.357323;0.357323;0.00
2010;3;31;Remesas ATM;0.00;0.357323;0.357323;0.00
2010;3;30;Resultado Economico con Remesas;125.39;0.357323;0.357323;37062.35
2010;3;29;Otras Erogaciones Corrientes;0.16;0.357323;0.357323;47.29
2010;3;28;Otras Transferencias;52.10;0.357323;0.357323;15399.54
2010;3;27;Municipios;101.02;0.357323;0.357323;29859.15
2010;3;26;Transferencias a Municipios y Otros;153.12;0.357323;0.357323;45258.69
2010;3;25;Intereses y Gastos de la Deuda;10.35;0.357323;0.357323;3059.22
2010;3;24;Otros Servicios;38.13;0.357323;0.357323;11270.34
2010;3;23;Bienes Corrientes;14.67;0.357323;0.357323;4336.11
2010;3;22;Locaciones de Servicio;7.51;0.357323;0.357323;2219.78
2010;3;21;Personal;306.59;0.357323;0.357323;90620.83
2010;3;20;Erogaciones Corrientes;530.53;0.357323;0.357323;156812.25
2010;3;19;Aportes no Reintegrables;60.48;0.357323;0.357323;17876.47
2010;3;18;Coparticipacion Vial;7.80;0.357323;0.357323;2305.50
2010;3;17;Ley 25.053 Fdo. Nac. de Incentivo Docente;7.61;0.357323;0.357323;2249.34
2010;3;16;Regimenes Especiales Nacionales s/Financ. Educativo;33.93;0.357323;0.357323;10028.91
2010;3;15;Coparticipacion Federal + Financ. Educativo;245.64;0.357323;0.357323;72605.43
2010;3;14;De Origen Nacional;355.46;0.357323;0.357323;105065.66
2010;3;13;Otros no Tributarios;46.08;0.357323;0.357323;13620.17
2010;3;12;Remesas del Instituto de Juegos y Casino;18.85;0.357323;0.357323;5571.62
2010;3;11;Tasas Retributivas de Servicios;18.32;0.357323;0.357323;5414.96
2010;3;10;Regalias;65.62;0.357323;0.357323;19395.74
2010;3;9;No Tributarios;148.87;0.357323;0.357323;44002.49
2010;3;8;Otros Tributarios;1.59;0.357323;0.357323;469.97
2010;3;7;Sellos y Tasas de Justicia;18.05;0.357323;0.357323;5335.16
2010;3;6;Inmobiliario;43.79;0.357323;0.357323;12943.30
2010;3;5;Automotor;14.26;0.357323;0.357323;4214.92
2010;3;4;Ingresos Brutos;73.90;0.357323;0.357323;21843.11
2010;3;3;Tributarios;151.59;0.357323;0.357323;44806.46
2010;3;2;De Origen Provincial;300.46;0.357323;0.357323;88808.94
2010;3;1;Recursos Corrientes;655.92;0.357323;0.357323;193874.60
2010;4;55;Resultado Operativo - Amortizacion de la D Consolidada;518.17;0.361491;0.361491;151393.00
2010;4;54;Amortizacion de la Deuda Consolidada;46.17;0.361491;0.361491;13489.42
2010;4;53;IX. Resultado Operativo (VIII-IX);564.34;0.361491;0.361491;164882.42
2010;4;52;VIII. Egresos Totales (II+V+VI+VII);660.00;0.361491;0.361491;192831.27
2010;4;51;VII. Ingresos Totales (I+IV);1224.34;0.361491;0.361491;357713.69
2010;4;50;Otros;0.00;0.361491;0.361491;0.00
2010;4;49;Compra de Acciones, Titulos, Valores, Otros;0.00;0.361491;0.361491;0.00
2010;4;48;Prestamos;3.85;0.361491;0.361491;1124.85
2010;4;47;Inversion Financiera;3.85;0.361491;0.361491;1124.85
2010;4;46;al Sector Privado;0.00;0.361491;0.361491;0.00
2010;4;45;al Sector Publico+Remesas al IPV;6.64;0.361491;0.361491;1940.00
2010;4;44;Transferencias para financiar Erogaciones de Capital;6.64;0.361491;0.361491;1940.00
2010;4;43;Trabajos Publicos;38.31;0.361491;0.361491;11192.98
2010;4;42;Bienes de Capital;6.99;0.361491;0.361491;2042.26
2010;4;41;VI. Erogaciones de Capital;55.79;0.361491;0.361491;16300.09
2010;4;40;Resto Otros Recursos de Capital;27.42;0.361491;0.361491;8011.26
2010;4;39;Fondo Residual;3.74;0.361491;0.361491;1092.71
2010;4;38;Venta de Acciones;0.00;0.361491;0.361491;0.00
2010;4;37;Otros Recursos de Capital;31.16;0.361491;0.361491;9103.97
2010;4;36;Reembolsos de Prestamos;8.16;0.361491;0.361491;2384.10
2010;4;35;Reembolsos de Obras Publicas;0.00;0.361491;0.361491;0.00
2010;4;34;V. Recursos de Capital;39.32;0.361491;0.361491;11488.07
2010;4;33;IV.Resultado Economico Neto de Remesas;580.81;0.361491;0.361491;169694.44
2010;4;32;Remesas EMT;0.00;0.361491;0.361491;0.00
2010;4;31;Remesas ATM;0.00;0.361491;0.361491;0.00
2010;4;30;Resultado Economico con Remesas;580.81;0.361491;0.361491;169694.44
2010;4;29;Otras Erogaciones Corrientes;0.16;0.361491;0.361491;46.75
2010;4;28;Otras Transferencias;90.25;0.361491;0.361491;26368.22
2010;4;27;Municipios;92.86;0.361491;0.361491;27130.78
2010;4;26;Transferencias a Municipios y Otros;183.11;0.361491;0.361491;53498.99
2010;4;25;Intereses y Gastos de la Deuda;17.91;0.361491;0.361491;5232.74
2010;4;24;Otros Servicios;43.83;0.361491;0.361491;12805.75
2010;4;23;Bienes Corrientes;25.05;0.361491;0.361491;7318.82
2010;4;22;Locaciones de Servicio;8.22;0.361491;0.361491;2401.63
2010;4;21;Personal;325.93;0.361491;0.361491;95226.51
2010;4;20;Erogaciones Corrientes;604.21;0.361491;0.361491;176531.18
2010;4;19;Aportes no Reintegrables;20.92;0.361491;0.361491;6112.17
2010;4;18;Coparticipacion Vial;0.83;0.361491;0.361491;242.50
2010;4;17;Ley 25.053 Fdo. Nac. de Incentivo Docente;7.61;0.361491;0.361491;2223.40
2010;4;16;Regimenes Especiales Nacionales s/Financ. Educativo;36.47;0.361491;0.361491;10655.39
2010;4;15;Coparticipacion Federal + Financ. Educativo;232.31;0.361491;0.361491;67873.68
2010;4;14;De Origen Nacional;298.14;0.361491;0.361491;87107.14
2010;4;13;Otros no Tributarios;30.49;0.361491;0.361491;8908.22
2010;4;12;Remesas del Instituto de Juegos y Casino;4.00;0.361491;0.361491;1168.67
2010;4;11;Tasas Retributivas de Servicios;11.79;0.361491;0.361491;3444.67
2010;4;10;Regalias;78.70;0.361491;0.361491;22993.67
2010;4;9;No Tributarios;124.98;0.361491;0.361491;36515.23
2010;4;8;Otros Tributarios;0.54;0.361491;0.361491;157.77
2010;4;7;Sellos y Tasas de Justicia;16.50;0.361491;0.361491;4820.78
2010;4;6;Inmobiliario;6.97;0.361491;0.361491;2036.42
2010;4;5;Automotor;16.54;0.361491;0.361491;4832.47
2010;4;4;Ingresos Brutos;721.35;0.361491;0.361491;210755.81
2010;4;3;Tributarios;761.90;0.361491;0.361491;222603.25
2010;4;2;De Origen Provincial;199.11;0.361491;0.361491;58173.69
2010;4;1;Recursos Corrientes;1185.02;0.361491;0.361491;346225.62
2010;5;55;Resultado Operativo - Amortizacion de la D Consolidada;-533.35;0.364708;0.364708;-154453.59
2010;5;54;Amortizacion de la Deuda Consolidada;50.89;0.364708;0.364708;14737.31
2010;5;53;IX. Resultado Operativo (VIII-IX);-482.46;0.364708;0.364708;-139716.29
2010;5;52;VIII. Egresos Totales (II+V+VI+VII);705.50;0.364708;0.364708;204306.76
2010;5;51;VII. Ingresos Totales (I+IV);223.04;0.364708;0.364708;64590.47
2010;5;50;Otros;0.00;0.364708;0.364708;0.00
2010;5;49;Compra de Acciones, Titulos, Valores, Otros;0.00;0.364708;0.364708;0.00
2010;5;48;Prestamos;1.28;0.364708;0.364708;370.68
2010;5;47;Inversion Financiera;1.28;0.364708;0.364708;370.68
2010;5;46;al Sector Privado;0.00;0.364708;0.364708;0.00
2010;5;45;al Sector Publico+Remesas al IPV;12.60;0.364708;0.364708;3648.85
2010;5;44;Transferencias para financiar Erogaciones de Capital;12.60;0.364708;0.364708;3648.85
2010;5;43;Trabajos Publicos;26.05;0.364708;0.364708;7543.86
2010;5;42;Bienes de Capital;28.00;0.364708;0.364708;8108.56
2010;5;41;VI. Erogaciones de Capital;67.93;0.364708;0.364708;19671.95
2010;5;40;Resto Otros Recursos de Capital;28.36;0.364708;0.364708;8212.81
2010;5;39;Fondo Residual;1.41;0.364708;0.364708;408.32
2010;5;38;Venta de Acciones;0.00;0.364708;0.364708;0.00
2010;5;37;Otros Recursos de Capital;29.77;0.364708;0.364708;8621.14
2010;5;36;Reembolsos de Prestamos;1.60;0.364708;0.364708;463.35
2010;5;35;Reembolsos de Obras Publicas;0.00;0.364708;0.364708;0.00
2010;5;34;V. Recursos de Capital;31.37;0.364708;0.364708;9084.48
2010;5;33;IV.Resultado Economico Neto de Remesas;-445.90;0.364708;0.364708;-129128.82
2010;5;32;Remesas EMT;0.00;0.364708;0.364708;0.00
2010;5;31;Remesas ATM;0.00;0.364708;0.364708;0.00
2010;5;30;Resultado Economico con Remesas;-445.90;0.364708;0.364708;-129128.82
2010;5;29;Otras Erogaciones Corrientes;0.16;0.364708;0.364708;46.33
2010;5;28;Otras Transferencias;78.22;0.364708;0.364708;22651.84
2010;5;27;Municipios;98.42;0.364708;0.364708;28501.59
2010;5;26;Transferencias a Municipios y Otros;176.64;0.364708;0.364708;51153.43
2010;5;25;Intereses y Gastos de la Deuda;19.10;0.364708;0.364708;5531.20
2010;5;24;Otros Servicios;44.57;0.364708;0.364708;12907.09
2010;5;23;Bienes Corrientes;25.01;0.364708;0.364708;7242.68
2010;5;22;Locaciones de Servicio;7.80;0.364708;0.364708;2258.81
2010;5;21;Personal;364.29;0.364708;0.364708;105495.27
2010;5;20;Erogaciones Corrientes;637.57;0.364708;0.364708;184634.81
2010;5;19;Aportes no Reintegrables;24.13;0.364708;0.364708;6987.84
2010;5;18;Coparticipacion Vial;3.45;0.364708;0.364708;999.09
2010;5;17;Ley 25.053 Fdo. Nac. de Incentivo Docente;7.61;0.364708;0.364708;2203.79
2010;5;16;Regimenes Especiales Nacionales s/Financ. Educativo;98.16;0.364708;0.364708;28426.30
2010;5;15;Coparticipacion Federal + Financ. Educativo;336.14;0.364708;0.364708;97343.27
2010;5;14;De Origen Nacional;469.49;0.364708;0.364708;135960.29
2010;5;13;Otros no Tributarios;34.42;0.364708;0.364708;9967.74
2010;5;12;Remesas del Instituto de Juegos y Casino;1.45;0.364708;0.364708;419.91
2010;5;11;Tasas Retributivas de Servicios;14.03;0.364708;0.364708;4062.97
2010;5;10;Regalias;68.58;0.364708;0.364708;19860.18
2010;5;9;No Tributarios;118.48;0.364708;0.364708;34310.79
2010;5;8;Otros Tributarios;1.09;0.364708;0.364708;315.65
2010;5;7;Sellos y Tasas de Justicia;18.27;0.364708;0.364708;5290.84
2010;5;6;Inmobiliario;15.26;0.364708;0.364708;4419.17
2010;5;5;Automotor;10.28;0.364708;0.364708;2977.00
2010;5;4;Ingresos Brutos;-441.20;0.364708;0.364708;-127767.74
2010;5;3;Tributarios;-396.30;0.364708;0.364708;-114765.09
2010;5;2;De Origen Provincial;210.80;0.364708;0.364708;61045.88
2010;5;1;Recursos Corrientes;191.67;0.364708;0.364708;55505.99
2010;6;55;Resultado Operativo - Amortizacion de la D Consolidada;-7.87;0.367501;0.367501;-2261.76
2010;6;54;Amortizacion de la Deuda Consolidada;3.27;0.367501;0.367501;939.77
2010;6;53;IX. Resultado Operativo (VIII-IX);-4.60;0.367501;0.367501;-1322.00
2010;6;52;VIII. Egresos Totales (II+V+VI+VII);845.55;0.367501;0.367501;243003.08
2010;6;51;VII. Ingresos Totales (I+IV);840.95;0.367501;0.367501;241681.08
2010;6;50;Otros;0.00;0.367501;0.367501;0.00
2010;6;49;Compra de Acciones, Titulos, Valores, Otros;0.00;0.367501;0.367501;0.00
2010;6;48;Prestamos;8.50;0.367501;0.367501;2442.82
2010;6;47;Inversion Financiera;8.50;0.367501;0.367501;2442.82
2010;6;46;al Sector Privado;0.00;0.367501;0.367501;0.00
2010;6;45;al Sector Publico+Remesas al IPV;12.09;0.367501;0.367501;3474.55
2010;6;44;Transferencias para financiar Erogaciones de Capital;12.09;0.367501;0.367501;3474.55
2010;6;43;Trabajos Publicos;52.93;0.367501;0.367501;15211.58
2010;6;42;Bienes de Capital;6.82;0.367501;0.367501;1960.00
2010;6;41;VI. Erogaciones de Capital;80.34;0.367501;0.367501;23088.96
2010;6;40;Resto Otros Recursos de Capital;32.34;0.367501;0.367501;9294.21
2010;6;39;Fondo Residual;0.88;0.367501;0.367501;252.90
2010;6;38;Venta de Acciones;0.00;0.367501;0.367501;0.00
2010;6;37;Otros Recursos de Capital;33.22;0.367501;0.367501;9547.11
2010;6;36;Reembolsos de Prestamos;2.35;0.367501;0.367501;675.37
2010;6;35;Reembolsos de Obras Publicas;0.00;0.367501;0.367501;0.00
2010;6;34;V. Recursos de Capital;35.57;0.367501;0.367501;10222.48
2010;6;33;IV.Resultado Economico Neto de Remesas;40.17;0.367501;0.367501;11544.48
2010;6;32;Remesas EMT;0.00;0.367501;0.367501;0.00
2010;6;31;Remesas ATM;0.00;0.367501;0.367501;0.00
2010;6;30;Resultado Economico con Remesas;40.17;0.367501;0.367501;11544.48
2010;6;29;Otras Erogaciones Corrientes;0.16;0.367501;0.367501;45.98
2010;6;28;Otras Transferencias;74.74;0.367501;0.367501;21479.57
2010;6;27;Municipios;116.60;0.367501;0.367501;33509.74
2010;6;26;Transferencias a Municipios y Otros;191.34;0.367501;0.367501;54989.31
2010;6;25;Intereses y Gastos de la Deuda;2.79;0.367501;0.367501;801.82
2010;6;24;Otros Servicios;48.16;0.367501;0.367501;13840.73
2010;6;23;Bienes Corrientes;27.82;0.367501;0.367501;7995.21
2010;6;22;Locaciones de Servicio;8.80;0.367501;0.367501;2529.04
2010;6;21;Personal;486.14;0.367501;0.367501;139712.04
2010;6;20;Erogaciones Corrientes;765.21;0.367501;0.367501;219914.12
2010;6;19;Aportes no Reintegrables;24.92;0.367501;0.367501;7161.77
2010;6;18;Coparticipacion Vial;3.00;0.367501;0.367501;862.17
2010;6;17;Ley 25.053 Fdo. Nac. de Incentivo Docente;7.65;0.367501;0.367501;2198.54
2010;6;16;Regimenes Especiales Nacionales s/Financ. Educativo;76.70;0.367501;0.367501;22042.86
2010;6;15;Coparticipacion Federal + Financ. Educativo;339.80;0.367501;0.367501;97655.31
2010;6;14;De Origen Nacional;452.07;0.367501;0.367501;129920.65
2010;6;13;Otros no Tributarios;34.91;0.367501;0.367501;10032.80
2010;6;12;Remesas del Instituto de Juegos y Casino;15.06;0.367501;0.367501;4328.10
2010;6;11;Tasas Retributivas de Servicios;16.06;0.367501;0.367501;4615.49
2010;6;10;Regalias;75.59;0.367501;0.367501;21723.85
2010;6;9;No Tributarios;141.62;0.367501;0.367501;40700.25
2010;6;8;Otros Tributarios;0.90;0.367501;0.367501;258.65
2010;6;7;Sellos y Tasas de Justicia;18.92;0.367501;0.367501;5437.43
2010;6;6;Inmobiliario;7.30;0.367501;0.367501;2097.95
2010;6;5;Automotor;21.06;0.367501;0.367501;6052.45
2010;6;4;Ingresos Brutos;163.51;0.367501;0.367501;46991.23
2010;6;3;Tributarios;211.69;0.367501;0.367501;60837.71
2010;6;2;De Origen Provincial;353.31;0.367501;0.367501;101537.96
2010;6;1;Recursos Corrientes;805.38;0.367501;0.367501;231458.60
2010;7;55;Resultado Operativo - Amortizacion de la D Consolidada;-54.64;0.370192;0.370192;-15588.87
2010;7;54;Amortizacion de la Deuda Consolidada;23.54;0.370192;0.370192;6716.00
2010;7;53;IX. Resultado Operativo (VIII-IX);-31.10;0.370192;0.370192;-8872.88
2010;7;52;VIII. Egresos Totales (II+V+VI+VII);730.85;0.370192;0.370192;208512.57
2010;7;51;VII. Ingresos Totales (I+IV);699.75;0.370192;0.370192;199639.69
2010;7;50;Otros;0.00;0.370192;0.370192;0.00
2010;7;49;Compra de Acciones, Titulos, Valores, Otros;0.00;0.370192;0.370192;0.00
2010;7;48;Prestamos;4.31;0.370192;0.370192;1229.65
2010;7;47;Inversion Financiera;4.31;0.370192;0.370192;1229.65
2010;7;46;al Sector Privado;0.00;0.370192;0.370192;0.00
2010;7;45;al Sector Publico+Remesas al IPV;10.52;0.370192;0.370192;3001.37
2010;7;44;Transferencias para financiar Erogaciones de Capital;10.52;0.370192;0.370192;3001.37
2010;7;43;Trabajos Publicos;60.17;0.370192;0.370192;17166.59
2010;7;42;Bienes de Capital;4.40;0.370192;0.370192;1255.33
2010;7;41;VI. Erogaciones de Capital;79.40;0.370192;0.370192;22652.94
2010;7;40;Resto Otros Recursos de Capital;34.45;0.370192;0.370192;9828.64
2010;7;39;Fondo Residual;0.82;0.370192;0.370192;233.95
2010;7;38;Venta de Acciones;0.00;0.370192;0.370192;0.00
2010;7;37;Otros Recursos de Capital;35.27;0.370192;0.370192;10062.58
2010;7;36;Reembolsos de Prestamos;7.91;0.370192;0.370192;2256.73
2010;7;35;Reembolsos de Obras Publicas;0.00;0.370192;0.370192;0.00
2010;7;34;V. Recursos de Capital;43.18;0.370192;0.370192;12319.32
2010;7;33;IV.Resultado Economico Neto de Remesas;5.12;0.370192;0.370192;1460.74
2010;7;32;Remesas EMT;0.00;0.370192;0.370192;0.00
2010;7;31;Remesas ATM;0.00;0.370192;0.370192;0.00
2010;7;30;Resultado Economico con Remesas;5.12;0.370192;0.370192;1460.74
2010;7;29;Otras Erogaciones Corrientes;0.16;0.370192;0.370192;45.65
2010;7;28;Otras Transferencias;68.48;0.370192;0.370192;19537.44
2010;7;27;Municipios;108.39;0.370192;0.370192;30923.82
2010;7;26;Transferencias a Municipios y Otros;176.87;0.370192;0.370192;50461.27
2010;7;25;Intereses y Gastos de la Deuda;6.35;0.370192;0.370192;1811.66
2010;7;24;Otros Servicios;77.02;0.370192;0.370192;21973.92
2010;7;23;Bienes Corrientes;18.23;0.370192;0.370192;5201.05
2010;7;22;Locaciones de Servicio;10.02;0.370192;0.370192;2858.72
2010;7;21;Personal;362.80;0.370192;0.370192;103507.37
2010;7;20;Erogaciones Corrientes;651.45;0.370192;0.370192;185859.63
2010;7;19;Aportes no Reintegrables;43.00;0.370192;0.370192;12267.96
2010;7;18;Coparticipacion Vial;2.95;0.370192;0.370192;841.64
2010;7;17;Ley 25.053 Fdo. Nac. de Incentivo Docente;7.66;0.370192;0.370192;2185.41
2010;7;16;Regimenes Especiales Nacionales s/Financ. Educativo;59.15;0.370192;0.370192;16875.58
2010;7;15;Coparticipacion Federal + Financ. Educativo;284.25;0.370192;0.370192;81096.94
2010;7;14;De Origen Nacional;397.01;0.370192;0.370192;113267.53
2010;7;13;Otros no Tributarios;34.95;0.370192;0.370192;9971.29
2010;7;12;Remesas del Instituto de Juegos y Casino;7.48;0.370192;0.370192;2134.05
2010;7;11;Tasas Retributivas de Servicios;14.34;0.370192;0.370192;4091.22
2010;7;10;Regalias;71.74;0.370192;0.370192;20467.53
2010;7;9;No Tributarios;128.51;0.370192;0.370192;36664.09
2010;7;8;Otros Tributarios;0.82;0.370192;0.370192;233.95
2010;7;7;Sellos y Tasas de Justicia;21.33;0.370192;0.370192;6085.48
2010;7;6;Inmobiliario;13.28;0.370192;0.370192;3788.80
2010;7;5;Automotor;10.40;0.370192;0.370192;2967.14
2010;7;4;Ingresos Brutos;85.22;0.370192;0.370192;24313.39
2010;7;3;Tributarios;131.05;0.370192;0.370192;37388.76
2010;7;2;De Origen Provincial;259.56;0.370192;0.370192;74052.84
2010;7;1;Recursos Corrientes;656.57;0.370192;0.370192;187320.37
2010;8;55;Resultado Operativo - Amortizacion de la D Consolidada;-149.17;0.373117;0.373117;-42224.79
2010;8;54;Amortizacion de la Deuda Consolidada;137.72;0.373117;0.373117;38983.69
2010;8;53;IX. Resultado Operativo (VIII-IX);-11.45;0.373117;0.373117;-3241.09
2010;8;52;VIII. Egresos Totales (II+V+VI+VII);748.02;0.373117;0.373117;211738.18
2010;8;51;VII. Ingresos Totales (I+IV);736.57;0.373117;0.373117;208497.09
2010;8;50;Otros;0.00;0.373117;0.373117;0.00
2010;8;49;Compra de Acciones, Titulos, Valores, Otros;0.10;0.373117;0.373117;28.31
2010;8;48;Prestamos;5.03;0.373117;0.373117;1423.82
2010;8;47;Inversion Financiera;5.13;0.373117;0.373117;1452.12
2010;8;46;al Sector Privado;0.00;0.373117;0.373117;0.00
2010;8;45;al Sector Publico+Remesas al IPV;10.38;0.373117;0.373117;2938.21
2010;8;44;Transferencias para financiar Erogaciones de Capital;10.38;0.373117;0.373117;2938.21
2010;8;43;Trabajos Publicos;55.14;0.373117;0.373117;15608.20
2010;8;42;Bienes de Capital;7.84;0.373117;0.373117;2219.23
2010;8;41;VI. Erogaciones de Capital;78.49;0.373117;0.373117;22217.76
2010;8;40;Resto Otros Recursos de Capital;26.94;0.373117;0.373117;7625.77
2010;8;39;Fondo Residual;0.85;0.373117;0.373117;240.61
2010;8;38;Venta de Acciones;0.00;0.373117;0.373117;0.00
2010;8;37;Otros Recursos de Capital;27.79;0.373117;0.373117;7866.37
2010;8;36;Reembolsos de Prestamos;1.71;0.373117;0.373117;484.04
2010;8;35;Reembolsos de Obras Publicas;0.00;0.373117;0.373117;0.00
2010;8;34;V. Recursos de Capital;29.50;0.373117;0.373117;8350.41
2010;8;33;IV.Resultado Economico Neto de Remesas;37.54;0.373117;0.373117;10626.26
2010;8;32;Remesas EMT;0.00;0.373117;0.373117;0.00
2010;8;31;Remesas ATM;0.00;0.373117;0.373117;0.00
2010;8;30;Resultado Economico con Remesas;37.54;0.373117;0.373117;10626.26
2010;8;29;Otras Erogaciones Corrientes;0.26;0.373117;0.373117;73.60
2010;8;28;Otras Transferencias;79.34;0.373117;0.373117;22458.37
2010;8;27;Municipios;104.59;0.373117;0.373117;29605.75
2010;8;26;Transferencias a Municipios y Otros;183.93;0.373117;0.373117;52064.12
2010;8;25;Intereses y Gastos de la Deuda;23.67;0.373117;0.373117;6700.15
2010;8;24;Otros Servicios;54.29;0.373117;0.373117;15367.59
2010;8;23;Bienes Corrientes;22.24;0.373117;0.373117;6295.36
2010;8;22;Locaciones de Servicio;8.78;0.373117;0.373117;2485.31
2010;8;21;Personal;376.36;0.373117;0.373117;106534.29
2010;8;20;Erogaciones Corrientes;669.53;0.373117;0.373117;189520.42
2010;8;19;Aportes no Reintegrables;36.75;0.373117;0.373117;10402.63
2010;8;18;Coparticipacion Vial;2.93;0.373117;0.373117;829.38
2010;8;17;Ley 25.053 Fdo. Nac. de Incentivo Docente;7.66;0.373117;0.373117;2168.28
2010;8;16;Regimenes Especiales Nacionales s/Financ. Educativo;55.80;0.373117;0.373117;15795.02
2010;8;15;Coparticipacion Federal + Financ. Educativo;292.33;0.373117;0.373117;82748.35
2010;8;14;De Origen Nacional;395.47;0.373117;0.373117;111943.66
2010;8;13;Otros no Tributarios;33.32;0.373117;0.373117;9431.72
2010;8;12;Remesas del Instituto de Juegos y Casino;6.90;0.373117;0.373117;1953.15
2010;8;11;Tasas Retributivas de Servicios;15.59;0.373117;0.373117;4412.98
2010;8;10;Regalias;71.89;0.373117;0.373117;20349.53
2010;8;9;No Tributarios;127.70;0.373117;0.373117;36147.38
2010;8;8;Otros Tributarios;0.86;0.373117;0.373117;243.44
2010;8;7;Sellos y Tasas de Justicia;21.82;0.373117;0.373117;6176.48
2010;8;6;Inmobiliario;6.15;0.373117;0.373117;1740.85
2010;8;5;Automotor;20.64;0.373117;0.373117;5842.46
2010;8;4;Ingresos Brutos;134.43;0.373117;0.373117;38052.41
2010;8;3;Tributarios;183.90;0.373117;0.373117;52055.63
2010;8;2;De Origen Provincial;311.60;0.373117;0.373117;88203.01
2010;8;1;Recursos Corrientes;707.07;0.373117;0.373117;200146.68
2010;9;55;Resultado Operativo - Amortizacion de la D Consolidada;-26.43;0.375925;0.375925;-7425.52
2010;9;54;Amortizacion de la Deuda Consolidada;35.60;0.375925;0.375925;10001.84
2010;9;53;IX. Resultado Operativo (VIII-IX);9.17;0.375925;0.375925;2576.32
2010;9;52;VIII. Egresos Totales (II+V+VI+VII);746.33;0.375925;0.375925;209681.78
2010;9;51;VII. Ingresos Totales (I+IV);755.50;0.375925;0.375925;212258.10
2010;9;50;Otros;0.00;0.375925;0.375925;0.00
2010;9;49;Compra de Acciones, Titulos, Valores, Otros;0.00;0.375925;0.375925;0.00
2010;9;48;Prestamos;2.98;0.375925;0.375925;837.23
2010;9;47;Inversion Financiera;2.98;0.375925;0.375925;837.23
2010;9;46;al Sector Privado;0.00;0.375925;0.375925;0.00
2010;9;45;al Sector Publico+Remesas al IPV;11.65;0.375925;0.375925;3273.07
2010;9;44;Transferencias para financiar Erogaciones de Capital;11.65;0.375925;0.375925;3273.07
2010;9;43;Trabajos Publicos;53.86;0.375925;0.375925;15131.99
2010;9;42;Bienes de Capital;2.32;0.375925;0.375925;651.81
2010;9;41;VI. Erogaciones de Capital;70.81;0.375925;0.375925;19894.10
2010;9;40;Resto Otros Recursos de Capital;36.69;0.375925;0.375925;10308.07
2010;9;39;Fondo Residual;1.14;0.375925;0.375925;320.28
2010;9;38;Venta de Acciones;0.00;0.375925;0.375925;0.00
2010;9;37;Otros Recursos de Capital;37.83;0.375925;0.375925;10628.36
2010;9;36;Reembolsos de Prestamos;5.48;0.375925;0.375925;1539.61
2010;9;35;Reembolsos de Obras Publicas;0.00;0.375925;0.375925;0.00
2010;9;34;V. Recursos de Capital;43.31;0.375925;0.375925;12167.97
2010;9;33;IV.Resultado Economico Neto de Remesas;36.67;0.375925;0.375925;10302.45
2010;9;32;Remesas EMT;0.00;0.375925;0.375925;0.00
2010;9;31;Remesas ATM;0.00;0.375925;0.375925;0.00
2010;9;30;Resultado Economico con Remesas;36.67;0.375925;0.375925;10302.45
2010;9;29;Otras Erogaciones Corrientes;0.26;0.375925;0.375925;73.05
2010;9;28;Otras Transferencias;94.77;0.375925;0.375925;26625.68
2010;9;27;Municipios;102.64;0.375925;0.375925;28836.76
2010;9;26;Transferencias a Municipios y Otros;197.41;0.375925;0.375925;55462.44
2010;9;25;Intereses y Gastos de la Deuda;1.91;0.375925;0.375925;536.62
2010;9;24;Otros Servicios;88.59;0.375925;0.375925;24889.40
2010;9;23;Bienes Corrientes;21.67;0.375925;0.375925;6088.20
2010;9;22;Locaciones de Servicio;9.18;0.375925;0.375925;2579.13
2010;9;21;Personal;356.50;0.375925;0.375925;100158.85
2010;9;20;Erogaciones Corrientes;675.52;0.375925;0.375925;189787.68
2010;9;19;Aportes no Reintegrables;27.05;0.375925;0.375925;7599.71
2010;9;18;Coparticipacion Vial;1.59;0.375925;0.375925;446.71
2010;9;17;Ley 25.053 Fdo. Nac. de Incentivo Docente;8.16;0.375925;0.375925;2292.56
2010;9;16;Regimenes Especiales Nacionales s/Financ. Educativo;52.52;0.375925;0.375925;14755.52
2010;9;15;Coparticipacion Federal + Financ. Educativo;292.10;0.375925;0.375925;82065.64
2010;9;14;De Origen Nacional;381.42;0.375925;0.375925;107160.14
2010;9;13;Otros no Tributarios;27.54;0.375925;0.375925;7737.38
2010;9;12;Remesas del Instituto de Juegos y Casino;1.44;0.375925;0.375925;404.57
2010;9;11;Tasas Retributivas de Servicios;14.64;0.375925;0.375925;4113.12
2010;9;10;Regalias;73.82;0.375925;0.375925;20739.77
2010;9;9;No Tributarios;117.44;0.375925;0.375925;32994.83
2010;9;8;Otros Tributarios;0.39;0.375925;0.375925;109.57
2010;9;7;Sellos y Tasas de Justicia;19.93;0.375925;0.375925;5599.34
2010;9;6;Inmobiliario;13.37;0.375925;0.375925;3756.31
2010;9;5;Automotor;10.21;0.375925;0.375925;2868.50
2010;9;4;Ingresos Brutos;169.43;0.375925;0.375925;47601.44
2010;9;3;Tributarios;213.33;0.375925;0.375925;59935.17
2010;9;2;De Origen Provincial;330.77;0.375925;0.375925;92930.00
2010;9;1;Recursos Corrientes;712.19;0.375925;0.375925;200090.13
2010;10;55;Resultado Operativo - Amortizacion de la D Consolidada;-204.35;0.378660;0.378660;-56997.55
2010;10;54;Amortizacion de la Deuda Consolidada;22.35;0.378660;0.378660;6233.89
2010;10;53;IX. Resultado Operativo (VIII-IX);-182.00;0.378660;0.378660;-50763.66
2010;10;52;VIII. Egresos Totales (II+V+VI+VII);729.86;0.378660;0.378660;203573.45
2010;10;51;VII. Ingresos Totales (I+IV);547.86;0.378660;0.378660;152809.79
2010;10;50;Otros;0.00;0.378660;0.378660;0.00
2010;10;49;Compra de Acciones, Titulos, Valores, Otros;2.50;0.378660;0.378660;697.30
2010;10;48;Prestamos;2.32;0.378660;0.378660;647.10
2010;10;47;Inversion Financiera;4.82;0.378660;0.378660;1344.40
2010;10;46;al Sector Privado;0.00;0.378660;0.378660;0.00
2010;10;45;al Sector Publico+Remesas al IPV;14.90;0.378660;0.378660;4155.93
2010;10;44;Transferencias para financiar Erogaciones de Capital;14.90;0.378660;0.378660;4155.93
2010;10;43;Trabajos Publicos;36.73;0.378660;0.378660;10244.78
2010;10;42;Bienes de Capital;2.20;0.378660;0.378660;613.63
2010;10;41;VI. Erogaciones de Capital;58.65;0.378660;0.378660;16358.73
2010;10;40;Resto Otros Recursos de Capital;37.31;0.378660;0.378660;10406.55
2010;10;39;Fondo Residual;1.24;0.378660;0.378660;345.86
2010;10;38;Venta de Acciones;0.00;0.378660;0.378660;0.00
2010;10;37;Otros Recursos de Capital;38.55;0.378660;0.378660;10752.41
2010;10;36;Reembolsos de Prestamos;2.30;0.378660;0.378660;641.52
2010;10;35;Reembolsos de Obras Publicas;0.00;0.378660;0.378660;0.00
2010;10;34;V. Recursos de Capital;40.85;0.378660;0.378660;11393.93
2010;10;33;IV.Resultado Economico Neto de Remesas;-164.20;0.378660;0.378660;-45798.87
2010;10;32;Remesas EMT;0.00;0.378660;0.378660;0.00
2010;10;31;Remesas ATM;0.00;0.378660;0.378660;0.00
2010;10;30;Resultado Economico con Remesas;-164.20;0.378660;0.378660;-45798.87
2010;10;29;Otras Erogaciones Corrientes;0.26;0.378660;0.378660;72.52
2010;10;28;Otras Transferencias;72.58;0.378660;0.378660;20244.10
2010;10;27;Municipios;109.48;0.378660;0.378660;30536.30
2010;10;26;Transferencias a Municipios y Otros;182.06;0.378660;0.378660;50780.40
2010;10;25;Intereses y Gastos de la Deuda;6.44;0.378660;0.378660;1796.25
2010;10;24;Otros Servicios;94.97;0.378660;0.378660;26489.15
2010;10;23;Bienes Corrientes;23.39;0.378660;0.378660;6523.97
2010;10;22;Locaciones de Servicio;9.00;0.378660;0.378660;2510.29
2010;10;21;Personal;355.09;0.378660;0.378660;99042.14
2010;10;20;Erogaciones Corrientes;671.21;0.378660;0.378660;187214.72
2010;10;19;Aportes no Reintegrables;52.99;0.378660;0.378660;14780.04
2010;10;18;Coparticipacion Vial;5.40;0.378660;0.378660;1506.17
2010;10;17;Ley 25.053 Fdo. Nac. de Incentivo Docente;0.00;0.378660;0.378660;0.00
2010;10;16;Regimenes Especiales Nacionales s/Financ. Educativo;59.98;0.378660;0.378660;16729.70
2010;10;15;Coparticipacion Federal + Financ. Educativo;279.08;0.378660;0.378660;77841.34
2010;10;14;De Origen Nacional;397.45;0.378660;0.378660;110857.25
2010;10;13;Otros no Tributarios;17.41;0.378660;0.378660;4856.02
2010;10;12;Remesas del Instituto de Juegos y Casino;1.37;0.378660;0.378660;382.12
2010;10;11;Tasas Retributivas de Servicios;12.80;0.378660;0.378660;3570.19
2010;10;10;Regalias;73.45;0.378660;0.378660;20486.76
2010;10;9;No Tributarios;105.03;0.378660;0.378660;29295.10
2010;10;8;Otros Tributarios;0.21;0.378660;0.378660;58.57
2010;10;7;Sellos y Tasas de Justicia;22.28;0.378660;0.378660;6214.37
2010;10;6;Inmobiliario;5.54;0.378660;0.378660;1545.22
2010;10;5;Automotor;7.55;0.378660;0.378660;2105.86
2010;10;4;Ingresos Brutos;-31.05;0.378660;0.378660;-8660.50
2010;10;3;Tributarios;4.53;0.378660;0.378660;1263.51
2010;10;2;De Origen Provincial;109.56;0.378660;0.378660;30558.61
2010;10;1;Recursos Corrientes;507.01;0.378660;0.378660;141415.86
2010;11;55;Resultado Operativo - Amortizacion de la D Consolidada;40.81;0.381760;0.381760;11290.34
2010;11;54;Amortizacion de la Deuda Consolidada;5.55;0.381760;0.381760;1535.44
2010;11;53;IX. Resultado Operativo (VIII-IX);46.36;0.381760;0.381760;12825.79
2010;11;52;VIII. Egresos Totales (II+V+VI+VII);747.38;0.381760;0.381760;206767.40
2010;11;51;VII. Ingresos Totales (I+IV);793.74;0.381760;0.381760;219593.18
2010;11;50;Otros;0.00;0.381760;0.381760;0.00
2010;11;49;Compra de Acciones, Titulos, Valores, Otros;10.59;0.381760;0.381760;2929.79
2010;11;48;Prestamos;1.42;0.381760;0.381760;392.85
2010;11;47;Inversion Financiera;12.01;0.381760;0.381760;3322.64
2010;11;46;al Sector Privado;0.00;0.381760;0.381760;0.00
2010;11;45;al Sector Publico+Remesas al IPV;14.39;0.381760;0.381760;3981.08
2010;11;44;Transferencias para financiar Erogaciones de Capital;14.39;0.381760;0.381760;3981.08
2010;11;43;Trabajos Publicos;50.71;0.381760;0.381760;14029.24
2010;11;42;Bienes de Capital;10.19;0.381760;0.381760;2819.13
2010;11;41;VI. Erogaciones de Capital;87.30;0.381760;0.381760;24152.10
2010;11;40;Resto Otros Recursos de Capital;25.18;0.381760;0.381760;6966.21
2010;11;39;Fondo Residual;0.52;0.381760;0.381760;143.86
2010;11;38;Venta de Acciones;0.00;0.381760;0.381760;0.00
2010;11;37;Otros Recursos de Capital;25.70;0.381760;0.381760;7110.07
2010;11;36;Reembolsos de Prestamos;2.54;0.381760;0.381760;702.71
2010;11;35;Reembolsos de Obras Publicas;0.00;0.381760;0.381760;0.00
2010;11;34;V. Recursos de Capital;28.24;0.381760;0.381760;7812.77
2010;11;33;IV.Resultado Economico Neto de Remesas;105.42;0.381760;0.381760;29165.11
2010;11;32;Remesas EMT;0.00;0.381760;0.381760;0.00
2010;11;31;Remesas ATM;0.00;0.381760;0.381760;0.00
2010;11;30;Resultado Economico con Remesas;105.42;0.381760;0.381760;29165.11
2010;11;29;Otras Erogaciones Corrientes;0.26;0.381760;0.381760;71.93
2010;11;28;Otras Transferencias;77.25;0.381760;0.381760;21371.70
2010;11;27;Municipios;96.70;0.381760;0.381760;26752.67
2010;11;26;Transferencias a Municipios y Otros;173.95;0.381760;0.381760;48124.37
2010;11;25;Intereses y Gastos de la Deuda;13.89;0.381760;0.381760;3842.76
2010;11;24;Otros Servicios;74.53;0.381760;0.381760;20619.20
2010;11;23;Bienes Corrientes;23.38;0.381760;0.381760;6468.22
2010;11;22;Locaciones de Servicio;9.31;0.381760;0.381760;2575.67
2010;11;21;Personal;364.76;0.381760;0.381760;100913.16
2010;11;20;Erogaciones Corrientes;660.08;0.381760;0.381760;182615.30
2010;11;19;Aportes no Reintegrables;32.66;0.381760;0.381760;9035.60
2010;11;18;Coparticipacion Vial;1.13;0.381760;0.381760;312.62
2010;11;17;Ley 25.053 Fdo. Nac. de Incentivo Docente;16.66;0.381760;0.381760;4609.09
2010;11;16;Regimenes Especiales Nacionales s/Financ. Educativo;45.69;0.381760;0.381760;12640.43
2010;11;15;Coparticipacion Federal + Financ. Educativo;299.35;0.381760;0.381760;82817.07
2010;11;14;De Origen Nacional;395.49;0.381760;0.381760;109414.81
2010;11;13;Otros no Tributarios;60.34;0.381760;0.381760;16693.44
2010;11;12;Remesas del Instituto de Juegos y Casino;7.07;0.381760;0.381760;1955.96
2010;11;11;Tasas Retributivas de Servicios;13.63;0.381760;0.381760;3770.83
2010;11;10;Regalias;76.19;0.381760;0.381760;21078.44
2010;11;9;No Tributarios;157.23;0.381760;0.381760;43498.67
2010;11;8;Otros Tributarios;1.41;0.381760;0.381760;390.09
2010;11;7;Sellos y Tasas de Justicia;23.83;0.381760;0.381760;6592.72
2010;11;6;Inmobiliario;13.42;0.381760;0.381760;3712.73
2010;11;5;Automotor;8.82;0.381760;0.381760;2440.11
2010;11;4;Ingresos Brutos;165.30;0.381760;0.381760;45731.29
2010;11;3;Tributarios;212.78;0.381760;0.381760;58866.93
2010;11;2;De Origen Provincial;370.01;0.381760;0.381760;102365.60
2010;11;1;Recursos Corrientes;765.50;0.381760;0.381760;211780.41
2010;12;55;Resultado Operativo - Amortizacion de la D Consolidada;-618.47;0.384627;0.384627;-169828.23
2010;12;54;Amortizacion de la Deuda Consolidada;33.90;0.384627;0.384627;9308.74
2010;12;53;IX. Resultado Operativo (VIII-IX);-584.57;0.384627;0.384627;-160519.49
2010;12;52;VIII. Egresos Totales (II+V+VI+VII);1660.90;0.384627;0.384627;456073.38
2010;12;51;VII. Ingresos Totales (I+IV);1076.33;0.384627;0.384627;295553.90
2010;12;50;Otros;0.00;0.384627;0.384627;0.00
2010;12;49;Compra de Acciones, Titulos, Valores, Otros;1.11;0.384627;0.384627;304.80
2010;12;48;Prestamos;44.48;0.384627;0.384627;12213.95
2010;12;47;Inversion Financiera;45.59;0.384627;0.384627;12518.75
2010;12;46;al Sector Privado;0.53;0.384627;0.384627;145.53
2010;12;45;al Sector Publico+Remesas al IPV;44.62;0.384627;0.384627;12252.39
2010;12;44;Transferencias para financiar Erogaciones de Capital;45.15;0.384627;0.384627;12397.92
2010;12;43;Trabajos Publicos;177.08;0.384627;0.384627;48625.13
2010;12;42;Bienes de Capital;47.26;0.384627;0.384627;12977.32
2010;12;41;VI. Erogaciones de Capital;315.08;0.384627;0.384627;86519.12
2010;12;40;Resto Otros Recursos de Capital;13.11;0.384627;0.384627;3599.93
2010;12;39;Fondo Residual;0.91;0.384627;0.384627;249.88
2010;12;38;Venta de Acciones;0.00;0.384627;0.384627;0.00
2010;12;37;Otros Recursos de Capital;14.02;0.384627;0.384627;3849.81
2010;12;36;Reembolsos de Prestamos;13.44;0.384627;0.384627;3690.55
2010;12;35;Reembolsos de Obras Publicas;0.00;0.384627;0.384627;0.00
2010;12;34;V. Recursos de Capital;27.46;0.384627;0.384627;7540.35
2010;12;33;IV.Resultado Economico Neto de Remesas;-296.95;0.384627;0.384627;-81540.73
2010;12;32;Remesas EMT;0.00;0.384627;0.384627;0.00
2010;12;31;Remesas ATM;0.00;0.384627;0.384627;0.00
2010;12;30;Resultado Economico con Remesas;-296.95;0.384627;0.384627;-81540.73
2010;12;29;Otras Erogaciones Corrientes;0.26;0.384627;0.384627;71.39
2010;12;28;Otras Transferencias;153.30;0.384627;0.384627;42095.28
2010;12;27;Municipios;161.69;0.384627;0.384627;44399.12
2010;12;26;Transferencias a Municipios y Otros;314.99;0.384627;0.384627;86494.40
2010;12;25;Intereses y Gastos de la Deuda;23.96;0.384627;0.384627;6579.28
2010;12;24;Otros Servicios;311.37;0.384627;0.384627;85500.37
2010;12;23;Bienes Corrientes;89.42;0.384627;0.384627;24554.21
2010;12;22;Locaciones de Servicio;13.95;0.384627;0.384627;3830.59
2010;12;21;Personal;591.87;0.384627;0.384627;162524.03
2010;12;20;Erogaciones Corrientes;1345.82;0.384627;0.384627;369554.27
2010;12;19;Aportes no Reintegrables;64.10;0.384627;0.384627;17601.48
2010;12;18;Coparticipacion Vial;6.68;0.384627;0.384627;1834.29
2010;12;17;Ley 25.053 Fdo. Nac. de Incentivo Docente;8.67;0.384627;0.384627;2380.73
2010;12;16;Regimenes Especiales Nacionales s/Financ. Educativo;106.29;0.384627;0.384627;29186.61
2010;12;15;Coparticipacion Federal + Financ. Educativo;340.58;0.384627;0.384627;93521.27
2010;12;14;De Origen Nacional;526.32;0.384627;0.384627;144524.38
2010;12;13;Otros no Tributarios;75.26;0.384627;0.384627;20665.95
2010;12;12;Remesas del Instituto de Juegos y Casino;6.06;0.384627;0.384627;1664.04
2010;12;11;Tasas Retributivas de Servicios;18.97;0.384627;0.384627;5209.05
2010;12;10;Regalias;77.37;0.384627;0.384627;21245.35
2010;12;9;No Tributarios;177.66;0.384627;0.384627;48784.39
2010;12;8;Otros Tributarios;1.34;0.384627;0.384627;367.96
2010;12;7;Sellos y Tasas de Justicia;28.88;0.384627;0.384627;7930.28
2010;12;6;Inmobiliario;8.11;0.384627;0.384627;2226.96
2010;12;5;Automotor;17.98;0.384627;0.384627;4937.20
2010;12;4;Ingresos Brutos;288.58;0.384627;0.384627;79242.37
2010;12;3;Tributarios;344.89;0.384627;0.384627;94704.77
2010;12;2;De Origen Provincial;522.55;0.384627;0.384627;143489.16
2010;12;1;Recursos Corrientes;1048.87;0.384627;0.384627;288013.54
2011;1;55;Resultado Operativo - Amortizacion de la D Consolidada;78.72;0.387771;0.387771;21440.79
2011;1;54;Amortizacion de la Deuda Consolidada;9.60;0.387771;0.387771;2614.73
2011;1;53;IX. Resultado Operativo (VIII-IX);88.32;0.387771;0.387771;24055.52
2011;1;52;VIII. Egresos Totales (II+V+VI+VII);534.31;0.387771;0.387771;145528.81
2011;1;51;VII. Ingresos Totales (I+IV);622.63;0.387771;0.387771;169584.33
2011;1;50;Otros;0.00;0.387771;0.387771;0.00
2011;1;49;Compra de Acciones, Titulos, Valores, Otros;2.90;0.387771;0.387771;789.87
2011;1;48;Prestamos;1.45;0.387771;0.387771;394.93
2011;1;47;Inversion Financiera;4.35;0.387771;0.387771;1184.80
2011;1;46;al Sector Privado;0.00;0.387771;0.387771;0.00
2011;1;45;al Sector Publico+Remesas al IPV;5.08;0.387771;0.387771;1383.63
2011;1;44;Transferencias para financiar Erogaciones de Capital;5.08;0.387771;0.387771;1383.63
2011;1;43;Trabajos Publicos;33.83;0.387771;0.387771;9214.20
2011;1;42;Bienes de Capital;1.14;0.387771;0.387771;310.50
2011;1;41;VI. Erogaciones de Capital;44.40;0.387771;0.387771;12093.13
2011;1;40;Resto Otros Recursos de Capital;17.98;0.387771;0.387771;4897.17
2011;1;39;Fondo Residual;0.00;0.387771;0.387771;0.00
2011;1;38;Venta de Acciones;0.00;0.387771;0.387771;0.00
2011;1;37;Otros Recursos de Capital;17.98;0.387771;0.387771;4897.17
2011;1;36;Reembolsos de Prestamos;3.19;0.387771;0.387771;868.85
2011;1;35;Reembolsos de Obras Publicas;0.00;0.387771;0.387771;0.00
2011;1;34;V. Recursos de Capital;21.17;0.387771;0.387771;5766.03
2011;1;33;IV.Resultado Economico Neto de Remesas;111.55;0.387771;0.387771;30382.62
2011;1;32;Remesas EMT;0.00;0.387771;0.387771;0.00
2011;1;31;Remesas ATM;0.00;0.387771;0.387771;0.00
2011;1;30;Resultado Economico con Remesas;111.55;0.387771;0.387771;30382.62
2011;1;29;Otras Erogaciones Corrientes;0.16;0.387771;0.387771;43.58
2011;1;28;Otras Transferencias;57.61;0.387771;0.387771;15691.11
2011;1;27;Municipios;76.62;0.387771;0.387771;20868.82
2011;1;26;Transferencias a Municipios y Otros;134.23;0.387771;0.387771;36559.92
2011;1;25;Intereses y Gastos de la Deuda;2.93;0.387771;0.387771;798.04
2011;1;24;Otros Servicios;16.44;0.387771;0.387771;4477.73
2011;1;23;Bienes Corrientes;5.34;0.387771;0.387771;1454.44
2011;1;22;Locaciones de Servicio;7.93;0.387771;0.387771;2159.88
2011;1;21;Personal;322.88;0.387771;0.387771;87942.10
2011;1;20;Erogaciones Corrientes;489.91;0.387771;0.387771;133435.68
2011;1;19;Aportes no Reintegrables;25.38;0.387771;0.387771;6912.69
2011;1;18;Coparticipacion Vial;3.34;0.387771;0.387771;909.71
2011;1;17;Ley 25.053 Fdo. Nac. de Incentivo Docente;8.65;0.387771;0.387771;2355.98
2011;1;16;Regimenes Especiales Nacionales s/Financ. Educativo;34.74;0.387771;0.387771;9462.06
2011;1;15;Coparticipacion Federal + Financ. Educativo;315.29;0.387771;0.387771;85874.83
2011;1;14;De Origen Nacional;387.40;0.387771;0.387771;105515.27
2011;1;13;Otros no Tributarios;16.08;0.387771;0.387771;4379.67
2011;1;12;Remesas del Instituto de Juegos y Casino;1.24;0.387771;0.387771;337.74
2011;1;11;Tasas Retributivas de Servicios;11.24;0.387771;0.387771;3061.41
2011;1;10;Regalias;75.94;0.387771;0.387771;20683.61
2011;1;9;No Tributarios;104.50;0.387771;0.387771;28462.43
2011;1;8;Otros Tributarios;0.02;0.387771;0.387771;5.45
2011;1;7;Sellos y Tasas de Justicia;24.35;0.387771;0.387771;6632.15
2011;1;6;Inmobiliario;5.42;0.387771;0.387771;1476.23
2011;1;5;Automotor;9.88;0.387771;0.387771;2690.99
2011;1;4;Ingresos Brutos;69.89;0.387771;0.387771;19035.78
2011;1;3;Tributarios;109.56;0.387771;0.387771;29840.61
2011;1;2;De Origen Provincial;214.06;0.387771;0.387771;58303.04
2011;1;1;Recursos Corrientes;601.46;0.387771;0.387771;163818.31
2011;2;55;Resultado Operativo - Amortizacion de la D Consolidada;-49.93;0.390681;0.390681;-13498.03
2011;2;54;Amortizacion de la Deuda Consolidada;37.21;0.390681;0.390681;10059.31
2011;2;53;IX. Resultado Operativo (VIII-IX);-12.72;0.390681;0.390681;-3438.71
2011;2;52;VIII. Egresos Totales (II+V+VI+VII);689.08;0.390681;0.390681;186285.21
2011;2;51;VII. Ingresos Totales (I+IV);676.36;0.390681;0.390681;182846.49
2011;2;50;Otros;0.00;0.390681;0.390681;0.00
2011;2;49;Compra de Acciones, Titulos, Valores, Otros;0.00;0.390681;0.390681;0.00
2011;2;48;Prestamos;1.38;0.390681;0.390681;373.07
2011;2;47;Inversion Financiera;1.38;0.390681;0.390681;373.07
2011;2;46;al Sector Privado;0.00;0.390681;0.390681;0.00
2011;2;45;al Sector Publico+Remesas al IPV;2.10;0.390681;0.390681;567.71
2011;2;44;Transferencias para financiar Erogaciones de Capital;2.10;0.390681;0.390681;567.71
2011;2;43;Trabajos Publicos;15.88;0.390681;0.390681;4292.98
2011;2;42;Bienes de Capital;0.91;0.390681;0.390681;246.01
2011;2;41;VI. Erogaciones de Capital;20.27;0.390681;0.390681;5479.77
2011;2;40;Resto Otros Recursos de Capital;7.64;0.390681;0.390681;2065.39
2011;2;39;Fondo Residual;0.36;0.390681;0.390681;97.32
2011;2;38;Venta de Acciones;0.00;0.390681;0.390681;0.00
2011;2;37;Otros Recursos de Capital;8.00;0.390681;0.390681;2162.71
2011;2;36;Reembolsos de Prestamos;6.43;0.390681;0.390681;1738.28
2011;2;35;Reembolsos de Obras Publicas;0.00;0.390681;0.390681;0.00
2011;2;34;V. Recursos de Capital;14.43;0.390681;0.390681;3900.99
2011;2;33;IV.Resultado Economico Neto de Remesas;-6.88;0.390681;0.390681;-1859.93
2011;2;32;Remesas EMT;0.00;0.390681;0.390681;0.00
2011;2;31;Remesas ATM;0.00;0.390681;0.390681;0.00
2011;2;30;Resultado Economico con Remesas;-6.88;0.390681;0.390681;-1859.93
2011;2;29;Otras Erogaciones Corrientes;0.70;0.390681;0.390681;189.24
2011;2;28;Otras Transferencias;65.49;0.390681;0.390681;17704.50
2011;2;27;Municipios;152.23;0.390681;0.390681;41153.71
2011;2;26;Transferencias a Municipios y Otros;217.72;0.390681;0.390681;58858.21
2011;2;25;Intereses y Gastos de la Deuda;20.09;0.390681;0.390681;5431.11
2011;2;24;Otros Servicios;29.34;0.390681;0.390681;7931.75
2011;2;23;Bienes Corrientes;11.04;0.390681;0.390681;2984.54
2011;2;22;Locaciones de Servicio;10.28;0.390681;0.390681;2779.09
2011;2;21;Personal;379.64;0.390681;0.390681;102631.50
2011;2;20;Erogaciones Corrientes;668.81;0.390681;0.390681;180805.43
2011;2;19;Aportes no Reintegrables;44.03;0.390681;0.390681;11903.03
2011;2;18;Coparticipacion Vial;2.80;0.390681;0.390681;756.95
2011;2;17;Ley 25.053 Fdo. Nac. de Incentivo Docente;0.00;0.390681;0.390681;0.00
2011;2;16;Regimenes Especiales Nacionales s/Financ. Educativo;38.89;0.390681;0.390681;10513.48
2011;2;15;Coparticipacion Federal + Financ. Educativo;292.89;0.390681;0.390681;79179.59
2011;2;14;De Origen Nacional;378.61;0.390681;0.390681;102353.05
2011;2;13;Otros no Tributarios;74.69;0.390681;0.390681;20191.62
2011;2;12;Remesas del Instituto de Juegos y Casino;1.24;0.390681;0.390681;335.22
2011;2;11;Tasas Retributivas de Servicios;14.17;0.390681;0.390681;3830.70
2011;2;10;Regalias;76.85;0.390681;0.390681;20775.55
2011;2;9;No Tributarios;166.95;0.390681;0.390681;45133.10
2011;2;8;Otros Tributarios;0.81;0.390681;0.390681;218.97
2011;2;7;Sellos y Tasas de Justicia;12.40;0.390681;0.390681;3352.20
2011;2;6;Inmobiliario;5.28;0.390681;0.390681;1427.39
2011;2;5;Automotor;45.30;0.390681;0.390681;12246.36
2011;2;4;Ingresos Brutos;52.58;0.390681;0.390681;14214.43
2011;2;3;Tributarios;116.37;0.390681;0.390681;31459.35
2011;2;2;De Origen Provincial;283.32;0.390681;0.390681;76592.45
2011;2;1;Recursos Corrientes;661.93;0.390681;0.390681;178945.50
2011;3;55;Resultado Operativo - Amortizacion de la D Consolidada;-32.01;0.393562;0.393562;-8590.20
2011;3;54;Amortizacion de la Deuda Consolidada;3.66;0.393562;0.393562;982.20
2011;3;53;IX. Resultado Operativo (VIII-IX);-28.35;0.393562;0.393562;-7608.01
2011;3;52;VIII. Egresos Totales (II+V+VI+VII);881.45;0.393562;0.393562;236545.96
2011;3;51;VII. Ingresos Totales (I+IV);853.10;0.393562;0.393562;228937.95
2011;3;50;Otros;0.00;0.393562;0.393562;0.00
2011;3;49;Compra de Acciones, Titulos, Valores, Otros;0.00;0.393562;0.393562;0.00
2011;3;48;Prestamos;1.53;0.393562;0.393562;410.59
2011;3;47;Inversion Financiera;1.53;0.393562;0.393562;410.59
2011;3;46;al Sector Privado;0.00;0.393562;0.393562;0.00
2011;3;45;al Sector Publico+Remesas al IPV;7.86;0.393562;0.393562;2109.31
2011;3;44;Transferencias para financiar Erogaciones de Capital;7.86;0.393562;0.393562;2109.31
2011;3;43;Trabajos Publicos;88.37;0.393562;0.393562;23714.98
2011;3;42;Bienes de Capital;5.38;0.393562;0.393562;1443.78
2011;3;41;VI. Erogaciones de Capital;103.14;0.393562;0.393562;27678.65
2011;3;40;Resto Otros Recursos de Capital;21.14;0.393562;0.393562;5673.13
2011;3;39;Fondo Residual;1.71;0.393562;0.393562;458.90
2011;3;38;Venta de Acciones;0.00;0.393562;0.393562;0.00
2011;3;37;Otros Recursos de Capital;22.85;0.393562;0.393562;6132.03
2011;3;36;Reembolsos de Prestamos;1.42;0.393562;0.393562;381.07
2011;3;35;Reembolsos de Obras Publicas;0.00;0.393562;0.393562;0.00
2011;3;34;V. Recursos de Capital;24.27;0.393562;0.393562;6513.10
2011;3;33;IV.Resultado Economico Neto de Remesas;50.52;0.393562;0.393562;13557.55
2011;3;32;Remesas EMT;0.00;0.393562;0.393562;0.00
2011;3;31;Remesas ATM;0.00;0.393562;0.393562;0.00
2011;3;30;Resultado Economico con Remesas;50.52;0.393562;0.393562;13557.55
2011;3;29;Otras Erogaciones Corrientes;0.46;0.393562;0.393562;123.45
2011;3;28;Otras Transferencias;74.67;0.393562;0.393562;20038.44
2011;3;27;Municipios;129.41;0.393562;0.393562;34728.47
2011;3;26;Transferencias a Municipios y Otros;204.08;0.393562;0.393562;54766.92
2011;3;25;Intereses y Gastos de la Deuda;20.22;0.393562;0.393562;5426.24
2011;3;24;Otros Servicios;42.92;0.393562;0.393562;11518.01
2011;3;23;Bienes Corrientes;16.83;0.393562;0.393562;4516.50
2011;3;22;Locaciones de Servicio;11.01;0.393562;0.393562;2954.64
2011;3;21;Personal;482.79;0.393562;0.393562;129561.54
2011;3;20;Erogaciones Corrientes;778.31;0.393562;0.393562;208867.30
2011;3;19;Aportes no Reintegrables;26.84;0.393562;0.393562;7202.78
2011;3;18;Coparticipacion Vial;3.25;0.393562;0.393562;872.17
2011;3;17;Ley 25.053 Fdo. Nac. de Incentivo Docente;8.65;0.393562;0.393562;2321.31
2011;3;16;Regimenes Especiales Nacionales s/Financ. Educativo;54.29;0.393562;0.393562;14569.27
2011;3;15;Coparticipacion Federal + Financ. Educativo;318.14;0.393562;0.393562;85376.06
2011;3;14;De Origen Nacional;411.17;0.393562;0.393562;110341.60
2011;3;13;Otros no Tributarios;39.74;0.393562;0.393562;10664.63
2011;3;12;Remesas del Instituto de Juegos y Casino;2.80;0.393562;0.393562;751.41
2011;3;11;Tasas Retributivas de Servicios;19.96;0.393562;0.393562;5356.47
2011;3;10;Regalias;71.98;0.393562;0.393562;19316.56
2011;3;9;No Tributarios;134.48;0.393562;0.393562;36089.06
2011;3;8;Otros Tributarios;0.20;0.393562;0.393562;53.67
2011;3;7;Sellos y Tasas de Justicia;34.08;0.393562;0.393562;9145.71
2011;3;6;Inmobiliario;58.12;0.393562;0.393562;15597.09
2011;3;5;Automotor;26.70;0.393562;0.393562;7165.21
2011;3;4;Ingresos Brutos;164.08;0.393562;0.393562;44032.52
2011;3;3;Tributarios;283.18;0.393562;0.393562;75994.20
2011;3;2;De Origen Provincial;417.66;0.393562;0.393562;112083.26
2011;3;1;Recursos Corrientes;828.83;0.393562;0.393562;222424.85
2011;4;55;Resultado Operativo - Amortizacion de la D Consolidada;-161.05;0.396794;0.396794;-42867.35
2011;4;54;Amortizacion de la Deuda Consolidada;15.68;0.396794;0.396794;4173.61
2011;4;53;IX. Resultado Operativo (VIII-IX);-145.37;0.396794;0.396794;-38693.74
2011;4;52;VIII. Egresos Totales (II+V+VI+VII);869.59;0.396794;0.396794;231462.40
2011;4;51;VII. Ingresos Totales (I+IV);724.22;0.396794;0.396794;192768.66
2011;4;50;Otros;0.00;0.396794;0.396794;0.00
2011;4;49;Compra de Acciones, Titulos, Valores, Otros;2.10;0.396794;0.396794;558.97
2011;4;48;Prestamos;1.71;0.396794;0.396794;455.16
2011;4;47;Inversion Financiera;3.81;0.396794;0.396794;1014.12
2011;4;46;al Sector Privado;0.00;0.396794;0.396794;0.00
2011;4;45;al Sector Publico+Remesas al IPV;10.98;0.396794;0.396794;2922.59
2011;4;44;Transferencias para financiar Erogaciones de Capital;10.98;0.396794;0.396794;2922.59
2011;4;43;Trabajos Publicos;83.28;0.396794;0.396794;22166.99
2011;4;42;Bienes de Capital;6.27;0.396794;0.396794;1668.91
2011;4;41;VI. Erogaciones de Capital;104.34;0.396794;0.396794;27772.61
2011;4;40;Resto Otros Recursos de Capital;27.82;0.396794;0.396794;7404.97
2011;4;39;Fondo Residual;0.36;0.396794;0.396794;95.82
2011;4;38;Venta de Acciones;0.00;0.396794;0.396794;0.00
2011;4;37;Otros Recursos de Capital;28.18;0.396794;0.396794;7500.79
2011;4;36;Reembolsos de Prestamos;3.88;0.396794;0.396794;1032.76
2011;4;35;Reembolsos de Obras Publicas;0.00;0.396794;0.396794;0.00
2011;4;34;V. Recursos de Capital;32.06;0.396794;0.396794;8533.54
2011;4;33;IV.Resultado Economico Neto de Remesas;-73.09;0.396794;0.396794;-19454.67
2011;4;32;Remesas EMT;0.00;0.396794;0.396794;0.00
2011;4;31;Remesas ATM;0.00;0.396794;0.396794;0.00
2011;4;30;Resultado Economico con Remesas;-73.09;0.396794;0.396794;-19454.67
2011;4;29;Otras Erogaciones Corrientes;0.00;0.396794;0.396794;0.00
2011;4;28;Otras Transferencias;105.49;0.396794;0.396794;28078.71
2011;4;27;Municipios;112.96;0.396794;0.396794;30067.03
2011;4;26;Transferencias a Municipios y Otros;218.45;0.396794;0.396794;58145.75
2011;4;25;Intereses y Gastos de la Deuda;12.17;0.396794;0.396794;3239.34
2011;4;24;Otros Servicios;54.67;0.396794;0.396794;14551.74
2011;4;23;Bienes Corrientes;26.71;0.396794;0.396794;7109.51
2011;4;22;Locaciones de Servicio;9.49;0.396794;0.396794;2525.99
2011;4;21;Personal;443.76;0.396794;0.396794;118117.45
2011;4;20;Erogaciones Corrientes;765.25;0.396794;0.396794;203689.79
2011;4;19;Aportes no Reintegrables;23.89;0.396794;0.396794;6358.90
2011;4;18;Coparticipacion Vial;4.93;0.396794;0.396794;1312.24
2011;4;17;Ley 25.053 Fdo. Nac. de Incentivo Docente;22.59;0.396794;0.396794;6012.87
2011;4;16;Regimenes Especiales Nacionales s/Financ. Educativo;50.26;0.396794;0.396794;13377.91
2011;4;15;Coparticipacion Federal + Financ. Educativo;238.75;0.396794;0.396794;63549.08
2011;4;14;De Origen Nacional;340.42;0.396794;0.396794;90611.01
2011;4;13;Otros no Tributarios;35.35;0.396794;0.396794;9409.26
2011;4;12;Remesas del Instituto de Juegos y Casino;6.08;0.396794;0.396794;1618.34
2011;4;11;Tasas Retributivas de Servicios;17.28;0.396794;0.396794;4599.49
2011;4;10;Regalias;78.18;0.396794;0.396794;20809.50
2011;4;9;No Tributarios;136.89;0.396794;0.396794;36436.58
2011;4;8;Otros Tributarios;2.14;0.396794;0.396794;569.61
2011;4;7;Sellos y Tasas de Justicia;27.87;0.396794;0.396794;7418.27
2011;4;6;Inmobiliario;12.28;0.396794;0.396794;3268.62
2011;4;5;Automotor;30.71;0.396794;0.396794;8174.21
2011;4;4;Ingresos Brutos;141.85;0.396794;0.396794;37756.81
2011;4;3;Tributarios;214.85;0.396794;0.396794;57187.52
2011;4;2;De Origen Provincial;351.74;0.396794;0.396794;93624.10
2011;4;1;Recursos Corrientes;692.16;0.396794;0.396794;184235.12
2011;5;55;Resultado Operativo - Amortizacion de la D Consolidada;240.14;0.400114;0.400114;63388.69
2011;5;54;Amortizacion de la Deuda Consolidada;4.40;0.400114;0.400114;1161.45
2011;5;53;IX. Resultado Operativo (VIII-IX);244.54;0.400114;0.400114;64550.14
2011;5;52;VIII. Egresos Totales (II+V+VI+VII);963.80;0.400114;0.400114;254410.00
2011;5;51;VII. Ingresos Totales (I+IV);1208.34;0.400114;0.400114;318960.14
2011;5;50;Otros;0.00;0.400114;0.400114;0.00
2011;5;49;Compra de Acciones, Titulos, Valores, Otros;0.00;0.400114;0.400114;0.00
2011;5;48;Prestamos;1.66;0.400114;0.400114;438.18
2011;5;47;Inversion Financiera;1.66;0.400114;0.400114;438.18
2011;5;46;al Sector Privado;0.00;0.400114;0.400114;0.00
2011;5;45;al Sector Publico+Remesas al IPV;9.32;0.400114;0.400114;2460.16
2011;5;44;Transferencias para financiar Erogaciones de Capital;9.32;0.400114;0.400114;2460.16
2011;5;43;Trabajos Publicos;91.64;0.400114;0.400114;24189.80
2011;5;42;Bienes de Capital;9.45;0.400114;0.400114;2494.47
2011;5;41;VI. Erogaciones de Capital;112.07;0.400114;0.400114;29582.62
2011;5;40;Resto Otros Recursos de Capital;36.92;0.400114;0.400114;9745.61
2011;5;39;Fondo Residual;0.53;0.400114;0.400114;139.90
2011;5;38;Venta de Acciones;0.00;0.400114;0.400114;0.00
2011;5;37;Otros Recursos de Capital;37.45;0.400114;0.400114;9885.51
2011;5;36;Reembolsos de Prestamos;1.64;0.400114;0.400114;432.90
2011;5;35;Reembolsos de Obras Publicas;0.00;0.400114;0.400114;0.00
2011;5;34;V. Recursos de Capital;39.09;0.400114;0.400114;10318.41
2011;5;33;IV.Resultado Economico Neto de Remesas;317.52;0.400114;0.400114;83814.34
2011;5;32;Remesas EMT;0.00;0.400114;0.400114;0.00
2011;5;31;Remesas ATM;0.00;0.400114;0.400114;0.00
2011;5;30;Resultado Economico con Remesas;317.52;0.400114;0.400114;83814.34
2011;5;29;Otras Erogaciones Corrientes;0.46;0.400114;0.400114;121.42
2011;5;28;Otras Transferencias;124.02;0.400114;0.400114;32737.01
2011;5;27;Municipios;165.54;0.400114;0.400114;43696.86
2011;5;26;Transferencias a Municipios y Otros;289.56;0.400114;0.400114;76433.87
2011;5;25;Intereses y Gastos de la Deuda;7.81;0.400114;0.400114;2061.57
2011;5;24;Otros Servicios;61.99;0.400114;0.400114;16363.22
2011;5;23;Bienes Corrientes;30.72;0.400114;0.400114;8109.02
2011;5;22;Locaciones de Servicio;9.18;0.400114;0.400114;2423.20
2011;5;21;Personal;452.01;0.400114;0.400114;119315.07
2011;5;20;Erogaciones Corrientes;851.73;0.400114;0.400114;224827.38
2011;5;19;Aportes no Reintegrables;73.07;0.400114;0.400114;19287.96
2011;5;18;Coparticipacion Vial;7.05;0.400114;0.400114;1860.96
2011;5;17;Ley 25.053 Fdo. Nac. de Incentivo Docente;0.00;0.400114;0.400114;0.00
2011;5;16;Regimenes Especiales Nacionales s/Financ. Educativo;123.43;0.400114;0.400114;32581.27
2011;5;15;Coparticipacion Federal + Financ. Educativo;534.58;0.400114;0.400114;141110.71
2011;5;14;De Origen Nacional;738.13;0.400114;0.400114;194840.90
2011;5;13;Otros no Tributarios;38.48;0.400114;0.400114;10157.39
2011;5;12;Remesas del Instituto de Juegos y Casino;8.18;0.400114;0.400114;2159.24
2011;5;11;Tasas Retributivas de Servicios;19.46;0.400114;0.400114;5136.77
2011;5;10;Regalias;76.69;0.400114;0.400114;20243.52
2011;5;9;No Tributarios;142.81;0.400114;0.400114;37696.92
2011;5;8;Otros Tributarios;0.71;0.400114;0.400114;187.42
2011;5;7;Sellos y Tasas de Justicia;30.47;0.400114;0.400114;8043.03
2011;5;6;Inmobiliario;18.98;0.400114;0.400114;5010.07
2011;5;5;Automotor;16.53;0.400114;0.400114;4363.35
2011;5;4;Ingresos Brutos;221.62;0.400114;0.400114;58500.05
2011;5;3;Tributarios;288.31;0.400114;0.400114;76103.91
2011;5;2;De Origen Provincial;431.12;0.400114;0.400114;113800.83
2011;5;1;Recursos Corrientes;1169.25;0.400114;0.400114;308641.73
2011;6;55;Resultado Operativo - Amortizacion de la D Consolidada;-121.71;0.403141;0.403141;-31886.02
2011;6;54;Amortizacion de la Deuda Consolidada;6.73;0.403141;0.403141;1763.15
2011;6;53;IX. Resultado Operativo (VIII-IX);-114.98;0.403141;0.403141;-30122.87
2011;6;52;VIII. Egresos Totales (II+V+VI+VII);1150.38;0.403141;0.403141;301380.65
2011;6;51;VII. Ingresos Totales (I+IV);1035.40;0.403141;0.403141;271257.78
2011;6;50;Otros;0.00;0.403141;0.403141;0.00
2011;6;49;Compra de Acciones, Titulos, Valores, Otros;5.00;0.403141;0.403141;1309.92
2011;6;48;Prestamos;1.61;0.403141;0.403141;421.79
2011;6;47;Inversion Financiera;6.61;0.403141;0.403141;1731.71
2011;6;46;al Sector Privado;0.00;0.403141;0.403141;0.00
2011;6;45;al Sector Publico+Remesas al IPV;15.78;0.403141;0.403141;4134.10
2011;6;44;Transferencias para financiar Erogaciones de Capital;15.78;0.403141;0.403141;4134.10
2011;6;43;Trabajos Publicos;73.63;0.403141;0.403141;19289.85
2011;6;42;Bienes de Capital;7.47;0.403141;0.403141;1957.02
2011;6;41;VI. Erogaciones de Capital;103.49;0.403141;0.403141;27112.68
2011;6;40;Resto Otros Recursos de Capital;31.61;0.403141;0.403141;8281.30
2011;6;39;Fondo Residual;1.56;0.403141;0.403141;408.69
2011;6;38;Venta de Acciones;0.00;0.403141;0.403141;0.00
2011;6;37;Otros Recursos de Capital;33.17;0.403141;0.403141;8689.99
2011;6;36;Reembolsos de Prestamos;4.00;0.403141;0.403141;1047.93
2011;6;35;Reembolsos de Obras Publicas;0.00;0.403141;0.403141;0.00
2011;6;34;V. Recursos de Capital;37.17;0.403141;0.403141;9737.93
2011;6;33;IV.Resultado Economico Neto de Remesas;-48.66;0.403141;0.403141;-12748.12
2011;6;32;Remesas EMT;0.00;0.403141;0.403141;0.00
2011;6;31;Remesas ATM;0.00;0.403141;0.403141;0.00
2011;6;30;Resultado Economico con Remesas;-48.66;0.403141;0.403141;-12748.12
2011;6;29;Otras Erogaciones Corrientes;0.46;0.403141;0.403141;120.51
2011;6;28;Otras Transferencias;110.71;0.403141;0.403141;29004.20
2011;6;27;Municipios;168.96;0.403141;0.403141;44264.74
2011;6;26;Transferencias a Municipios y Otros;279.67;0.403141;0.403141;73268.94
2011;6;25;Intereses y Gastos de la Deuda;8.79;0.403141;0.403141;2302.84
2011;6;24;Otros Servicios;87.57;0.403141;0.403141;22941.90
2011;6;23;Bienes Corrientes;27.07;0.403141;0.403141;7091.90
2011;6;22;Locaciones de Servicio;12.35;0.403141;0.403141;3235.50
2011;6;21;Personal;630.98;0.403141;0.403141;165306.39
2011;6;20;Erogaciones Corrientes;1046.89;0.403141;0.403141;274267.97
2011;6;19;Aportes no Reintegrables;21.31;0.403141;0.403141;5582.87
2011;6;18;Coparticipacion Vial;3.44;0.403141;0.403141;901.22
2011;6;17;Ley 25.053 Fdo. Nac. de Incentivo Docente;17.64;0.403141;0.403141;4621.39
2011;6;16;Regimenes Especiales Nacionales s/Financ. Educativo;119.26;0.403141;0.403141;31244.16
2011;6;15;Coparticipacion Federal + Financ. Educativo;402.86;0.403141;0.403141;105542.70
2011;6;14;De Origen Nacional;564.51;0.403141;0.403141;147892.34
2011;6;13;Otros no Tributarios;47.63;0.403141;0.403141;12478.28
2011;6;12;Remesas del Instituto de Juegos y Casino;3.84;0.403141;0.403141;1006.02
2011;6;11;Tasas Retributivas de Servicios;18.40;0.403141;0.403141;4820.50
2011;6;10;Regalias;81.25;0.403141;0.403141;21286.16
2011;6;9;No Tributarios;151.12;0.403141;0.403141;39590.96
2011;6;8;Otros Tributarios;5.96;0.403141;0.403141;1561.42
2011;6;7;Sellos y Tasas de Justicia;31.26;0.403141;0.403141;8189.61
2011;6;6;Inmobiliario;8.66;0.403141;0.403141;2268.78
2011;6;5;Automotor;28.80;0.403141;0.403141;7545.13
2011;6;4;Ingresos Brutos;207.92;0.403141;0.403141;54471.62
2011;6;3;Tributarios;282.60;0.403141;0.403141;74036.55
2011;6;2;De Origen Provincial;433.72;0.403141;0.403141;113627.51
2011;6;1;Recursos Corrientes;998.23;0.403141;0.403141;261519.85
2011;7;55;Resultado Operativo - Amortizacion de la D Consolidada;-71.52;0.406037;0.406037;-18603.42
2011;7;54;Amortizacion de la Deuda Consolidada;12.11;0.406037;0.406037;3149.99
2011;7;53;IX. Resultado Operativo (VIII-IX);-59.41;0.406037;0.406037;-15453.43
2011;7;52;VIII. Egresos Totales (II+V+VI+VII);991.26;0.406037;0.406037;257841.60
2011;7;51;VII. Ingresos Totales (I+IV);931.85;0.406037;0.406037;242388.16
2011;7;50;Otros;0.00;0.406037;0.406037;0.00
2011;7;49;Compra de Acciones, Titulos, Valores, Otros;0.00;0.406037;0.406037;0.00
2011;7;48;Prestamos;1.77;0.406037;0.406037;460.40
2011;7;47;Inversion Financiera;1.77;0.406037;0.406037;460.40
2011;7;46;al Sector Privado;0.00;0.406037;0.406037;0.00
2011;7;45;al Sector Publico+Remesas al IPV;17.51;0.406037;0.406037;4554.61
2011;7;44;Transferencias para financiar Erogaciones de Capital;17.51;0.406037;0.406037;4554.61
2011;7;43;Trabajos Publicos;64.52;0.406037;0.406037;16782.62
2011;7;42;Bienes de Capital;3.65;0.406037;0.406037;949.42
2011;7;41;VI. Erogaciones de Capital;87.45;0.406037;0.406037;22747.06
2011;7;40;Resto Otros Recursos de Capital;31.33;0.406037;0.406037;8149.40
2011;7;39;Fondo Residual;1.12;0.406037;0.406037;291.33
2011;7;38;Venta de Acciones;0.00;0.406037;0.406037;0.00
2011;7;37;Otros Recursos de Capital;32.45;0.406037;0.406037;8440.73
2011;7;36;Reembolsos de Prestamos;6.82;0.406037;0.406037;1773.98
2011;7;35;Reembolsos de Obras Publicas;0.00;0.406037;0.406037;0.00
2011;7;34;V. Recursos de Capital;39.27;0.406037;0.406037;10214.72
2011;7;33;IV.Resultado Economico Neto de Remesas;-11.23;0.406037;0.406037;-2921.09
2011;7;32;Remesas EMT;0.00;0.406037;0.406037;0.00
2011;7;31;Remesas ATM;0.00;0.406037;0.406037;0.00
2011;7;30;Resultado Economico con Remesas;-11.23;0.406037;0.406037;-2921.09
2011;7;29;Otras Erogaciones Corrientes;0.46;0.406037;0.406037;119.65
2011;7;28;Otras Transferencias;116.82;0.406037;0.406037;30386.63
2011;7;27;Municipios;131.73;0.406037;0.406037;34264.95
2011;7;26;Transferencias a Municipios y Otros;248.55;0.406037;0.406037;64651.58
2011;7;25;Intereses y Gastos de la Deuda;11.34;0.406037;0.406037;2949.70
2011;7;24;Otros Servicios;84.81;0.406037;0.406037;22060.35
2011;7;23;Bienes Corrientes;33.25;0.406037;0.406037;8648.82
2011;7;22;Locaciones de Servicio;11.37;0.406037;0.406037;2957.51
2011;7;21;Personal;514.03;0.406037;0.406037;133706.91
2011;7;20;Erogaciones Corrientes;903.81;0.406037;0.406037;235094.54
2011;7;19;Aportes no Reintegrables;63.49;0.406037;0.406037;16514.70
2011;7;18;Coparticipacion Vial;3.07;0.406037;0.406037;798.55
2011;7;17;Ley 25.053 Fdo. Nac. de Incentivo Docente;15.31;0.406037;0.406037;3982.36
2011;7;16;Regimenes Especiales Nacionales s/Financ. Educativo;63.81;0.406037;0.406037;16597.94
2011;7;15;Coparticipacion Federal + Financ. Educativo;392.79;0.406037;0.406037;102170.57
2011;7;14;De Origen Nacional;538.47;0.406037;0.406037;140064.13
2011;7;13;Otros no Tributarios;68.56;0.406037;0.406037;17833.48
2011;7;12;Remesas del Instituto de Juegos y Casino;13.11;0.406037;0.406037;3410.11
2011;7;11;Tasas Retributivas de Servicios;16.91;0.406037;0.406037;4398.54
2011;7;10;Regalias;78.72;0.406037;0.406037;20476.25
2011;7;9;No Tributarios;177.30;0.406037;0.406037;46118.39
2011;7;8;Otros Tributarios;0.92;0.406037;0.406037;239.31
2011;7;7;Sellos y Tasas de Justicia;35.60;0.406037;0.406037;9260.09
2011;7;6;Inmobiliario;16.76;0.406037;0.406037;4359.53
2011;7;5;Automotor;14.23;0.406037;0.406037;3701.44
2011;7;4;Ingresos Brutos;109.30;0.406037;0.406037;28430.57
2011;7;3;Tributarios;176.81;0.406037;0.406037;45990.93
2011;7;2;De Origen Provincial;354.11;0.406037;0.406037;92109.32
2011;7;1;Recursos Corrientes;892.58;0.406037;0.406037;232173.45
2011;8;55;Resultado Operativo - Amortizacion de la D Consolidada;-196.87;0.409196;0.409196;-50813.51
2011;8;54;Amortizacion de la Deuda Consolidada;75.95;0.409196;0.409196;19603.22
2011;8;53;IX. Resultado Operativo (VIII-IX);-120.92;0.409196;0.409196;-31210.29
2011;8;52;VIII. Egresos Totales (II+V+VI+VII);1152.08;0.409196;0.409196;297359.81
2011;8;51;VII. Ingresos Totales (I+IV);1031.16;0.409196;0.409196;266149.52
2011;8;50;Otros;0.00;0.409196;0.409196;0.00
2011;8;49;Compra de Acciones, Titulos, Valores, Otros;1.50;0.409196;0.409196;387.16
2011;8;48;Prestamos;1.84;0.409196;0.409196;474.92
2011;8;47;Inversion Financiera;3.34;0.409196;0.409196;862.08
2011;8;46;al Sector Privado;0.00;0.409196;0.409196;0.00
2011;8;45;al Sector Publico+Remesas al IPV;19.18;0.409196;0.409196;4950.49
2011;8;44;Transferencias para financiar Erogaciones de Capital;19.18;0.409196;0.409196;4950.49
2011;8;43;Trabajos Publicos;97.67;0.409196;0.409196;25209.30
2011;8;42;Bienes de Capital;15.32;0.409196;0.409196;3954.20
2011;8;41;VI. Erogaciones de Capital;135.51;0.409196;0.409196;34976.07
2011;8;40;Resto Otros Recursos de Capital;41.03;0.409196;0.409196;10590.13
2011;8;39;Fondo Residual;0.67;0.409196;0.409196;172.93
2011;8;38;Venta de Acciones;0.00;0.409196;0.409196;0.00
2011;8;37;Otros Recursos de Capital;41.70;0.409196;0.409196;10763.06
2011;8;36;Reembolsos de Prestamos;12.88;0.409196;0.409196;3324.42
2011;8;35;Reembolsos de Obras Publicas;0.00;0.409196;0.409196;0.00
2011;8;34;V. Recursos de Capital;54.58;0.409196;0.409196;14087.48
2011;8;33;IV.Resultado Economico Neto de Remesas;-39.99;0.409196;0.409196;-10321.70
2011;8;32;Remesas EMT;0.00;0.409196;0.409196;0.00
2011;8;31;Remesas ATM;0.00;0.409196;0.409196;0.00
2011;8;30;Resultado Economico con Remesas;-39.99;0.409196;0.409196;-10321.70
2011;8;29;Otras Erogaciones Corrientes;0.92;0.409196;0.409196;237.46
2011;8;28;Otras Transferencias;139.09;0.409196;0.409196;35900.09
2011;8;27;Municipios;150.79;0.409196;0.409196;38919.94
2011;8;26;Transferencias a Municipios y Otros;289.88;0.409196;0.409196;74820.03
2011;8;25;Intereses y Gastos de la Deuda;29.82;0.409196;0.409196;7696.75
2011;8;24;Otros Servicios;95.95;0.409196;0.409196;24765.36
2011;8;23;Bienes Corrientes;34.93;0.409196;0.409196;9015.67
2011;8;22;Locaciones de Servicio;11.62;0.409196;0.409196;2999.20
2011;8;21;Personal;553.45;0.409196;0.409196;142849.27
2011;8;20;Erogaciones Corrientes;1016.57;0.409196;0.409196;262383.74
2011;8;19;Aportes no Reintegrables;65.63;0.409196;0.409196;16939.56
2011;8;18;Coparticipacion Vial;4.72;0.409196;0.409196;1218.26
2011;8;17;Ley 25.053 Fdo. Nac. de Incentivo Docente;12.82;0.409196;0.409196;3308.93
2011;8;16;Regimenes Especiales Nacionales s/Financ. Educativo;81.97;0.409196;0.409196;21157.02
2011;8;15;Coparticipacion Federal + Financ. Educativo;384.73;0.409196;0.409196;99301.47
2011;8;14;De Origen Nacional;549.87;0.409196;0.409196;141925.25
2011;8;13;Otros no Tributarios;82.45;0.409196;0.409196;21280.91
2011;8;12;Remesas del Instituto de Juegos y Casino;1.61;0.409196;0.409196;415.55
2011;8;11;Tasas Retributivas de Servicios;22.97;0.409196;0.409196;5928.72
2011;8;10;Regalias;84.56;0.409196;0.409196;21825.52
2011;8;9;No Tributarios;191.59;0.409196;0.409196;49450.70
2011;8;8;Otros Tributarios;0.13;0.409196;0.409196;33.55
2011;8;7;Sellos y Tasas de Justicia;35.33;0.409196;0.409196;9118.92
2011;8;6;Inmobiliario;8.21;0.409196;0.409196;2119.06
2011;8;5;Automotor;31.40;0.409196;0.409196;8104.56
2011;8;4;Ingresos Brutos;160.05;0.409196;0.409196;41310.01
2011;8;3;Tributarios;235.12;0.409196;0.409196;60686.10
2011;8;2;De Origen Provincial;426.71;0.409196;0.409196;110136.80
2011;8;1;Recursos Corrientes;976.58;0.409196;0.409196;252062.05
2011;9;55;Resultado Operativo - Amortizacion de la D Consolidada;-27.26;0.412574;0.412574;-6978.39
2011;9;54;Amortizacion de la Deuda Consolidada;10.86;0.412574;0.412574;2780.09
2011;9;53;IX. Resultado Operativo (VIII-IX);-16.40;0.412574;0.412574;-4198.30
2011;9;52;VIII. Egresos Totales (II+V+VI+VII);1087.93;0.412574;0.412574;278503.15
2011;9;51;VII. Ingresos Totales (I+IV);1071.53;0.412574;0.412574;274304.85
2011;9;50;Otros;0.00;0.412574;0.412574;0.00
2011;9;49;Compra de Acciones, Titulos, Valores, Otros;0.00;0.412574;0.412574;0.00
2011;9;48;Prestamos;1.80;0.412574;0.412574;460.79
2011;9;47;Inversion Financiera;1.80;0.412574;0.412574;460.79
2011;9;46;al Sector Privado;1.77;0.412574;0.412574;453.11
2011;9;45;al Sector Publico+Remesas al IPV;14.46;0.412574;0.412574;3701.67
2011;9;44;Transferencias para financiar Erogaciones de Capital;16.23;0.412574;0.412574;4154.78
2011;9;43;Trabajos Publicos;116.89;0.412574;0.412574;29923.10
2011;9;42;Bienes de Capital;7.09;0.412574;0.412574;1814.99
2011;9;41;VI. Erogaciones de Capital;142.01;0.412574;0.412574;36353.66
2011;9;40;Resto Otros Recursos de Capital;22.66;0.412574;0.412574;5800.82
2011;9;39;Fondo Residual;1.68;0.412574;0.412574;430.07
2011;9;38;Venta de Acciones;0.00;0.412574;0.412574;0.00
2011;9;37;Otros Recursos de Capital;24.34;0.412574;0.412574;6230.88
2011;9;36;Reembolsos de Prestamos;11.73;0.412574;0.412574;3002.81
2011;9;35;Reembolsos de Obras Publicas;0.00;0.412574;0.412574;0.00
2011;9;34;V. Recursos de Capital;36.07;0.412574;0.412574;9233.69
2011;9;33;IV.Resultado Economico Neto de Remesas;89.54;0.412574;0.412574;22921.67
2011;9;32;Remesas EMT;0.00;0.412574;0.412574;0.00
2011;9;31;Remesas ATM;0.00;0.412574;0.412574;0.00
2011;9;30;Resultado Economico con Remesas;89.54;0.412574;0.412574;22921.67
2011;9;29;Otras Erogaciones Corrientes;0.46;0.412574;0.412574;117.76
2011;9;28;Otras Transferencias;146.48;0.412574;0.412574;37497.95
2011;9;27;Municipios;142.61;0.412574;0.412574;36507.25
2011;9;26;Transferencias a Municipios y Otros;289.09;0.412574;0.412574;74005.20
2011;9;25;Intereses y Gastos de la Deuda;9.32;0.412574;0.412574;2385.86
2011;9;24;Otros Servicios;69.66;0.412574;0.412574;17832.52
2011;9;23;Bienes Corrientes;29.00;0.412574;0.412574;7423.82
2011;9;22;Locaciones de Servicio;11.65;0.412574;0.412574;2982.33
2011;9;21;Personal;536.74;0.412574;0.412574;137402.02
2011;9;20;Erogaciones Corrientes;945.92;0.412574;0.412574;242149.49
2011;9;19;Aportes no Reintegrables;42.83;0.412574;0.412574;10964.21
2011;9;18;Coparticipacion Vial;4.17;0.412574;0.412574;1067.49
2011;9;17;Ley 25.053 Fdo. Nac. de Incentivo Docente;0.01;0.412574;0.412574;2.56
2011;9;16;Regimenes Especiales Nacionales s/Financ. Educativo;79.03;0.412574;0.412574;20231.18
2011;9;15;Coparticipacion Federal + Financ. Educativo;390.32;0.412574;0.412574;99919.43
2011;9;14;De Origen Nacional;516.36;0.412574;0.412574;132184.87
2011;9;13;Otros no Tributarios;114.19;0.412574;0.412574;29231.91
2011;9;12;Remesas del Instituto de Juegos y Casino;4.96;0.412574;0.412574;1269.73
2011;9;11;Tasas Retributivas de Servicios;20.65;0.412574;0.412574;5286.27
2011;9;10;Regalias;79.44;0.412574;0.412574;20336.13
2011;9;9;No Tributarios;219.24;0.412574;0.412574;56124.04
2011;9;8;Otros Tributarios;1.87;0.412574;0.412574;478.71
2011;9;7;Sellos y Tasas de Justicia;34.83;0.412574;0.412574;8916.26
2011;9;6;Inmobiliario;15.82;0.412574;0.412574;4049.82
2011;9;5;Automotor;14.30;0.412574;0.412574;3660.71
2011;9;4;Ingresos Brutos;233.04;0.412574;0.412574;59656.76
2011;9;3;Tributarios;299.86;0.412574;0.412574;76762.25
2011;9;2;De Origen Provincial;519.10;0.412574;0.412574;132886.29
2011;9;1;Recursos Corrientes;1035.46;0.412574;0.412574;265071.16
2011;10;55;Resultado Operativo - Amortizacion de la D Consolidada;-206.27;0.416026;0.416026;-52365.66
2011;10;54;Amortizacion de la Deuda Consolidada;23.27;0.416026;0.416026;5907.54
2011;10;53;IX. Resultado Operativo (VIII-IX);-183.00;0.416026;0.416026;-46458.12
2011;10;52;VIII. Egresos Totales (II+V+VI+VII);1138.04;0.416026;0.416026;288913.65
2011;10;51;VII. Ingresos Totales (I+IV);955.04;0.416026;0.416026;242455.53
2011;10;50;Otros;0.00;0.416026;0.416026;0.00
2011;10;49;Compra de Acciones, Titulos, Valores, Otros;8.00;0.416026;0.416026;2030.96
2011;10;48;Prestamos;1.85;0.416026;0.416026;469.66
2011;10;47;Inversion Financiera;9.85;0.416026;0.416026;2500.61
2011;10;46;al Sector Privado;0.00;0.416026;0.416026;0.00
2011;10;45;al Sector Publico+Remesas al IPV;12.91;0.416026;0.416026;3277.46
2011;10;44;Transferencias para financiar Erogaciones de Capital;12.91;0.416026;0.416026;3277.46
2011;10;43;Trabajos Publicos;68.74;0.416026;0.416026;17450.99
2011;10;42;Bienes de Capital;10.16;0.416026;0.416026;2579.31
2011;10;41;VI. Erogaciones de Capital;101.66;0.416026;0.416026;25808.37
2011;10;40;Resto Otros Recursos de Capital;30.56;0.416026;0.416026;7758.25
2011;10;39;Fondo Residual;2.33;0.416026;0.416026;591.52
2011;10;38;Venta de Acciones;0.00;0.416026;0.416026;0.00
2011;10;37;Otros Recursos de Capital;32.89;0.416026;0.416026;8349.77
2011;10;36;Reembolsos de Prestamos;9.72;0.416026;0.416026;2467.61
2011;10;35;Reembolsos de Obras Publicas;0.00;0.416026;0.416026;0.00
2011;10;34;V. Recursos de Capital;42.61;0.416026;0.416026;10817.38
2011;10;33;IV.Resultado Economico Neto de Remesas;-123.95;0.416026;0.416026;-31467.13
2011;10;32;Remesas EMT;0.00;0.416026;0.416026;0.00
2011;10;31;Remesas ATM;0.00;0.416026;0.416026;0.00
2011;10;30;Resultado Economico con Remesas;-123.95;0.416026;0.416026;-31467.13
2011;10;29;Otras Erogaciones Corrientes;0.46;0.416026;0.416026;116.78
2011;10;28;Otras Transferencias;139.81;0.416026;0.416026;35493.50
2011;10;27;Municipios;146.54;0.416026;0.416026;37202.04
2011;10;26;Transferencias a Municipios y Otros;286.35;0.416026;0.416026;72695.53
2011;10;25;Intereses y Gastos de la Deuda;12.74;0.416026;0.416026;3234.30
2011;10;24;Otros Servicios;159.50;0.416026;0.416026;40492.19
2011;10;23;Bienes Corrientes;38.99;0.416026;0.416026;9898.37
2011;10;22;Locaciones de Servicio;11.10;0.416026;0.416026;2817.95
2011;10;21;Personal;527.24;0.416026;0.416026;133850.16
2011;10;20;Erogaciones Corrientes;1036.38;0.416026;0.416026;263105.28
2011;10;19;Aportes no Reintegrables;60.70;0.416026;0.416026;15409.88
2011;10;18;Coparticipacion Vial;5.12;0.416026;0.416026;1299.81
2011;10;17;Ley 25.053 Fdo. Nac. de Incentivo Docente;13.72;0.416026;0.416026;3483.09
2011;10;16;Regimenes Especiales Nacionales s/Financ. Educativo;74.99;0.416026;0.416026;19037.67
2011;10;15;Coparticipacion Federal + Financ. Educativo;380.70;0.416026;0.416026;96648.12
2011;10;14;De Origen Nacional;535.23;0.416026;0.416026;135878.58
2011;10;13;Otros no Tributarios;44.79;0.416026;0.416026;11370.82
2011;10;12;Remesas del Instituto de Juegos y Casino;1.61;0.416026;0.416026;408.73
2011;10;11;Tasas Retributivas de Servicios;19.65;0.416026;0.416026;4988.54
2011;10;10;Regalias;86.05;0.416026;0.416026;21845.47
2011;10;9;No Tributarios;152.10;0.416026;0.416026;38613.55
2011;10;8;Otros Tributarios;1.58;0.416026;0.416026;401.11
2011;10;7;Sellos y Tasas de Justicia;35.74;0.416026;0.416026;9073.30
2011;10;6;Inmobiliario;6.36;0.416026;0.416026;1614.61
2011;10;5;Automotor;10.75;0.416026;0.416026;2729.10
2011;10;4;Ingresos Brutos;170.67;0.416026;0.416026;43327.91
2011;10;3;Tributarios;225.10;0.416026;0.416026;57146.03
2011;10;2;De Origen Provincial;377.20;0.416026;0.416026;95759.58
2011;10;1;Recursos Corrientes;912.43;0.416026;0.416026;231638.15
2011;11;55;Resultado Operativo - Amortizacion de la D Consolidada;-153.00;0.418819;0.418819;-38583.01
2011;11;54;Amortizacion de la Deuda Consolidada;38.48;0.418819;0.418819;9703.75
2011;11;53;IX. Resultado Operativo (VIII-IX);-114.52;0.418819;0.418819;-28879.25
2011;11;52;VIII. Egresos Totales (II+V+VI+VII);1156.22;0.418819;0.418819;291571.53
2011;11;51;VII. Ingresos Totales (I+IV);1041.70;0.418819;0.418819;262692.27
2011;11;50;Otros;0.00;0.418819;0.418819;0.00
2011;11;49;Compra de Acciones, Titulos, Valores, Otros;0.00;0.418819;0.418819;0.00
2011;11;48;Prestamos;1.82;0.418819;0.418819;458.96
2011;11;47;Inversion Financiera;1.82;0.418819;0.418819;458.96
2011;11;46;al Sector Privado;0.00;0.418819;0.418819;0.00
2011;11;45;al Sector Publico+Remesas al IPV;17.71;0.418819;0.418819;4466.05
2011;11;44;Transferencias para financiar Erogaciones de Capital;17.71;0.418819;0.418819;4466.05
2011;11;43;Trabajos Publicos;130.32;0.418819;0.418819;32863.64
2011;11;42;Bienes de Capital;21.29;0.418819;0.418819;5368.84
2011;11;41;VI. Erogaciones de Capital;171.14;0.418819;0.418819;43157.49
2011;11;40;Resto Otros Recursos de Capital;11.93;0.418819;0.418819;3008.47
2011;11;39;Fondo Residual;1.37;0.418819;0.418819;345.48
2011;11;38;Venta de Acciones;0.00;0.418819;0.418819;0.00
2011;11;37;Otros Recursos de Capital;13.30;0.418819;0.418819;3353.95
2011;11;36;Reembolsos de Prestamos;6.83;0.418819;0.418819;1722.37
2011;11;35;Reembolsos de Obras Publicas;0.00;0.418819;0.418819;0.00
2011;11;34;V. Recursos de Capital;20.13;0.418819;0.418819;5076.31
2011;11;33;IV.Resultado Economico Neto de Remesas;36.49;0.418819;0.418819;9201.92
2011;11;32;Remesas EMT;0.00;0.418819;0.418819;0.00
2011;11;31;Remesas ATM;0.00;0.418819;0.418819;0.00
2011;11;30;Resultado Economico con Remesas;36.49;0.418819;0.418819;9201.92
2011;11;29;Otras Erogaciones Corrientes;0.00;0.418819;0.418819;0.00
2011;11;28;Otras Transferencias;108.84;0.418819;0.418819;27446.89
2011;11;27;Municipios;137.90;0.418819;0.418819;34775.14
2011;11;26;Transferencias a Municipios y Otros;246.74;0.418819;0.418819;62222.03
2011;11;25;Intereses y Gastos de la Deuda;20.05;0.418819;0.418819;5056.14
2011;11;24;Otros Servicios;130.62;0.418819;0.418819;32939.30
2011;11;23;Bienes Corrientes;36.78;0.418819;0.418819;9275.05
2011;11;22;Locaciones de Servicio;10.06;0.418819;0.418819;2536.90
2011;11;21;Personal;540.83;0.418819;0.418819;136384.62
2011;11;20;Erogaciones Corrientes;985.08;0.418819;0.418819;248414.04
2011;11;19;Aportes no Reintegrables;38.31;0.418819;0.418819;9660.88
2011;11;18;Coparticipacion Vial;5.16;0.418819;0.418819;1301.23
2011;11;17;Ley 25.053 Fdo. Nac. de Incentivo Docente;13.72;0.418819;0.418819;3459.86
2011;11;16;Regimenes Especiales Nacionales s/Financ. Educativo;90.21;0.418819;0.418819;22748.84
2011;11;15;Coparticipacion Federal + Financ. Educativo;407.19;0.418819;0.418819;102683.75
2011;11;14;De Origen Nacional;554.59;0.418819;0.418819;139854.57
2011;11;13;Otros no Tributarios;47.42;0.418819;0.418819;11958.21
2011;11;12;Remesas del Instituto de Juegos y Casino;18.34;0.418819;0.418819;4624.92
2011;11;11;Tasas Retributivas de Servicios;22.40;0.418819;0.418819;5648.75
2011;11;10;Regalias;89.14;0.418819;0.418819;22479.01
2011;11;9;No Tributarios;177.30;0.418819;0.418819;44710.90
2011;11;8;Otros Tributarios;0.13;0.418819;0.418819;32.78
2011;11;7;Sellos y Tasas de Justicia;35.75;0.418819;0.418819;9015.31
2011;11;6;Inmobiliario;16.37;0.418819;0.418819;4128.13
2011;11;5;Automotor;12.14;0.418819;0.418819;3061.42
2011;11;4;Ingresos Brutos;225.29;0.418819;0.418819;56812.85
2011;11;3;Tributarios;289.68;0.418819;0.418819;73050.49
2011;11;2;De Origen Provincial;466.98;0.418819;0.418819;117761.39
2011;11;1;Recursos Corrientes;1021.57;0.418819;0.418819;257615.96
2011;12;55;Resultado Operativo - Amortizacion de la D Consolidada;-763.14;0.421320;0.421320;-191303.60
2011;12;54;Amortizacion de la Deuda Consolidada;60.30;0.421320;0.421320;15115.98
2011;12;53;IX. Resultado Operativo (VIII-IX);-702.84;0.421320;0.421320;-176187.63
2011;12;52;VIII. Egresos Totales (II+V+VI+VII);2095.69;0.421320;0.421320;525346.66
2011;12;51;VII. Ingresos Totales (I+IV);1392.85;0.421320;0.421320;349159.03
2011;12;50;Otros;0.00;0.421320;0.421320;0.00
2011;12;49;Compra de Acciones, Titulos, Valores, Otros;8.65;0.421320;0.421320;2168.38
2011;12;48;Prestamos;1.73;0.421320;0.421320;433.68
2011;12;47;Inversion Financiera;10.38;0.421320;0.421320;2602.05
2011;12;46;al Sector Privado;2.22;0.421320;0.421320;556.51
2011;12;45;al Sector Publico+Remesas al IPV;43.76;0.421320;0.421320;10969.74
2011;12;44;Transferencias para financiar Erogaciones de Capital;45.98;0.421320;0.421320;11526.25
2011;12;43;Trabajos Publicos;241.86;0.421320;0.421320;60629.36
2011;12;42;Bienes de Capital;59.25;0.421320;0.421320;14852.76
2011;12;41;VI. Erogaciones de Capital;357.47;0.421320;0.421320;89610.42
2011;12;40;Resto Otros Recursos de Capital;12.21;0.421320;0.421320;3060.80
2011;12;39;Fondo Residual;3.40;0.421320;0.421320;852.31
2011;12;38;Venta de Acciones;0.00;0.421320;0.421320;0.00
2011;12;37;Otros Recursos de Capital;15.61;0.421320;0.421320;3913.11
2011;12;36;Reembolsos de Prestamos;-8.20;0.421320;0.421320;-2055.57
2011;12;35;Reembolsos de Obras Publicas;0.00;0.421320;0.421320;0.00
2011;12;34;V. Recursos de Capital;7.41;0.421320;0.421320;1857.54
2011;12;33;IV.Resultado Economico Neto de Remesas;-352.78;0.421320;0.421320;-88434.74
2011;12;32;Remesas EMT;0.00;0.421320;0.421320;0.00
2011;12;31;Remesas ATM;0.00;0.421320;0.421320;0.00
2011;12;30;Resultado Economico con Remesas;-352.78;0.421320;0.421320;-88434.74
2011;12;29;Otras Erogaciones Corrientes;0.46;0.421320;0.421320;115.31
2011;12;28;Otras Transferencias;229.87;0.421320;0.421320;57623.71
2011;12;27;Municipios;181.83;0.421320;0.421320;45581.07
2011;12;26;Transferencias a Municipios y Otros;411.70;0.421320;0.421320;103204.78
2011;12;25;Intereses y Gastos de la Deuda;35.32;0.421320;0.421320;8854.00
2011;12;24;Otros Servicios;240.02;0.421320;0.421320;60168.11
2011;12;23;Bienes Corrientes;105.53;0.421320;0.421320;26454.21
2011;12;22;Locaciones de Servicio;15.47;0.421320;0.421320;3878.01
2011;12;21;Personal;929.72;0.421320;0.421320;233061.81
2011;12;20;Erogaciones Corrientes;1738.22;0.421320;0.421320;435736.24
2011;12;19;Aportes no Reintegrables;125.91;0.421320;0.421320;31563.06
2011;12;18;Coparticipacion Vial;6.40;0.421320;0.421320;1604.35
2011;12;17;Ley 25.053 Fdo. Nac. de Incentivo Docente;28.21;0.421320;0.421320;7071.67
2011;12;16;Regimenes Especiales Nacionales s/Financ. Educativo;90.98;0.421320;0.421320;22806.83
2011;12;15;Coparticipacion Federal + Financ. Educativo;410.27;0.421320;0.421320;102846.31
2011;12;14;De Origen Nacional;661.77;0.421320;0.421320;165892.22
2011;12;13;Otros no Tributarios;201.01;0.421320;0.421320;50389.10
2011;12;12;Remesas del Instituto de Juegos y Casino;9.21;0.421320;0.421320;2308.76
2011;12;11;Tasas Retributivas de Servicios;27.00;0.421320;0.421320;6768.35
2011;12;10;Regalias;90.52;0.421320;0.421320;22691.51
2011;12;9;No Tributarios;327.74;0.421320;0.421320;82157.72
2011;12;8;Otros Tributarios;2.12;0.421320;0.421320;531.44
2011;12;7;Sellos y Tasas de Justicia;41.83;0.421320;0.421320;10485.93
2011;12;6;Inmobiliario;7.91;0.421320;0.421320;1982.88
2011;12;5;Automotor;15.70;0.421320;0.421320;3935.67
2011;12;4;Ingresos Brutos;328.37;0.421320;0.421320;82315.65
2011;12;3;Tributarios;395.93;0.421320;0.421320;99251.56
2011;12;2;De Origen Provincial;723.67;0.421320;0.421320;181409.28
2011;12;1;Recursos Corrientes;1385.44;0.421320;0.421320;347301.50
2012;1;55;Resultado Operativo - Amortizacion de la D Consolidada;156.11;0.424654;0.424654;38826.35
2012;1;54;Amortizacion de la Deuda Consolidada;26.60;0.424654;0.424654;6615.72
2012;1;53;IX. Resultado Operativo (VIII-IX);182.71;0.424654;0.424654;45442.07
2012;1;52;VIII. Egresos Totales (II+V+VI+VII);704.72;0.424654;0.424654;175271.94
2012;1;51;VII. Ingresos Totales (I+IV);887.43;0.424654;0.424654;220714.01
2012;1;50;Otros;0.00;0.424654;0.424654;0.00
2012;1;49;Compra de Acciones, Titulos, Valores, Otros;0.00;0.424654;0.424654;0.00
2012;1;48;Prestamos;2.16;0.424654;0.424654;537.22
2012;1;47;Inversion Financiera;2.16;0.424654;0.424654;537.22
2012;1;46;al Sector Privado;0.00;0.424654;0.424654;0.00
2012;1;45;al Sector Publico+Remesas al IPV;4.20;0.424654;0.424654;1044.59
2012;1;44;Transferencias para financiar Erogaciones de Capital;4.20;0.424654;0.424654;1044.59
2012;1;43;Trabajos Publicos;8.61;0.424654;0.424654;2141.41
2012;1;42;Bienes de Capital;0.06;0.424654;0.424654;14.92
2012;1;41;VI. Erogaciones de Capital;15.03;0.424654;0.424654;3738.13
2012;1;40;Resto Otros Recursos de Capital;22.63;0.424654;0.424654;5628.34
2012;1;39;Fondo Residual;0.00;0.424654;0.424654;0.00
2012;1;38;Venta de Acciones;0.00;0.424654;0.424654;0.00
2012;1;37;Otros Recursos de Capital;22.63;0.424654;0.424654;5628.34
2012;1;36;Reembolsos de Prestamos;2.32;0.424654;0.424654;577.01
2012;1;35;Reembolsos de Obras Publicas;0.00;0.424654;0.424654;0.00
2012;1;34;V. Recursos de Capital;24.95;0.424654;0.424654;6205.35
2012;1;33;IV.Resultado Economico Neto de Remesas;172.79;0.424654;0.424654;42974.85
2012;1;32;Remesas EMT;0.00;0.424654;0.424654;0.00
2012;1;31;Remesas ATM;0.00;0.424654;0.424654;0.00
2012;1;30;Resultado Economico con Remesas;172.79;0.424654;0.424654;42974.85
2012;1;29;Otras Erogaciones Corrientes;0.33;0.424654;0.424654;82.07
2012;1;28;Otras Transferencias;52.27;0.424654;0.424654;13000.15
2012;1;27;Municipios;130.65;0.424654;0.424654;32494.15
2012;1;26;Transferencias a Municipios y Otros;182.92;0.424654;0.424654;45494.30
2012;1;25;Intereses y Gastos de la Deuda;12.63;0.424654;0.424654;3141.23
2012;1;24;Otros Servicios;17.77;0.424654;0.424654;4419.60
2012;1;23;Bienes Corrientes;9.55;0.424654;0.424654;2375.19
2012;1;22;Locaciones de Servicio;7.77;0.424654;0.424654;1932.49
2012;1;21;Personal;458.72;0.424654;0.424654;114088.92
2012;1;20;Erogaciones Corrientes;689.69;0.424654;0.424654;171533.80
2012;1;19;Aportes no Reintegrables;58.99;0.424654;0.424654;14671.49
2012;1;18;Coparticipacion Vial;3.92;0.424654;0.424654;974.95
2012;1;17;Ley 25.053 Fdo. Nac. de Incentivo Docente;12.00;0.424654;0.424654;2984.54
2012;1;16;Regimenes Especiales Nacionales s/Financ. Educativo;40.09;0.424654;0.424654;9970.84
2012;1;15;Coparticipacion Federal + Financ. Educativo;414.93;0.424654;0.424654;103197.84
2012;1;14;De Origen Nacional;529.93;0.424654;0.424654;131799.66
2012;1;13;Otros no Tributarios;69.90;0.424654;0.424654;17384.93
2012;1;12;Remesas del Instituto de Juegos y Casino;0.00;0.424654;0.424654;0.00
2012;1;11;Tasas Retributivas de Servicios;20.42;0.424654;0.424654;5078.69
2012;1;10;Regalias;94.79;0.424654;0.424654;23575.36
2012;1;9;No Tributarios;185.11;0.424654;0.424654;46038.98
2012;1;8;Otros Tributarios;0.10;0.424654;0.424654;24.87
2012;1;7;Sellos y Tasas de Justicia;32.29;0.424654;0.424654;8030.89
2012;1;6;Inmobiliario;4.67;0.424654;0.424654;1161.48
2012;1;5;Automotor;8.83;0.424654;0.424654;2196.12
2012;1;4;Ingresos Brutos;101.55;0.424654;0.424654;25256.65
2012;1;3;Tributarios;147.44;0.424654;0.424654;36670.02
2012;1;2;De Origen Provincial;332.55;0.424654;0.424654;82708.99
2012;1;1;Recursos Corrientes;862.48;0.424654;0.424654;214508.66
2012;2;55;Resultado Operativo - Amortizacion de la D Consolidada;-68.60;0.428471;0.428471;-16909.61
2012;2;54;Amortizacion de la Deuda Consolidada;56.78;0.428471;0.428471;13996.03
2012;2;53;IX. Resultado Operativo (VIII-IX);-11.82;0.428471;0.428471;-2913.58
2012;2;52;VIII. Egresos Totales (II+V+VI+VII);962.74;0.428471;0.428471;237311.40
2012;2;51;VII. Ingresos Totales (I+IV);950.92;0.428471;0.428471;234397.82
2012;2;50;Otros;0.00;0.428471;0.428471;0.00
2012;2;49;Compra de Acciones, Titulos, Valores, Otros;3.00;0.428471;0.428471;739.49
2012;2;48;Prestamos;2.12;0.428471;0.428471;522.57
2012;2;47;Inversion Financiera;5.12;0.428471;0.428471;1262.06
2012;2;46;al Sector Privado;0.00;0.428471;0.428471;0.00
2012;2;45;al Sector Publico+Remesas al IPV;7.68;0.428471;0.428471;1893.09
2012;2;44;Transferencias para financiar Erogaciones de Capital;7.68;0.428471;0.428471;1893.09
2012;2;43;Trabajos Publicos;36.66;0.428471;0.428471;9036.54
2012;2;42;Bienes de Capital;0.60;0.428471;0.428471;147.90
2012;2;41;VI. Erogaciones de Capital;50.06;0.428471;0.428471;12339.58
2012;2;40;Resto Otros Recursos de Capital;12.67;0.428471;0.428471;3123.10
2012;2;39;Fondo Residual;1.25;0.428471;0.428471;308.12
2012;2;38;Venta de Acciones;0.00;0.428471;0.428471;0.00
2012;2;37;Otros Recursos de Capital;13.92;0.428471;0.428471;3431.22
2012;2;36;Reembolsos de Prestamos;18.17;0.428471;0.428471;4478.83
2012;2;35;Reembolsos de Obras Publicas;0.00;0.428471;0.428471;0.00
2012;2;34;V. Recursos de Capital;32.09;0.428471;0.428471;7910.05
2012;2;33;IV.Resultado Economico Neto de Remesas;6.15;0.428471;0.428471;1515.95
2012;2;32;Remesas EMT;0.00;0.428471;0.428471;0.00
2012;2;31;Remesas ATM;0.00;0.428471;0.428471;0.00
2012;2;30;Resultado Economico con Remesas;6.15;0.428471;0.428471;1515.95
2012;2;29;Otras Erogaciones Corrientes;0.51;0.428471;0.428471;125.71
2012;2;28;Otras Transferencias;117.10;0.428471;0.428471;28864.66
2012;2;27;Municipios;165.26;0.428471;0.428471;40735.90
2012;2;26;Transferencias a Municipios y Otros;282.36;0.428471;0.428471;69600.56
2012;2;25;Intereses y Gastos de la Deuda;27.91;0.428471;0.428471;6879.70
2012;2;24;Otros Servicios;28.93;0.428471;0.428471;7131.12
2012;2;23;Bienes Corrientes;21.29;0.428471;0.428471;5247.90
2012;2;22;Locaciones de Servicio;8.60;0.428471;0.428471;2119.86
2012;2;21;Personal;543.08;0.428471;0.428471;133866.96
2012;2;20;Erogaciones Corrientes;912.68;0.428471;0.428471;224971.81
2012;2;19;Aportes no Reintegrables;45.10;0.428471;0.428471;11116.96
2012;2;18;Coparticipacion Vial;1.77;0.428471;0.428471;436.30
2012;2;17;Ley 25.053 Fdo. Nac. de Incentivo Docente;0.00;0.428471;0.428471;0.00
2012;2;16;Regimenes Especiales Nacionales s/Financ. Educativo;66.75;0.428471;0.428471;16453.60
2012;2;15;Coparticipacion Federal + Financ. Educativo;352.10;0.428471;0.428471;86791.18
2012;2;14;De Origen Nacional;465.72;0.428471;0.428471;114798.04
2012;2;13;Otros no Tributarios;105.43;0.428471;0.428471;25988.06
2012;2;12;Remesas del Instituto de Juegos y Casino;14.02;0.428471;0.428471;3455.87
2012;2;11;Tasas Retributivas de Servicios;21.08;0.428471;0.428471;5196.13
2012;2;10;Regalias;76.15;0.428471;0.428471;18770.66
2012;2;9;No Tributarios;216.68;0.428471;0.428471;53410.72
2012;2;8;Otros Tributarios;1.59;0.428471;0.428471;391.93
2012;2;7;Sellos y Tasas de Justicia;29.85;0.428471;0.428471;7357.90
2012;2;6;Inmobiliario;4.67;0.428471;0.428471;1151.14
2012;2;5;Automotor;65.57;0.428471;0.428471;16162.73
2012;2;4;Ingresos Brutos;134.75;0.428471;0.428471;33215.31
2012;2;3;Tributarios;236.43;0.428471;0.428471;58279.01
2012;2;2;De Origen Provincial;453.11;0.428471;0.428471;111689.73
2012;2;1;Recursos Corrientes;918.83;0.428471;0.428471;226487.76
2012;3;55;Resultado Operativo - Amortizacion de la D Consolidada;160.16;0.431776;0.431776;39176.58
2012;3;54;Amortizacion de la Deuda Consolidada;18.60;0.431776;0.431776;4549.73
2012;3;53;IX. Resultado Operativo (VIII-IX);178.76;0.431776;0.431776;43726.31
2012;3;52;VIII. Egresos Totales (II+V+VI+VII);1089.90;0.431776;0.431776;266599.40
2012;3;51;VII. Ingresos Totales (I+IV);1268.66;0.431776;0.431776;310325.71
2012;3;50;Otros;0.00;0.431776;0.431776;0.00
2012;3;49;Compra de Acciones, Titulos, Valores, Otros;0.00;0.431776;0.431776;0.00
2012;3;48;Prestamos;2.29;0.431776;0.431776;560.15
2012;3;47;Inversion Financiera;2.29;0.431776;0.431776;560.15
2012;3;46;al Sector Privado;0.00;0.431776;0.431776;0.00
2012;3;45;al Sector Publico+Remesas al IPV;7.67;0.431776;0.431776;1876.15
2012;3;44;Transferencias para financiar Erogaciones de Capital;7.67;0.431776;0.431776;1876.15
2012;3;43;Trabajos Publicos;44.72;0.431776;0.431776;10938.92
2012;3;42;Bienes de Capital;1.23;0.431776;0.431776;300.87
2012;3;41;VI. Erogaciones de Capital;55.91;0.431776;0.431776;13676.09
2012;3;40;Resto Otros Recursos de Capital;27.90;0.431776;0.431776;6824.59
2012;3;39;Fondo Residual;1.94;0.431776;0.431776;474.54
2012;3;38;Venta de Acciones;0.00;0.431776;0.431776;0.00
2012;3;37;Otros Recursos de Capital;29.84;0.431776;0.431776;7299.13
2012;3;36;Reembolsos de Prestamos;1.72;0.431776;0.431776;420.73
2012;3;35;Reembolsos de Obras Publicas;0.00;0.431776;0.431776;0.00
2012;3;34;V. Recursos de Capital;31.56;0.431776;0.431776;7719.86
2012;3;33;IV.Resultado Economico Neto de Remesas;203.11;0.431776;0.431776;49682.54
2012;3;32;Remesas EMT;0.00;0.431776;0.431776;0.00
2012;3;31;Remesas ATM;0.00;0.431776;0.431776;0.00
2012;3;30;Resultado Economico con Remesas;203.11;0.431776;0.431776;49682.54
2012;3;29;Otras Erogaciones Corrientes;0.46;0.431776;0.431776;112.52
2012;3;28;Otras Transferencias;115.66;0.431776;0.431776;28291.48
2012;3;27;Municipios;179.27;0.431776;0.431776;43851.06
2012;3;26;Transferencias a Municipios y Otros;294.93;0.431776;0.431776;72142.55
2012;3;25;Intereses y Gastos de la Deuda;15.61;0.431776;0.431776;3818.35
2012;3;24;Otros Servicios;57.04;0.431776;0.431776;13952.50
2012;3;23;Bienes Corrientes;31.37;0.431776;0.431776;7673.39
2012;3;22;Locaciones de Servicio;12.19;0.431776;0.431776;2981.78
2012;3;21;Personal;622.39;0.431776;0.431776;152242.22
2012;3;20;Erogaciones Corrientes;1033.99;0.431776;0.431776;252923.31
2012;3;19;Aportes no Reintegrables;71.56;0.431776;0.431776;17504.22
2012;3;18;Coparticipacion Vial;10.39;0.431776;0.431776;2541.49
2012;3;17;Ley 25.053 Fdo. Nac. de Incentivo Docente;16.47;0.431776;0.431776;4028.71
2012;3;16;Regimenes Especiales Nacionales s/Financ. Educativo;82.96;0.431776;0.431776;20292.77
2012;3;15;Coparticipacion Federal + Financ. Educativo;424.82;0.431776;0.431776;103914.81
2012;3;14;De Origen Nacional;606.20;0.431776;0.431776;148282.00
2012;3;13;Otros no Tributarios;124.06;0.431776;0.431776;30346.20
2012;3;12;Remesas del Instituto de Juegos y Casino;1.99;0.431776;0.431776;486.77
2012;3;11;Tasas Retributivas de Servicios;26.98;0.431776;0.431776;6599.55
2012;3;10;Regalias;101.07;0.431776;0.431776;24722.64
2012;3;9;No Tributarios;254.10;0.431776;0.431776;62155.16
2012;3;8;Otros Tributarios;1.74;0.431776;0.431776;425.62
2012;3;7;Sellos y Tasas de Justicia;30.09;0.431776;0.431776;7360.29
2012;3;6;Inmobiliario;74.13;0.431776;0.431776;18132.87
2012;3;5;Automotor;25.38;0.431776;0.431776;6208.18
2012;3;4;Ingresos Brutos;245.46;0.431776;0.431776;60041.74
2012;3;3;Tributarios;376.80;0.431776;0.431776;92168.69
2012;3;2;De Origen Provincial;630.90;0.431776;0.431776;154323.85
2012;3;1;Recursos Corrientes;1237.10;0.431776;0.431776;302605.85
2012;4;55;Resultado Operativo - Amortizacion de la D Consolidada;-74.18;0.435652;0.435652;-17983.66
2012;4;54;Amortizacion de la Deuda Consolidada;29.82;0.435652;0.435652;7229.34
2012;4;53;IX. Resultado Operativo (VIII-IX);-44.36;0.435652;0.435652;-10754.32
2012;4;52;VIII. Egresos Totales (II+V+VI+VII);1178.18;0.435652;0.435652;285629.42
2012;4;51;VII. Ingresos Totales (I+IV);1133.82;0.435652;0.435652;274875.11
2012;4;50;Otros;0.00;0.435652;0.435652;0.00
2012;4;49;Compra de Acciones, Titulos, Valores, Otros;0.00;0.435652;0.435652;0.00
2012;4;48;Prestamos;2.53;0.435652;0.435652;613.35
2012;4;47;Inversion Financiera;2.53;0.435652;0.435652;613.35
2012;4;46;al Sector Privado;0.00;0.435652;0.435652;0.00
2012;4;45;al Sector Publico+Remesas al IPV;21.39;0.435652;0.435652;5185.64
2012;4;44;Transferencias para financiar Erogaciones de Capital;21.39;0.435652;0.435652;5185.64
2012;4;43;Trabajos Publicos;62.17;0.435652;0.435652;15072.04
2012;4;42;Bienes de Capital;0.55;0.435652;0.435652;133.34
2012;4;41;VI. Erogaciones de Capital;86.64;0.435652;0.435652;21004.37
2012;4;40;Resto Otros Recursos de Capital;40.67;0.435652;0.435652;9859.74
2012;4;39;Fondo Residual;1.43;0.435652;0.435652;346.68
2012;4;38;Venta de Acciones;0.00;0.435652;0.435652;0.00
2012;4;37;Otros Recursos de Capital;42.10;0.435652;0.435652;10206.42
2012;4;36;Reembolsos de Prestamos;6.87;0.435652;0.435652;1665.51
2012;4;35;Reembolsos de Obras Publicas;0.00;0.435652;0.435652;0.00
2012;4;34;V. Recursos de Capital;48.97;0.435652;0.435652;11871.93
2012;4;33;IV.Resultado Economico Neto de Remesas;-6.69;0.435652;0.435652;-1621.88
2012;4;32;Remesas EMT;0.00;0.435652;0.435652;0.00
2012;4;31;Remesas ATM;0.00;0.435652;0.435652;0.00
2012;4;30;Resultado Economico con Remesas;-6.69;0.435652;0.435652;-1621.88
2012;4;29;Otras Erogaciones Corrientes;0.46;0.435652;0.435652;111.52
2012;4;28;Otras Transferencias;143.11;0.435652;0.435652;34694.55
2012;4;27;Municipios;156.80;0.435652;0.435652;38013.46
2012;4;26;Transferencias a Municipios y Otros;299.91;0.435652;0.435652;72708.01
2012;4;25;Intereses y Gastos de la Deuda;14.32;0.435652;0.435652;3471.64
2012;4;24;Otros Servicios;54.94;0.435652;0.435652;13319.26
2012;4;23;Bienes Corrientes;28.24;0.435652;0.435652;6846.30
2012;4;22;Locaciones de Servicio;8.89;0.435652;0.435652;2155.23
2012;4;21;Personal;684.78;0.435652;0.435652;166013.10
2012;4;20;Erogaciones Corrientes;1091.54;0.435652;0.435652;264625.05
2012;4;19;Aportes no Reintegrables;35.23;0.435652;0.435652;8540.91
2012;4;18;Coparticipacion Vial;5.22;0.435652;0.435652;1265.50
2012;4;17;Ley 25.053 Fdo. Nac. de Incentivo Docente;28.85;0.435652;0.435652;6994.19
2012;4;16;Regimenes Especiales Nacionales s/Financ. Educativo;61.00;0.435652;0.435652;14788.40
2012;4;15;Coparticipacion Federal + Financ. Educativo;352.26;0.435652;0.435652;85399.36
2012;4;14;De Origen Nacional;482.56;0.435652;0.435652;116988.35
2012;4;13;Otros no Tributarios;66.21;0.435652;0.435652;16051.47
2012;4;12;Remesas del Instituto de Juegos y Casino;1.99;0.435652;0.435652;482.44
2012;4;11;Tasas Retributivas de Servicios;20.69;0.435652;0.435652;5015.93
2012;4;10;Regalias;82.53;0.435652;0.435652;20007.98
2012;4;9;No Tributarios;171.42;0.435652;0.435652;41557.82
2012;4;8;Otros Tributarios;0.41;0.435652;0.435652;99.40
2012;4;7;Sellos y Tasas de Justicia;35.77;0.435652;0.435652;8671.82
2012;4;6;Inmobiliario;12.58;0.435652;0.435652;3049.80
2012;4;5;Automotor;33.22;0.435652;0.435652;8053.62
2012;4;4;Ingresos Brutos;348.89;0.435652;0.435652;84582.36
2012;4;3;Tributarios;430.87;0.435652;0.435652;104457.00
2012;4;2;De Origen Provincial;602.29;0.435652;0.435652;146014.82
2012;4;1;Recursos Corrientes;1084.85;0.435652;0.435652;263003.18
2012;5;55;Resultado Operativo - Amortizacion de la D Consolidada;230.52;0.439366;0.439366;55413.19
2012;5;54;Amortizacion de la Deuda Consolidada;18.08;0.439366;0.439366;4346.13
2012;5;53;IX. Resultado Operativo (VIII-IX);248.60;0.439366;0.439366;59759.33
2012;5;52;VIII. Egresos Totales (II+V+VI+VII);1295.25;0.439366;0.439366;311356.66
2012;5;51;VII. Ingresos Totales (I+IV);1543.85;0.439366;0.439366;371115.99
2012;5;50;Otros;0.00;0.439366;0.439366;0.00
2012;5;49;Compra de Acciones, Titulos, Valores, Otros;3.00;0.439366;0.439366;721.15
2012;5;48;Prestamos;2.54;0.439366;0.439366;610.57
2012;5;47;Inversion Financiera;5.54;0.439366;0.439366;1331.72
2012;5;46;al Sector Privado;0.00;0.439366;0.439366;0.00
2012;5;45;al Sector Publico+Remesas al IPV;16.04;0.439366;0.439366;3855.75
2012;5;44;Transferencias para financiar Erogaciones de Capital;16.04;0.439366;0.439366;3855.75
2012;5;43;Trabajos Publicos;122.86;0.439366;0.439366;29533.51
2012;5;42;Bienes de Capital;1.18;0.439366;0.439366;283.65
2012;5;41;VI. Erogaciones de Capital;145.62;0.439366;0.439366;35004.64
2012;5;40;Resto Otros Recursos de Capital;34.26;0.439366;0.439366;8235.54
2012;5;39;Fondo Residual;1.48;0.439366;0.439366;355.77
2012;5;38;Venta de Acciones;0.00;0.439366;0.439366;0.00
2012;5;37;Otros Recursos de Capital;35.74;0.439366;0.439366;8591.30
2012;5;36;Reembolsos de Prestamos;3.88;0.439366;0.439366;932.69
2012;5;35;Reembolsos de Obras Publicas;0.00;0.439366;0.439366;0.00
2012;5;34;V. Recursos de Capital;39.62;0.439366;0.439366;9523.99
2012;5;33;IV.Resultado Economico Neto de Remesas;354.60;0.439366;0.439366;85239.97
2012;5;32;Remesas EMT;0.00;0.439366;0.439366;0.00
2012;5;31;Remesas ATM;0.00;0.439366;0.439366;0.00
2012;5;30;Resultado Economico con Remesas;354.60;0.439366;0.439366;85239.97
2012;5;29;Otras Erogaciones Corrientes;0.46;0.439366;0.439366;110.58
2012;5;28;Otras Transferencias;125.18;0.439366;0.439366;30091.20
2012;5;27;Municipios;212.46;0.439366;0.439366;51071.87
2012;5;26;Transferencias a Municipios y Otros;337.64;0.439366;0.439366;81163.07
2012;5;25;Intereses y Gastos de la Deuda;10.71;0.439366;0.439366;2574.51
2012;5;24;Otros Servicios;85.98;0.439366;0.439366;20668.17
2012;5;23;Bienes Corrientes;36.84;0.439366;0.439366;8855.73
2012;5;22;Locaciones de Servicio;11.11;0.439366;0.439366;2670.66
2012;5;21;Personal;666.89;0.439366;0.439366;160309.32
2012;5;20;Erogaciones Corrientes;1149.63;0.439366;0.439366;276352.03
2012;5;19;Aportes no Reintegrables;71.62;0.439366;0.439366;17216.26
2012;5;18;Coparticipacion Vial;4.77;0.439366;0.439366;1146.63
2012;5;17;Ley 25.053 Fdo. Nac. de Incentivo Docente;0.00;0.439366;0.439366;0.00
2012;5;16;Regimenes Especiales Nacionales s/Financ. Educativo;120.16;0.439366;0.439366;28884.48
2012;5;15;Coparticipacion Federal + Financ. Educativo;534.53;0.439366;0.439366;128492.17
2012;5;14;De Origen Nacional;731.08;0.439366;0.439366;175739.53
2012;5;13;Otros no Tributarios;136.04;0.439366;0.439366;32701.76
2012;5;12;Remesas del Instituto de Juegos y Casino;1.99;0.439366;0.439366;478.36
2012;5;11;Tasas Retributivas de Servicios;32.57;0.439366;0.439366;7829.29
2012;5;10;Regalias;123.03;0.439366;0.439366;29574.38
2012;5;9;No Tributarios;293.63;0.439366;0.439366;70583.79
2012;5;8;Otros Tributarios;2.16;0.439366;0.439366;519.23
2012;5;7;Sellos y Tasas de Justicia;32.92;0.439366;0.439366;7913.42
2012;5;6;Inmobiliario;23.46;0.439366;0.439366;5639.40
2012;5;5;Automotor;21.86;0.439366;0.439366;5254.78
2012;5;4;Ingresos Brutos;399.12;0.439366;0.439366;95941.84
2012;5;3;Tributarios;479.52;0.439366;0.439366;115268.67
2012;5;2;De Origen Provincial;773.15;0.439366;0.439366;185852.46
2012;5;1;Recursos Corrientes;1504.23;0.439366;0.439366;361592.00
2012;6;55;Resultado Operativo - Amortizacion de la D Consolidada;-226.72;0.442949;0.442949;-54058.89
2012;6;54;Amortizacion de la Deuda Consolidada;33.36;0.442949;0.442949;7954.32
2012;6;53;IX. Resultado Operativo (VIII-IX);-193.36;0.442949;0.442949;-46104.56
2012;6;52;VIII. Egresos Totales (II+V+VI+VII);1567.85;0.442949;0.442949;373836.58
2012;6;51;VII. Ingresos Totales (I+IV);1374.49;0.442949;0.442949;327732.02
2012;6;50;Otros;0.00;0.442949;0.442949;0.00
2012;6;49;Compra de Acciones, Titulos, Valores, Otros;3.00;0.442949;0.442949;715.32
2012;6;48;Prestamos;2.51;0.442949;0.442949;598.48
2012;6;47;Inversion Financiera;5.51;0.442949;0.442949;1313.80
2012;6;46;al Sector Privado;0.01;0.442949;0.442949;2.38
2012;6;45;al Sector Publico+Remesas al IPV;9.64;0.442949;0.442949;2298.55
2012;6;44;Transferencias para financiar Erogaciones de Capital;9.65;0.442949;0.442949;2300.94
2012;6;43;Trabajos Publicos;57.14;0.442949;0.442949;13624.40
2012;6;42;Bienes de Capital;1.27;0.442949;0.442949;302.82
2012;6;41;VI. Erogaciones de Capital;73.57;0.442949;0.442949;17541.96
2012;6;40;Resto Otros Recursos de Capital;25.98;0.442949;0.442949;6194.65
2012;6;39;Fondo Residual;0.73;0.442949;0.442949;174.06
2012;6;38;Venta de Acciones;0.00;0.442949;0.442949;0.00
2012;6;37;Otros Recursos de Capital;26.71;0.442949;0.442949;6368.71
2012;6;36;Reembolsos de Prestamos;1.44;0.442949;0.442949;343.35
2012;6;35;Reembolsos de Obras Publicas;0.00;0.442949;0.442949;0.00
2012;6;34;V. Recursos de Capital;28.15;0.442949;0.442949;6712.06
2012;6;33;IV.Resultado Economico Neto de Remesas;-147.94;0.442949;0.442949;-35274.67
2012;6;32;Remesas EMT;0.00;0.442949;0.442949;0.00
2012;6;31;Remesas ATM;0.00;0.442949;0.442949;0.00
2012;6;30;Resultado Economico con Remesas;-147.94;0.442949;0.442949;-35274.67
2012;6;29;Otras Erogaciones Corrientes;0.46;0.442949;0.442949;109.68
2012;6;28;Otras Transferencias;159.97;0.442949;0.442949;38143.09
2012;6;27;Municipios;221.17;0.442949;0.442949;52735.55
2012;6;26;Transferencias a Municipios y Otros;381.14;0.442949;0.442949;90878.64
2012;6;25;Intereses y Gastos de la Deuda;14.93;0.442949;0.442949;3559.89
2012;6;24;Otros Servicios;82.75;0.442949;0.442949;19730.83
2012;6;23;Bienes Corrientes;35.51;0.442949;0.442949;8466.97
2012;6;22;Locaciones de Servicio;11.97;0.442949;0.442949;2854.11
2012;6;21;Personal;967.52;0.442949;0.442949;230694.50
2012;6;20;Erogaciones Corrientes;1494.28;0.442949;0.442949;356294.62
2012;6;19;Aportes no Reintegrables;44.95;0.442949;0.442949;10717.83
2012;6;18;Coparticipacion Vial;4.50;0.442949;0.442949;1072.98
2012;6;17;Ley 25.053 Fdo. Nac. de Incentivo Docente;14.21;0.442949;0.442949;3388.22
2012;6;16;Regimenes Especiales Nacionales s/Financ. Educativo;134.39;0.442949;0.442949;32043.82
2012;6;15;Coparticipacion Federal + Financ. Educativo;552.80;0.442949;0.442949;131809.08
2012;6;14;De Origen Nacional;750.85;0.442949;0.442949;179031.92
2012;6;13;Otros no Tributarios;78.85;0.442949;0.442949;18800.91
2012;6;12;Remesas del Instituto de Juegos y Casino;14.89;0.442949;0.442949;3550.36
2012;6;11;Tasas Retributivas de Servicios;24.99;0.442949;0.442949;5958.59
2012;6;10;Regalias;88.40;0.442949;0.442949;21078.01
2012;6;9;No Tributarios;207.13;0.442949;0.442949;49387.87
2012;6;8;Otros Tributarios;0.46;0.442949;0.442949;109.68
2012;6;7;Sellos y Tasas de Justicia;37.39;0.442949;0.442949;8915.23
2012;6;6;Inmobiliario;9.87;0.442949;0.442949;2353.39
2012;6;5;Automotor;40.21;0.442949;0.442949;9587.63
2012;6;4;Ingresos Brutos;300.43;0.442949;0.442949;71634.23
2012;6;3;Tributarios;388.36;0.442949;0.442949;92600.17
2012;6;2;De Origen Provincial;595.49;0.442949;0.442949;141988.04
2012;6;1;Recursos Corrientes;1346.34;0.442949;0.442949;321019.96
2012;7;55;Resultado Operativo - Amortizacion de la D Consolidada;-71.26;0.446225;0.446225;-16866.42
2012;7;54;Amortizacion de la Deuda Consolidada;36.71;0.446225;0.446225;8688.83
2012;7;53;IX. Resultado Operativo (VIII-IX);-34.55;0.446225;0.446225;-8177.59
2012;7;52;VIII. Egresos Totales (II+V+VI+VII);1381.34;0.446225;0.446225;326947.26
2012;7;51;VII. Ingresos Totales (I+IV);1346.79;0.446225;0.446225;318769.67
2012;7;50;Otros;0.00;0.446225;0.446225;0.00
2012;7;49;Compra de Acciones, Titulos, Valores, Otros;0.00;0.446225;0.446225;0.00
2012;7;48;Prestamos;3.05;0.446225;0.446225;721.90
2012;7;47;Inversion Financiera;3.05;0.446225;0.446225;721.90
2012;7;46;al Sector Privado;0.00;0.446225;0.446225;0.00
2012;7;45;al Sector Publico+Remesas al IPV;16.10;0.446225;0.446225;3810.68
2012;7;44;Transferencias para financiar Erogaciones de Capital;16.10;0.446225;0.446225;3810.68
2012;7;43;Trabajos Publicos;68.53;0.446225;0.446225;16220.26
2012;7;42;Bienes de Capital;0.73;0.446225;0.446225;172.78
2012;7;41;VI. Erogaciones de Capital;88.41;0.446225;0.446225;20925.63
2012;7;40;Resto Otros Recursos de Capital;42.96;0.446225;0.446225;10168.14
2012;7;39;Fondo Residual;0.62;0.446225;0.446225;146.75
2012;7;38;Venta de Acciones;0.00;0.446225;0.446225;0.00
2012;7;37;Otros Recursos de Capital;43.58;0.446225;0.446225;10314.88
2012;7;36;Reembolsos de Prestamos;3.68;0.446225;0.446225;871.01
2012;7;35;Reembolsos de Obras Publicas;0.00;0.446225;0.446225;0.00
2012;7;34;V. Recursos de Capital;47.26;0.446225;0.446225;11185.90
2012;7;33;IV.Resultado Economico Neto de Remesas;6.60;0.446225;0.446225;1562.14
2012;7;32;Remesas EMT;0.00;0.446225;0.446225;0.00
2012;7;31;Remesas ATM;0.00;0.446225;0.446225;0.00
2012;7;30;Resultado Economico con Remesas;6.60;0.446225;0.446225;1562.14
2012;7;29;Otras Erogaciones Corrientes;0.46;0.446225;0.446225;108.88
2012;7;28;Otras Transferencias;168.32;0.446225;0.446225;39839.40
2012;7;27;Municipios;184.72;0.446225;0.446225;43721.10
2012;7;26;Transferencias a Municipios y Otros;353.04;0.446225;0.446225;83560.50
2012;7;25;Intereses y Gastos de la Deuda;13.62;0.446225;0.446225;3223.70
2012;7;24;Otros Servicios;76.23;0.446225;0.446225;18042.76
2012;7;23;Bienes Corrientes;36.81;0.446225;0.446225;8712.50
2012;7;22;Locaciones de Servicio;15.03;0.446225;0.446225;3557.43
2012;7;21;Personal;797.74;0.446225;0.446225;188815.86
2012;7;20;Erogaciones Corrientes;1292.93;0.446225;0.446225;306021.63
2012;7;19;Aportes no Reintegrables;88.35;0.446225;0.446225;20911.43
2012;7;18;Coparticipacion Vial;6.59;0.446225;0.446225;1559.78
2012;7;17;Ley 25.053 Fdo. Nac. de Incentivo Docente;26.43;0.446225;0.446225;6255.68
2012;7;16;Regimenes Especiales Nacionales s/Financ. Educativo;97.58;0.446225;0.446225;23096.06
2012;7;15;Coparticipacion Federal + Financ. Educativo;456.84;0.446225;0.446225;108128.76
2012;7;14;De Origen Nacional;675.79;0.446225;0.446225;159951.70
2012;7;13;Otros no Tributarios;132.92;0.446225;0.446225;31460.63
2012;7;12;Remesas del Instituto de Juegos y Casino;1.99;0.446225;0.446225;471.01
2012;7;11;Tasas Retributivas de Servicios;26.04;0.446225;0.446225;6163.37
2012;7;10;Regalias;112.20;0.446225;0.446225;26556.45
2012;7;9;No Tributarios;273.15;0.446225;0.446225;64651.46
2012;7;8;Otros Tributarios;1.06;0.446225;0.446225;250.89
2012;7;7;Sellos y Tasas de Justicia;37.87;0.446225;0.446225;8963.39
2012;7;6;Inmobiliario;23.23;0.446225;0.446225;5498.27
2012;7;5;Automotor;24.40;0.446225;0.446225;5775.20
2012;7;4;Ingresos Brutos;264.03;0.446225;0.446225;62492.86
2012;7;3;Tributarios;350.59;0.446225;0.446225;82980.61
2012;7;2;De Origen Provincial;623.74;0.446225;0.446225;147632.07
2012;7;1;Recursos Corrientes;1299.53;0.446225;0.446225;307583.77
2012;8;55;Resultado Operativo - Amortizacion de la D Consolidada;-88.17;0.449706;0.449706;-20707.29
2012;8;54;Amortizacion de la Deuda Consolidada;76.93;0.449706;0.449706;18067.50
2012;8;53;IX. Resultado Operativo (VIII-IX);-11.24;0.449706;0.449706;-2639.79
2012;8;52;VIII. Egresos Totales (II+V+VI+VII);1423.98;0.449706;0.449706;334430.76
2012;8;51;VII. Ingresos Totales (I+IV);1412.74;0.449706;0.449706;331790.98
2012;8;50;Otros;0.00;0.449706;0.449706;0.00
2012;8;49;Compra de Acciones, Titulos, Valores, Otros;9.00;0.449706;0.449706;2113.71
2012;8;48;Prestamos;6.10;0.449706;0.449706;1432.62
2012;8;47;Inversion Financiera;15.10;0.449706;0.449706;3546.33
2012;8;46;al Sector Privado;0.00;0.449706;0.449706;0.00
2012;8;45;al Sector Publico+Remesas al IPV;11.69;0.449706;0.449706;2745.47
2012;8;44;Transferencias para financiar Erogaciones de Capital;11.69;0.449706;0.449706;2745.47
2012;8;43;Trabajos Publicos;75.01;0.449706;0.449706;17616.58
2012;8;42;Bienes de Capital;3.84;0.449706;0.449706;901.85
2012;8;41;VI. Erogaciones de Capital;105.64;0.449706;0.449706;24810.23
2012;8;40;Resto Otros Recursos de Capital;31.27;0.449706;0.449706;7343.96
2012;8;39;Fondo Residual;0.57;0.449706;0.449706;133.87
2012;8;38;Venta de Acciones;0.00;0.449706;0.449706;0.00
2012;8;37;Otros Recursos de Capital;31.84;0.449706;0.449706;7477.83
2012;8;36;Reembolsos de Prestamos;-0.64;0.449706;0.449706;-150.31
2012;8;35;Reembolsos de Obras Publicas;0.00;0.449706;0.449706;0.00
2012;8;34;V. Recursos de Capital;31.20;0.449706;0.449706;7327.52
2012;8;33;IV.Resultado Economico Neto de Remesas;63.20;0.449706;0.449706;14842.92
2012;8;32;Remesas EMT;0.00;0.449706;0.449706;0.00
2012;8;31;Remesas ATM;0.00;0.449706;0.449706;0.00
2012;8;30;Resultado Economico con Remesas;63.20;0.449706;0.449706;14842.92
2012;8;29;Otras Erogaciones Corrientes;0.46;0.449706;0.449706;108.03
2012;8;28;Otras Transferencias;169.73;0.449706;0.449706;39862.17
2012;8;27;Municipios;205.10;0.449706;0.449706;48169.04
2012;8;26;Transferencias a Municipios y Otros;374.83;0.449706;0.449706;88031.21
2012;8;25;Intereses y Gastos de la Deuda;31.47;0.449706;0.449706;7390.93
2012;8;24;Otros Servicios;91.52;0.449706;0.449706;21494.05
2012;8;23;Bienes Corrientes;39.58;0.449706;0.449706;9295.61
2012;8;22;Locaciones de Servicio;14.33;0.449706;0.449706;3365.49
2012;8;21;Personal;766.15;0.449706;0.449706;179935.20
2012;8;20;Erogaciones Corrientes;1318.34;0.449706;0.449706;309620.54
2012;8;19;Aportes no Reintegrables;97.78;0.449706;0.449706;22964.26
2012;8;18;Coparticipacion Vial;4.30;0.449706;0.449706;1009.88
2012;8;17;Ley 25.053 Fdo. Nac. de Incentivo Docente;0.00;0.449706;0.449706;0.00
2012;8;16;Regimenes Especiales Nacionales s/Financ. Educativo;101.19;0.449706;0.449706;23765.12
2012;8;15;Coparticipacion Federal + Financ. Educativo;496.08;0.449706;0.449706;116507.54
2012;8;14;De Origen Nacional;699.35;0.449706;0.449706;164246.80
2012;8;13;Otros no Tributarios;65.53;0.449706;0.449706;15390.14
2012;8;12;Remesas del Instituto de Juegos y Casino;19.32;0.449706;0.449706;4537.42
2012;8;11;Tasas Retributivas de Servicios;31.22;0.449706;0.449706;7332.22
2012;8;10;Regalias;101.99;0.449706;0.449706;23953.00
2012;8;9;No Tributarios;218.06;0.449706;0.449706;51212.78
2012;8;8;Otros Tributarios;7.72;0.449706;0.449706;1813.09
2012;8;7;Sellos y Tasas de Justicia;38.94;0.449706;0.449706;9145.31
2012;8;6;Inmobiliario;11.85;0.449706;0.449706;2783.05
2012;8;5;Automotor;39.28;0.449706;0.449706;9225.16
2012;8;4;Ingresos Brutos;366.34;0.449706;0.449706;86037.28
2012;8;3;Tributarios;464.13;0.449706;0.449706;109003.88
2012;8;2;De Origen Provincial;682.19;0.449706;0.449706;160216.66
2012;8;1;Recursos Corrientes;1381.54;0.449706;0.449706;324463.46
2012;9;55;Resultado Operativo - Amortizacion de la D Consolidada;10.05;0.453611;0.453611;2339.99
2012;9;54;Amortizacion de la Deuda Consolidada;8.38;0.453611;0.453611;1951.15
2012;9;53;IX. Resultado Operativo (VIII-IX);18.43;0.453611;0.453611;4291.14
2012;9;52;VIII. Egresos Totales (II+V+VI+VII);1307.42;0.453611;0.453611;304412.55
2012;9;51;VII. Ingresos Totales (I+IV);1325.85;0.453611;0.453611;308703.69
2012;9;50;Otros;0.00;0.453611;0.453611;0.00
2012;9;49;Compra de Acciones, Titulos, Valores, Otros;0.00;0.453611;0.453611;0.00
2012;9;48;Prestamos;4.18;0.453611;0.453611;973.25
2012;9;47;Inversion Financiera;4.18;0.453611;0.453611;973.25
2012;9;46;al Sector Privado;0.00;0.453611;0.453611;0.00
2012;9;45;al Sector Publico+Remesas al IPV;14.28;0.453611;0.453611;3324.88
2012;9;44;Transferencias para financiar Erogaciones de Capital;14.28;0.453611;0.453611;3324.88
2012;9;43;Trabajos Publicos;58.35;0.453611;0.453611;13585.90
2012;9;42;Bienes de Capital;7.62;0.453611;0.453611;1774.20
2012;9;41;VI. Erogaciones de Capital;84.43;0.453611;0.453611;19658.22
2012;9;40;Resto Otros Recursos de Capital;22.02;0.453611;0.453611;5127.02
2012;9;39;Fondo Residual;0.56;0.453611;0.453611;130.39
2012;9;38;Venta de Acciones;0.00;0.453611;0.453611;0.00
2012;9;37;Otros Recursos de Capital;22.58;0.453611;0.453611;5257.40
2012;9;36;Reembolsos de Prestamos;5.56;0.453611;0.453611;1294.56
2012;9;35;Reembolsos de Obras Publicas;0.00;0.453611;0.453611;0.00
2012;9;34;V. Recursos de Capital;28.14;0.453611;0.453611;6551.96
2012;9;33;IV.Resultado Economico Neto de Remesas;74.72;0.453611;0.453611;17397.40
2012;9;32;Remesas EMT;0.00;0.453611;0.453611;0.00
2012;9;31;Remesas ATM;0.00;0.453611;0.453611;0.00
2012;9;30;Resultado Economico con Remesas;74.72;0.453611;0.453611;17397.40
2012;9;29;Otras Erogaciones Corrientes;0.46;0.453611;0.453611;107.10
2012;9;28;Otras Transferencias;120.42;0.453611;0.453611;28037.94
2012;9;27;Municipios;212.99;0.453611;0.453611;49591.43
2012;9;26;Transferencias a Municipios y Otros;333.41;0.453611;0.453611;77629.37
2012;9;25;Intereses y Gastos de la Deuda;2.48;0.453611;0.453611;577.43
2012;9;24;Otros Servicios;92.21;0.453611;0.453611;21469.67
2012;9;23;Bienes Corrientes;38.30;0.453611;0.453611;8917.56
2012;9;22;Locaciones de Servicio;13.34;0.453611;0.453611;3106.01
2012;9;21;Personal;742.79;0.453611;0.453611;172947.18
2012;9;20;Erogaciones Corrientes;1222.99;0.453611;0.453611;284754.33
2012;9;19;Aportes no Reintegrables;55.64;0.453611;0.453611;12954.91
2012;9;18;Coparticipacion Vial;7.80;0.453611;0.453611;1816.11
2012;9;17;Ley 25.053 Fdo. Nac. de Incentivo Docente;13.53;0.453611;0.453611;3150.25
2012;9;16;Regimenes Especiales Nacionales s/Financ. Educativo;86.03;0.453611;0.453611;20030.76
2012;9;15;Coparticipacion Federal + Financ. Educativo;464.69;0.453611;0.453611;108195.89
2012;9;14;De Origen Nacional;627.69;0.453611;0.453611;146147.92
2012;9;13;Otros no Tributarios;148.22;0.453611;0.453611;34510.74
2012;9;12;Remesas del Instituto de Juegos y Casino;1.80;0.453611;0.453611;419.10
2012;9;11;Tasas Retributivas de Servicios;28.24;0.453611;0.453611;6575.25
2012;9;10;Regalias;103.77;0.453611;0.453611;24161.24
2012;9;9;No Tributarios;282.03;0.453611;0.453611;65666.33
2012;9;8;Otros Tributarios;4.24;0.453611;0.453611;987.22
2012;9;7;Sellos y Tasas de Justicia;42.65;0.453611;0.453611;9930.39
2012;9;6;Inmobiliario;21.30;0.453611;0.453611;4959.38
2012;9;5;Automotor;16.42;0.453611;0.453611;3823.14
2012;9;4;Ingresos Brutos;303.38;0.453611;0.453611;70637.35
2012;9;3;Tributarios;387.99;0.453611;0.453611;90337.48
2012;9;2;De Origen Provincial;670.02;0.453611;0.453611;156003.81
2012;9;1;Recursos Corrientes;1297.71;0.453611;0.453611;302151.73
2012;10;55;Resultado Operativo - Amortizacion de la D Consolidada;-60.66;0.457633;0.457633;-13999.61
2012;10;54;Amortizacion de la Deuda Consolidada;48.62;0.457633;0.457633;11220.92
2012;10;53;IX. Resultado Operativo (VIII-IX);-12.04;0.457633;0.457633;-2778.69
2012;10;52;VIII. Egresos Totales (II+V+VI+VII);1425.94;0.457633;0.457633;329090.18
2012;10;51;VII. Ingresos Totales (I+IV);1413.90;0.457633;0.457633;326311.49
2012;10;50;Otros;0.00;0.457633;0.457633;0.00
2012;10;49;Compra de Acciones, Titulos, Valores, Otros;3.00;0.457633;0.457633;692.36
2012;10;48;Prestamos;3.20;0.457633;0.457633;738.52
2012;10;47;Inversion Financiera;6.20;0.457633;0.457633;1430.89
2012;10;46;al Sector Privado;0.00;0.457633;0.457633;0.00
2012;10;45;al Sector Publico+Remesas al IPV;21.90;0.457633;0.457633;5054.26
2012;10;44;Transferencias para financiar Erogaciones de Capital;21.90;0.457633;0.457633;5054.26
2012;10;43;Trabajos Publicos;50.35;0.457633;0.457633;11620.19
2012;10;42;Bienes de Capital;4.43;0.457633;0.457633;1022.39
2012;10;41;VI. Erogaciones de Capital;82.88;0.457633;0.457633;19127.73
2012;10;40;Resto Otros Recursos de Capital;15.13;0.457633;0.457633;3491.83
2012;10;39;Fondo Residual;1.61;0.457633;0.457633;371.57
2012;10;38;Venta de Acciones;0.00;0.457633;0.457633;0.00
2012;10;37;Otros Recursos de Capital;16.74;0.457633;0.457633;3863.40
2012;10;36;Reembolsos de Prestamos;4.87;0.457633;0.457633;1123.94
2012;10;35;Reembolsos de Obras Publicas;0.00;0.457633;0.457633;0.00
2012;10;34;V. Recursos de Capital;21.61;0.457633;0.457633;4987.33
2012;10;33;IV.Resultado Economico Neto de Remesas;49.23;0.457633;0.457633;11361.71
2012;10;32;Remesas EMT;0.00;0.457633;0.457633;0.00
2012;10;31;Remesas ATM;0.00;0.457633;0.457633;0.00
2012;10;30;Resultado Economico con Remesas;49.23;0.457633;0.457633;11361.71
2012;10;29;Otras Erogaciones Corrientes;0.46;0.457633;0.457633;106.16
2012;10;28;Otras Transferencias;182.03;0.457633;0.457633;42010.38
2012;10;27;Municipios;197.65;0.457633;0.457633;45615.30
2012;10;26;Transferencias a Municipios y Otros;379.68;0.457633;0.457633;87625.68
2012;10;25;Intereses y Gastos de la Deuda;25.55;0.457633;0.457633;5896.64
2012;10;24;Otros Servicios;125.66;0.457633;0.457633;29000.85
2012;10;23;Bienes Corrientes;53.68;0.457633;0.457633;12388.71
2012;10;22;Locaciones de Servicio;12.97;0.457633;0.457633;2993.32
2012;10;21;Personal;745.06;0.457633;0.457633;171951.09
2012;10;20;Erogaciones Corrientes;1343.06;0.457633;0.457633;309962.45
2012;10;19;Aportes no Reintegrables;61.82;0.457633;0.457633;14267.33
2012;10;18;Coparticipacion Vial;5.73;0.457633;0.457633;1322.42
2012;10;17;Ley 25.053 Fdo. Nac. de Incentivo Docente;14.28;0.457633;0.457633;3295.66
2012;10;16;Regimenes Especiales Nacionales s/Financ. Educativo;108.68;0.457633;0.457633;25082.07
2012;10;15;Coparticipacion Federal + Financ. Educativo;540.48;0.457633;0.457633;124736.43
2012;10;14;De Origen Nacional;730.99;0.457633;0.457633;168703.90
2012;10;13;Otros no Tributarios;105.86;0.457633;0.457633;24431.24
2012;10;12;Remesas del Instituto de Juegos y Casino;2.18;0.457633;0.457633;503.12
2012;10;11;Tasas Retributivas de Servicios;29.38;0.457633;0.457633;6780.56
2012;10;10;Regalias;97.65;0.457633;0.457633;22536.47
2012;10;9;No Tributarios;235.07;0.457633;0.457633;54251.39
2012;10;8;Otros Tributarios;2.19;0.457633;0.457633;505.43
2012;10;7;Sellos y Tasas de Justicia;37.92;0.457633;0.457633;8751.49
2012;10;6;Inmobiliario;9.83;0.457633;0.457633;2268.65
2012;10;5;Automotor;15.50;0.457633;0.457633;3577.22
2012;10;4;Ingresos Brutos;360.79;0.457633;0.457633;83266.09
2012;10;3;Tributarios;426.23;0.457633;0.457633;98368.87
2012;10;2;De Origen Provincial;661.30;0.457633;0.457633;152620.26
2012;10;1;Recursos Corrientes;1392.29;0.457633;0.457633;321324.16
2012;11;55;Resultado Operativo - Amortizacion de la D Consolidada;-13.57;0.461523;0.461523;-3105.40
2012;11;54;Amortizacion de la Deuda Consolidada;28.74;0.461523;0.461523;6576.95
2012;11;53;IX. Resultado Operativo (VIII-IX);15.17;0.461523;0.461523;3471.55
2012;11;52;VIII. Egresos Totales (II+V+VI+VII);1391.34;0.461523;0.461523;318398.44
2012;11;51;VII. Ingresos Totales (I+IV);1406.51;0.461523;0.461523;321869.99
2012;11;50;Otros;0.00;0.461523;0.461523;0.00
2012;11;49;Compra de Acciones, Titulos, Valores, Otros;5.00;0.461523;0.461523;1144.22
2012;11;48;Prestamos;3.30;0.461523;0.461523;755.18
2012;11;47;Inversion Financiera;8.30;0.461523;0.461523;1899.40
2012;11;46;al Sector Privado;0.00;0.461523;0.461523;0.00
2012;11;45;al Sector Publico+Remesas al IPV;3.89;0.461523;0.461523;890.20
2012;11;44;Transferencias para financiar Erogaciones de Capital;3.89;0.461523;0.461523;890.20
2012;11;43;Trabajos Publicos;38.43;0.461523;0.461523;8794.44
2012;11;42;Bienes de Capital;2.12;0.461523;0.461523;485.15
2012;11;41;VI. Erogaciones de Capital;52.74;0.461523;0.461523;12069.18
2012;11;40;Resto Otros Recursos de Capital;10.33;0.461523;0.461523;2363.95
2012;11;39;Fondo Residual;0.58;0.461523;0.461523;132.73
2012;11;38;Venta de Acciones;0.00;0.461523;0.461523;0.00
2012;11;37;Otros Recursos de Capital;10.91;0.461523;0.461523;2496.68
2012;11;36;Reembolsos de Prestamos;2.42;0.461523;0.461523;553.80
2012;11;35;Reembolsos de Obras Publicas;0.00;0.461523;0.461523;0.00
2012;11;34;V. Recursos de Capital;13.33;0.461523;0.461523;3050.48
2012;11;33;IV.Resultado Economico Neto de Remesas;54.58;0.461523;0.461523;12490.25
2012;11;32;Remesas EMT;0.00;0.461523;0.461523;0.00
2012;11;31;Remesas ATM;0.00;0.461523;0.461523;0.00
2012;11;30;Resultado Economico con Remesas;54.58;0.461523;0.461523;12490.25
2012;11;29;Otras Erogaciones Corrientes;0.46;0.461523;0.461523;105.27
2012;11;28;Otras Transferencias;184.17;0.461523;0.461523;42146.02
2012;11;27;Municipios;206.81;0.461523;0.461523;47327.02
2012;11;26;Transferencias a Municipios y Otros;390.98;0.461523;0.461523;89473.04
2012;11;25;Intereses y Gastos de la Deuda;14.22;0.461523;0.461523;3254.15
2012;11;24;Otros Servicios;130.12;0.461523;0.461523;29777.05
2012;11;23;Bienes Corrientes;47.82;0.461523;0.461523;10943.27
2012;11;22;Locaciones de Servicio;14.01;0.461523;0.461523;3206.09
2012;11;21;Personal;740.99;0.461523;0.461523;169570.39
2012;11;20;Erogaciones Corrientes;1338.60;0.461523;0.461523;306329.26
2012;11;19;Aportes no Reintegrables;62.62;0.461523;0.461523;14330.15
2012;11;18;Coparticipacion Vial;5.77;0.461523;0.461523;1320.42
2012;11;17;Ley 25.053 Fdo. Nac. de Incentivo Docente;14.28;0.461523;0.461523;3267.88
2012;11;16;Regimenes Especiales Nacionales s/Financ. Educativo;122.05;0.461523;0.461523;27930.29
2012;11;15;Coparticipacion Federal + Financ. Educativo;522.76;0.461523;0.461523;119629.97
2012;11;14;De Origen Nacional;727.48;0.461523;0.461523;166478.72
2012;11;13;Otros no Tributarios;108.07;0.461523;0.461523;24731.06
2012;11;12;Remesas del Instituto de Juegos y Casino;2.49;0.461523;0.461523;569.82
2012;11;11;Tasas Retributivas de Servicios;28.09;0.461523;0.461523;6428.20
2012;11;10;Regalias;103.88;0.461523;0.461523;23772.21
2012;11;9;No Tributarios;242.53;0.461523;0.461523;55501.30
2012;11;8;Otros Tributarios;1.42;0.461523;0.461523;324.96
2012;11;7;Sellos y Tasas de Justicia;43.26;0.461523;0.461523;9899.75
2012;11;6;Inmobiliario;21.99;0.461523;0.461523;5032.26
2012;11;5;Automotor;13.37;0.461523;0.461523;3059.63
2012;11;4;Ingresos Brutos;343.13;0.461523;0.461523;78522.90
2012;11;3;Tributarios;423.17;0.461523;0.461523;96839.50
2012;11;2;De Origen Provincial;665.70;0.461523;0.461523;152340.80
2012;11;1;Recursos Corrientes;1393.18;0.461523;0.461523;318819.51
2012;12;55;Resultado Operativo - Amortizacion de la D Consolidada;-1418.84;0.465749;0.465749;-321745.52
2012;12;54;Amortizacion de la Deuda Consolidada;53.88;0.465749;0.465749;12218.18
2012;12;53;IX. Resultado Operativo (VIII-IX);-1364.96;0.465749;0.465749;-309527.33
2012;12;52;VIII. Egresos Totales (II+V+VI+VII);2975.95;0.465749;0.465749;674846.05
2012;12;51;VII. Ingresos Totales (I+IV);1610.99;0.465749;0.465749;365318.72
2012;12;50;Otros;0.00;0.465749;0.465749;0.00
2012;12;49;Compra de Acciones, Titulos, Valores, Otros;13.30;0.465749;0.465749;3016.00
2012;12;48;Prestamos;3.42;0.465749;0.465749;775.54
2012;12;47;Inversion Financiera;16.72;0.465749;0.465749;3791.54
2012;12;46;al Sector Privado;0.01;0.465749;0.465749;2.27
2012;12;45;al Sector Publico+Remesas al IPV;39.21;0.465749;0.465749;8891.52
2012;12;44;Transferencias para financiar Erogaciones de Capital;39.22;0.465749;0.465749;8893.79
2012;12;43;Trabajos Publicos;163.01;0.465749;0.465749;36965.22
2012;12;42;Bienes de Capital;58.87;0.465749;0.465749;13349.75
2012;12;41;VI. Erogaciones de Capital;277.82;0.465749;0.465749;63000.30
2012;12;40;Resto Otros Recursos de Capital;9.81;0.465749;0.465749;2224.58
2012;12;39;Fondo Residual;4.37;0.465749;0.465749;990.97
2012;12;38;Venta de Acciones;0.00;0.465749;0.465749;0.00
2012;12;37;Otros Recursos de Capital;14.18;0.465749;0.465749;3215.55
2012;12;36;Reembolsos de Prestamos;9.29;0.465749;0.465749;2106.66
2012;12;35;Reembolsos de Obras Publicas;0.00;0.465749;0.465749;0.00
2012;12;34;V. Recursos de Capital;23.47;0.465749;0.465749;5322.21
2012;12;33;IV.Resultado Economico Neto de Remesas;-1110.61;0.465749;0.465749;-251849.25
2012;12;32;Remesas EMT;0.00;0.465749;0.465749;0.00
2012;12;31;Remesas ATM;0.00;0.465749;0.465749;0.00
2012;12;30;Resultado Economico con Remesas;-1110.61;0.465749;0.465749;-251849.25
2012;12;29;Otras Erogaciones Corrientes;0.43;0.465749;0.465749;97.51
2012;12;28;Otras Transferencias;248.99;0.465749;0.465749;56462.61
2012;12;27;Municipios;247.32;0.465749;0.465749;56083.91
2012;12;26;Transferencias a Municipios y Otros;496.31;0.465749;0.465749;112546.53
2012;12;25;Intereses y Gastos de la Deuda;24.53;0.465749;0.465749;5562.58
2012;12;24;Otros Servicios;760.88;0.465749;0.465749;172542.17
2012;12;23;Bienes Corrientes;140.45;0.465749;0.465749;31849.37
2012;12;22;Locaciones de Servicio;19.45;0.465749;0.465749;4410.61
2012;12;21;Personal;1256.08;0.465749;0.465749;284836.99
2012;12;20;Erogaciones Corrientes;2698.13;0.465749;0.465749;611845.75
2012;12;19;Aportes no Reintegrables;101.80;0.465749;0.465749;23084.84
2012;12;18;Coparticipacion Vial;7.58;0.465749;0.465749;1718.89
2012;12;17;Ley 25.053 Fdo. Nac. de Incentivo Docente;14.44;0.465749;0.465749;3274.51
2012;12;16;Regimenes Especiales Nacionales s/Financ. Educativo;120.65;0.465749;0.465749;27359.39
2012;12;15;Coparticipacion Federal + Financ. Educativo;551.09;0.465749;0.465749;124968.80
2012;12;14;De Origen Nacional;795.56;0.465749;0.465749;180406.43
2012;12;13;Otros no Tributarios;147.93;0.465749;0.465749;33545.58
2012;12;12;Remesas del Instituto de Juegos y Casino;43.78;0.465749;0.465749;9927.84
2012;12;11;Tasas Retributivas de Servicios;30.58;0.465749;0.465749;6934.52
2012;12;10;Regalias;108.79;0.465749;0.465749;24669.94
2012;12;9;No Tributarios;331.08;0.465749;0.465749;75077.88
2012;12;8;Otros Tributarios;2.79;0.465749;0.465749;632.68
2012;12;7;Sellos y Tasas de Justicia;43.48;0.465749;0.465749;9859.81
2012;12;6;Inmobiliario;10.74;0.465749;0.465749;2435.47
2012;12;5;Automotor;10.69;0.465749;0.465749;2424.13
2012;12;4;Ingresos Brutos;393.18;0.465749;0.465749;89160.09
2012;12;3;Tributarios;460.88;0.465749;0.465749;104512.19
2012;12;2;De Origen Provincial;791.96;0.465749;0.465749;179590.07
2012;12;1;Recursos Corrientes;1587.52;0.465749;0.465749;359996.51
2013;1;55;Resultado Operativo - Amortizacion de la D Consolidada;184.66;0.470502;0.470502;41451.70
2013;1;54;Amortizacion de la Deuda Consolidada;21.50;0.470502;0.470502;4826.23
2013;1;53;IX. Resultado Operativo (VIII-IX);206.16;0.470502;0.470502;46277.93
2013;1;52;VIII. Egresos Totales (II+V+VI+VII);967.50;0.470502;0.470502;217180.34
2013;1;51;VII. Ingresos Totales (I+IV);1173.66;0.470502;0.470502;263458.27
2013;1;50;Otros;0.00;0.470502;0.470502;0.00
2013;1;49;Compra de Acciones, Titulos, Valores, Otros;0.00;0.470502;0.470502;0.00
2013;1;48;Prestamos;5.73;0.470502;0.470502;1286.25
2013;1;47;Inversion Financiera;5.73;0.470502;0.470502;1286.25
2013;1;46;al Sector Privado;0.00;0.470502;0.470502;0.00
2013;1;45;al Sector Publico+Remesas al IPV;0.42;0.470502;0.470502;94.28
2013;1;44;Transferencias para financiar Erogaciones de Capital;0.42;0.470502;0.470502;94.28
2013;1;43;Trabajos Publicos;11.34;0.470502;0.470502;2545.56
2013;1;42;Bienes de Capital;0.11;0.470502;0.470502;24.69
2013;1;41;VI. Erogaciones de Capital;17.60;0.470502;0.470502;3950.77
2013;1;40;Resto Otros Recursos de Capital;5.63;0.470502;0.470502;1263.80
2013;1;39;Fondo Residual;0.25;0.470502;0.470502;56.12
2013;1;38;Venta de Acciones;0.00;0.470502;0.470502;0.00
2013;1;37;Otros Recursos de Capital;5.88;0.470502;0.470502;1319.92
2013;1;36;Reembolsos de Prestamos;5.22;0.470502;0.470502;1171.76
2013;1;35;Reembolsos de Obras Publicas;0.00;0.470502;0.470502;0.00
2013;1;34;V. Recursos de Capital;11.10;0.470502;0.470502;2491.68
2013;1;33;IV.Resultado Economico Neto de Remesas;212.66;0.470502;0.470502;47737.02
2013;1;32;Remesas EMT;0.00;0.470502;0.470502;0.00
2013;1;31;Remesas ATM;0.00;0.470502;0.470502;0.00
2013;1;30;Resultado Economico con Remesas;212.66;0.470502;0.470502;47737.02
2013;1;29;Otras Erogaciones Corrientes;0.50;0.470502;0.470502;112.24
2013;1;28;Otras Transferencias;103.02;0.470502;0.470502;23125.50
2013;1;27;Municipios;180.49;0.470502;0.470502;40515.64
2013;1;26;Transferencias a Municipios y Otros;283.51;0.470502;0.470502;63641.14
2013;1;25;Intereses y Gastos de la Deuda;6.28;0.470502;0.470502;1409.71
2013;1;24;Otros Servicios;26.11;0.470502;0.470502;5861.06
2013;1;23;Bienes Corrientes;9.16;0.470502;0.470502;2056.20
2013;1;22;Locaciones de Servicio;8.95;0.470502;0.470502;2009.06
2013;1;21;Personal;615.39;0.470502;0.470502;138140.17
2013;1;20;Erogaciones Corrientes;949.90;0.470502;0.470502;213229.57
2013;1;19;Aportes no Reintegrables;50.44;0.470502;0.470502;11322.56
2013;1;18;Coparticipacion Vial;5.57;0.470502;0.470502;1250.33
2013;1;17;Ley 25.053 Fdo. Nac. de Incentivo Docente;14.61;0.470502;0.470502;3279.59
2013;1;16;Regimenes Especiales Nacionales s/Financ. Educativo;50.61;0.470502;0.470502;11360.72
2013;1;15;Coparticipacion Federal + Financ. Educativo;517.06;0.470502;0.470502;116067.46
2013;1;14;De Origen Nacional;638.29;0.470502;0.470502;143280.66
2013;1;13;Otros no Tributarios;39.39;0.470502;0.470502;8842.10
2013;1;12;Remesas del Instituto de Juegos y Casino;0.00;0.470502;0.470502;0.00
2013;1;11;Tasas Retributivas de Servicios;21.69;0.470502;0.470502;4868.88
2013;1;10;Regalias;105.08;0.470502;0.470502;23587.92
2013;1;9;No Tributarios;166.16;0.470502;0.470502;37298.90
2013;1;8;Otros Tributarios;0.23;0.470502;0.470502;51.63
2013;1;7;Sellos y Tasas de Justicia;41.04;0.470502;0.470502;9212.49
2013;1;6;Inmobiliario;8.93;0.470502;0.470502;2004.57
2013;1;5;Automotor;15.06;0.470502;0.470502;3380.61
2013;1;4;Ingresos Brutos;292.85;0.470502;0.470502;65737.74
2013;1;3;Tributarios;358.11;0.470502;0.470502;80387.03
2013;1;2;De Origen Provincial;524.27;0.470502;0.470502;117685.93
2013;1;1;Recursos Corrientes;1162.56;0.470502;0.470502;260966.59
2013;2;55;Resultado Operativo - Amortizacion de la D Consolidada;-13.21;0.475767;0.475767;-2932.51
2013;2;54;Amortizacion de la Deuda Consolidada;85.63;0.475767;0.475767;19009.15
2013;2;53;IX. Resultado Operativo (VIII-IX);72.42;0.475767;0.475767;16076.64
2013;2;52;VIII. Egresos Totales (II+V+VI+VII);1229.29;0.475767;0.475767;272892.15
2013;2;51;VII. Ingresos Totales (I+IV);1301.71;0.475767;0.475767;288968.79
2013;2;50;Otros;0.00;0.475767;0.475767;0.00
2013;2;49;Compra de Acciones, Titulos, Valores, Otros;0.00;0.475767;0.475767;0.00
2013;2;48;Prestamos;5.68;0.475767;0.475767;1260.91
2013;2;47;Inversion Financiera;5.68;0.475767;0.475767;1260.91
2013;2;46;al Sector Privado;0.00;0.475767;0.475767;0.00
2013;2;45;al Sector Publico+Remesas al IPV;4.06;0.475767;0.475767;901.29
2013;2;44;Transferencias para financiar Erogaciones de Capital;4.06;0.475767;0.475767;901.29
2013;2;43;Trabajos Publicos;12.02;0.475767;0.475767;2668.34
2013;2;42;Bienes de Capital;0.47;0.475767;0.475767;104.34
2013;2;41;VI. Erogaciones de Capital;22.23;0.475767;0.475767;4934.88
2013;2;40;Resto Otros Recursos de Capital;11.94;0.475767;0.475767;2650.58
2013;2;39;Fondo Residual;0.59;0.475767;0.475767;130.98
2013;2;38;Venta de Acciones;0.00;0.475767;0.475767;0.00
2013;2;37;Otros Recursos de Capital;12.53;0.475767;0.475767;2781.56
2013;2;36;Reembolsos de Prestamos;6.12;0.475767;0.475767;1358.59
2013;2;35;Reembolsos de Obras Publicas;0.00;0.475767;0.475767;0.00
2013;2;34;V. Recursos de Capital;18.65;0.475767;0.475767;4140.14
2013;2;33;IV.Resultado Economico Neto de Remesas;76.00;0.475767;0.475767;16871.37
2013;2;32;Remesas EMT;0.00;0.475767;0.475767;0.00
2013;2;31;Remesas ATM;0.00;0.475767;0.475767;0.00
2013;2;30;Resultado Economico con Remesas;76.00;0.475767;0.475767;16871.37
2013;2;29;Otras Erogaciones Corrientes;0.50;0.475767;0.475767;111.00
2013;2;28;Otras Transferencias;117.12;0.475767;0.475767;25999.67
2013;2;27;Municipios;199.28;0.475767;0.475767;44238.50
2013;2;26;Transferencias a Municipios y Otros;316.40;0.475767;0.475767;70238.17
2013;2;25;Intereses y Gastos de la Deuda;28.05;0.475767;0.475767;6226.87
2013;2;24;Otros Servicios;79.15;0.475767;0.475767;17570.64
2013;2;23;Bienes Corrientes;20.22;0.475767;0.475767;4488.67
2013;2;22;Locaciones de Servicio;10.66;0.475767;0.475767;2366.43
2013;2;21;Personal;752.08;0.475767;0.475767;166955.50
2013;2;20;Erogaciones Corrientes;1207.06;0.475767;0.475767;267957.28
2013;2;19;Aportes no Reintegrables;48.81;0.475767;0.475767;10835.41
2013;2;18;Coparticipacion Vial;7.10;0.475767;0.475767;1576.14
2013;2;17;Ley 25.053 Fdo. Nac. de Incentivo Docente;14.61;0.475767;0.475767;3243.30
2013;2;16;Regimenes Especiales Nacionales s/Financ. Educativo;102.05;0.475767;0.475767;22654.25
2013;2;15;Coparticipacion Federal + Financ. Educativo;544.72;0.475767;0.475767;120923.31
2013;2;14;De Origen Nacional;717.29;0.475767;0.475767;159232.41
2013;2;13;Otros no Tributarios;65.50;0.475767;0.475767;14540.45
2013;2;12;Remesas del Instituto de Juegos y Casino;0.00;0.475767;0.475767;0.00
2013;2;11;Tasas Retributivas de Servicios;26.15;0.475767;0.475767;5805.08
2013;2;10;Regalias;101.18;0.475767;0.475767;22461.12
2013;2;9;No Tributarios;192.83;0.475767;0.475767;42806.66
2013;2;8;Otros Tributarios;2.08;0.475767;0.475767;461.74
2013;2;7;Sellos y Tasas de Justicia;39.70;0.475767;0.475767;8813.07
2013;2;6;Inmobiliario;5.75;0.475767;0.475767;1276.45
2013;2;5;Automotor;9.75;0.475767;0.475767;2164.42
2013;2;4;Ingresos Brutos;315.66;0.475767;0.475767;70073.89
2013;2;3;Tributarios;372.94;0.475767;0.475767;82789.58
2013;2;2;De Origen Provincial;565.77;0.475767;0.475767;125596.23
2013;2;1;Recursos Corrientes;1283.06;0.475767;0.475767;284828.64
2013;3;55;Resultado Operativo - Amortizacion de la D Consolidada;218.55;0.478707;0.478707;48218.32
2013;3;54;Amortizacion de la Deuda Consolidada;-3.09;0.478707;0.478707;-681.74
2013;3;53;IX. Resultado Operativo (VIII-IX);215.46;0.478707;0.478707;47536.58
2013;3;52;VIII. Egresos Totales (II+V+VI+VII);1266.33;0.478707;0.478707;279388.24
2013;3;51;VII. Ingresos Totales (I+IV);1481.79;0.478707;0.478707;326924.82
2013;3;50;Otros;0.00;0.478707;0.478707;0.00
2013;3;49;Compra de Acciones, Titulos, Valores, Otros;4.00;0.478707;0.478707;882.51
2013;3;48;Prestamos;5.66;0.478707;0.478707;1248.76
2013;3;47;Inversion Financiera;9.66;0.478707;0.478707;2131.27
2013;3;46;al Sector Privado;0.00;0.478707;0.478707;0.00
2013;3;45;al Sector Publico+Remesas al IPV;6.39;0.478707;0.478707;1409.81
2013;3;44;Transferencias para financiar Erogaciones de Capital;6.39;0.478707;0.478707;1409.81
2013;3;43;Trabajos Publicos;48.11;0.478707;0.478707;10614.43
2013;3;42;Bienes de Capital;2.49;0.478707;0.478707;549.36
2013;3;41;VI. Erogaciones de Capital;66.65;0.478707;0.478707;14704.88
2013;3;40;Resto Otros Recursos de Capital;18.33;0.478707;0.478707;4044.12
2013;3;39;Fondo Residual;0.59;0.478707;0.478707;130.17
2013;3;38;Venta de Acciones;0.00;0.478707;0.478707;0.00
2013;3;37;Otros Recursos de Capital;18.92;0.478707;0.478707;4174.29
2013;3;36;Reembolsos de Prestamos;1.81;0.478707;0.478707;399.34
2013;3;35;Reembolsos de Obras Publicas;0.00;0.478707;0.478707;0.00
2013;3;34;V. Recursos de Capital;20.73;0.478707;0.478707;4573.62
2013;3;33;IV.Resultado Economico Neto de Remesas;261.38;0.478707;0.478707;57667.83
2013;3;32;Remesas EMT;0.00;0.478707;0.478707;0.00
2013;3;31;Remesas ATM;0.00;0.478707;0.478707;0.00
2013;3;30;Resultado Economico con Remesas;261.38;0.478707;0.478707;57667.83
2013;3;29;Otras Erogaciones Corrientes;0.50;0.478707;0.478707;110.31
2013;3;28;Otras Transferencias;122.26;0.478707;0.478707;26974.02
2013;3;27;Municipios;210.53;0.478707;0.478707;46448.88
2013;3;26;Transferencias a Municipios y Otros;332.79;0.478707;0.478707;73422.89
2013;3;25;Intereses y Gastos de la Deuda;4.24;0.478707;0.478707;935.46
2013;3;24;Otros Servicios;99.82;0.478707;0.478707;22023.12
2013;3;23;Bienes Corrientes;30.07;0.478707;0.478707;6634.29
2013;3;22;Locaciones de Servicio;11.34;0.478707;0.478707;2501.93
2013;3;21;Personal;720.92;0.478707;0.478707;159055.36
2013;3;20;Erogaciones Corrientes;1199.68;0.478707;0.478707;264683.37
2013;3;19;Aportes no Reintegrables;64.10;0.478707;0.478707;14142.27
2013;3;18;Coparticipacion Vial;3.75;0.478707;0.478707;827.36
2013;3;17;Ley 25.053 Fdo. Nac. de Incentivo Docente;14.61;0.478707;0.478707;3223.38
2013;3;16;Regimenes Especiales Nacionales s/Financ. Educativo;94.61;0.478707;0.478707;20873.64
2013;3;15;Coparticipacion Federal + Financ. Educativo;484.34;0.478707;0.478707;106859.11
2013;3;14;De Origen Nacional;661.41;0.478707;0.478707;145925.77
2013;3;13;Otros no Tributarios;48.16;0.478707;0.478707;10625.46
2013;3;12;Remesas del Instituto de Juegos y Casino;12.59;0.478707;0.478707;2777.71
2013;3;11;Tasas Retributivas de Servicios;30.17;0.478707;0.478707;6656.36
2013;3;10;Regalias;97.64;0.478707;0.478707;21542.15
2013;3;9;No Tributarios;188.56;0.478707;0.478707;41601.67
2013;3;8;Otros Tributarios;1.73;0.478707;0.478707;381.69
2013;3;7;Sellos y Tasas de Justicia;45.25;0.478707;0.478707;9983.43
2013;3;6;Inmobiliario;110.86;0.478707;0.478707;24458.85
2013;3;5;Automotor;10.87;0.478707;0.478707;2398.23
2013;3;4;Ingresos Brutos;442.38;0.478707;0.478707;97601.55
2013;3;3;Tributarios;611.09;0.478707;0.478707;134823.75
2013;3;2;De Origen Provincial;799.65;0.478707;0.478707;176425.43
2013;3;1;Recursos Corrientes;1461.06;0.478707;0.478707;322351.19
2013;4;55;Resultado Operativo - Amortizacion de la D Consolidada;-137.87;0.481953;0.481953;-30213.16
2013;4;54;Amortizacion de la Deuda Consolidada;49.32;0.481953;0.481953;10808.10
2013;4;53;IX. Resultado Operativo (VIII-IX);-88.55;0.481953;0.481953;-19405.06
2013;4;52;VIII. Egresos Totales (II+V+VI+VII);1634.17;0.481953;0.481953;358115.86
2013;4;51;VII. Ingresos Totales (I+IV);1545.62;0.481953;0.481953;338710.81
2013;4;50;Otros;0.00;0.481953;0.481953;0.00
2013;4;49;Compra de Acciones, Titulos, Valores, Otros;4.00;0.481953;0.481953;876.57
2013;4;48;Prestamos;6.04;0.481953;0.481953;1323.62
2013;4;47;Inversion Financiera;10.04;0.481953;0.481953;2200.19
2013;4;46;al Sector Privado;0.00;0.481953;0.481953;0.00
2013;4;45;al Sector Publico+Remesas al IPV;9.96;0.481953;0.481953;2182.66
2013;4;44;Transferencias para financiar Erogaciones de Capital;9.96;0.481953;0.481953;2182.66
2013;4;43;Trabajos Publicos;29.98;0.481953;0.481953;6569.89
2013;4;42;Bienes de Capital;3.13;0.481953;0.481953;685.92
2013;4;41;VI. Erogaciones de Capital;53.11;0.481953;0.481953;11638.65
2013;4;40;Resto Otros Recursos de Capital;71.71;0.481953;0.481953;15714.70
2013;4;39;Fondo Residual;0.50;0.481953;0.481953;109.57
2013;4;38;Venta de Acciones;0.00;0.481953;0.481953;0.00
2013;4;37;Otros Recursos de Capital;72.21;0.481953;0.481953;15824.27
2013;4;36;Reembolsos de Prestamos;7.41;0.481953;0.481953;1623.84
2013;4;35;Reembolsos de Obras Publicas;0.00;0.481953;0.481953;0.00
2013;4;34;V. Recursos de Capital;79.62;0.481953;0.481953;17448.11
2013;4;33;IV.Resultado Economico Neto de Remesas;-115.06;0.481953;0.481953;-25214.52
2013;4;32;Remesas EMT;0.00;0.481953;0.481953;0.00
2013;4;31;Remesas ATM;7.16;0.481953;0.481953;1569.06
2013;4;30;Resultado Economico con Remesas;-107.90;0.481953;0.481953;-23645.46
2013;4;29;Otras Erogaciones Corrientes;0.50;0.481953;0.481953;109.57
2013;4;28;Otras Transferencias;155.47;0.481953;0.481953;34070.06
2013;4;27;Municipios;283.86;0.481953;0.481953;62205.75
2013;4;26;Transferencias a Municipios y Otros;439.33;0.481953;0.481953;96275.81
2013;4;25;Intereses y Gastos de la Deuda;27.47;0.481953;0.481953;6019.84
2013;4;24;Otros Servicios;81.71;0.481953;0.481953;17906.12
2013;4;23;Bienes Corrientes;41.32;0.481953;0.481953;9054.96
2013;4;22;Locaciones de Servicio;9.99;0.481953;0.481953;2189.23
2013;4;21;Personal;973.58;0.481953;0.481953;213352.61
2013;4;20;Erogaciones Corrientes;1573.90;0.481953;0.481953;344908.15
2013;4;19;Aportes no Reintegrables;77.10;0.481953;0.481953;16895.88
2013;4;18;Coparticipacion Vial;9.27;0.481953;0.481953;2031.45
2013;4;17;Ley 25.053 Fdo. Nac. de Incentivo Docente;14.74;0.481953;0.481953;3230.16
2013;4;16;Regimenes Especiales Nacionales s/Financ. Educativo;100.32;0.481953;0.481953;21984.36
2013;4;15;Coparticipacion Federal + Financ. Educativo;542.88;0.481953;0.481953;118968.00
2013;4;14;De Origen Nacional;744.31;0.481953;0.481953;163109.85
2013;4;13;Otros no Tributarios;41.64;0.481953;0.481953;9125.09
2013;4;12;Remesas del Instituto de Juegos y Casino;4.16;0.481953;0.481953;911.63
2013;4;11;Tasas Retributivas de Servicios;33.65;0.481953;0.481953;7374.14
2013;4;10;Regalias;109.67;0.481953;0.481953;24033.34
2013;4;9;No Tributarios;189.12;0.481953;0.481953;41444.20
2013;4;8;Otros Tributarios;1.32;0.481953;0.481953;289.27
2013;4;7;Sellos y Tasas de Justicia;53.18;0.481953;0.481953;11653.99
2013;4;6;Inmobiliario;19.82;0.481953;0.481953;4343.40
2013;4;5;Automotor;120.08;0.481953;0.481953;26314.61
2013;4;4;Ingresos Brutos;338.17;0.481953;0.481953;74107.37
2013;4;3;Tributarios;532.57;0.481953;0.481953;116708.64
2013;4;2;De Origen Provincial;721.69;0.481953;0.481953;158152.85
2013;4;1;Recursos Corrientes;1466.00;0.481953;0.481953;321262.69
2013;5;55;Resultado Operativo - Amortizacion de la D Consolidada;90.34;0.485463;0.485463;19654.18
2013;5;54;Amortizacion de la Deuda Consolidada;48.39;0.485463;0.485463;10527.63
2013;5;53;IX. Resultado Operativo (VIII-IX);138.73;0.485463;0.485463;30181.81
2013;5;52;VIII. Egresos Totales (II+V+VI+VII);1869.53;0.485463;0.485463;406731.04
2013;5;51;VII. Ingresos Totales (I+IV);2008.26;0.485463;0.485463;436912.85
2013;5;50;Otros;0.00;0.485463;0.485463;0.00
2013;5;49;Compra de Acciones, Titulos, Valores, Otros;27.95;0.485463;0.485463;6080.74
2013;5;48;Prestamos;6.19;0.485463;0.485463;1346.68
2013;5;47;Inversion Financiera;34.14;0.485463;0.485463;7427.43
2013;5;46;al Sector Privado;0.00;0.485463;0.485463;0.00
2013;5;45;al Sector Publico+Remesas al IPV;24.64;0.485463;0.485463;5360.63
2013;5;44;Transferencias para financiar Erogaciones de Capital;24.64;0.485463;0.485463;5360.63
2013;5;43;Trabajos Publicos;84.25;0.485463;0.485463;18329.25
2013;5;42;Bienes de Capital;4.54;0.485463;0.485463;987.71
2013;5;41;VI. Erogaciones de Capital;147.57;0.485463;0.485463;32105.02
2013;5;40;Resto Otros Recursos de Capital;43.64;0.485463;0.485463;9494.23
2013;5;39;Fondo Residual;6.29;0.485463;0.485463;1368.44
2013;5;38;Venta de Acciones;0.00;0.485463;0.485463;0.00
2013;5;37;Otros Recursos de Capital;49.93;0.485463;0.485463;10862.67
2013;5;36;Reembolsos de Prestamos;6.69;0.485463;0.485463;1455.46
2013;5;35;Reembolsos de Obras Publicas;0.00;0.485463;0.485463;0.00
2013;5;34;V. Recursos de Capital;56.62;0.485463;0.485463;12318.13
2013;5;33;IV.Resultado Economico Neto de Remesas;229.68;0.485463;0.485463;49968.70
2013;5;32;Remesas EMT;0.00;0.485463;0.485463;0.00
2013;5;31;Remesas ATM;9.35;0.485463;0.485463;2034.17
2013;5;30;Resultado Economico con Remesas;239.03;0.485463;0.485463;52002.87
2013;5;29;Otras Erogaciones Corrientes;0.50;0.485463;0.485463;108.78
2013;5;28;Otras Transferencias;157.49;0.485463;0.485463;34263.20
2013;5;27;Municipios;294.58;0.485463;0.485463;64088.21
2013;5;26;Transferencias a Municipios y Otros;452.07;0.485463;0.485463;98351.40
2013;5;25;Intereses y Gastos de la Deuda;25.49;0.485463;0.485463;5545.55
2013;5;24;Otros Servicios;136.06;0.485463;0.485463;29600.93
2013;5;23;Bienes Corrientes;54.78;0.485463;0.485463;11917.82
2013;5;22;Locaciones de Servicio;17.18;0.485463;0.485463;3737.64
2013;5;21;Personal;1026.53;0.485463;0.485463;223329.72
2013;5;20;Erogaciones Corrientes;1712.61;0.485463;0.485463;372591.85
2013;5;19;Aportes no Reintegrables;95.51;0.485463;0.485463;20778.96
2013;5;18;Coparticipacion Vial;4.78;0.485463;0.485463;1039.93
2013;5;17;Ley 25.053 Fdo. Nac. de Incentivo Docente;29.49;0.485463;0.485463;6415.78
2013;5;16;Regimenes Especiales Nacionales s/Financ. Educativo;172.12;0.485463;0.485463;37446.07
2013;5;15;Coparticipacion Federal + Financ. Educativo;725.50;0.485463;0.485463;157838.26
2013;5;14;De Origen Nacional;1027.40;0.485463;0.485463;223519.00
2013;5;13;Otros no Tributarios;49.46;0.485463;0.485463;10760.41
2013;5;12;Remesas del Instituto de Juegos y Casino;30.28;0.485463;0.485463;6587.65
2013;5;11;Tasas Retributivas de Servicios;35.09;0.485463;0.485463;7634.11
2013;5;10;Regalias;136.45;0.485463;0.485463;29685.78
2013;5;9;No Tributarios;251.28;0.485463;0.485463;54667.95
2013;5;8;Otros Tributarios;1.81;0.485463;0.485463;393.78
2013;5;7;Sellos y Tasas de Justicia;57.46;0.485463;0.485463;12500.88
2013;5;6;Inmobiliario;24.27;0.485463;0.485463;5280.13
2013;5;5;Automotor;27.52;0.485463;0.485463;5987.19
2013;5;4;Ingresos Brutos;561.90;0.485463;0.485463;122245.79
2013;5;3;Tributarios;672.96;0.485463;0.485463;146407.77
2013;5;2;De Origen Provincial;924.24;0.485463;0.485463;201075.72
2013;5;1;Recursos Corrientes;1951.64;0.485463;0.485463;424594.72
2013;6;55;Resultado Operativo - Amortizacion de la D Consolidada;-506.75;0.488841;0.488841;-109485.64
2013;6;54;Amortizacion de la Deuda Consolidada;16.92;0.488841;0.488841;3655.64
2013;6;53;IX. Resultado Operativo (VIII-IX);-489.83;0.488841;0.488841;-105829.99
2013;6;52;VIII. Egresos Totales (II+V+VI+VII);2090.31;0.488841;0.488841;451620.96
2013;6;51;VII. Ingresos Totales (I+IV);1600.48;0.488841;0.488841;345790.96
2013;6;50;Otros;0.00;0.488841;0.488841;0.00
2013;6;49;Compra de Acciones, Titulos, Valores, Otros;4.00;0.488841;0.488841;864.22
2013;6;48;Prestamos;6.12;0.488841;0.488841;1322.25
2013;6;47;Inversion Financiera;10.12;0.488841;0.488841;2186.47
2013;6;46;al Sector Privado;0.00;0.488841;0.488841;0.00
2013;6;45;al Sector Publico+Remesas al IPV;14.80;0.488841;0.488841;3197.61
2013;6;44;Transferencias para financiar Erogaciones de Capital;14.80;0.488841;0.488841;3197.61
2013;6;43;Trabajos Publicos;38.48;0.488841;0.488841;8313.78
2013;6;42;Bienes de Capital;6.23;0.488841;0.488841;1346.02
2013;6;41;VI. Erogaciones de Capital;69.63;0.488841;0.488841;15043.88
2013;6;40;Resto Otros Recursos de Capital;32.09;0.488841;0.488841;6933.19
2013;6;39;Fondo Residual;0.89;0.488841;0.488841;192.29
2013;6;38;Venta de Acciones;0.00;0.488841;0.488841;0.00
2013;6;37;Otros Recursos de Capital;32.98;0.488841;0.488841;7125.48
2013;6;36;Reembolsos de Prestamos;1.66;0.488841;0.488841;358.65
2013;6;35;Reembolsos de Obras Publicas;0.00;0.488841;0.488841;0.00
2013;6;34;V. Recursos de Capital;34.64;0.488841;0.488841;7484.13
2013;6;33;IV.Resultado Economico Neto de Remesas;-454.84;0.488841;0.488841;-98270.24
2013;6;32;Remesas EMT;0.00;0.488841;0.488841;0.00
2013;6;31;Remesas ATM;20.12;0.488841;0.488841;4347.02
2013;6;30;Resultado Economico con Remesas;-434.72;0.488841;0.488841;-93923.23
2013;6;29;Otras Erogaciones Corrientes;0.50;0.488841;0.488841;108.03
2013;6;28;Otras Transferencias;181.36;0.488841;0.488841;39183.65
2013;6;27;Municipios;277.94;0.488841;0.488841;60050.20
2013;6;26;Transferencias a Municipios y Otros;459.30;0.488841;0.488841;99233.85
2013;6;25;Intereses y Gastos de la Deuda;7.96;0.488841;0.488841;1719.79
2013;6;24;Otros Servicios;133.39;0.488841;0.488841;28819.51
2013;6;23;Bienes Corrientes;53.89;0.488841;0.488841;11643.18
2013;6;22;Locaciones de Servicio;13.10;0.488841;0.488841;2830.31
2013;6;21;Personal;1332.42;0.488841;0.488841;287875.38
2013;6;20;Erogaciones Corrientes;2000.56;0.488841;0.488841;432230.06
2013;6;19;Aportes no Reintegrables;58.50;0.488841;0.488841;12639.19
2013;6;18;Coparticipacion Vial;9.42;0.488841;0.488841;2035.23
2013;6;17;Ley 25.053 Fdo. Nac. de Incentivo Docente;0.00;0.488841;0.488841;0.00
2013;6;16;Regimenes Especiales Nacionales s/Financ. Educativo;170.58;0.488841;0.488841;36854.58
2013;6;15;Coparticipacion Federal + Financ. Educativo;631.76;0.488841;0.488841;136494.61
2013;6;14;De Origen Nacional;870.26;0.488841;0.488841;188023.62
2013;6;13;Otros no Tributarios;43.08;0.488841;0.488841;9307.63
2013;6;12;Remesas del Instituto de Juegos y Casino;4.20;0.488841;0.488841;907.43
2013;6;11;Tasas Retributivas de Servicios;32.17;0.488841;0.488841;6950.47
2013;6;10;Regalias;115.49;0.488841;0.488841;24952.14
2013;6;9;No Tributarios;194.94;0.488841;0.488841;42117.67
2013;6;8;Otros Tributarios;0.38;0.488841;0.488841;82.10
2013;6;7;Sellos y Tasas de Justicia;60.64;0.488841;0.488841;13101.55
2013;6;6;Inmobiliario;11.63;0.488841;0.488841;2512.71
2013;6;5;Automotor;45.01;0.488841;0.488841;9724.61
2013;6;4;Ingresos Brutos;382.98;0.488841;0.488841;82744.57
2013;6;3;Tributarios;500.64;0.488841;0.488841;108165.54
2013;6;2;De Origen Provincial;695.58;0.488841;0.488841;150283.21
2013;6;1;Recursos Corrientes;1565.84;0.488841;0.488841;338306.83
2013;7;55;Resultado Operativo - Amortizacion de la D Consolidada;-10.25;0.492775;0.492775;-2196.88
2013;7;54;Amortizacion de la Deuda Consolidada;63.14;0.492775;0.492775;13532.78
2013;7;53;IX. Resultado Operativo (VIII-IX);52.89;0.492775;0.492775;11335.90
2013;7;52;VIII. Egresos Totales (II+V+VI+VII);1785.55;0.492775;0.492775;382696.39
2013;7;51;VII. Ingresos Totales (I+IV);1838.44;0.492775;0.492775;394032.28
2013;7;50;Otros;0.00;0.492775;0.492775;0.00
2013;7;49;Compra de Acciones, Titulos, Valores, Otros;4.00;0.492775;0.492775;857.32
2013;7;48;Prestamos;6.48;0.492775;0.492775;1388.86
2013;7;47;Inversion Financiera;10.48;0.492775;0.492775;2246.18
2013;7;46;al Sector Privado;0.00;0.492775;0.492775;0.00
2013;7;45;al Sector Publico+Remesas al IPV;16.96;0.492775;0.492775;3635.03
2013;7;44;Transferencias para financiar Erogaciones de Capital;16.96;0.492775;0.492775;3635.03
2013;7;43;Trabajos Publicos;60.24;0.492775;0.492775;12911.22
2013;7;42;Bienes de Capital;18.19;0.492775;0.492775;3898.66
2013;7;41;VI. Erogaciones de Capital;105.87;0.492775;0.492775;22691.08
2013;7;40;Resto Otros Recursos de Capital;44.10;0.492775;0.492775;9451.94
2013;7;39;Fondo Residual;0.70;0.492775;0.492775;150.03
2013;7;38;Venta de Acciones;0.00;0.492775;0.492775;0.00
2013;7;37;Otros Recursos de Capital;44.80;0.492775;0.492775;9601.97
2013;7;36;Reembolsos de Prestamos;4.63;0.492775;0.492775;992.35
2013;7;35;Reembolsos de Obras Publicas;0.00;0.492775;0.492775;0.00
2013;7;34;V. Recursos de Capital;49.43;0.492775;0.492775;10594.32
2013;7;33;IV.Resultado Economico Neto de Remesas;109.33;0.492775;0.492775;23432.67
2013;7;32;Remesas EMT;0.00;0.492775;0.492775;0.00
2013;7;31;Remesas ATM;12.94;0.492775;0.492775;2773.43
2013;7;30;Resultado Economico con Remesas;122.27;0.492775;0.492775;26206.09
2013;7;29;Otras Erogaciones Corrientes;0.50;0.492775;0.492775;107.16
2013;7;28;Otras Transferencias;178.32;0.492775;0.492775;38219.27
2013;7;27;Municipios;264.87;0.492775;0.492775;56769.51
2013;7;26;Transferencias a Municipios y Otros;443.19;0.492775;0.492775;94988.78
2013;7;25;Intereses y Gastos de la Deuda;72.30;0.492775;0.492775;15496.04
2013;7;24;Otros Servicios;137.92;0.492775;0.492775;29560.35
2013;7;23;Bienes Corrientes;51.38;0.492775;0.492775;11012.26
2013;7;22;Locaciones de Servicio;11.98;0.492775;0.492775;2567.67
2013;7;21;Personal;949.47;0.492775;0.492775;203499.61
2013;7;20;Erogaciones Corrientes;1666.74;0.492775;0.492775;357231.87
2013;7;19;Aportes no Reintegrables;96.47;0.492775;0.492775;20676.39
2013;7;18;Coparticipacion Vial;6.73;0.492775;0.492775;1442.44
2013;7;17;Ley 25.053 Fdo. Nac. de Incentivo Docente;12.90;0.492775;0.492775;2764.85
2013;7;16;Regimenes Especiales Nacionales s/Financ. Educativo;158.95;0.492775;0.492775;34067.70
2013;7;15;Coparticipacion Federal + Financ. Educativo;674.68;0.492775;0.492775;144603.96
2013;7;14;De Origen Nacional;949.73;0.492775;0.492775;203555.34
2013;7;13;Otros no Tributarios;48.05;0.492775;0.492775;10298.54
2013;7;12;Remesas del Instituto de Juegos y Casino;9.11;0.492775;0.492775;1952.54
2013;7;11;Tasas Retributivas de Servicios;37.45;0.492775;0.492775;8026.65
2013;7;10;Regalias;150.93;0.492775;0.492775;32348.78
2013;7;9;No Tributarios;245.54;0.492775;0.492775;52626.51
2013;7;8;Otros Tributarios;1.47;0.492775;0.492775;315.06
2013;7;7;Sellos y Tasas de Justicia;58.08;0.492775;0.492775;12448.27
2013;7;6;Inmobiliario;20.68;0.492775;0.492775;4432.34
2013;7;5;Automotor;21.72;0.492775;0.492775;4655.24
2013;7;4;Ingresos Brutos;491.79;0.492775;0.492775;105405.20
2013;7;3;Tributarios;593.74;0.492775;0.492775;127256.11
2013;7;2;De Origen Provincial;839.28;0.492775;0.492775;179882.63
2013;7;1;Recursos Corrientes;1789.01;0.492775;0.492775;383437.97
2013;8;55;Resultado Operativo - Amortizacion de la D Consolidada;-17.47;0.497265;0.497265;-3710.53
2013;8;54;Amortizacion de la Deuda Consolidada;83.35;0.497265;0.497265;17703.08
2013;8;53;IX. Resultado Operativo (VIII-IX);65.88;0.497265;0.497265;13992.54
2013;8;52;VIII. Egresos Totales (II+V+VI+VII);1875.79;0.497265;0.497265;398407.34
2013;8;51;VII. Ingresos Totales (I+IV);1941.67;0.497265;0.497265;412399.89
2013;8;50;Otros;0.00;0.497265;0.497265;0.00
2013;8;49;Compra de Acciones, Titulos, Valores, Otros;3.00;0.497265;0.497265;637.18
2013;8;48;Prestamos;6.64;0.497265;0.497265;1410.30
2013;8;47;Inversion Financiera;9.64;0.497265;0.497265;2047.48
2013;8;46;al Sector Privado;0.15;0.497265;0.497265;31.86
2013;8;45;al Sector Publico+Remesas al IPV;20.56;0.497265;0.497265;4366.83
2013;8;44;Transferencias para financiar Erogaciones de Capital;20.71;0.497265;0.497265;4398.69
2013;8;43;Trabajos Publicos;65.25;0.497265;0.497265;13858.74
2013;8;42;Bienes de Capital;6.23;0.497265;0.497265;1323.22
2013;8;41;VI. Erogaciones de Capital;101.83;0.497265;0.497265;21628.12
2013;8;40;Resto Otros Recursos de Capital;58.83;0.497265;0.497265;12495.16
2013;8;39;Fondo Residual;1.64;0.497265;0.497265;348.33
2013;8;38;Venta de Acciones;0.00;0.497265;0.497265;0.00
2013;8;37;Otros Recursos de Capital;60.47;0.497265;0.497265;12843.49
2013;8;36;Reembolsos de Prestamos;5.23;0.497265;0.497265;1110.82
2013;8;35;Reembolsos de Obras Publicas;0.00;0.497265;0.497265;0.00
2013;8;34;V. Recursos de Capital;65.70;0.497265;0.497265;13954.31
2013;8;33;IV.Resultado Economico Neto de Remesas;102.01;0.497265;0.497265;21666.36
2013;8;32;Remesas EMT;0.00;0.497265;0.497265;0.00
2013;8;31;Remesas ATM;33.98;0.497265;0.497265;7217.16
2013;8;30;Resultado Economico con Remesas;135.99;0.497265;0.497265;28883.52
2013;8;29;Otras Erogaciones Corrientes;0.50;0.497265;0.497265;106.20
2013;8;28;Otras Transferencias;217.49;0.497265;0.497265;46193.66
2013;8;27;Municipios;278.32;0.497265;0.497265;59113.62
2013;8;26;Transferencias a Municipios y Otros;495.81;0.497265;0.497265;105307.28
2013;8;25;Intereses y Gastos de la Deuda;31.07;0.497265;0.497265;6599.09
2013;8;24;Otros Servicios;157.56;0.497265;0.497265;33464.87
2013;8;23;Bienes Corrientes;46.48;0.497265;0.497265;9872.09
2013;8;22;Locaciones de Servicio;13.98;0.497265;0.497265;2969.27
2013;8;21;Personal;994.58;0.497265;0.497265;211243.25
2013;8;20;Erogaciones Corrientes;1739.98;0.497265;0.497265;369562.06
2013;8;19;Aportes no Reintegrables;65.05;0.497265;0.497265;13816.26
2013;8;18;Coparticipacion Vial;8.12;0.497265;0.497265;1724.64
2013;8;17;Ley 25.053 Fdo. Nac. de Incentivo Docente;13.50;0.497265;0.497265;2867.32
2013;8;16;Regimenes Especiales Nacionales s/Financ. Educativo;128.52;0.497265;0.497265;27296.93
2013;8;15;Coparticipacion Federal + Financ. Educativo;663.60;0.497265;0.497265;140944.94
2013;8;14;De Origen Nacional;878.79;0.497265;0.497265;186650.10
2013;8;13;Otros no Tributarios;207.18;0.497265;0.497265;44003.88
2013;8;12;Remesas del Instituto de Juegos y Casino;5.24;0.497265;0.497265;1112.95
2013;8;11;Tasas Retributivas de Servicios;37.96;0.497265;0.497265;8062.49
2013;8;10;Regalias;121.27;0.497265;0.497265;25757.07
2013;8;9;No Tributarios;371.65;0.497265;0.497265;78936.39
2013;8;8;Otros Tributarios;2.89;0.497265;0.497265;613.82
2013;8;7;Sellos y Tasas de Justicia;65.32;0.497265;0.497265;13873.60
2013;8;6;Inmobiliario;10.34;0.497265;0.497265;2196.16
2013;8;5;Automotor;40.53;0.497265;0.497265;8608.35
2013;8;4;Ingresos Brutos;506.45;0.497265;0.497265;107567.16
2013;8;3;Tributarios;625.53;0.497265;0.497265;132859.09
2013;8;2;De Origen Provincial;997.18;0.497265;0.497265;211795.48
2013;8;1;Recursos Corrientes;1875.97;0.497265;0.497265;398445.57
2013;9;55;Resultado Operativo - Amortizacion de la D Consolidada;-35.82;0.501506;0.501506;-7543.63
2013;9;54;Amortizacion de la Deuda Consolidada;56.73;0.501506;0.501506;11947.24
2013;9;53;IX. Resultado Operativo (VIII-IX);20.91;0.501506;0.501506;4403.61
2013;9;52;VIII. Egresos Totales (II+V+VI+VII);1749.91;0.501506;0.501506;368528.08
2013;9;51;VII. Ingresos Totales (I+IV);1770.82;0.501506;0.501506;372931.70
2013;9;50;Otros;0.00;0.501506;0.501506;0.00
2013;9;49;Compra de Acciones, Titulos, Valores, Otros;4.22;0.501506;0.501506;888.72
2013;9;48;Prestamos;6.74;0.501506;0.501506;1419.43
2013;9;47;Inversion Financiera;10.96;0.501506;0.501506;2308.16
2013;9;46;al Sector Privado;0.00;0.501506;0.501506;0.00
2013;9;45;al Sector Publico+Remesas al IPV;21.57;0.501506;0.501506;4542.61
2013;9;44;Transferencias para financiar Erogaciones de Capital;21.57;0.501506;0.501506;4542.61
2013;9;43;Trabajos Publicos;55.24;0.501506;0.501506;11633.45
2013;9;42;Bienes de Capital;3.97;0.501506;0.501506;836.08
2013;9;41;VI. Erogaciones de Capital;91.74;0.501506;0.501506;19320.29
2013;9;40;Resto Otros Recursos de Capital;46.43;0.501506;0.501506;9778.08
2013;9;39;Fondo Residual;1.17;0.501506;0.501506;246.40
2013;9;38;Venta de Acciones;0.00;0.501506;0.501506;0.00
2013;9;37;Otros Recursos de Capital;47.60;0.501506;0.501506;10024.48
2013;9;36;Reembolsos de Prestamos;3.43;0.501506;0.501506;722.35
2013;9;35;Reembolsos de Obras Publicas;0.00;0.501506;0.501506;0.00
2013;9;34;V. Recursos de Capital;51.03;0.501506;0.501506;10746.83
2013;9;33;IV.Resultado Economico Neto de Remesas;61.62;0.501506;0.501506;12977.07
2013;9;32;Remesas EMT;0.00;0.501506;0.501506;0.00
2013;9;31;Remesas ATM;17.85;0.501506;0.501506;3759.18
2013;9;30;Resultado Economico con Remesas;79.47;0.501506;0.501506;16736.25
2013;9;29;Otras Erogaciones Corrientes;0.50;0.501506;0.501506;105.30
2013;9;28;Otras Transferencias;178.99;0.501506;0.501506;37694.99
2013;9;27;Municipios;270.92;0.501506;0.501506;57055.29
2013;9;26;Transferencias a Municipios y Otros;449.91;0.501506;0.501506;94750.28
2013;9;25;Intereses y Gastos de la Deuda;20.07;0.501506;0.501506;4226.71
2013;9;24;Otros Servicios;159.09;0.501506;0.501506;33504.08
2013;9;23;Bienes Corrientes;55.52;0.501506;0.501506;11692.42
2013;9;22;Locaciones de Servicio;12.47;0.501506;0.501506;2626.16
2013;9;21;Personal;942.76;0.501506;0.501506;198543.66
2013;9;20;Erogaciones Corrientes;1640.32;0.501506;0.501506;345448.62
2013;9;19;Aportes no Reintegrables;112.67;0.501506;0.501506;23728.11
2013;9;18;Coparticipacion Vial;9.99;0.501506;0.501506;2103.88
2013;9;17;Ley 25.053 Fdo. Nac. de Incentivo Docente;28.74;0.501506;0.501506;6052.60
2013;9;16;Regimenes Especiales Nacionales s/Financ. Educativo;98.09;0.501506;0.501506;20657.59
2013;9;15;Coparticipacion Federal + Financ. Educativo;606.36;0.501506;0.501506;127698.39
2013;9;14;De Origen Nacional;855.85;0.501506;0.501506;180240.56
2013;9;13;Otros no Tributarios;75.93;0.501506;0.501506;15990.73
2013;9;12;Remesas del Instituto de Juegos y Casino;4.11;0.501506;0.501506;865.56
2013;9;11;Tasas Retributivas de Servicios;33.44;0.501506;0.501506;7042.41
2013;9;10;Regalias;126.19;0.501506;0.501506;26575.40
2013;9;9;No Tributarios;239.67;0.501506;0.501506;50474.10
2013;9;8;Otros Tributarios;2.28;0.501506;0.501506;480.16
2013;9;7;Sellos y Tasas de Justicia;65.46;0.501506;0.501506;13785.77
2013;9;6;Inmobiliario;23.61;0.501506;0.501506;4972.23
2013;9;5;Automotor;18.07;0.501506;0.501506;3805.51
2013;9;4;Ingresos Brutos;514.85;0.501506;0.501506;108426.54
2013;9;3;Tributarios;624.27;0.501506;0.501506;131470.21
2013;9;2;De Origen Provincial;863.94;0.501506;0.501506;181944.30
2013;9;1;Recursos Corrientes;1719.79;0.501506;0.501506;362184.86
2013;10;55;Resultado Operativo - Amortizacion de la D Consolidada;-109.00;0.505674;0.505674;-22766.01
2013;10;54;Amortizacion de la Deuda Consolidada;52.98;0.505674;0.505674;11065.53
2013;10;53;IX. Resultado Operativo (VIII-IX);-56.02;0.505674;0.505674;-11700.47
2013;10;52;VIII. Egresos Totales (II+V+VI+VII);1871.79;0.505674;0.505674;390946.66
2013;10;51;VII. Ingresos Totales (I+IV);1815.77;0.505674;0.505674;379246.19
2013;10;50;Otros;0.00;0.505674;0.505674;0.00
2013;10;49;Compra de Acciones, Titulos, Valores, Otros;0.60;0.505674;0.505674;125.32
2013;10;48;Prestamos;6.75;0.505674;0.505674;1409.82
2013;10;47;Inversion Financiera;7.35;0.505674;0.505674;1535.14
2013;10;46;al Sector Privado;0.00;0.505674;0.505674;0.00
2013;10;45;al Sector Publico+Remesas al IPV;11.01;0.505674;0.505674;2299.58
2013;10;44;Transferencias para financiar Erogaciones de Capital;11.01;0.505674;0.505674;2299.58
2013;10;43;Trabajos Publicos;62.88;0.505674;0.505674;13133.27
2013;10;42;Bienes de Capital;7.08;0.505674;0.505674;1478.75
2013;10;41;VI. Erogaciones de Capital;88.32;0.505674;0.505674;18446.73
2013;10;40;Resto Otros Recursos de Capital;28.03;0.505674;0.505674;5854.41
2013;10;39;Fondo Residual;0.95;0.505674;0.505674;198.42
2013;10;38;Venta de Acciones;0.00;0.505674;0.505674;0.00
2013;10;37;Otros Recursos de Capital;28.98;0.505674;0.505674;6052.83
2013;10;36;Reembolsos de Prestamos;4.71;0.505674;0.505674;983.74
2013;10;35;Reembolsos de Obras Publicas;0.00;0.505674;0.505674;0.00
2013;10;34;V. Recursos de Capital;33.69;0.505674;0.505674;7036.58
2013;10;33;IV.Resultado Economico Neto de Remesas;-1.39;0.505674;0.505674;-290.32
2013;10;32;Remesas EMT;0.00;0.505674;0.505674;0.00
2013;10;31;Remesas ATM;8.99;0.505674;0.505674;1877.67
2013;10;30;Resultado Economico con Remesas;7.60;0.505674;0.505674;1587.35
2013;10;29;Otras Erogaciones Corrientes;0.50;0.505674;0.505674;104.43
2013;10;28;Otras Transferencias;164.82;0.505674;0.505674;34424.71
2013;10;27;Municipios;299.20;0.505674;0.505674;62491.65
2013;10;26;Transferencias a Municipios y Otros;464.02;0.505674;0.505674;96916.36
2013;10;25;Intereses y Gastos de la Deuda;22.59;0.505674;0.505674;4718.20
2013;10;24;Otros Servicios;199.51;0.505674;0.505674;41670.15
2013;10;23;Bienes Corrientes;71.42;0.505674;0.505674;14916.96
2013;10;22;Locaciones de Servicio;13.83;0.505674;0.505674;2888.57
2013;10;21;Personal;1002.61;0.505674;0.505674;209407.59
2013;10;20;Erogaciones Corrientes;1774.48;0.505674;0.505674;370622.26
2013;10;19;Aportes no Reintegrables;67.36;0.505674;0.505674;14068.98
2013;10;18;Coparticipacion Vial;7.74;0.505674;0.505674;1616.60
2013;10;17;Ley 25.053 Fdo. Nac. de Incentivo Docente;0.00;0.505674;0.505674;0.00
2013;10;16;Regimenes Especiales Nacionales s/Financ. Educativo;152.35;0.505674;0.505674;31820.20
2013;10;15;Coparticipacion Federal + Financ. Educativo;662.82;0.505674;0.505674;138438.21
2013;10;14;De Origen Nacional;890.27;0.505674;0.505674;185943.98
2013;10;13;Otros no Tributarios;105.68;0.505674;0.505674;22072.58
2013;10;12;Remesas del Instituto de Juegos y Casino;4.20;0.505674;0.505674;877.22
2013;10;11;Tasas Retributivas de Servicios;36.82;0.505674;0.505674;7690.32
2013;10;10;Regalias;126.48;0.505674;0.505674;26416.92
2013;10;9;No Tributarios;273.18;0.505674;0.505674;57057.05
2013;10;8;Otros Tributarios;1.12;0.505674;0.505674;233.93
2013;10;7;Sellos y Tasas de Justicia;69.08;0.505674;0.505674;14428.22
2013;10;6;Inmobiliario;10.37;0.505674;0.505674;2165.90
2013;10;5;Automotor;37.26;0.505674;0.505674;7782.22
2013;10;4;Ingresos Brutos;500.80;0.505674;0.505674;104598.32
2013;10;3;Tributarios;618.63;0.505674;0.505674;129208.58
2013;10;2;De Origen Provincial;891.81;0.505674;0.505674;186265.63
2013;10;1;Recursos Corrientes;1782.08;0.505674;0.505674;372209.61
2013;11;55;Resultado Operativo - Amortizacion de la D Consolidada;15.63;0.510120;0.510120;3236.07
2013;11;54;Amortizacion de la Deuda Consolidada;12.84;0.510120;0.510120;2658.42
2013;11;53;IX. Resultado Operativo (VIII-IX);28.47;0.510120;0.510120;5894.49
2013;11;52;VIII. Egresos Totales (II+V+VI+VII);1758.74;0.510120;0.510120;364133.22
2013;11;51;VII. Ingresos Totales (I+IV);1787.21;0.510120;0.510120;370027.71
2013;11;50;Otros;0.00;0.510120;0.510120;0.00
2013;11;49;Compra de Acciones, Titulos, Valores, Otros;4.00;0.510120;0.510120;828.17
2013;11;48;Prestamos;6.76;0.510120;0.510120;1399.60
2013;11;47;Inversion Financiera;10.76;0.510120;0.510120;2227.77
2013;11;46;al Sector Privado;0.00;0.510120;0.510120;0.00
2013;11;45;al Sector Publico+Remesas al IPV;16.33;0.510120;0.510120;3381.00
2013;11;44;Transferencias para financiar Erogaciones de Capital;16.33;0.510120;0.510120;3381.00
2013;11;43;Trabajos Publicos;55.99;0.510120;0.510120;11592.29
2013;11;42;Bienes de Capital;7.40;0.510120;0.510120;1532.11
2013;11;41;VI. Erogaciones de Capital;90.48;0.510120;0.510120;18733.17
2013;11;40;Resto Otros Recursos de Capital;14.86;0.510120;0.510120;3076.65
2013;11;39;Fondo Residual;0.76;0.510120;0.510120;157.35
2013;11;38;Venta de Acciones;0.00;0.510120;0.510120;0.00
2013;11;37;Otros Recursos de Capital;15.62;0.510120;0.510120;3234.00
2013;11;36;Reembolsos de Prestamos;5.77;0.510120;0.510120;1194.63
2013;11;35;Reembolsos de Obras Publicas;0.00;0.510120;0.510120;0.00
2013;11;34;V. Recursos de Capital;21.39;0.510120;0.510120;4428.63
2013;11;33;IV.Resultado Economico Neto de Remesas;97.56;0.510120;0.510120;20199.03
2013;11;32;Remesas EMT;0.00;0.510120;0.510120;0.00
2013;11;31;Remesas ATM;9.71;0.510120;0.510120;2010.38
2013;11;30;Resultado Economico con Remesas;107.27;0.510120;0.510120;22209.41
2013;11;29;Otras Erogaciones Corrientes;0.50;0.510120;0.510120;103.52
2013;11;28;Otras Transferencias;167.72;0.510120;0.510120;34725.10
2013;11;27;Municipios;279.50;0.510120;0.510120;57868.27
2013;11;26;Transferencias a Municipios y Otros;447.22;0.510120;0.510120;92593.37
2013;11;25;Intereses y Gastos de la Deuda;8.28;0.510120;0.510120;1714.31
2013;11;24;Otros Servicios;140.24;0.510120;0.510120;29035.58
2013;11;23;Bienes Corrientes;71.12;0.510120;0.510120;14724.83
2013;11;22;Locaciones de Servicio;13.19;0.510120;0.510120;2730.89
2013;11;21;Personal;978.00;0.510120;0.510120;202487.17
2013;11;20;Erogaciones Corrientes;1658.55;0.510120;0.510120;343389.67
2013;11;19;Aportes no Reintegrables;73.70;0.510120;0.510120;15259.00
2013;11;18;Coparticipacion Vial;8.84;0.510120;0.510120;1830.25
2013;11;17;Ley 25.053 Fdo. Nac. de Incentivo Docente;14.66;0.510120;0.510120;3035.24
2013;11;16;Regimenes Especiales Nacionales s/Financ. Educativo;98.99;0.510120;0.510120;20495.10
2013;11;15;Coparticipacion Federal + Financ. Educativo;648.68;0.510120;0.510120;134304.07
2013;11;14;De Origen Nacional;844.87;0.510120;0.510120;174923.66
2013;11;13;Otros no Tributarios;70.80;0.510120;0.510120;14658.58
2013;11;12;Remesas del Instituto de Juegos y Casino;11.65;0.510120;0.510120;2412.04
2013;11;11;Tasas Retributivas de Servicios;32.46;0.510120;0.510120;6720.59
2013;11;10;Regalias;138.85;0.510120;0.510120;28747.80
2013;11;9;No Tributarios;253.76;0.510120;0.510120;52539.00
2013;11;8;Otros Tributarios;4.28;0.510120;0.510120;886.14
2013;11;7;Sellos y Tasas de Justicia;71.93;0.510120;0.510120;14892.54
2013;11;6;Inmobiliario;20.26;0.510120;0.510120;4194.67
2013;11;5;Automotor;20.00;0.510120;0.510120;4140.84
2013;11;4;Ingresos Brutos;550.72;0.510120;0.510120;114022.22
2013;11;3;Tributarios;667.19;0.510120;0.510120;138136.42
2013;11;2;De Origen Provincial;920.95;0.510120;0.510120;190675.42
2013;11;1;Recursos Corrientes;1765.82;0.510120;0.510120;365599.08
2013;12;55;Resultado Operativo - Amortizacion de la D Consolidada;-1803.40;0.514815;0.514815;-369974.58
2013;12;54;Amortizacion de la Deuda Consolidada;90.90;0.514815;0.514815;18648.49
2013;12;53;IX. Resultado Operativo (VIII-IX);-1712.50;0.514815;0.514815;-351326.09
2013;12;52;VIII. Egresos Totales (II+V+VI+VII);4033.06;0.514815;0.514815;827398.07
2013;12;51;VII. Ingresos Totales (I+IV);2320.56;0.514815;0.514815;476071.98
2013;12;50;Otros;0.00;0.514815;0.514815;0.00
2013;12;49;Compra de Acciones, Titulos, Valores, Otros;15.98;0.514815;0.514815;3278.36
2013;12;48;Prestamos;6.58;0.514815;0.514815;1349.91
2013;12;47;Inversion Financiera;22.56;0.514815;0.514815;4628.27
2013;12;46;al Sector Privado;0.00;0.514815;0.514815;0.00
2013;12;45;al Sector Publico+Remesas al IPV;207.32;0.514815;0.514815;42532.51
2013;12;44;Transferencias para financiar Erogaciones de Capital;207.32;0.514815;0.514815;42532.51
2013;12;43;Trabajos Publicos;160.93;0.514815;0.514815;33015.42
2013;12;42;Bienes de Capital;73.11;0.514815;0.514815;14998.80
2013;12;41;VI. Erogaciones de Capital;463.92;0.514815;0.514815;95175.01
2013;12;40;Resto Otros Recursos de Capital;14.31;0.514815;0.514815;2935.75
2013;12;39;Fondo Residual;1.29;0.514815;0.514815;264.65
2013;12;38;Venta de Acciones;0.00;0.514815;0.514815;0.00
2013;12;37;Otros Recursos de Capital;15.60;0.514815;0.514815;3200.40
2013;12;36;Reembolsos de Prestamos;8.86;0.514815;0.514815;1817.66
2013;12;35;Reembolsos de Obras Publicas;0.00;0.514815;0.514815;0.00
2013;12;34;V. Recursos de Capital;24.46;0.514815;0.514815;5018.06
2013;12;33;IV.Resultado Economico Neto de Remesas;-1273.04;0.514815;0.514815;-261169.15
2013;12;32;Remesas EMT;0.00;0.514815;0.514815;0.00
2013;12;31;Remesas ATM;89.38;0.514815;0.514815;18336.66
2013;12;30;Resultado Economico con Remesas;-1183.66;0.514815;0.514815;-242832.49
2013;12;29;Otras Erogaciones Corrientes;0.50;0.514815;0.514815;102.58
2013;12;28;Otras Transferencias;324.86;0.514815;0.514815;66646.30
2013;12;27;Municipios;370.65;0.514815;0.514815;76040.30
2013;12;26;Transferencias a Municipios y Otros;695.51;0.514815;0.514815;142686.60
2013;12;25;Intereses y Gastos de la Deuda;209.02;0.514815;0.514815;42881.27
2013;12;24;Otros Servicios;724.13;0.514815;0.514815;148558.11
2013;12;23;Bienes Corrientes;148.69;0.514815;0.514815;30504.34
2013;12;22;Locaciones de Servicio;20.91;0.514815;0.514815;4289.77
2013;12;21;Personal;1681.00;0.514815;0.514815;344863.74
2013;12;20;Erogaciones Corrientes;3479.76;0.514815;0.514815;713886.40
2013;12;19;Aportes no Reintegrables;138.60;0.514815;0.514815;28434.33
2013;12;18;Coparticipacion Vial;10.77;0.514815;0.514815;2209.51
2013;12;17;Ley 25.053 Fdo. Nac. de Incentivo Docente;29.33;0.514815;0.514815;6017.16
2013;12;16;Regimenes Especiales Nacionales s/Financ. Educativo;180.09;0.514815;0.514815;36946.17
2013;12;15;Coparticipacion Federal + Financ. Educativo;678.32;0.514815;0.514815;139160.01
2013;12;14;De Origen Nacional;1037.11;0.514815;0.514815;212767.18
2013;12;13;Otros no Tributarios;238.38;0.514815;0.514815;48904.59
2013;12;12;Remesas del Instituto de Juegos y Casino;14.45;0.514815;0.514815;2964.47
2013;12;11;Tasas Retributivas de Servicios;41.12;0.514815;0.514815;8435.93
2013;12;10;Regalias;147.33;0.514815;0.514815;30225.33
2013;12;9;No Tributarios;441.28;0.514815;0.514815;90530.32
2013;12;8;Otros Tributarios;25.32;0.514815;0.514815;5194.50
2013;12;7;Sellos y Tasas de Justicia;72.24;0.514815;0.514815;14820.32
2013;12;6;Inmobiliario;14.52;0.514815;0.514815;2978.83
2013;12;5;Automotor;45.13;0.514815;0.514815;9258.60
2013;12;4;Ingresos Brutos;660.50;0.514815;0.514815;135504.16
2013;12;3;Tributarios;817.71;0.514815;0.514815;167756.41
2013;12;2;De Origen Provincial;1258.99;0.514815;0.514815;258286.73
2013;12;1;Recursos Corrientes;2296.10;0.514815;0.514815;471053.91
2014;1;55;Resultado Operativo - Amortizacion de la D Consolidada;509.63;0.521615;0.521615;103189.60
2014;1;54;Amortizacion de la Deuda Consolidada;4.52;0.521615;0.521615;915.21
2014;1;53;IX. Resultado Operativo (VIII-IX);514.15;0.521615;0.521615;104104.81
2014;1;52;VIII. Egresos Totales (II+V+VI+VII);1365.72;0.521615;0.521615;276530.23
2014;1;51;VII. Ingresos Totales (I+IV);1879.87;0.521615;0.521615;380635.03
2014;1;50;Otros;0.00;0.521615;0.521615;0.00
2014;1;49;Compra de Acciones, Titulos, Valores, Otros;0.00;0.521615;0.521615;0.00
2014;1;48;Prestamos;6.53;0.521615;0.521615;1322.19
2014;1;47;Inversion Financiera;6.53;0.521615;0.521615;1322.19
2014;1;46;al Sector Privado;0.00;0.521615;0.521615;0.00
2014;1;45;al Sector Publico+Remesas al IPV;2.21;0.521615;0.521615;447.48
2014;1;44;Transferencias para financiar Erogaciones de Capital;2.21;0.521615;0.521615;447.48
2014;1;43;Trabajos Publicos;9.39;0.521615;0.521615;1901.28
2014;1;42;Bienes de Capital;0.02;0.521615;0.521615;4.05
2014;1;41;VI. Erogaciones de Capital;18.15;0.521615;0.521615;3675.00
2014;1;40;Resto Otros Recursos de Capital;19.86;0.521615;0.521615;4021.24
2014;1;39;Fondo Residual;0.00;0.521615;0.521615;0.00
2014;1;38;Venta de Acciones;0.00;0.521615;0.521615;0.00
2014;1;37;Otros Recursos de Capital;19.86;0.521615;0.521615;4021.24
2014;1;36;Reembolsos de Prestamos;4.44;0.521615;0.521615;899.01
2014;1;35;Reembolsos de Obras Publicas;0.00;0.521615;0.521615;0.00
2014;1;34;V. Recursos de Capital;24.30;0.521615;0.521615;4920.25
2014;1;33;IV.Resultado Economico Neto de Remesas;508.00;0.521615;0.521615;102859.56
2014;1;32;Remesas EMT;0.00;0.521615;0.521615;0.00
2014;1;31;Remesas ATM;8.88;0.521615;0.521615;1798.02
2014;1;30;Resultado Economico con Remesas;516.88;0.521615;0.521615;104657.57
2014;1;29;Otras Erogaciones Corrientes;0.50;0.521615;0.521615;101.24
2014;1;28;Otras Transferencias;156.42;0.521615;0.521615;31671.83
2014;1;27;Municipios;284.86;0.521615;0.521615;57678.29
2014;1;26;Transferencias a Municipios y Otros;441.28;0.521615;0.521615;89350.13
2014;1;25;Intereses y Gastos de la Deuda;1.56;0.521615;0.521615;315.87
2014;1;24;Otros Servicios;25.45;0.521615;0.521615;5153.10
2014;1;23;Bienes Corrientes;8.71;0.521615;0.521615;1763.60
2014;1;22;Locaciones de Servicio;10.03;0.521615;0.521615;2030.87
2014;1;21;Personal;851.16;0.521615;0.521615;172342.40
2014;1;20;Erogaciones Corrientes;1338.69;0.521615;0.521615;271057.21
2014;1;19;Aportes no Reintegrables;60.02;0.521615;0.521615;12152.82
2014;1;18;Coparticipacion Vial;6.75;0.521615;0.521615;1366.74
2014;1;17;Ley 25.053 Fdo. Nac. de Incentivo Docente;15.21;0.521615;0.521615;3079.71
2014;1;16;Regimenes Especiales Nacionales s/Financ. Educativo;102.27;0.521615;0.521615;20707.57
2014;1;15;Coparticipacion Federal + Financ. Educativo;776.61;0.521615;0.521615;157247.56
2014;1;14;De Origen Nacional;960.86;0.521615;0.521615;194554.40
2014;1;13;Otros no Tributarios;39.20;0.521615;0.521615;7937.19
2014;1;12;Remesas del Instituto de Juegos y Casino;0.00;0.521615;0.521615;0.00
2014;1;11;Tasas Retributivas de Servicios;42.50;0.521615;0.521615;8605.38
2014;1;10;Regalias;163.38;0.521615;0.521615;33081.09
2014;1;9;No Tributarios;245.08;0.521615;0.521615;49623.66
2014;1;8;Otros Tributarios;0.91;0.521615;0.521615;184.26
2014;1;7;Sellos y Tasas de Justicia;63.67;0.521615;0.521615;12891.87
2014;1;6;Inmobiliario;6.57;0.521615;0.521615;1330.29
2014;1;5;Automotor;19.12;0.521615;0.521615;3871.41
2014;1;4;Ingresos Brutos;559.36;0.521615;0.521615;113258.90
2014;1;3;Tributarios;649.63;0.521615;0.521615;131536.72
2014;1;2;De Origen Provincial;894.71;0.521615;0.521615;181160.38
2014;1;1;Recursos Corrientes;1855.57;0.521615;0.521615;375714.78
2014;2;55;Resultado Operativo - Amortizacion de la D Consolidada;203.61;0.538141;0.538141;39960.79
2014;2;54;Amortizacion de la Deuda Consolidada;96.79;0.538141;0.538141;18996.14
2014;2;53;IX. Resultado Operativo (VIII-IX);300.40;0.538141;0.538141;58956.93
2014;2;52;VIII. Egresos Totales (II+V+VI+VII);1659.37;0.538141;0.538141;325670.31
2014;2;51;VII. Ingresos Totales (I+IV);1959.77;0.538141;0.538141;384627.24
2014;2;50;Otros;0.00;0.538141;0.538141;0.00
2014;2;49;Compra de Acciones, Titulos, Valores, Otros;12.00;0.538141;0.538141;2355.14
2014;2;48;Prestamos;6.33;0.538141;0.538141;1242.33
2014;2;47;Inversion Financiera;18.33;0.538141;0.538141;3597.47
2014;2;46;al Sector Privado;0.00;0.538141;0.538141;0.00
2014;2;45;al Sector Publico+Remesas al IPV;10.22;0.538141;0.538141;2005.79
2014;2;44;Transferencias para financiar Erogaciones de Capital;10.22;0.538141;0.538141;2005.79
2014;2;43;Trabajos Publicos;19.17;0.538141;0.538141;3762.33
2014;2;42;Bienes de Capital;0.49;0.538141;0.538141;96.17
2014;2;41;VI. Erogaciones de Capital;48.21;0.538141;0.538141;9461.76
2014;2;40;Resto Otros Recursos de Capital;18.24;0.538141;0.538141;3579.81
2014;2;39;Fondo Residual;0.30;0.538141;0.538141;58.88
2014;2;38;Venta de Acciones;0.00;0.538141;0.538141;0.00
2014;2;37;Otros Recursos de Capital;18.54;0.538141;0.538141;3638.69
2014;2;36;Reembolsos de Prestamos;2.15;0.538141;0.538141;421.96
2014;2;35;Reembolsos de Obras Publicas;0.00;0.538141;0.538141;0.00
2014;2;34;V. Recursos de Capital;20.69;0.538141;0.538141;4060.65
2014;2;33;IV.Resultado Economico Neto de Remesas;327.92;0.538141;0.538141;64358.04
2014;2;32;Remesas EMT;0.00;0.538141;0.538141;0.00
2014;2;31;Remesas ATM;9.15;0.538141;0.538141;1795.79
2014;2;30;Resultado Economico con Remesas;337.07;0.538141;0.538141;66153.84
2014;2;29;Otras Erogaciones Corrientes;0.50;0.538141;0.538141;98.13
2014;2;28;Otras Transferencias;163.93;0.538141;0.538141;32173.13
2014;2;27;Municipios;292.79;0.538141;0.538141;57463.38
2014;2;26;Transferencias a Municipios y Otros;456.72;0.538141;0.538141;89636.51
2014;2;25;Intereses y Gastos de la Deuda;31.93;0.538141;0.538141;6266.63
2014;2;24;Otros Servicios;62.16;0.538141;0.538141;12199.61
2014;2;23;Bienes Corrientes;28.53;0.538141;0.538141;5599.34
2014;2;22;Locaciones de Servicio;13.26;0.538141;0.538141;2602.43
2014;2;21;Personal;1008.91;0.538141;0.538141;198010.11
2014;2;20;Erogaciones Corrientes;1602.01;0.538141;0.538141;314412.75
2014;2;19;Aportes no Reintegrables;81.36;0.538141;0.538141;15967.83
2014;2;18;Coparticipacion Vial;10.91;0.538141;0.538141;2141.21
2014;2;17;Ley 25.053 Fdo. Nac. de Incentivo Docente;0.00;0.538141;0.538141;0.00
2014;2;16;Regimenes Especiales Nacionales s/Financ. Educativo;119.29;0.538141;0.538141;23412.02
2014;2;15;Coparticipacion Federal + Financ. Educativo;716.30;0.538141;0.538141;140582.05
2014;2;14;De Origen Nacional;927.86;0.538141;0.538141;182103.12
2014;2;13;Otros no Tributarios;123.86;0.538141;0.538141;24308.94
2014;2;12;Remesas del Instituto de Juegos y Casino;5.19;0.538141;0.538141;1018.60
2014;2;11;Tasas Retributivas de Servicios;32.01;0.538141;0.538141;6282.33
2014;2;10;Regalias;168.75;0.538141;0.538141;33119.11
2014;2;9;No Tributarios;329.81;0.538141;0.538141;64728.98
2014;2;8;Otros Tributarios;2.58;0.538141;0.538141;506.35
2014;2;7;Sellos y Tasas de Justicia;71.53;0.538141;0.538141;14038.58
2014;2;6;Inmobiliario;29.80;0.538141;0.538141;5848.59
2014;2;5;Automotor;14.54;0.538141;0.538141;2853.64
2014;2;4;Ingresos Brutos;562.96;0.538141;0.538141;110487.33
2014;2;3;Tributarios;681.41;0.538141;0.538141;133734.49
2014;2;2;De Origen Provincial;1011.22;0.538141;0.538141;198463.47
2014;2;1;Recursos Corrientes;1939.08;0.538141;0.538141;380566.59
2014;3;55;Resultado Operativo - Amortizacion de la D Consolidada;318.24;0.556758;0.556758;60369.74
2014;3;54;Amortizacion de la Deuda Consolidada;7.98;0.556758;0.556758;1513.80
2014;3;53;IX. Resultado Operativo (VIII-IX);326.22;0.556758;0.556758;61883.54
2014;3;52;VIII. Egresos Totales (II+V+VI+VII);1639.84;0.556758;0.556758;311075.65
2014;3;51;VII. Ingresos Totales (I+IV);1966.06;0.556758;0.556758;372959.19
2014;3;50;Otros;0.00;0.556758;0.556758;0.00
2014;3;49;Compra de Acciones, Titulos, Valores, Otros;1.55;0.556758;0.556758;294.03
2014;3;48;Prestamos;6.17;0.556758;0.556758;1170.44
2014;3;47;Inversion Financiera;7.72;0.556758;0.556758;1464.47
2014;3;46;al Sector Privado;0.00;0.556758;0.556758;0.00
2014;3;45;al Sector Publico+Remesas al IPV;9.18;0.556758;0.556758;1741.43
2014;3;44;Transferencias para financiar Erogaciones de Capital;9.18;0.556758;0.556758;1741.43
2014;3;43;Trabajos Publicos;27.13;0.556758;0.556758;5146.53
2014;3;42;Bienes de Capital;4.51;0.556758;0.556758;855.54
2014;3;41;VI. Erogaciones de Capital;48.54;0.556758;0.556758;9207.98
2014;3;40;Resto Otros Recursos de Capital;23.32;0.556758;0.556758;4423.78
2014;3;39;Fondo Residual;0.41;0.556758;0.556758;77.78
2014;3;38;Venta de Acciones;0.00;0.556758;0.556758;0.00
2014;3;37;Otros Recursos de Capital;23.73;0.556758;0.556758;4501.55
2014;3;36;Reembolsos de Prestamos;6.99;0.556758;0.556758;1325.99
2014;3;35;Reembolsos de Obras Publicas;0.00;0.556758;0.556758;0.00
2014;3;34;V. Recursos de Capital;30.72;0.556758;0.556758;5827.55
2014;3;33;IV.Resultado Economico Neto de Remesas;344.04;0.556758;0.556758;65263.97
2014;3;32;Remesas EMT;0.00;0.556758;0.556758;0.00
2014;3;31;Remesas ATM;9.07;0.556758;0.556758;1720.57
2014;3;30;Resultado Economico con Remesas;353.11;0.556758;0.556758;66984.54
2014;3;29;Otras Erogaciones Corrientes;0.50;0.556758;0.556758;94.85
2014;3;28;Otras Transferencias;150.29;0.556758;0.556758;28509.83
2014;3;27;Municipios;308.90;0.556758;0.556758;58597.95
2014;3;26;Transferencias a Municipios y Otros;459.19;0.556758;0.556758;87107.78
2014;3;25;Intereses y Gastos de la Deuda;1.66;0.556758;0.556758;314.90
2014;3;24;Otros Servicios;74.84;0.556758;0.556758;14197.06
2014;3;23;Bienes Corrientes;36.37;0.556758;0.556758;6899.34
2014;3;22;Locaciones de Servicio;12.83;0.556758;0.556758;2433.84
2014;3;21;Personal;996.84;0.556758;0.556758;189099.33
2014;3;20;Erogaciones Corrientes;1582.23;0.556758;0.556758;300147.11
2014;3;19;Aportes no Reintegrables;87.24;0.556758;0.556758;16549.32
2014;3;18;Coparticipacion Vial;8.07;0.556758;0.556758;1530.87
2014;3;17;Ley 25.053 Fdo. Nac. de Incentivo Docente;30.29;0.556758;0.556758;5745.98
2014;3;16;Regimenes Especiales Nacionales s/Financ. Educativo;135.08;0.556758;0.556758;25624.51
2014;3;15;Coparticipacion Federal + Financ. Educativo;626.69;0.556758;0.556758;118882.33
2014;3;14;De Origen Nacional;887.37;0.556758;0.556758;168333.01
2014;3;13;Otros no Tributarios;57.47;0.556758;0.556758;10901.99
2014;3;12;Remesas del Instituto de Juegos y Casino;2.59;0.556758;0.556758;491.32
2014;3;11;Tasas Retributivas de Servicios;50.17;0.556758;0.556758;9517.19
2014;3;10;Regalias;155.23;0.556758;0.556758;29446.94
2014;3;9;No Tributarios;265.46;0.556758;0.556758;50357.44
2014;3;8;Otros Tributarios;2.72;0.556758;0.556758;515.98
2014;3;7;Sellos y Tasas de Justicia;67.05;0.556758;0.556758;12719.30
2014;3;6;Inmobiliario;126.76;0.556758;0.556758;24046.22
2014;3;5;Automotor;36.33;0.556758;0.556758;6891.76
2014;3;4;Ingresos Brutos;549.65;0.556758;0.556758;104267.94
2014;3;3;Tributarios;782.51;0.556758;0.556758;148441.19
2014;3;2;De Origen Provincial;1047.97;0.556758;0.556758;198798.63
2014;3;1;Recursos Corrientes;1935.34;0.556758;0.556758;367131.64
2014;4;55;Resultado Operativo - Amortizacion de la D Consolidada;39.49;0.572128;0.572128;7289.96
2014;4;54;Amortizacion de la Deuda Consolidada;32.71;0.572128;0.572128;6038.35
2014;4;53;IX. Resultado Operativo (VIII-IX);72.20;0.572128;0.572128;13328.31
2014;4;52;VIII. Egresos Totales (II+V+VI+VII);2154.61;0.572128;0.572128;397746.60
2014;4;51;VII. Ingresos Totales (I+IV);2226.81;0.572128;0.572128;411074.91
2014;4;50;Otros;0.00;0.572128;0.572128;0.00
2014;4;49;Compra de Acciones, Titulos, Valores, Otros;6.00;0.572128;0.572128;1107.62
2014;4;48;Prestamos;6.13;0.572128;0.572128;1131.61
2014;4;47;Inversion Financiera;12.13;0.572128;0.572128;2239.23
2014;4;46;al Sector Privado;0.00;0.572128;0.572128;0.00
2014;4;45;al Sector Publico+Remesas al IPV;29.10;0.572128;0.572128;5371.94
2014;4;44;Transferencias para financiar Erogaciones de Capital;29.10;0.572128;0.572128;5371.94
2014;4;43;Trabajos Publicos;67.04;0.572128;0.572128;12375.76
2014;4;42;Bienes de Capital;9.58;0.572128;0.572128;1768.49
2014;4;41;VI. Erogaciones de Capital;117.85;0.572128;0.572128;21755.42
2014;4;40;Resto Otros Recursos de Capital;106.06;0.572128;0.572128;19578.95
2014;4;39;Fondo Residual;0.12;0.572128;0.572128;22.15
2014;4;38;Venta de Acciones;0.00;0.572128;0.572128;0.00
2014;4;37;Otros Recursos de Capital;106.18;0.572128;0.572128;19601.10
2014;4;36;Reembolsos de Prestamos;2.10;0.572128;0.572128;387.67
2014;4;35;Reembolsos de Obras Publicas;0.00;0.572128;0.572128;0.00
2014;4;34;V. Recursos de Capital;108.28;0.572128;0.572128;19988.77
2014;4;33;IV.Resultado Economico Neto de Remesas;81.77;0.572128;0.572128;15094.95
2014;4;32;Remesas EMT;0.00;0.572128;0.572128;0.00
2014;4;31;Remesas ATM;9.95;0.572128;0.572128;1836.80
2014;4;30;Resultado Economico con Remesas;91.72;0.572128;0.572128;16931.75
2014;4;29;Otras Erogaciones Corrientes;0.50;0.572128;0.572128;92.30
2014;4;28;Otras Transferencias;176.98;0.572128;0.572128;32670.97
2014;4;27;Municipios;375.81;0.572128;0.572128;69375.50
2014;4;26;Transferencias a Municipios y Otros;552.79;0.572128;0.572128;102046.47
2014;4;25;Intereses y Gastos de la Deuda;7.84;0.572128;0.572128;1447.28
2014;4;24;Otros Servicios;101.21;0.572128;0.572128;18683.63
2014;4;23;Bienes Corrientes;58.47;0.572128;0.572128;10793.71
2014;4;22;Locaciones de Servicio;14.43;0.572128;0.572128;2663.82
2014;4;21;Personal;1291.57;0.572128;0.572128;238427.18
2014;4;20;Erogaciones Corrientes;2026.81;0.572128;0.572128;374154.39
2014;4;19;Aportes no Reintegrables;103.04;0.572128;0.572128;19021.45
2014;4;18;Coparticipacion Vial;7.71;0.572128;0.572128;1423.29
2014;4;17;Ley 25.053 Fdo. Nac. de Incentivo Docente;15.12;0.572128;0.572128;2791.19
2014;4;16;Regimenes Especiales Nacionales s/Financ. Educativo;145.53;0.572128;0.572128;26865.22
2014;4;15;Coparticipacion Federal + Financ. Educativo;739.33;0.572128;0.572128;136482.24
2014;4;14;De Origen Nacional;1010.73;0.572128;0.572128;186583.38
2014;4;13;Otros no Tributarios;127.16;0.572128;0.572128;23474.07
2014;4;12;Remesas del Instituto de Juegos y Casino;2.59;0.572128;0.572128;478.12
2014;4;11;Tasas Retributivas de Servicios;47.95;0.572128;0.572128;8851.69
2014;4;10;Regalias;157.66;0.572128;0.572128;29104.45
2014;4;9;No Tributarios;335.36;0.572128;0.572128;61908.33
2014;4;8;Otros Tributarios;2.42;0.572128;0.572128;446.74
2014;4;7;Sellos y Tasas de Justicia;66.43;0.572128;0.572128;12263.15
2014;4;6;Inmobiliario;16.69;0.572128;0.572128;3081.02
2014;4;5;Automotor;159.21;0.572128;0.572128;29390.58
2014;4;4;Ingresos Brutos;527.69;0.572128;0.572128;97412.94
2014;4;3;Tributarios;772.44;0.572128;0.572128;142594.43
2014;4;2;De Origen Provincial;1107.80;0.572128;0.572128;204502.76
2014;4;1;Recursos Corrientes;2118.53;0.572128;0.572128;391086.14
2014;5;55;Resultado Operativo - Amortizacion de la D Consolidada;115.57;0.583243;0.583243;20927.95
2014;5;54;Amortizacion de la Deuda Consolidada;72.32;0.583243;0.583243;13096.04
2014;5;53;IX. Resultado Operativo (VIII-IX);187.89;0.583243;0.583243;34023.98
2014;5;52;VIII. Egresos Totales (II+V+VI+VII);2347.77;0.583243;0.583243;425144.95
2014;5;51;VII. Ingresos Totales (I+IV);2535.66;0.583243;0.583243;459168.93
2014;5;50;Otros;0.00;0.583243;0.583243;0.00
2014;5;49;Compra de Acciones, Titulos, Valores, Otros;26.24;0.583243;0.583243;4751.66
2014;5;48;Prestamos;5.85;0.583243;0.583243;1059.34
2014;5;47;Inversion Financiera;32.09;0.583243;0.583243;5811.00
2014;5;46;al Sector Privado;0.00;0.583243;0.583243;0.00
2014;5;45;al Sector Publico+Remesas al IPV;43.72;0.583243;0.583243;7917.02
2014;5;44;Transferencias para financiar Erogaciones de Capital;43.72;0.583243;0.583243;7917.02
2014;5;43;Trabajos Publicos;58.37;0.583243;0.583243;10569.91
2014;5;42;Bienes de Capital;3.98;0.583243;0.583243;720.72
2014;5;41;VI. Erogaciones de Capital;138.16;0.583243;0.583243;25018.65
2014;5;40;Resto Otros Recursos de Capital;73.89;0.583243;0.583243;13380.34
2014;5;39;Fondo Residual;3.77;0.583243;0.583243;682.69
2014;5;38;Venta de Acciones;0.00;0.583243;0.583243;0.00
2014;5;37;Otros Recursos de Capital;77.66;0.583243;0.583243;14063.03
2014;5;36;Reembolsos de Prestamos;-0.64;0.583243;0.583243;-115.89
2014;5;35;Reembolsos de Obras Publicas;0.00;0.583243;0.583243;0.00
2014;5;34;V. Recursos de Capital;77.02;0.583243;0.583243;13947.13
2014;5;33;IV.Resultado Economico Neto de Remesas;249.03;0.583243;0.583243;45095.49
2014;5;32;Remesas EMT;0.00;0.583243;0.583243;0.00
2014;5;31;Remesas ATM;13.66;0.583243;0.583243;2473.62
2014;5;30;Resultado Economico con Remesas;262.69;0.583243;0.583243;47569.11
2014;5;29;Otras Erogaciones Corrientes;0.50;0.583243;0.583243;90.54
2014;5;28;Otras Transferencias;205.55;0.583243;0.583243;37221.94
2014;5;27;Municipios;376.07;0.583243;0.583243;68100.48
2014;5;26;Transferencias a Municipios y Otros;581.62;0.583243;0.583243;105322.41
2014;5;25;Intereses y Gastos de la Deuda;50.32;0.583243;0.583243;9112.18
2014;5;24;Otros Servicios;177.99;0.583243;0.583243;32231.24
2014;5;23;Bienes Corrientes;74.07;0.583243;0.583243;13412.94
2014;5;22;Locaciones de Servicio;16.86;0.583243;0.583243;3053.09
2014;5;21;Personal;1294.59;0.583243;0.583243;234430.29
2014;5;20;Erogaciones Corrientes;2195.95;0.583243;0.583243;397652.69
2014;5;19;Aportes no Reintegrables;113.86;0.583243;0.583243;20618.29
2014;5;18;Coparticipacion Vial;10.15;0.583243;0.583243;1838.01
2014;5;17;Ley 25.053 Fdo. Nac. de Incentivo Docente;14.53;0.583243;0.583243;2631.16
2014;5;16;Regimenes Especiales Nacionales s/Financ. Educativo;204.88;0.583243;0.583243;37100.61
2014;5;15;Coparticipacion Federal + Financ. Educativo;980.30;0.583243;0.583243;177517.22
2014;5;14;De Origen Nacional;1323.72;0.583243;0.583243;239705.28
2014;5;13;Otros no Tributarios;117.05;0.583243;0.583243;21195.95
2014;5;12;Remesas del Instituto de Juegos y Casino;8.88;0.583243;0.583243;1608.03
2014;5;11;Tasas Retributivas de Servicios;46.03;0.583243;0.583243;8335.32
2014;5;10;Regalias;170.95;0.583243;0.583243;30956.41
2014;5;9;No Tributarios;342.91;0.583243;0.583243;62095.71
2014;5;8;Otros Tributarios;1.87;0.583243;0.583243;338.63
2014;5;7;Sellos y Tasas de Justicia;70.41;0.583243;0.583243;12750.17
2014;5;6;Inmobiliario;27.94;0.583243;0.583243;5059.50
2014;5;5;Automotor;24.64;0.583243;0.583243;4461.92
2014;5;4;Ingresos Brutos;667.15;0.583243;0.583243;120810.58
2014;5;3;Tributarios;792.01;0.583243;0.583243;143420.80
2014;5;2;De Origen Provincial;1134.92;0.583243;0.583243;205516.51
2014;5;1;Recursos Corrientes;2458.64;0.583243;0.583243;445221.80
2014;6;55;Resultado Operativo - Amortizacion de la D Consolidada;-651.35;0.592018;0.592018;-116201.17
2014;6;54;Amortizacion de la Deuda Consolidada;20.99;0.592018;0.592018;3744.63
2014;6;53;IX. Resultado Operativo (VIII-IX);-630.36;0.592018;0.592018;-112456.55
2014;6;52;VIII. Egresos Totales (II+V+VI+VII);2914.75;0.592018;0.592018;519992.90
2014;6;51;VII. Ingresos Totales (I+IV);2284.39;0.592018;0.592018;407536.35
2014;6;50;Otros;0.00;0.592018;0.592018;0.00
2014;6;49;Compra de Acciones, Titulos, Valores, Otros;10.00;0.592018;0.592018;1784.01
2014;6;48;Prestamos;5.81;0.592018;0.592018;1036.51
2014;6;47;Inversion Financiera;15.81;0.592018;0.592018;2820.51
2014;6;46;al Sector Privado;0.00;0.592018;0.592018;0.00
2014;6;45;al Sector Publico+Remesas al IPV;26.77;0.592018;0.592018;4775.78
2014;6;44;Transferencias para financiar Erogaciones de Capital;26.77;0.592018;0.592018;4775.78
2014;6;43;Trabajos Publicos;67.38;0.592018;0.592018;12020.63
2014;6;42;Bienes de Capital;15.20;0.592018;0.592018;2711.69
2014;6;41;VI. Erogaciones de Capital;125.16;0.592018;0.592018;22328.61
2014;6;40;Resto Otros Recursos de Capital;76.96;0.592018;0.592018;13729.70
2014;6;39;Fondo Residual;0.11;0.592018;0.592018;19.62
2014;6;38;Venta de Acciones;0.00;0.592018;0.592018;0.00
2014;6;37;Otros Recursos de Capital;77.07;0.592018;0.592018;13749.33
2014;6;36;Reembolsos de Prestamos;2.67;0.592018;0.592018;476.33
2014;6;35;Reembolsos de Obras Publicas;0.00;0.592018;0.592018;0.00
2014;6;34;V. Recursos de Capital;79.74;0.592018;0.592018;14225.66
2014;6;33;IV.Resultado Economico Neto de Remesas;-584.94;0.592018;0.592018;-104353.60
2014;6;32;Remesas EMT;0.00;0.592018;0.592018;0.00
2014;6;31;Remesas ATM;14.79;0.592018;0.592018;2638.54
2014;6;30;Resultado Economico con Remesas;-570.15;0.592018;0.592018;-101715.05
2014;6;29;Otras Erogaciones Corrientes;0.50;0.592018;0.592018;89.20
2014;6;28;Otras Transferencias;240.17;0.592018;0.592018;42846.45
2014;6;27;Municipios;350.45;0.592018;0.592018;62520.46
2014;6;26;Transferencias a Municipios y Otros;590.62;0.592018;0.592018;105366.91
2014;6;25;Intereses y Gastos de la Deuda;7.53;0.592018;0.592018;1343.36
2014;6;24;Otros Servicios;293.97;0.592018;0.592018;52444.40
2014;6;23;Bienes Corrientes;80.42;0.592018;0.592018;14346.97
2014;6;22;Locaciones de Servicio;18.17;0.592018;0.592018;3241.54
2014;6;21;Personal;1783.59;0.592018;0.592018;318193.37
2014;6;20;Erogaciones Corrientes;2774.80;0.592018;0.592018;495025.74
2014;6;19;Aportes no Reintegrables;91.19;0.592018;0.592018;16268.34
2014;6;18;Coparticipacion Vial;10.74;0.592018;0.592018;1916.02
2014;6;17;Ley 25.053 Fdo. Nac. de Incentivo Docente;13.90;0.592018;0.592018;2479.77
2014;6;16;Regimenes Especiales Nacionales s/Financ. Educativo;230.49;0.592018;0.592018;41119.53
2014;6;15;Coparticipacion Federal + Financ. Educativo;777.04;0.592018;0.592018;138624.33
2014;6;14;De Origen Nacional;1123.36;0.592018;0.592018;200408.00
2014;6;13;Otros no Tributarios;123.25;0.592018;0.592018;21987.86
2014;6;12;Remesas del Instituto de Juegos y Casino;5.67;0.592018;0.592018;1011.53
2014;6;11;Tasas Retributivas de Servicios;47.71;0.592018;0.592018;8511.49
2014;6;10;Regalias;205.00;0.592018;0.592018;36572.11
2014;6;9;No Tributarios;381.63;0.592018;0.592018;68082.99
2014;6;8;Otros Tributarios;1.74;0.592018;0.592018;310.42
2014;6;7;Sellos y Tasas de Justicia;69.45;0.592018;0.592018;12389.92
2014;6;6;Inmobiliario;19.25;0.592018;0.592018;3434.21
2014;6;5;Automotor;67.53;0.592018;0.592018;12047.39
2014;6;4;Ingresos Brutos;541.69;0.592018;0.592018;96637.77
2014;6;3;Tributarios;699.66;0.592018;0.592018;124819.70
2014;6;2;De Origen Provincial;1081.29;0.592018;0.592018;192902.69
2014;6;1;Recursos Corrientes;2204.65;0.592018;0.592018;393310.69
2014;7;55;Resultado Operativo - Amortizacion de la D Consolidada;-160.44;0.599842;0.599842;-28249.24
2014;7;54;Amortizacion de la Deuda Consolidada;91.00;0.599842;0.599842;16022.69
2014;7;53;IX. Resultado Operativo (VIII-IX);-69.44;0.599842;0.599842;-12226.55
2014;7;52;VIII. Egresos Totales (II+V+VI+VII);2727.22;0.599842;0.599842;480191.33
2014;7;51;VII. Ingresos Totales (I+IV);2657.78;0.599842;0.599842;467964.78
2014;7;50;Otros;0.00;0.599842;0.599842;0.00
2014;7;49;Compra de Acciones, Titulos, Valores, Otros;0.00;0.599842;0.599842;0.00
2014;7;48;Prestamos;5.73;0.599842;0.599842;1008.90
2014;7;47;Inversion Financiera;5.73;0.599842;0.599842;1008.90
2014;7;46;al Sector Privado;0.00;0.599842;0.599842;0.00
2014;7;45;al Sector Publico+Remesas al IPV;28.88;0.599842;0.599842;5085.00
2014;7;44;Transferencias para financiar Erogaciones de Capital;28.88;0.599842;0.599842;5085.00
2014;7;43;Trabajos Publicos;74.73;0.599842;0.599842;13157.98
2014;7;42;Bienes de Capital;15.74;0.599842;0.599842;2771.40
2014;7;41;VI. Erogaciones de Capital;125.08;0.599842;0.599842;22023.28
2014;7;40;Resto Otros Recursos de Capital;85.11;0.599842;0.599842;14985.62
2014;7;39;Fondo Residual;1.17;0.599842;0.599842;206.01
2014;7;38;Venta de Acciones;0.00;0.599842;0.599842;0.00
2014;7;37;Otros Recursos de Capital;86.28;0.599842;0.599842;15191.63
2014;7;36;Reembolsos de Prestamos;10.76;0.599842;0.599842;1894.55
2014;7;35;Reembolsos de Obras Publicas;0.00;0.599842;0.599842;0.00
2014;7;34;V. Recursos de Capital;97.04;0.599842;0.599842;17086.18
2014;7;33;IV.Resultado Economico Neto de Remesas;-41.40;0.599842;0.599842;-7289.45
2014;7;32;Remesas EMT;0.00;0.599842;0.599842;0.00
2014;7;31;Remesas ATM;50.17;0.599842;0.599842;8833.61
2014;7;30;Resultado Economico con Remesas;8.77;0.599842;0.599842;1544.17
2014;7;29;Otras Erogaciones Corrientes;0.50;0.599842;0.599842;88.04
2014;7;28;Otras Transferencias;242.61;0.599842;0.599842;42717.21
2014;7;27;Municipios;397.69;0.599842;0.599842;70022.69
2014;7;26;Transferencias a Municipios y Otros;640.30;0.599842;0.599842;112739.90
2014;7;25;Intereses y Gastos de la Deuda;44.81;0.599842;0.599842;7889.86
2014;7;24;Otros Servicios;275.36;0.599842;0.599842;48483.61
2014;7;23;Bienes Corrientes;71.15;0.599842;0.599842;12527.63
2014;7;22;Locaciones de Servicio;17.27;0.599842;0.599842;3040.79
2014;7;21;Personal;1502.58;0.599842;0.599842;264564.61
2014;7;20;Erogaciones Corrientes;2551.97;0.599842;0.599842;449334.44
2014;7;19;Aportes no Reintegrables;111.11;0.599842;0.599842;19563.53
2014;7;18;Coparticipacion Vial;11.19;0.599842;0.599842;1970.26
2014;7;17;Ley 25.053 Fdo. Nac. de Incentivo Docente;13.90;0.599842;0.599842;2447.42
2014;7;16;Regimenes Especiales Nacionales s/Financ. Educativo;235.49;0.599842;0.599842;41463.56
2014;7;15;Coparticipacion Federal + Financ. Educativo;960.62;0.599842;0.599842;169139.78
2014;7;14;De Origen Nacional;1332.31;0.599842;0.599842;234584.56
2014;7;13;Otros no Tributarios;87.89;0.599842;0.599842;15475.10
2014;7;12;Remesas del Instituto de Juegos y Casino;4.15;0.599842;0.599842;730.71
2014;7;11;Tasas Retributivas de Servicios;56.94;0.599842;0.599842;10025.63
2014;7;10;Regalias;173.69;0.599842;0.599842;30582.22
2014;7;9;No Tributarios;322.67;0.599842;0.599842;56813.65
2014;7;8;Otros Tributarios;0.73;0.599842;0.599842;128.53
2014;7;7;Sellos y Tasas de Justicia;70.98;0.599842;0.599842;12497.70
2014;7;6;Inmobiliario;36.38;0.599842;0.599842;6405.56
2014;7;5;Automotor;27.09;0.599842;0.599842;4769.83
2014;7;4;Ingresos Brutos;770.58;0.599842;0.599842;135678.76
2014;7;3;Tributarios;905.76;0.599842;0.599842;159480.39
2014;7;2;De Origen Provincial;1228.43;0.599842;0.599842;216294.04
2014;7;1;Recursos Corrientes;2560.74;0.599842;0.599842;450878.60
2014;8;55;Resultado Operativo - Amortizacion de la D Consolidada;-458.91;0.608266;0.608266;-79682.87
2014;8;54;Amortizacion de la Deuda Consolidada;150.44;0.608266;0.608266;26121.66
2014;8;53;IX. Resultado Operativo (VIII-IX);-308.47;0.608266;0.608266;-53561.21
2014;8;52;VIII. Egresos Totales (II+V+VI+VII);2477.12;0.608266;0.608266;430114.93
2014;8;51;VII. Ingresos Totales (I+IV);2168.65;0.608266;0.608266;376553.71
2014;8;50;Otros;0.00;0.608266;0.608266;0.00
2014;8;49;Compra de Acciones, Titulos, Valores, Otros;2.08;0.608266;0.608266;361.16
2014;8;48;Prestamos;5.54;0.608266;0.608266;961.94
2014;8;47;Inversion Financiera;7.62;0.608266;0.608266;1323.10
2014;8;46;al Sector Privado;0.00;0.608266;0.608266;0.00
2014;8;45;al Sector Publico+Remesas al IPV;34.05;0.608266;0.608266;5912.27
2014;8;44;Transferencias para financiar Erogaciones de Capital;34.05;0.608266;0.608266;5912.27
2014;8;43;Trabajos Publicos;58.17;0.608266;0.608266;10100.35
2014;8;42;Bienes de Capital;10.45;0.608266;0.608266;1814.49
2014;8;41;VI. Erogaciones de Capital;110.29;0.608266;0.608266;19150.21
2014;8;40;Resto Otros Recursos de Capital;47.19;0.608266;0.608266;8193.84
2014;8;39;Fondo Residual;0.53;0.608266;0.608266;92.03
2014;8;38;Venta de Acciones;0.00;0.608266;0.608266;0.00
2014;8;37;Otros Recursos de Capital;47.72;0.608266;0.608266;8285.87
2014;8;36;Reembolsos de Prestamos;2.24;0.608266;0.608266;388.94
2014;8;35;Reembolsos de Obras Publicas;0.00;0.608266;0.608266;0.00
2014;8;34;V. Recursos de Capital;49.96;0.608266;0.608266;8674.81
2014;8;33;IV.Resultado Economico Neto de Remesas;-248.14;0.608266;0.608266;-43085.81
2014;8;32;Remesas EMT;0.00;0.608266;0.608266;0.00
2014;8;31;Remesas ATM;11.50;0.608266;0.608266;1996.80
2014;8;30;Resultado Economico con Remesas;-236.64;0.608266;0.608266;-41089.01
2014;8;29;Otras Erogaciones Corrientes;0.50;0.608266;0.608266;86.82
2014;8;28;Otras Transferencias;254.49;0.608266;0.608266;44188.39
2014;8;27;Municipios;351.76;0.608266;0.608266;61077.88
2014;8;26;Transferencias a Municipios y Otros;606.25;0.608266;0.608266;105266.27
2014;8;25;Intereses y Gastos de la Deuda;55.21;0.608266;0.608266;9586.39
2014;8;24;Otros Servicios;207.81;0.608266;0.608266;36083.11
2014;8;23;Bienes Corrientes;65.99;0.608266;0.608266;11458.18
2014;8;22;Locaciones de Servicio;18.39;0.608266;0.608266;3193.15
2014;8;21;Personal;1401.18;0.608266;0.608266;243294.00
2014;8;20;Erogaciones Corrientes;2355.33;0.608266;0.608266;408967.91
2014;8;19;Aportes no Reintegrables;117.21;0.608266;0.608266;20351.77
2014;8;18;Coparticipacion Vial;10.75;0.608266;0.608266;1866.58
2014;8;17;Ley 25.053 Fdo. Nac. de Incentivo Docente;13.90;0.608266;0.608266;2413.53
2014;8;16;Regimenes Especiales Nacionales s/Financ. Educativo;166.14;0.608266;0.608266;28847.73
2014;8;15;Coparticipacion Federal + Financ. Educativo;845.33;0.608266;0.608266;146778.94
2014;8;14;De Origen Nacional;1153.33;0.608266;0.608266;200258.55
2014;8;13;Otros no Tributarios;111.06;0.608266;0.608266;19283.91
2014;8;12;Remesas del Instituto de Juegos y Casino;2.64;0.608266;0.608266;458.40
2014;8;11;Tasas Retributivas de Servicios;51.90;0.608266;0.608266;9011.66
2014;8;10;Regalias;190.06;0.608266;0.608266;33001.08
2014;8;9;No Tributarios;355.66;0.608266;0.608266;61755.05
2014;8;8;Otros Tributarios;3.34;0.608266;0.608266;579.94
2014;8;7;Sellos y Tasas de Justicia;84.48;0.608266;0.608266;14668.69
2014;8;6;Inmobiliario;13.76;0.608266;0.608266;2389.22
2014;8;5;Automotor;56.47;0.608266;0.608266;9805.17
2014;8;4;Ingresos Brutos;451.65;0.608266;0.608266;78422.28
2014;8;3;Tributarios;609.70;0.608266;0.608266;105865.31
2014;8;2;De Origen Provincial;965.36;0.608266;0.608266;167620.36
2014;8;1;Recursos Corrientes;2118.69;0.608266;0.608266;367878.91
2014;9;55;Resultado Operativo - Amortizacion de la D Consolidada;-485.70;0.616485;0.616485;-83210.21
2014;9;54;Amortizacion de la Deuda Consolidada;292.96;0.616485;0.616485;50189.96
2014;9;53;IX. Resultado Operativo (VIII-IX);-192.74;0.616485;0.616485;-33020.25
2014;9;52;VIII. Egresos Totales (II+V+VI+VII);2705.20;0.616485;0.616485;463455.32
2014;9;51;VII. Ingresos Totales (I+IV);2512.46;0.616485;0.616485;430435.07
2014;9;50;Otros;0.00;0.616485;0.616485;0.00
2014;9;49;Compra de Acciones, Titulos, Valores, Otros;43.80;0.616485;0.616485;7503.82
2014;9;48;Prestamos;5.38;0.616485;0.616485;921.70
2014;9;47;Inversion Financiera;49.18;0.616485;0.616485;8425.53
2014;9;46;al Sector Privado;0.00;0.616485;0.616485;0.00
2014;9;45;al Sector Publico+Remesas al IPV;40.55;0.616485;0.616485;6947.03
2014;9;44;Transferencias para financiar Erogaciones de Capital;40.55;0.616485;0.616485;6947.03
2014;9;43;Trabajos Publicos;138.35;0.616485;0.616485;23702.15
2014;9;42;Bienes de Capital;17.02;0.616485;0.616485;2915.87
2014;9;41;VI. Erogaciones de Capital;245.10;0.616485;0.616485;41990.57
2014;9;40;Resto Otros Recursos de Capital;41.00;0.616485;0.616485;7024.13
2014;9;39;Fondo Residual;0.18;0.616485;0.616485;30.84
2014;9;38;Venta de Acciones;0.00;0.616485;0.616485;0.00
2014;9;37;Otros Recursos de Capital;41.18;0.616485;0.616485;7054.96
2014;9;36;Reembolsos de Prestamos;-0.10;0.616485;0.616485;-17.13
2014;9;35;Reembolsos de Obras Publicas;0.00;0.616485;0.616485;0.00
2014;9;34;V. Recursos de Capital;41.08;0.616485;0.616485;7037.83
2014;9;33;IV.Resultado Economico Neto de Remesas;11.28;0.616485;0.616485;1932.49
2014;9;32;Remesas EMT;0.00;0.616485;0.616485;0.00
2014;9;31;Remesas ATM;11.67;0.616485;0.616485;1999.31
2014;9;30;Resultado Economico con Remesas;22.95;0.616485;0.616485;3931.80
2014;9;29;Otras Erogaciones Corrientes;0.50;0.616485;0.616485;85.66
2014;9;28;Otras Transferencias;239.08;0.616485;0.616485;40959.23
2014;9;27;Municipios;398.82;0.616485;0.616485;68325.91
2014;9;26;Transferencias a Municipios y Otros;637.90;0.616485;0.616485;109285.14
2014;9;25;Intereses y Gastos de la Deuda;166.82;0.616485;0.616485;28579.63
2014;9;24;Otros Servicios;225.19;0.616485;0.616485;38579.59
2014;9;23;Bienes Corrientes;87.18;0.616485;0.616485;14935.69
2014;9;22;Locaciones de Servicio;15.82;0.616485;0.616485;2710.29
2014;9;21;Personal;1315.02;0.616485;0.616485;225289.45
2014;9;20;Erogaciones Corrientes;2448.43;0.616485;0.616485;419465.44
2014;9;19;Aportes no Reintegrables;126.99;0.616485;0.616485;21755.95
2014;9;18;Coparticipacion Vial;12.59;0.616485;0.616485;2156.92
2014;9;17;Ley 25.053 Fdo. Nac. de Incentivo Docente;0.00;0.616485;0.616485;0.00
2014;9;16;Regimenes Especiales Nacionales s/Financ. Educativo;175.38;0.616485;0.616485;30046.13
2014;9;15;Coparticipacion Federal + Financ. Educativo;888.60;0.616485;0.616485;152235.10
2014;9;14;De Origen Nacional;1203.56;0.616485;0.616485;206194.10
2014;9;13;Otros no Tributarios;96.53;0.616485;0.616485;16537.54
2014;9;12;Remesas del Instituto de Juegos y Casino;6.38;0.616485;0.616485;1093.02
2014;9;11;Tasas Retributivas de Servicios;58.72;0.616485;0.616485;10059.92
2014;9;10;Regalias;155.89;0.616485;0.616485;26707.10
2014;9;9;No Tributarios;317.52;0.616485;0.616485;54397.58
2014;9;8;Otros Tributarios;1.92;0.616485;0.616485;328.93
2014;9;7;Sellos y Tasas de Justicia;85.65;0.616485;0.616485;14673.57
2014;9;6;Inmobiliario;33.57;0.616485;0.616485;5751.22
2014;9;5;Automotor;28.66;0.616485;0.616485;4910.04
2014;9;4;Ingresos Brutos;800.50;0.616485;0.616485;137141.80
2014;9;3;Tributarios;950.30;0.616485;0.616485;162805.56
2014;9;2;De Origen Provincial;1267.82;0.616485;0.616485;217203.14
2014;9;1;Recursos Corrientes;2471.38;0.616485;0.616485;423397.24
2014;10;55;Resultado Operativo - Amortizacion de la D Consolidada;34.34;0.624923;0.624923;5803.70
2014;10;54;Amortizacion de la Deuda Consolidada;106.88;0.624923;0.624923;18063.46
2014;10;53;IX. Resultado Operativo (VIII-IX);141.22;0.624923;0.624923;23867.16
2014;10;52;VIII. Egresos Totales (II+V+VI+VII);2634.62;0.624923;0.624923;445269.03
2014;10;51;VII. Ingresos Totales (I+IV);2775.84;0.624923;0.624923;469136.18
2014;10;50;Otros;0.00;0.624923;0.624923;0.00
2014;10;49;Compra de Acciones, Titulos, Valores, Otros;25.00;0.624923;0.624923;4225.17
2014;10;48;Prestamos;5.13;0.624923;0.624923;867.01
2014;10;47;Inversion Financiera;30.13;0.624923;0.624923;5092.18
2014;10;46;al Sector Privado;0.00;0.624923;0.624923;0.00
2014;10;45;al Sector Publico+Remesas al IPV;39.71;0.624923;0.624923;6711.27
2014;10;44;Transferencias para financiar Erogaciones de Capital;39.71;0.624923;0.624923;6711.27
2014;10;43;Trabajos Publicos;70.62;0.624923;0.624923;11935.27
2014;10;42;Bienes de Capital;7.98;0.624923;0.624923;1348.68
2014;10;41;VI. Erogaciones de Capital;148.44;0.624923;0.624923;25087.39
2014;10;40;Resto Otros Recursos de Capital;54.67;0.624923;0.624923;9239.61
2014;10;39;Fondo Residual;0.35;0.624923;0.624923;59.15
2014;10;38;Venta de Acciones;0.00;0.624923;0.624923;0.00
2014;10;37;Otros Recursos de Capital;55.02;0.624923;0.624923;9298.76
2014;10;36;Reembolsos de Prestamos;7.85;0.624923;0.624923;1326.70
2014;10;35;Reembolsos de Obras Publicas;0.00;0.624923;0.624923;0.00
2014;10;34;V. Recursos de Capital;62.87;0.624923;0.624923;10625.47
2014;10;33;IV.Resultado Economico Neto de Remesas;226.79;0.624923;0.624923;38329.08
2014;10;32;Remesas EMT;0.00;0.624923;0.624923;0.00
2014;10;31;Remesas ATM;34.26;0.624923;0.624923;5790.18
2014;10;30;Resultado Economico con Remesas;261.05;0.624923;0.624923;44119.26
2014;10;29;Otras Erogaciones Corrientes;0.50;0.624923;0.624923;84.50
2014;10;28;Otras Transferencias;244.82;0.624923;0.624923;41376.28
2014;10;27;Municipios;428.86;0.624923;0.624923;72480.31
2014;10;26;Transferencias a Municipios y Otros;673.68;0.624923;0.624923;113856.59
2014;10;25;Intereses y Gastos de la Deuda;66.76;0.624923;0.624923;11282.90
2014;10;24;Otros Servicios;252.81;0.624923;0.624923;42726.64
2014;10;23;Bienes Corrientes;93.48;0.624923;0.624923;15798.77
2014;10;22;Locaciones de Servicio;16.38;0.624923;0.624923;2768.33
2014;10;21;Personal;1348.31;0.624923;0.624923;227873.73
2014;10;20;Erogaciones Corrientes;2451.92;0.624923;0.624923;414391.46
2014;10;19;Aportes no Reintegrables;120.97;0.624923;0.624923;20444.77
2014;10;18;Coparticipacion Vial;13.88;0.624923;0.624923;2345.82
2014;10;17;Ley 25.053 Fdo. Nac. de Incentivo Docente;30.46;0.624923;0.624923;5147.95
2014;10;16;Regimenes Especiales Nacionales s/Financ. Educativo;227.99;0.624923;0.624923;38531.89
2014;10;15;Coparticipacion Federal + Financ. Educativo;922.28;0.624923;0.624923;155871.71
2014;10;14;De Origen Nacional;1315.58;0.624923;0.624923;222342.13
2014;10;13;Otros no Tributarios;115.32;0.624923;0.624923;19489.88
2014;10;12;Remesas del Instituto de Juegos y Casino;24.30;0.624923;0.624923;4106.87
2014;10;11;Tasas Retributivas de Servicios;58.94;0.624923;0.624923;9961.27
2014;10;10;Regalias;225.45;0.624923;0.624923;38102.61
2014;10;9;No Tributarios;424.01;0.624923;0.624923;71660.63
2014;10;8;Otros Tributarios;3.01;0.624923;0.624923;508.71
2014;10;7;Sellos y Tasas de Justicia;99.96;0.624923;0.624923;16893.93
2014;10;6;Inmobiliario;20.90;0.624923;0.624923;3532.24
2014;10;5;Automotor;67.31;0.624923;0.624923;11375.86
2014;10;4;Ingresos Brutos;782.20;0.624923;0.624923;132197.22
2014;10;3;Tributarios;973.38;0.624923;0.624923;164507.96
2014;10;2;De Origen Provincial;1397.39;0.624923;0.624923;236168.59
2014;10;1;Recursos Corrientes;2712.97;0.624923;0.624923;458510.72
2014;11;55;Resultado Operativo - Amortizacion de la D Consolidada;-200.29;0.632835;0.632835;-33427.18
2014;11;54;Amortizacion de la Deuda Consolidada;107.16;0.632835;0.632835;17884.35
2014;11;53;IX. Resultado Operativo (VIII-IX);-93.13;0.632835;0.632835;-15542.83
2014;11;52;VIII. Egresos Totales (II+V+VI+VII);2463.94;0.632835;0.632835;411216.61
2014;11;51;VII. Ingresos Totales (I+IV);2370.81;0.632835;0.632835;395673.78
2014;11;50;Otros;0.00;0.632835;0.632835;0.00
2014;11;49;Compra de Acciones, Titulos, Valores, Otros;12.40;0.632835;0.632835;2069.48
2014;11;48;Prestamos;5.06;0.632835;0.632835;844.48
2014;11;47;Inversion Financiera;17.46;0.632835;0.632835;2913.97
2014;11;46;al Sector Privado;0.00;0.632835;0.632835;0.00
2014;11;45;al Sector Publico+Remesas al IPV;31.43;0.632835;0.632835;5245.48
2014;11;44;Transferencias para financiar Erogaciones de Capital;31.43;0.632835;0.632835;5245.48
2014;11;43;Trabajos Publicos;116.66;0.632835;0.632835;19469.84
2014;11;42;Bienes de Capital;11.12;0.632835;0.632835;1855.86
2014;11;41;VI. Erogaciones de Capital;176.67;0.632835;0.632835;29485.15
2014;11;40;Resto Otros Recursos de Capital;34.94;0.632835;0.632835;5831.27
2014;11;39;Fondo Residual;0.33;0.632835;0.632835;55.07
2014;11;38;Venta de Acciones;0.00;0.632835;0.632835;0.00
2014;11;37;Otros Recursos de Capital;35.27;0.632835;0.632835;5886.35
2014;11;36;Reembolsos de Prestamos;24.87;0.632835;0.632835;4150.65
2014;11;35;Reembolsos de Obras Publicas;0.00;0.632835;0.632835;0.00
2014;11;34;V. Recursos de Capital;60.14;0.632835;0.632835;10037.00
2014;11;33;IV.Resultado Economico Neto de Remesas;23.40;0.632835;0.632835;3905.32
2014;11;32;Remesas EMT;0.00;0.632835;0.632835;0.00
2014;11;31;Remesas ATM;11.93;0.632835;0.632835;1991.04
2014;11;30;Resultado Economico con Remesas;35.33;0.632835;0.632835;5896.36
2014;11;29;Otras Erogaciones Corrientes;0.50;0.632835;0.632835;83.45
2014;11;28;Otras Transferencias;252.89;0.632835;0.632835;42205.80
2014;11;27;Municipios;378.05;0.632835;0.632835;63094.25
2014;11;26;Transferencias a Municipios y Otros;630.94;0.632835;0.632835;105300.05
2014;11;25;Intereses y Gastos de la Deuda;16.25;0.632835;0.632835;2712.03
2014;11;24;Otros Servicios;178.53;0.632835;0.632835;29795.57
2014;11;23;Bienes Corrientes;88.43;0.632835;0.632835;14758.43
2014;11;22;Locaciones de Servicio;15.01;0.632835;0.632835;2505.08
2014;11;21;Personal;1345.68;0.632835;0.632835;224585.81
2014;11;20;Erogaciones Corrientes;2275.34;0.632835;0.632835;379740.42
2014;11;19;Aportes no Reintegrables;81.53;0.632835;0.632835;13606.86
2014;11;18;Coparticipacion Vial;5.18;0.632835;0.632835;864.51
2014;11;17;Ley 25.053 Fdo. Nac. de Incentivo Docente;0.00;0.632835;0.632835;0.00
2014;11;16;Regimenes Especiales Nacionales s/Financ. Educativo;148.94;0.632835;0.632835;24857.18
2014;11;15;Coparticipacion Federal + Financ. Educativo;830.00;0.632835;0.632835;138521.96
2014;11;14;De Origen Nacional;1065.65;0.632835;0.632835;177850.51
2014;11;13;Otros no Tributarios;83.22;0.632835;0.632835;13888.91
2014;11;12;Remesas del Instituto de Juegos y Casino;7.21;0.632835;0.632835;1203.31
2014;11;11;Tasas Retributivas de Servicios;54.74;0.632835;0.632835;9135.77
2014;11;10;Regalias;187.22;0.632835;0.632835;31245.88
2014;11;9;No Tributarios;332.39;0.632835;0.632835;55473.87
2014;11;8;Otros Tributarios;0.22;0.632835;0.632835;36.72
2014;11;7;Sellos y Tasas de Justicia;94.91;0.632835;0.632835;15839.90
2014;11;6;Inmobiliario;32.21;0.632835;0.632835;5375.65
2014;11;5;Automotor;29.85;0.632835;0.632835;4981.78
2014;11;4;Ingresos Brutos;755.44;0.632835;0.632835;126078.34
2014;11;3;Tributarios;912.63;0.632835;0.632835;152312.40
2014;11;2;De Origen Provincial;1245.02;0.632835;0.632835;207786.27
2014;11;1;Recursos Corrientes;2310.67;0.632835;0.632835;385636.78
2014;12;55;Resultado Operativo - Amortizacion de la D Consolidada;-1429.95;0.640104;0.640104;-235939.86
2014;12;54;Amortizacion de la Deuda Consolidada;491.87;0.640104;0.640104;81157.90
2014;12;53;IX. Resultado Operativo (VIII-IX);-938.08;0.640104;0.640104;-154781.96
2014;12;52;VIII. Egresos Totales (II+V+VI+VII);4510.80;0.640104;0.640104;744276.05
2014;12;51;VII. Ingresos Totales (I+IV);3572.72;0.640104;0.640104;589494.08
2014;12;50;Otros;0.00;0.640104;0.640104;0.00
2014;12;49;Compra de Acciones, Titulos, Valores, Otros;39.40;0.640104;0.640104;6500.95
2014;12;48;Prestamos;5.10;0.640104;0.640104;841.49
2014;12;47;Inversion Financiera;44.50;0.640104;0.640104;7342.44
2014;12;46;al Sector Privado;0.00;0.640104;0.640104;0.00
2014;12;45;al Sector Publico+Remesas al IPV;101.66;0.640104;0.640104;16773.77
2014;12;44;Transferencias para financiar Erogaciones de Capital;101.66;0.640104;0.640104;16773.77
2014;12;43;Trabajos Publicos;223.85;0.640104;0.640104;36934.95
2014;12;42;Bienes de Capital;39.65;0.640104;0.640104;6542.20
2014;12;41;VI. Erogaciones de Capital;409.66;0.640104;0.640104;67593.36
2014;12;40;Resto Otros Recursos de Capital;12.51;0.640104;0.640104;2064.13
2014;12;39;Fondo Residual;1.21;0.640104;0.640104;199.65
2014;12;38;Venta de Acciones;0.00;0.640104;0.640104;0.00
2014;12;37;Otros Recursos de Capital;13.72;0.640104;0.640104;2263.78
2014;12;36;Reembolsos de Prestamos;66.54;0.640104;0.640104;10979.01
2014;12;35;Reembolsos de Obras Publicas;0.00;0.640104;0.640104;0.00
2014;12;34;V. Recursos de Capital;80.26;0.640104;0.640104;13242.79
2014;12;33;IV.Resultado Economico Neto de Remesas;-608.68;0.640104;0.640104;-100431.40
2014;12;32;Remesas EMT;0.00;0.640104;0.640104;0.00
2014;12;31;Remesas ATM;172.37;0.640104;0.640104;28440.82
2014;12;30;Resultado Economico con Remesas;-436.31;0.640104;0.640104;-71990.57
2014;12;29;Otras Erogaciones Corrientes;0.50;0.640104;0.640104;82.50
2014;12;28;Otras Transferencias;415.63;0.640104;0.640104;68578.40
2014;12;27;Municipios;474.97;0.640104;0.640104;78369.42
2014;12;26;Transferencias a Municipios y Otros;890.60;0.640104;0.640104;146947.82
2014;12;25;Intereses y Gastos de la Deuda;255.67;0.640104;0.640104;42185.21
2014;12;24;Otros Servicios;561.02;0.640104;0.640104;92567.56
2014;12;23;Bienes Corrientes;192.93;0.640104;0.640104;31833.20
2014;12;22;Locaciones de Servicio;24.55;0.640104;0.640104;4050.72
2014;12;21;Personal;2003.50;0.640104;0.640104;330574.86
2014;12;20;Erogaciones Corrientes;3928.77;0.640104;0.640104;648241.86
2014;12;19;Aportes no Reintegrables;580.58;0.640104;0.640104;95794.93
2014;12;18;Coparticipacion Vial;29.28;0.640104;0.640104;4831.16
2014;12;17;Ley 25.053 Fdo. Nac. de Incentivo Docente;30.46;0.640104;0.640104;5025.86
2014;12;16;Regimenes Especiales Nacionales s/Financ. Educativo;261.31;0.640104;0.640104;43115.81
2014;12;15;Coparticipacion Federal + Financ. Educativo;1003.82;0.640104;0.640104;165628.97
2014;12;14;De Origen Nacional;1905.45;0.640104;0.640104;314396.73
2014;12;13;Otros no Tributarios;244.78;0.640104;0.640104;40388.38
2014;12;12;Remesas del Instituto de Juegos y Casino;7.48;0.640104;0.640104;1234.19
2014;12;11;Tasas Retributivas de Servicios;59.49;0.640104;0.640104;9815.77
2014;12;10;Regalias;224.06;0.640104;0.640104;36969.60
2014;12;9;No Tributarios;535.81;0.640104;0.640104;88407.94
2014;12;8;Otros Tributarios;5.33;0.640104;0.640104;879.44
2014;12;7;Sellos y Tasas de Justicia;102.73;0.640104;0.640104;16950.31
2014;12;6;Inmobiliario;22.95;0.640104;0.640104;3786.72
2014;12;5;Automotor;43.23;0.640104;0.640104;7132.89
2014;12;4;Ingresos Brutos;876.96;0.640104;0.640104;144697.24
2014;12;3;Tributarios;1051.20;0.640104;0.640104;173446.61
2014;12;2;De Origen Provincial;1587.01;0.640104;0.640104;261854.55
2014;12;1;Recursos Corrientes;3492.46;0.640104;0.640104;576251.29
2015;1;55;Resultado Operativo - Amortizacion de la D Consolidada;306.40;0.646641;0.646641;50044.52
2015;1;54;Amortizacion de la Deuda Consolidada;4.16;0.646641;0.646641;679.46
2015;1;53;IX. Resultado Operativo (VIII-IX);310.56;0.646641;0.646641;50723.98
2015;1;52;VIII. Egresos Totales (II+V+VI+VII);2006.03;0.646641;0.646641;327646.25
2015;1;51;VII. Ingresos Totales (I+IV);2316.59;0.646641;0.646641;378370.22
2015;1;50;Otros;0.00;0.646641;0.646641;0.00
2015;1;49;Compra de Acciones, Titulos, Valores, Otros;0.00;0.646641;0.646641;0.00
2015;1;48;Prestamos;4.93;0.646641;0.646641;805.22
2015;1;47;Inversion Financiera;4.93;0.646641;0.646641;805.22
2015;1;46;al Sector Privado;0.00;0.646641;0.646641;0.00
2015;1;45;al Sector Publico+Remesas al IPV;9.30;0.646641;0.646641;1518.98
2015;1;44;Transferencias para financiar Erogaciones de Capital;9.30;0.646641;0.646641;1518.98
2015;1;43;Trabajos Publicos;35.27;0.646641;0.646641;5760.67
2015;1;42;Bienes de Capital;0.07;0.646641;0.646641;11.43
2015;1;41;VI. Erogaciones de Capital;49.57;0.646641;0.646641;8096.30
2015;1;40;Resto Otros Recursos de Capital;18.15;0.646641;0.646641;2964.45
2015;1;39;Fondo Residual;0.00;0.646641;0.646641;0.00
2015;1;38;Venta de Acciones;0.00;0.646641;0.646641;0.00
2015;1;37;Otros Recursos de Capital;18.15;0.646641;0.646641;2964.45
2015;1;36;Reembolsos de Prestamos;0.50;0.646641;0.646641;81.67
2015;1;35;Reembolsos de Obras Publicas;0.00;0.646641;0.646641;0.00
2015;1;34;V. Recursos de Capital;18.65;0.646641;0.646641;3046.12
2015;1;33;IV.Resultado Economico Neto de Remesas;341.48;0.646641;0.646641;55774.16
2015;1;32;Remesas EMT;0.00;0.646641;0.646641;0.00
2015;1;31;Remesas ATM;12.69;0.646641;0.646641;2072.67
2015;1;30;Resultado Economico con Remesas;354.17;0.646641;0.646641;57846.83
2015;1;29;Otras Erogaciones Corrientes;0.50;0.646641;0.646641;81.67
2015;1;28;Otras Transferencias;207.98;0.646641;0.646641;33969.52
2015;1;27;Municipios;349.63;0.646641;0.646641;57105.31
2015;1;26;Transferencias a Municipios y Otros;557.61;0.646641;0.646641;91074.82
2015;1;25;Intereses y Gastos de la Deuda;1.67;0.646641;0.646641;272.76
2015;1;24;Otros Servicios;34.79;0.646641;0.646641;5682.27
2015;1;23;Bienes Corrientes;11.99;0.646641;0.646641;1958.33
2015;1;22;Locaciones de Servicio;11.20;0.646641;0.646641;1829.30
2015;1;21;Personal;1326.01;0.646641;0.646641;216578.12
2015;1;20;Erogaciones Corrientes;1943.77;0.646641;0.646641;317477.28
2015;1;19;Aportes no Reintegrables;123.12;0.646641;0.646641;20109.27
2015;1;18;Coparticipacion Vial;1.46;0.646641;0.646641;238.46
2015;1;17;Ley 25.053 Fdo. Nac. de Incentivo Docente;0.00;0.646641;0.646641;0.00
2015;1;16;Regimenes Especiales Nacionales s/Financ. Educativo;127.96;0.646641;0.646641;20899.79
2015;1;15;Coparticipacion Federal + Financ. Educativo;967.44;0.646641;0.646641;158012.63
2015;1;14;De Origen Nacional;1219.98;0.646641;0.646641;199260.16
2015;1;13;Otros no Tributarios;57.80;0.646641;0.646641;9440.51
2015;1;12;Remesas del Instituto de Juegos y Casino;0.00;0.646641;0.646641;0.00
2015;1;11;Tasas Retributivas de Servicios;39.67;0.646641;0.646641;6479.33
2015;1;10;Regalias;193.54;0.646641;0.646641;31611.02
2015;1;9;No Tributarios;291.01;0.646641;0.646641;47530.86
2015;1;8;Otros Tributarios;0.14;0.646641;0.646641;22.87
2015;1;7;Sellos y Tasas de Justicia;85.40;0.646641;0.646641;13948.44
2015;1;6;Inmobiliario;10.01;0.646641;0.646641;1634.94
2015;1;5;Automotor;19.58;0.646641;0.646641;3198.01
2015;1;4;Ingresos Brutos;671.82;0.646641;0.646641;109728.82
2015;1;3;Tributarios;786.95;0.646641;0.646641;128533.08
2015;1;2;De Origen Provincial;1077.96;0.646641;0.646641;176063.94
2015;1;1;Recursos Corrientes;2297.94;0.646641;0.646641;375324.11
2015;2;55;Resultado Operativo - Amortizacion de la D Consolidada;17.08;0.653763;0.653763;2759.30
2015;2;54;Amortizacion de la Deuda Consolidada;93.50;0.653763;0.653763;15105.05
2015;2;53;IX. Resultado Operativo (VIII-IX);110.58;0.653763;0.653763;17864.35
2015;2;52;VIII. Egresos Totales (II+V+VI+VII);2347.09;0.653763;0.653763;379175.63
2015;2;51;VII. Ingresos Totales (I+IV);2457.67;0.653763;0.653763;397039.98
2015;2;50;Otros;0.00;0.653763;0.653763;0.00
2015;2;49;Compra de Acciones, Titulos, Valores, Otros;4.80;0.653763;0.653763;775.45
2015;2;48;Prestamos;4.71;0.653763;0.653763;760.91
2015;2;47;Inversion Financiera;9.51;0.653763;0.653763;1536.35
2015;2;46;al Sector Privado;0.00;0.653763;0.653763;0.00
2015;2;45;al Sector Publico+Remesas al IPV;15.98;0.653763;0.653763;2581.59
2015;2;44;Transferencias para financiar Erogaciones de Capital;15.98;0.653763;0.653763;2581.59
2015;2;43;Trabajos Publicos;97.84;0.653763;0.653763;15806.19
2015;2;42;Bienes de Capital;6.08;0.653763;0.653763;982.23
2015;2;41;VI. Erogaciones de Capital;129.41;0.653763;0.653763;20906.36
2015;2;40;Resto Otros Recursos de Capital;16.97;0.653763;0.653763;2741.53
2015;2;39;Fondo Residual;0.25;0.653763;0.653763;40.39
2015;2;38;Venta de Acciones;0.00;0.653763;0.653763;0.00
2015;2;37;Otros Recursos de Capital;17.22;0.653763;0.653763;2781.91
2015;2;36;Reembolsos de Prestamos;3.12;0.653763;0.653763;504.04
2015;2;35;Reembolsos de Obras Publicas;0.00;0.653763;0.653763;0.00
2015;2;34;V. Recursos de Capital;20.34;0.653763;0.653763;3285.96
2015;2;33;IV.Resultado Economico Neto de Remesas;219.65;0.653763;0.653763;35484.76
2015;2;32;Remesas EMT;0.00;0.653763;0.653763;0.00
2015;2;31;Remesas ATM;12.79;0.653763;0.653763;2066.24
2015;2;30;Resultado Economico con Remesas;232.44;0.653763;0.653763;37551.00
2015;2;29;Otras Erogaciones Corrientes;0.50;0.653763;0.653763;80.78
2015;2;28;Otras Transferencias;202.59;0.653763;0.653763;32728.69
2015;2;27;Municipios;371.95;0.653763;0.653763;60089.04
2015;2;26;Transferencias a Municipios y Otros;574.54;0.653763;0.653763;92817.73
2015;2;25;Intereses y Gastos de la Deuda;23.34;0.653763;0.653763;3770.61
2015;2;24;Otros Servicios;79.83;0.653763;0.653763;12896.65
2015;2;23;Bienes Corrientes;46.48;0.653763;0.653763;7508.91
2015;2;22;Locaciones de Servicio;16.13;0.653763;0.653763;2605.82
2015;2;21;Personal;1464.07;0.653763;0.653763;236522.53
2015;2;20;Erogaciones Corrientes;2204.89;0.653763;0.653763;356203.02
2015;2;19;Aportes no Reintegrables;120.33;0.653763;0.653763;19439.48
2015;2;18;Coparticipacion Vial;22.61;0.653763;0.653763;3652.68
2015;2;17;Ley 25.053 Fdo. Nac. de Incentivo Docente;15.03;0.653763;0.653763;2428.12
2015;2;16;Regimenes Especiales Nacionales s/Financ. Educativo;178.01;0.653763;0.653763;28757.76
2015;2;15;Coparticipacion Federal + Financ. Educativo;900.30;0.653763;0.653763;145444.71
2015;2;14;De Origen Nacional;1236.28;0.653763;0.653763;199722.74
2015;2;13;Otros no Tributarios;100.11;0.653763;0.653763;16172.91
2015;2;12;Remesas del Instituto de Juegos y Casino;21.00;0.653763;0.653763;3392.58
2015;2;11;Tasas Retributivas de Servicios;65.46;0.653763;0.653763;10575.15
2015;2;10;Regalias;205.48;0.653763;0.653763;33195.58
2015;2;9;No Tributarios;392.05;0.653763;0.653763;63336.22
2015;2;8;Otros Tributarios;2.32;0.653763;0.653763;374.80
2015;2;7;Sellos y Tasas de Justicia;85.24;0.653763;0.653763;13770.64
2015;2;6;Inmobiliario;25.96;0.653763;0.653763;4193.87
2015;2;5;Automotor;22.24;0.653763;0.653763;3592.90
2015;2;4;Ingresos Brutos;673.24;0.653763;0.653763;108762.85
2015;2;3;Tributarios;809.00;0.653763;0.653763;130695.07
2015;2;2;De Origen Provincial;1201.05;0.653763;0.653763;194031.29
2015;2;1;Recursos Corrientes;2437.33;0.653763;0.653763;393754.03
2015;3;55;Resultado Operativo - Amortizacion de la D Consolidada;-226.23;0.660110;0.660110;-36196.36
2015;3;54;Amortizacion de la Deuda Consolidada;585.49;0.660110;0.660110;93677.26
2015;3;53;IX. Resultado Operativo (VIII-IX);359.26;0.660110;0.660110;57480.90
2015;3;52;VIII. Egresos Totales (II+V+VI+VII);2662.91;0.660110;0.660110;426060.42
2015;3;51;VII. Ingresos Totales (I+IV);3022.17;0.660110;0.660110;483541.32
2015;3;50;Otros;0.00;0.660110;0.660110;0.00
2015;3;49;Compra de Acciones, Titulos, Valores, Otros;0.60;0.660110;0.660110;96.00
2015;3;48;Prestamos;4.42;0.660110;0.660110;707.19
2015;3;47;Inversion Financiera;5.02;0.660110;0.660110;803.19
2015;3;46;al Sector Privado;0.00;0.660110;0.660110;0.00
2015;3;45;al Sector Publico+Remesas al IPV;66.63;0.660110;0.660110;10660.67
2015;3;44;Transferencias para financiar Erogaciones de Capital;66.63;0.660110;0.660110;10660.67
2015;3;43;Trabajos Publicos;139.66;0.660110;0.660110;22345.33
2015;3;42;Bienes de Capital;12.03;0.660110;0.660110;1924.78
2015;3;41;VI. Erogaciones de Capital;223.34;0.660110;0.660110;35733.97
2015;3;40;Resto Otros Recursos de Capital;27.22;0.660110;0.660110;4355.15
2015;3;39;Fondo Residual;0.53;0.660110;0.660110;84.80
2015;3;38;Venta de Acciones;0.00;0.660110;0.660110;0.00
2015;3;37;Otros Recursos de Capital;27.75;0.660110;0.660110;4439.95
2015;3;36;Reembolsos de Prestamos;0.72;0.660110;0.660110;115.20
2015;3;35;Reembolsos de Obras Publicas;0.00;0.660110;0.660110;0.00
2015;3;34;V. Recursos de Capital;28.47;0.660110;0.660110;4555.14
2015;3;33;IV.Resultado Economico Neto de Remesas;554.13;0.660110;0.660110;88659.72
2015;3;32;Remesas EMT;0.00;0.660110;0.660110;0.00
2015;3;31;Remesas ATM;12.53;0.660110;0.660110;2004.78
2015;3;30;Resultado Economico con Remesas;566.66;0.660110;0.660110;90664.50
2015;3;29;Otras Erogaciones Corrientes;0.50;0.660110;0.660110;80.00
2015;3;28;Otras Transferencias;238.98;0.660110;0.660110;38236.33
2015;3;27;Municipios;413.22;0.660110;0.660110;66114.40
2015;3;26;Transferencias a Municipios y Otros;652.20;0.660110;0.660110;104350.73
2015;3;25;Intereses y Gastos de la Deuda;67.62;0.660110;0.660110;10819.07
2015;3;24;Otros Servicios;173.69;0.660110;0.660110;27790.06
2015;3;23;Bienes Corrientes;64.41;0.660110;0.660110;10305.47
2015;3;22;Locaciones de Servicio;16.02;0.660110;0.660110;2563.17
2015;3;21;Personal;1452.60;0.660110;0.660110;232413.17
2015;3;20;Erogaciones Corrientes;2427.04;0.660110;0.660110;388321.68
2015;3;19;Aportes no Reintegrables;492.57;0.660110;0.660110;78810.24
2015;3;18;Coparticipacion Vial;3.77;0.660110;0.660110;603.19
2015;3;17;Ley 25.053 Fdo. Nac. de Incentivo Docente;15.03;0.660110;0.660110;2404.77
2015;3;16;Regimenes Especiales Nacionales s/Financ. Educativo;194.60;0.660110;0.660110;31135.62
2015;3;15;Coparticipacion Federal + Financ. Educativo;893.63;0.660110;0.660110;142979.06
2015;3;14;De Origen Nacional;1599.60;0.660110;0.660110;255932.89
2015;3;13;Otros no Tributarios;81.62;0.660110;0.660110;13059.04
2015;3;12;Remesas del Instituto de Juegos y Casino;3.00;0.660110;0.660110;479.99
2015;3;11;Tasas Retributivas de Servicios;66.84;0.660110;0.660110;10694.27
2015;3;10;Regalias;168.10;0.660110;0.660110;26895.67
2015;3;9;No Tributarios;319.56;0.660110;0.660110;51128.98
2015;3;8;Otros Tributarios;2.47;0.660110;0.660110;395.20
2015;3;7;Sellos y Tasas de Justicia;84.15;0.660110;0.660110;13463.84
2015;3;6;Inmobiliario;186.16;0.660110;0.660110;29785.24
2015;3;5;Automotor;88.21;0.660110;0.660110;14113.43
2015;3;4;Ingresos Brutos;713.55;0.660110;0.660110;114166.61
2015;3;3;Tributarios;1074.54;0.660110;0.660110;171924.31
2015;3;2;De Origen Provincial;1394.10;0.660110;0.660110;223053.29
2015;3;1;Recursos Corrientes;2993.70;0.660110;0.660110;478986.17
2015;4;55;Resultado Operativo - Amortizacion de la D Consolidada;-334.94;0.668329;0.668329;-52930.71
2015;4;54;Amortizacion de la Deuda Consolidada;176.86;0.668329;0.668329;27949.26
2015;4;53;IX. Resultado Operativo (VIII-IX);-158.08;0.668329;0.668329;-24981.45
2015;4;52;VIII. Egresos Totales (II+V+VI+VII);3032.56;0.668329;0.668329;479236.74
2015;4;51;VII. Ingresos Totales (I+IV);2874.48;0.668329;0.668329;454255.29
2015;4;50;Otros;0.00;0.668329;0.668329;0.00
2015;4;49;Compra de Acciones, Titulos, Valores, Otros;0.00;0.668329;0.668329;0.00
2015;4;48;Prestamos;4.43;0.668329;0.668329;700.07
2015;4;47;Inversion Financiera;4.43;0.668329;0.668329;700.07
2015;4;46;al Sector Privado;0.00;0.668329;0.668329;0.00
2015;4;45;al Sector Publico+Remesas al IPV;32.90;0.668329;0.668329;5199.20
2015;4;44;Transferencias para financiar Erogaciones de Capital;32.90;0.668329;0.668329;5199.20
2015;4;43;Trabajos Publicos;106.41;0.668329;0.668329;16816.02
2015;4;42;Bienes de Capital;17.69;0.668329;0.668329;2795.56
2015;4;41;VI. Erogaciones de Capital;161.43;0.668329;0.668329;25510.85
2015;4;40;Resto Otros Recursos de Capital;76.19;0.668329;0.668329;12040.34
2015;4;39;Fondo Residual;0.23;0.668329;0.668329;36.35
2015;4;38;Venta de Acciones;0.00;0.668329;0.668329;0.00
2015;4;37;Otros Recursos de Capital;76.42;0.668329;0.668329;12076.68
2015;4;36;Reembolsos de Prestamos;5.03;0.668329;0.668329;794.89
2015;4;35;Reembolsos de Obras Publicas;0.00;0.668329;0.668329;0.00
2015;4;34;V. Recursos de Capital;81.45;0.668329;0.668329;12871.58
2015;4;33;IV.Resultado Economico Neto de Remesas;-78.10;0.668329;0.668329;-12342.18
2015;4;32;Remesas EMT;0.00;0.668329;0.668329;0.00
2015;4;31;Remesas ATM;12.68;0.668329;0.668329;2003.83
2015;4;30;Resultado Economico con Remesas;-65.42;0.668329;0.668329;-10338.35
2015;4;29;Otras Erogaciones Corrientes;0.50;0.668329;0.668329;79.02
2015;4;28;Otras Transferencias;221.77;0.668329;0.668329;35046.41
2015;4;27;Municipios;554.81;0.668329;0.668329;87676.86
2015;4;26;Transferencias a Municipios y Otros;776.58;0.668329;0.668329;122723.27
2015;4;25;Intereses y Gastos de la Deuda;76.79;0.668329;0.668329;12135.16
2015;4;24;Otros Servicios;191.43;0.668329;0.668329;30251.76
2015;4;23;Bienes Corrientes;91.88;0.668329;0.668329;14519.84
2015;4;22;Locaciones de Servicio;14.75;0.668329;0.668329;2330.95
2015;4;21;Personal;1706.52;0.668329;0.668329;269682.08
2015;4;20;Erogaciones Corrientes;2858.45;0.668329;0.668329;451722.06
2015;4;19;Aportes no Reintegrables;117.93;0.668329;0.668329;18636.53
2015;4;18;Coparticipacion Vial;21.05;0.668329;0.668329;3326.54
2015;4;17;Ley 25.053 Fdo. Nac. de Incentivo Docente;15.38;0.668329;0.668329;2430.51
2015;4;16;Regimenes Especiales Nacionales s/Financ. Educativo;181.79;0.668329;0.668329;28728.35
2015;4;15;Coparticipacion Federal + Financ. Educativo;993.47;0.668329;0.668329;156998.48
2015;4;14;De Origen Nacional;1329.62;0.668329;0.668329;210120.41
2015;4;13;Otros no Tributarios;69.45;0.668329;0.668329;10975.21
2015;4;12;Remesas del Instituto de Juegos y Casino;6.97;0.668329;0.668329;1101.47
2015;4;11;Tasas Retributivas de Servicios;73.20;0.668329;0.668329;11567.83
2015;4;10;Regalias;209.69;0.668329;0.668329;33137.40
2015;4;9;No Tributarios;359.31;0.668329;0.668329;56781.91
2015;4;8;Otros Tributarios;1.30;0.668329;0.668329;205.44
2015;4;7;Sellos y Tasas de Justicia;96.75;0.668329;0.668329;15289.44
2015;4;6;Inmobiliario;24.72;0.668329;0.668329;3906.51
2015;4;5;Automotor;187.23;0.668329;0.668329;29588.04
2015;4;4;Ingresos Brutos;794.10;0.668329;0.668329;125491.96
2015;4;3;Tributarios;1104.10;0.668329;0.668329;174481.39
2015;4;2;De Origen Provincial;1463.41;0.668329;0.668329;231263.30
2015;4;1;Recursos Corrientes;2793.03;0.668329;0.668329;441383.71
2015;5;55;Resultado Operativo - Amortizacion de la D Consolidada;-171.22;0.676197;0.676197;-26743.13
2015;5;54;Amortizacion de la Deuda Consolidada;184.50;0.676197;0.676197;28817.36
2015;5;53;IX. Resultado Operativo (VIII-IX);13.28;0.676197;0.676197;2074.22
2015;5;52;VIII. Egresos Totales (II+V+VI+VII);3357.90;0.676197;0.676197;524475.89
2015;5;51;VII. Ingresos Totales (I+IV);3371.18;0.676197;0.676197;526550.12
2015;5;50;Otros;0.00;0.676197;0.676197;0.00
2015;5;49;Compra de Acciones, Titulos, Valores, Otros;4.53;0.676197;0.676197;707.55
2015;5;48;Prestamos;4.28;0.676197;0.676197;668.50
2015;5;47;Inversion Financiera;8.81;0.676197;0.676197;1376.05
2015;5;46;al Sector Privado;0.00;0.676197;0.676197;0.00
2015;5;45;al Sector Publico+Remesas al IPV;55.10;0.676197;0.676197;8606.16
2015;5;44;Transferencias para financiar Erogaciones de Capital;55.10;0.676197;0.676197;8606.16
2015;5;43;Trabajos Publicos;77.93;0.676197;0.676197;12172.01
2015;5;42;Bienes de Capital;9.02;0.676197;0.676197;1408.85
2015;5;41;VI. Erogaciones de Capital;150.86;0.676197;0.676197;23563.07
2015;5;40;Resto Otros Recursos de Capital;67.03;0.676197;0.676197;10469.53
2015;5;39;Fondo Residual;0.50;0.676197;0.676197;78.10
2015;5;38;Venta de Acciones;0.00;0.676197;0.676197;0.00
2015;5;37;Otros Recursos de Capital;67.53;0.676197;0.676197;10547.62
2015;5;36;Reembolsos de Prestamos;9.08;0.676197;0.676197;1418.22
2015;5;35;Reembolsos de Obras Publicas;0.00;0.676197;0.676197;0.00
2015;5;34;V. Recursos de Capital;76.61;0.676197;0.676197;11965.84
2015;5;33;IV.Resultado Economico Neto de Remesas;87.53;0.676197;0.676197;13671.45
2015;5;32;Remesas EMT;0.00;0.676197;0.676197;0.00
2015;5;31;Remesas ATM;14.88;0.676197;0.676197;2324.13
2015;5;30;Resultado Economico con Remesas;102.41;0.676197;0.676197;15995.59
2015;5;29;Otras Erogaciones Corrientes;0.50;0.676197;0.676197;78.10
2015;5;28;Otras Transferencias;272.00;0.676197;0.676197;42484.12
2015;5;27;Municipios;479.32;0.676197;0.676197;74865.77
2015;5;26;Transferencias a Municipios y Otros;751.32;0.676197;0.676197;117349.90
2015;5;25;Intereses y Gastos de la Deuda;71.81;0.676197;0.676197;11216.12
2015;5;24;Otros Servicios;399.06;0.676197;0.676197;62329.83
2015;5;23;Bienes Corrientes;89.10;0.676197;0.676197;13916.67
2015;5;22;Locaciones de Servicio;16.13;0.676197;0.676197;2519.37
2015;5;21;Personal;1864.24;0.676197;0.676197;291178.69
2015;5;20;Erogaciones Corrientes;3192.16;0.676197;0.676197;498588.69
2015;5;19;Aportes no Reintegrables;186.99;0.676197;0.676197;29206.27
2015;5;18;Coparticipacion Vial;8.85;0.676197;0.676197;1382.30
2015;5;17;Ley 25.053 Fdo. Nac. de Incentivo Docente;15.38;0.676197;0.676197;2402.23
2015;5;16;Regimenes Especiales Nacionales s/Financ. Educativo;334.02;0.676197;0.676197;52171.13
2015;5;15;Coparticipacion Federal + Financ. Educativo;1356.82;0.676197;0.676197;211923.93
2015;5;14;De Origen Nacional;1902.06;0.676197;0.676197;297085.86
2015;5;13;Otros no Tributarios;208.64;0.676197;0.676197;32587.82
2015;5;12;Remesas del Instituto de Juegos y Casino;6.22;0.676197;0.676197;971.51
2015;5;11;Tasas Retributivas de Servicios;62.35;0.676197;0.676197;9738.55
2015;5;10;Regalias;195.13;0.676197;0.676197;30477.67
2015;5;9;No Tributarios;472.34;0.676197;0.676197;73775.56
2015;5;8;Otros Tributarios;0.17;0.676197;0.676197;26.55
2015;5;7;Sellos y Tasas de Justicia;98.83;0.676197;0.676197;15436.42
2015;5;6;Inmobiliario;40.22;0.676197;0.676197;6282.03
2015;5;5;Automotor;36.60;0.676197;0.676197;5716.61
2015;5;4;Ingresos Brutos;744.35;0.676197;0.676197;116261.24
2015;5;3;Tributarios;920.17;0.676197;0.676197;143722.86
2015;5;2;De Origen Provincial;1392.51;0.676197;0.676197;217498.41
2015;5;1;Recursos Corrientes;3294.57;0.676197;0.676197;514584.27
2015;6;55;Resultado Operativo - Amortizacion de la D Consolidada;-1025.71;0.683305;0.683305;-158540.78
2015;6;54;Amortizacion de la Deuda Consolidada;96.13;0.683305;0.683305;14858.51
2015;6;53;IX. Resultado Operativo (VIII-IX);-929.58;0.683305;0.683305;-143682.27
2015;6;52;VIII. Egresos Totales (II+V+VI+VII);4267.51;0.683305;0.683305;659615.66
2015;6;51;VII. Ingresos Totales (I+IV);3337.93;0.683305;0.683305;515933.39
2015;6;50;Otros;0.00;0.683305;0.683305;0.00
2015;6;49;Compra de Acciones, Titulos, Valores, Otros;30.03;0.683305;0.683305;4641.64
2015;6;48;Prestamos;4.09;0.683305;0.683305;632.18
2015;6;47;Inversion Financiera;34.12;0.683305;0.683305;5273.82
2015;6;46;al Sector Privado;0.00;0.683305;0.683305;0.00
2015;6;45;al Sector Publico+Remesas al IPV;79.10;0.683305;0.683305;12226.24
2015;6;44;Transferencias para financiar Erogaciones de Capital;79.10;0.683305;0.683305;12226.24
2015;6;43;Trabajos Publicos;119.87;0.683305;0.683305;18527.93
2015;6;42;Bienes de Capital;12.55;0.683305;0.683305;1939.81
2015;6;41;VI. Erogaciones de Capital;245.64;0.683305;0.683305;37967.81
2015;6;40;Resto Otros Recursos de Capital;106.95;0.683305;0.683305;16530.93
2015;6;39;Fondo Residual;0.11;0.683305;0.683305;17.00
2015;6;38;Venta de Acciones;0.00;0.683305;0.683305;0.00
2015;6;37;Otros Recursos de Capital;107.06;0.683305;0.683305;16547.93
2015;6;36;Reembolsos de Prestamos;5.26;0.683305;0.683305;813.02
2015;6;35;Reembolsos de Obras Publicas;0.00;0.683305;0.683305;0.00
2015;6;34;V. Recursos de Capital;112.32;0.683305;0.683305;17360.95
2015;6;33;IV.Resultado Economico Neto de Remesas;-796.26;0.683305;0.683305;-123075.42
2015;6;32;Remesas EMT;0.00;0.683305;0.683305;0.00
2015;6;31;Remesas ATM;112.00;0.683305;0.683305;17311.49
2015;6;30;Resultado Economico con Remesas;-684.26;0.683305;0.683305;-105763.93
2015;6;29;Otras Erogaciones Corrientes;0.50;0.683305;0.683305;77.28
2015;6;28;Otras Transferencias;318.99;0.683305;0.683305;49305.29
2015;6;27;Municipios;537.31;0.683305;0.683305;83050.32
2015;6;26;Transferencias a Municipios y Otros;856.30;0.683305;0.683305;132355.61
2015;6;25;Intereses y Gastos de la Deuda;95.50;0.683305;0.683305;14761.14
2015;6;24;Otros Servicios;251.40;0.683305;0.683305;38858.11
2015;6;23;Bienes Corrientes;107.32;0.683305;0.683305;16588.12
2015;6;22;Locaciones de Servicio;19.25;0.683305;0.683305;2975.41
2015;6;21;Personal;2579.60;0.683305;0.683305;398720.70
2015;6;20;Erogaciones Corrientes;3909.87;0.683305;0.683305;604336.37
2015;6;19;Aportes no Reintegrables;131.33;0.683305;0.683305;20299.27
2015;6;18;Coparticipacion Vial;23.23;0.683305;0.683305;3590.59
2015;6;17;Ley 25.053 Fdo. Nac. de Incentivo Docente;29.24;0.683305;0.683305;4519.54
2015;6;16;Regimenes Especiales Nacionales s/Financ. Educativo;385.73;0.683305;0.683305;59621.08
2015;6;15;Coparticipacion Federal + Financ. Educativo;1239.26;0.683305;0.683305;191548.54
2015;6;14;De Origen Nacional;1808.79;0.683305;0.683305;279579.01
2015;6;13;Otros no Tributarios;98.34;0.683305;0.683305;15200.11
2015;6;12;Remesas del Instituto de Juegos y Casino;7.65;0.683305;0.683305;1182.44
2015;6;11;Tasas Retributivas de Servicios;73.71;0.683305;0.683305;11393.12
2015;6;10;Regalias;186.45;0.683305;0.683305;28818.99
2015;6;9;No Tributarios;366.15;0.683305;0.683305;56594.66
2015;6;8;Otros Tributarios;4.73;0.683305;0.683305;731.10
2015;6;7;Sellos y Tasas de Justicia;105.51;0.683305;0.683305;16308.35
2015;6;6;Inmobiliario;22.48;0.683305;0.683305;3474.66
2015;6;5;Automotor;100.69;0.683305;0.683305;15563.34
2015;6;4;Ingresos Brutos;817.26;0.683305;0.683305;126321.32
2015;6;3;Tributarios;1050.67;0.683305;0.683305;162398.77
2015;6;2;De Origen Provincial;1416.82;0.683305;0.683305;218993.43
2015;6;1;Recursos Corrientes;3225.61;0.683305;0.683305;498572.44
2015;7;55;Resultado Operativo - Amortizacion de la D Consolidada;-328.55;0.690003;0.690003;-50289.98
2015;7;54;Amortizacion de la Deuda Consolidada;113.09;0.690003;0.690003;17310.29
2015;7;53;IX. Resultado Operativo (VIII-IX);-215.46;0.690003;0.690003;-32979.70
2015;7;52;VIII. Egresos Totales (II+V+VI+VII);3474.84;0.690003;0.690003;531881.45
2015;7;51;VII. Ingresos Totales (I+IV);3259.38;0.690003;0.690003;498901.75
2015;7;50;Otros;0.00;0.690003;0.690003;0.00
2015;7;49;Compra de Acciones, Titulos, Valores, Otros;4.53;0.690003;0.690003;693.39
2015;7;48;Prestamos;4.05;0.690003;0.690003;619.92
2015;7;47;Inversion Financiera;8.58;0.690003;0.690003;1313.31
2015;7;46;al Sector Privado;0.00;0.690003;0.690003;0.00
2015;7;45;al Sector Publico+Remesas al IPV;64.20;0.690003;0.690003;9826.87
2015;7;44;Transferencias para financiar Erogaciones de Capital;64.20;0.690003;0.690003;9826.87
2015;7;43;Trabajos Publicos;127.79;0.690003;0.690003;19560.36
2015;7;42;Bienes de Capital;22.61;0.690003;0.690003;3460.83
2015;7;41;VI. Erogaciones de Capital;223.18;0.690003;0.690003;34161.37
2015;7;40;Resto Otros Recursos de Capital;114.49;0.690003;0.690003;17524.58
2015;7;39;Fondo Residual;0.13;0.690003;0.690003;19.90
2015;7;38;Venta de Acciones;0.00;0.690003;0.690003;0.00
2015;7;37;Otros Recursos de Capital;114.62;0.690003;0.690003;17544.48
2015;7;36;Reembolsos de Prestamos;0.14;0.690003;0.690003;21.43
2015;7;35;Reembolsos de Obras Publicas;0.00;0.690003;0.690003;0.00
2015;7;34;V. Recursos de Capital;114.76;0.690003;0.690003;17565.91
2015;7;33;IV.Resultado Economico Neto de Remesas;-107.04;0.690003;0.690003;-16384.23
2015;7;32;Remesas EMT;0.00;0.690003;0.690003;0.00
2015;7;31;Remesas ATM;22.95;0.690003;0.690003;3512.88
2015;7;30;Resultado Economico con Remesas;-84.09;0.690003;0.690003;-12871.36
2015;7;29;Otras Erogaciones Corrientes;0.50;0.690003;0.690003;76.53
2015;7;28;Otras Transferencias;309.60;0.690003;0.690003;47389.38
2015;7;27;Municipios;473.43;0.690003;0.690003;72466.25
2015;7;26;Transferencias a Municipios y Otros;783.03;0.690003;0.690003;119855.63
2015;7;25;Intereses y Gastos de la Deuda;58.45;0.690003;0.690003;8946.73
2015;7;24;Otros Servicios;283.83;0.690003;0.690003;43444.85
2015;7;23;Bienes Corrientes;99.55;0.690003;0.690003;15237.77
2015;7;22;Locaciones de Servicio;26.38;0.690003;0.690003;4037.89
2015;7;21;Personal;1976.97;0.690003;0.690003;302607.79
2015;7;20;Erogaciones Corrientes;3228.71;0.690003;0.690003;494207.20
2015;7;19;Aportes no Reintegrables;180.04;0.690003;0.690003;27558.09
2015;7;18;Coparticipacion Vial;13.96;0.690003;0.690003;2136.81
2015;7;17;Ley 25.053 Fdo. Nac. de Incentivo Docente;0.00;0.690003;0.690003;0.00
2015;7;16;Regimenes Especiales Nacionales s/Financ. Educativo;282.23;0.690003;0.690003;43199.95
2015;7;15;Coparticipacion Federal + Financ. Educativo;1137.40;0.690003;0.690003;174097.79
2015;7;14;De Origen Nacional;1613.63;0.690003;0.690003;246992.63
2015;7;13;Otros no Tributarios;157.88;0.690003;0.690003;24166.13
2015;7;12;Remesas del Instituto de Juegos y Casino;6.88;0.690003;0.690003;1053.10
2015;7;11;Tasas Retributivas de Servicios;84.72;0.690003;0.690003;12967.79
2015;7;10;Regalias;213.10;0.690003;0.690003;32618.46
2015;7;9;No Tributarios;462.58;0.690003;0.690003;70805.48
2015;7;8;Otros Tributarios;4.34;0.690003;0.690003;664.31
2015;7;7;Sellos y Tasas de Justicia;117.70;0.690003;0.690003;18015.92
2015;7;6;Inmobiliario;45.95;0.690003;0.690003;7033.40
2015;7;5;Automotor;41.13;0.690003;0.690003;6295.62
2015;7;4;Ingresos Brutos;859.29;0.690003;0.690003;131528.48
2015;7;3;Tributarios;1068.41;0.690003;0.690003;163537.73
2015;7;2;De Origen Provincial;1530.99;0.690003;0.690003;234343.22
2015;7;1;Recursos Corrientes;3144.62;0.690003;0.690003;481335.84
2015;8;55;Resultado Operativo - Amortizacion de la D Consolidada;-691.93;0.698704;0.698704;-104592.36
2015;8;54;Amortizacion de la Deuda Consolidada;228.56;0.698704;0.698704;34549.20
2015;8;53;IX. Resultado Operativo (VIII-IX);-463.37;0.698704;0.698704;-70043.15
2015;8;52;VIII. Egresos Totales (II+V+VI+VII);3710.42;0.698704;0.698704;560868.25
2015;8;51;VII. Ingresos Totales (I+IV);3247.05;0.698704;0.698704;490825.09
2015;8;50;Otros;0.00;0.698704;0.698704;0.00
2015;8;49;Compra de Acciones, Titulos, Valores, Otros;7.39;0.698704;0.698704;1117.07
2015;8;48;Prestamos;3.98;0.698704;0.698704;601.62
2015;8;47;Inversion Financiera;11.37;0.698704;0.698704;1718.69
2015;8;46;al Sector Privado;0.00;0.698704;0.698704;0.00
2015;8;45;al Sector Publico+Remesas al IPV;45.96;0.698704;0.698704;6947.33
2015;8;44;Transferencias para financiar Erogaciones de Capital;45.96;0.698704;0.698704;6947.33
2015;8;43;Trabajos Publicos;116.75;0.698704;0.698704;17647.97
2015;8;42;Bienes de Capital;13.16;0.698704;0.698704;1989.27
2015;8;41;VI. Erogaciones de Capital;187.24;0.698704;0.698704;28303.26
2015;8;40;Resto Otros Recursos de Capital;44.81;0.698704;0.698704;6773.49
2015;8;39;Fondo Residual;0.75;0.698704;0.698704;113.37
2015;8;38;Venta de Acciones;0.04;0.698704;0.698704;6.05
2015;8;37;Otros Recursos de Capital;45.60;0.698704;0.698704;6892.91
2015;8;36;Reembolsos de Prestamos;5.60;0.698704;0.698704;846.50
2015;8;35;Reembolsos de Obras Publicas;0.00;0.698704;0.698704;0.00
2015;8;34;V. Recursos de Capital;51.20;0.698704;0.698704;7739.41
2015;8;33;IV.Resultado Economico Neto de Remesas;-327.33;0.698704;0.698704;-49479.31
2015;8;32;Remesas EMT;0.00;0.698704;0.698704;0.00
2015;8;31;Remesas ATM;35.06;0.698704;0.698704;5299.68
2015;8;30;Resultado Economico con Remesas;-292.27;0.698704;0.698704;-44179.62
2015;8;29;Otras Erogaciones Corrientes;0.50;0.698704;0.698704;75.58
2015;8;28;Otras Transferencias;345.47;0.698704;0.698704;52221.35
2015;8;27;Municipios;492.99;0.698704;0.698704;74520.52
2015;8;26;Transferencias a Municipios y Otros;838.46;0.698704;0.698704;126741.88
2015;8;25;Intereses y Gastos de la Deuda;76.85;0.698704;0.698704;11616.67
2015;8;24;Otros Servicios;298.64;0.698704;0.698704;45142.52
2015;8;23;Bienes Corrientes;124.63;0.698704;0.698704;18839.11
2015;8;22;Locaciones de Servicio;26.89;0.698704;0.698704;4064.70
2015;8;21;Personal;2122.15;0.698704;0.698704;320784.86
2015;8;20;Erogaciones Corrientes;3488.12;0.698704;0.698704;527265.31
2015;8;19;Aportes no Reintegrables;156.78;0.698704;0.698704;23698.91
2015;8;18;Coparticipacion Vial;15.31;0.698704;0.698704;2314.26
2015;8;17;Ley 25.053 Fdo. Nac. de Incentivo Docente;43.41;0.698704;0.698704;6561.87
2015;8;16;Regimenes Especiales Nacionales s/Financ. Educativo;270.70;0.698704;0.698704;40919.10
2015;8;15;Coparticipacion Federal + Financ. Educativo;1176.23;0.698704;0.698704;177799.29
2015;8;14;De Origen Nacional;1662.43;0.698704;0.698704;251293.44
2015;8;13;Otros no Tributarios;107.79;0.698704;0.698704;16293.57
2015;8;12;Remesas del Instituto de Juegos y Casino;7.06;0.698704;0.698704;1067.19
2015;8;11;Tasas Retributivas de Servicios;148.39;0.698704;0.698704;22430.68
2015;8;10;Regalias;203.18;0.698704;0.698704;30712.75
2015;8;9;No Tributarios;466.42;0.698704;0.698704;70504.19
2015;8;8;Otros Tributarios;0.28;0.698704;0.698704;42.32
2015;8;7;Sellos y Tasas de Justicia;120.23;0.698704;0.698704;18174.00
2015;8;6;Inmobiliario;17.81;0.698704;0.698704;2692.17
2015;8;5;Automotor;95.49;0.698704;0.698704;14434.30
2015;8;4;Ingresos Brutos;833.19;0.698704;0.698704;125945.26
2015;8;3;Tributarios;1067.00;0.698704;0.698704;161288.05
2015;8;2;De Origen Provincial;1533.42;0.698704;0.698704;231792.25
2015;8;1;Recursos Corrientes;3195.85;0.698704;0.698704;483085.68
2015;9;55;Resultado Operativo - Amortizacion de la D Consolidada;-474.78;0.707128;0.707128;-70912.92
2015;9;54;Amortizacion de la Deuda Consolidada;95.89;0.707128;0.707128;14322.09
2015;9;53;IX. Resultado Operativo (VIII-IX);-378.89;0.707128;0.707128;-56590.84
2015;9;52;VIII. Egresos Totales (II+V+VI+VII);3429.72;0.707128;0.707128;512261.41
2015;9;51;VII. Ingresos Totales (I+IV);3050.83;0.707128;0.707128;455670.57
2015;9;50;Otros;27.07;0.707128;0.707128;4043.16
2015;9;49;Compra de Acciones, Titulos, Valores, Otros;1.20;0.707128;0.707128;179.23
2015;9;48;Prestamos;3.85;0.707128;0.707128;575.03
2015;9;47;Inversion Financiera;32.12;0.707128;0.707128;4797.43
2015;9;46;al Sector Privado;0.00;0.707128;0.707128;0.00
2015;9;45;al Sector Publico+Remesas al IPV;42.15;0.707128;0.707128;6295.50
2015;9;44;Transferencias para financiar Erogaciones de Capital;42.15;0.707128;0.707128;6295.50
2015;9;43;Trabajos Publicos;154.17;0.707128;0.707128;23026.76
2015;9;42;Bienes de Capital;9.54;0.707128;0.707128;1424.89
2015;9;41;VI. Erogaciones de Capital;237.98;0.707128;0.707128;35544.58
2015;9;40;Resto Otros Recursos de Capital;42.10;0.707128;0.707128;6288.04
2015;9;39;Fondo Residual;0.17;0.707128;0.707128;25.39
2015;9;38;Venta de Acciones;0.01;0.707128;0.707128;1.49
2015;9;37;Otros Recursos de Capital;42.28;0.707128;0.707128;6314.92
2015;9;36;Reembolsos de Prestamos;0.83;0.707128;0.707128;123.97
2015;9;35;Reembolsos de Obras Publicas;0.00;0.707128;0.707128;0.00
2015;9;34;V. Recursos de Capital;43.11;0.707128;0.707128;6438.89
2015;9;33;IV.Resultado Economico Neto de Remesas;-184.02;0.707128;0.707128;-27485.14
2015;9;32;Remesas EMT;0.00;0.707128;0.707128;0.00
2015;9;31;Remesas ATM;18.28;0.707128;0.707128;2730.29
2015;9;30;Resultado Economico con Remesas;-165.74;0.707128;0.707128;-24754.85
2015;9;29;Otras Erogaciones Corrientes;0.50;0.707128;0.707128;74.68
2015;9;28;Otras Transferencias;320.30;0.707128;0.707128;47839.86
2015;9;27;Municipios;482.28;0.707128;0.707128;72033.12
2015;9;26;Transferencias a Municipios y Otros;802.58;0.707128;0.707128;119872.98
2015;9;25;Intereses y Gastos de la Deuda;46.65;0.707128;0.707128;6967.62
2015;9;24;Otros Servicios;294.13;0.707128;0.707128;43931.12
2015;9;23;Bienes Corrientes;119.63;0.707128;0.707128;17867.88
2015;9;22;Locaciones de Servicio;22.42;0.707128;0.707128;3348.64
2015;9;21;Personal;1887.55;0.707128;0.707128;281923.61
2015;9;20;Erogaciones Corrientes;3173.46;0.707128;0.707128;473986.54
2015;9;19;Aportes no Reintegrables;178.54;0.707128;0.707128;26666.65
2015;9;18;Coparticipacion Vial;16.31;0.707128;0.707128;2436.05
2015;9;17;Ley 25.053 Fdo. Nac. de Incentivo Docente;31.14;0.707128;0.707128;4651.06
2015;9;16;Regimenes Especiales Nacionales s/Financ. Educativo;211.10;0.707128;0.707128;31529.80
2015;9;15;Coparticipacion Federal + Financ. Educativo;1149.44;0.707128;0.707128;171679.83
2015;9;14;De Origen Nacional;1586.53;0.707128;0.707128;236963.40
2015;9;13;Otros no Tributarios;114.47;0.707128;0.707128;17097.19
2015;9;12;Remesas del Instituto de Juegos y Casino;6.97;0.707128;0.707128;1041.04
2015;9;11;Tasas Retributivas de Servicios;23.46;0.707128;0.707128;3503.97
2015;9;10;Regalias;198.81;0.707128;0.707128;29694.17
2015;9;9;No Tributarios;343.71;0.707128;0.707128;51336.37
2015;9;8;Otros Tributarios;5.22;0.707128;0.707128;779.66
2015;9;7;Sellos y Tasas de Justicia;107.18;0.707128;0.707128;16008.36
2015;9;6;Inmobiliario;45.97;0.707128;0.707128;6866.06
2015;9;5;Automotor;44.99;0.707128;0.707128;6719.69
2015;9;4;Ingresos Brutos;874.12;0.707128;0.707128;130558.16
2015;9;3;Tributarios;1077.48;0.707128;0.707128;160931.92
2015;9;2;De Origen Provincial;1421.19;0.707128;0.707128;212268.29
2015;9;1;Recursos Corrientes;3007.72;0.707128;0.707128;449231.69
2015;10;55;Resultado Operativo - Amortizacion de la D Consolidada;-238.95;0.715449;0.715449;-35274.38
2015;10;54;Amortizacion de la Deuda Consolidada;121.88;0.715449;0.715449;17992.22
2015;10;53;IX. Resultado Operativo (VIII-IX);-117.07;0.715449;0.715449;-17282.16
2015;10;52;VIII. Egresos Totales (II+V+VI+VII);3520.30;0.715449;0.715449;519675.22
2015;10;51;VII. Ingresos Totales (I+IV);3403.23;0.715449;0.715449;502393.06
2015;10;50;Otros;22.60;0.715449;0.715449;3336.27
2015;10;49;Compra de Acciones, Titulos, Valores, Otros;30.27;0.715449;0.715449;4468.53
2015;10;48;Prestamos;3.70;0.715449;0.715449;546.20
2015;10;47;Inversion Financiera;56.57;0.715449;0.715449;8351.00
2015;10;46;al Sector Privado;0.00;0.715449;0.715449;0.00
2015;10;45;al Sector Publico+Remesas al IPV;38.16;0.715449;0.715449;5633.27
2015;10;44;Transferencias para financiar Erogaciones de Capital;38.16;0.715449;0.715449;5633.27
2015;10;43;Trabajos Publicos;115.97;0.715449;0.715449;17119.77
2015;10;42;Bienes de Capital;18.37;0.715449;0.715449;2711.82
2015;10;41;VI. Erogaciones de Capital;229.07;0.715449;0.715449;33815.87
2015;10;40;Resto Otros Recursos de Capital;47.85;0.715449;0.715449;7063.73
2015;10;39;Fondo Residual;1.49;0.715449;0.715449;219.96
2015;10;38;Venta de Acciones;0.03;0.715449;0.715449;4.43
2015;10;37;Otros Recursos de Capital;49.37;0.715449;0.715449;7288.12
2015;10;36;Reembolsos de Prestamos;6.28;0.715449;0.715449;927.07
2015;10;35;Reembolsos de Obras Publicas;0.00;0.715449;0.715449;0.00
2015;10;34;V. Recursos de Capital;55.65;0.715449;0.715449;8215.19
2015;10;33;IV.Resultado Economico Neto de Remesas;56.35;0.715449;0.715449;8318.52
2015;10;32;Remesas EMT;0.00;0.715449;0.715449;0.00
2015;10;31;Remesas ATM;66.10;0.715449;0.715449;9757.84
2015;10;30;Resultado Economico con Remesas;122.45;0.715449;0.715449;18076.37
2015;10;29;Otras Erogaciones Corrientes;0.50;0.715449;0.715449;73.81
2015;10;28;Otras Transferencias;347.90;0.715449;0.715449;51357.84
2015;10;27;Municipios;560.19;0.715449;0.715449;82696.61
2015;10;26;Transferencias a Municipios y Otros;908.09;0.715449;0.715449;134054.45
2015;10;25;Intereses y Gastos de la Deuda;34.08;0.715449;0.715449;5030.97
2015;10;24;Otros Servicios;311.47;0.715449;0.715449;45979.96
2015;10;23;Bienes Corrientes;109.18;0.715449;0.715449;16117.42
2015;10;22;Locaciones de Servicio;23.81;0.715449;0.715449;3514.89
2015;10;21;Personal;1838.00;0.715449;0.715449;271330.01
2015;10;20;Erogaciones Corrientes;3225.13;0.715449;0.715449;476101.51
2015;10;19;Aportes no Reintegrables;142.47;0.715449;0.715449;21031.77
2015;10;18;Coparticipacion Vial;8.83;0.715449;0.715449;1303.51
2015;10;17;Ley 25.053 Fdo. Nac. de Incentivo Docente;31.14;0.715449;0.715449;4596.96
2015;10;16;Regimenes Especiales Nacionales s/Financ. Educativo;284.62;0.715449;0.715449;42016.29
2015;10;15;Coparticipacion Federal + Financ. Educativo;1306.17;0.715449;0.715449;192819.98
2015;10;14;De Origen Nacional;1773.23;0.715449;0.715449;261768.51
2015;10;13;Otros no Tributarios;122.69;0.715449;0.715449;18111.80
2015;10;12;Remesas del Instituto de Juegos y Casino;10.60;0.715449;0.715449;1564.80
2015;10;11;Tasas Retributivas de Servicios;84.85;0.715449;0.715449;12525.76
2015;10;10;Regalias;202.66;0.715449;0.715449;29917.16
2015;10;9;No Tributarios;420.80;0.715449;0.715449;62119.52
2015;10;8;Otros Tributarios;1.55;0.715449;0.715449;228.81
2015;10;7;Sellos y Tasas de Justicia;121.76;0.715449;0.715449;17974.51
2015;10;6;Inmobiliario;19.79;0.715449;0.715449;2921.45
2015;10;5;Automotor;96.46;0.715449;0.715449;14239.66
2015;10;4;Ingresos Brutos;913.99;0.715449;0.715449;134925.42
2015;10;3;Tributarios;1153.55;0.715449;0.715449;170289.85
2015;10;2;De Origen Provincial;1574.35;0.715449;0.715449;232409.36
2015;10;1;Recursos Corrientes;3347.58;0.715449;0.715449;494177.87
2015;11;55;Resultado Operativo - Amortizacion de la D Consolidada;-635.31;0.723464;0.723464;-92746.98
2015;11;54;Amortizacion de la Deuda Consolidada;148.55;0.723464;0.723464;21686.36
2015;11;53;IX. Resultado Operativo (VIII-IX);-486.76;0.723464;0.723464;-71060.62
2015;11;52;VIII. Egresos Totales (II+V+VI+VII);3421.74;0.723464;0.723464;499529.44
2015;11;51;VII. Ingresos Totales (I+IV);2934.98;0.723464;0.723464;428468.83
2015;11;50;Otros;0.00;0.723464;0.723464;0.00
2015;11;49;Compra de Acciones, Titulos, Valores, Otros;5.42;0.723464;0.723464;791.25
2015;11;48;Prestamos;3.52;0.723464;0.723464;513.87
2015;11;47;Inversion Financiera;8.94;0.723464;0.723464;1305.12
2015;11;46;al Sector Privado;0.00;0.723464;0.723464;0.00
2015;11;45;al Sector Publico+Remesas al IPV;37.60;0.723464;0.723464;5489.11
2015;11;44;Transferencias para financiar Erogaciones de Capital;37.60;0.723464;0.723464;5489.11
2015;11;43;Trabajos Publicos;119.72;0.723464;0.723464;17477.56
2015;11;42;Bienes de Capital;10.00;0.723464;0.723464;1459.87
2015;11;41;VI. Erogaciones de Capital;176.26;0.723464;0.723464;25731.66
2015;11;40;Resto Otros Recursos de Capital;22.78;0.723464;0.723464;3325.58
2015;11;39;Fondo Residual;0.74;0.723464;0.723464;108.03
2015;11;38;Venta de Acciones;0.00;0.723464;0.723464;0.00
2015;11;37;Otros Recursos de Capital;23.52;0.723464;0.723464;3433.61
2015;11;36;Reembolsos de Prestamos;15.20;0.723464;0.723464;2219.00
2015;11;35;Reembolsos de Obras Publicas;0.00;0.723464;0.723464;0.00
2015;11;34;V. Recursos de Capital;38.72;0.723464;0.723464;5652.62
2015;11;33;IV.Resultado Economico Neto de Remesas;-349.22;0.723464;0.723464;-50981.57
2015;11;32;Remesas EMT;0.00;0.723464;0.723464;0.00
2015;11;31;Remesas ATM;61.96;0.723464;0.723464;9045.35
2015;11;30;Resultado Economico con Remesas;-287.26;0.723464;0.723464;-41936.22
2015;11;29;Otras Erogaciones Corrientes;0.50;0.723464;0.723464;72.99
2015;11;28;Otras Transferencias;311.59;0.723464;0.723464;45488.08
2015;11;27;Municipios;453.77;0.723464;0.723464;66244.51
2015;11;26;Transferencias a Municipios y Otros;765.36;0.723464;0.723464;111732.58
2015;11;25;Intereses y Gastos de la Deuda;28.34;0.723464;0.723464;4137.27
2015;11;24;Otros Servicios;309.91;0.723464;0.723464;45242.82
2015;11;23;Bienes Corrientes;120.34;0.723464;0.723464;17568.07
2015;11;22;Locaciones de Servicio;20.89;0.723464;0.723464;3049.67
2015;11;21;Personal;1938.18;0.723464;0.723464;282949.02
2015;11;20;Erogaciones Corrientes;3183.52;0.723464;0.723464;464752.43
2015;11;19;Aportes no Reintegrables;109.55;0.723464;0.723464;15992.87
2015;11;18;Coparticipacion Vial;18.22;0.723464;0.723464;2659.88
2015;11;17;Ley 25.053 Fdo. Nac. de Incentivo Docente;31.49;0.723464;0.723464;4597.13
2015;11;16;Regimenes Especiales Nacionales s/Financ. Educativo;227.52;0.723464;0.723464;33214.95
2015;11;15;Coparticipacion Federal + Financ. Educativo;985.94;0.723464;0.723464;143934.39
2015;11;14;De Origen Nacional;1372.72;0.723464;0.723464;200399.23
2015;11;13;Otros no Tributarios;122.88;0.723464;0.723464;17938.88
2015;11;12;Remesas del Instituto de Juegos y Casino;7.03;0.723464;0.723464;1026.29
2015;11;11;Tasas Retributivas de Servicios;67.78;0.723464;0.723464;9895.00
2015;11;10;Regalias;230.43;0.723464;0.723464;33639.78
2015;11;9;No Tributarios;428.12;0.723464;0.723464;62499.94
2015;11;8;Otros Tributarios;2.54;0.723464;0.723464;370.81
2015;11;7;Sellos y Tasas de Justicia;123.79;0.723464;0.723464;18071.73
2015;11;6;Inmobiliario;40.59;0.723464;0.723464;5925.61
2015;11;5;Automotor;34.70;0.723464;0.723464;5065.75
2015;11;4;Ingresos Brutos;893.80;0.723464;0.723464;130483.15
2015;11;3;Tributarios;1095.42;0.723464;0.723464;159917.04
2015;11;2;De Origen Provincial;1523.54;0.723464;0.723464;222416.98
2015;11;1;Recursos Corrientes;2896.26;0.723464;0.723464;422816.21
2015;12;55;Resultado Operativo - Amortizacion de la D Consolidada;-3212.84;0.736421;0.736421;-460780.34
2015;12;54;Amortizacion de la Deuda Consolidada;238.50;0.736421;0.736421;34205.29
2015;12;53;IX. Resultado Operativo (VIII-IX);-2974.34;0.736421;0.736421;-426575.06
2015;12;52;VIII. Egresos Totales (II+V+VI+VII);6957.84;0.736421;0.736421;997882.22
2015;12;51;VII. Ingresos Totales (I+IV);3983.50;0.736421;0.736421;571307.16
2015;12;50;Otros;25.72;0.736421;0.736421;3688.72
2015;12;49;Compra de Acciones, Titulos, Valores, Otros;30.70;0.736421;0.736421;4402.94
2015;12;48;Prestamos;3.53;0.736421;0.736421;506.27
2015;12;47;Inversion Financiera;59.95;0.736421;0.736421;8597.93
2015;12;46;al Sector Privado;0.00;0.736421;0.736421;0.00
2015;12;45;al Sector Publico+Remesas al IPV;488.18;0.736421;0.736421;70013.99
2015;12;44;Transferencias para financiar Erogaciones de Capital;488.18;0.736421;0.736421;70013.99
2015;12;43;Trabajos Publicos;425.67;0.736421;0.736421;61048.91
2015;12;42;Bienes de Capital;86.55;0.736421;0.736421;12412.86
2015;12;41;VI. Erogaciones de Capital;1060.35;0.736421;0.736421;152073.69
2015;12;40;Resto Otros Recursos de Capital;49.91;0.736421;0.736421;7158.01
2015;12;39;Fondo Residual;0.51;0.736421;0.736421;73.14
2015;12;38;Venta de Acciones;0.05;0.736421;0.736421;7.17
2015;12;37;Otros Recursos de Capital;50.47;0.736421;0.736421;7238.33
2015;12;36;Reembolsos de Prestamos;3.93;0.736421;0.736421;563.63
2015;12;35;Reembolsos de Obras Publicas;0.00;0.736421;0.736421;0.00
2015;12;34;V. Recursos de Capital;54.40;0.736421;0.736421;7801.96
2015;12;33;IV.Resultado Economico Neto de Remesas;-1968.39;0.736421;0.736421;-282303.33
2015;12;32;Remesas EMT;0.00;0.736421;0.736421;0.00
2015;12;31;Remesas ATM;75.45;0.736421;0.736421;10820.92
2015;12;30;Resultado Economico con Remesas;-1892.94;0.736421;0.736421;-271482.41
2015;12;29;Otras Erogaciones Corrientes;0.50;0.736421;0.736421;71.71
2015;12;28;Otras Transferencias;635.08;0.736421;0.736421;91082.15
2015;12;27;Municipios;626.29;0.736421;0.736421;89821.50
2015;12;26;Transferencias a Municipios y Otros;1261.37;0.736421;0.736421;180903.66
2015;12;25;Intereses y Gastos de la Deuda;458.57;0.736421;0.736421;65767.37
2015;12;24;Otros Servicios;805.13;0.736421;0.736421;115470.45
2015;12;23;Bienes Corrientes;234.74;0.736421;0.736421;33666.03
2015;12;22;Locaciones de Servicio;23.01;0.736421;0.736421;3300.06
2015;12;21;Personal;3038.72;0.736421;0.736421;435808.33
2015;12;20;Erogaciones Corrientes;5822.04;0.736421;0.736421;834987.61
2015;12;19;Aportes no Reintegrables;190.87;0.736421;0.736421;27374.27
2015;12;18;Coparticipacion Vial;11.10;0.736421;0.736421;1591.94
2015;12;17;Ley 25.053 Fdo. Nac. de Incentivo Docente;31.84;0.736421;0.736421;4566.44
2015;12;16;Regimenes Especiales Nacionales s/Financ. Educativo;360.96;0.736421;0.736421;51768.30
2015;12;15;Coparticipacion Federal + Financ. Educativo;1626.21;0.736421;0.736421;233228.42
2015;12;14;De Origen Nacional;2220.98;0.736421;0.736421;318529.38
2015;12;13;Otros no Tributarios;169.09;0.736421;0.736421;24250.62
2015;12;12;Remesas del Instituto de Juegos y Casino;7.25;0.736421;0.736421;1039.78
2015;12;11;Tasas Retributivas de Servicios;81.73;0.736421;0.736421;11721.59
2015;12;10;Regalias;190.29;0.736421;0.736421;27291.09
2015;12;9;No Tributarios;448.36;0.736421;0.736421;64303.07
2015;12;8;Otros Tributarios;4.17;0.736421;0.736421;598.05
2015;12;7;Sellos y Tasas de Justicia;135.69;0.736421;0.736421;19460.44
2015;12;6;Inmobiliario;19.56;0.736421;0.736421;2805.26
2015;12;5;Automotor;48.29;0.736421;0.736421;6925.67
2015;12;4;Ingresos Brutos;1052.05;0.736421;0.736421;150883.32
2015;12;3;Tributarios;1259.76;0.736421;0.736421;180672.75
2015;12;2;De Origen Provincial;1708.12;0.736421;0.736421;244975.82
2015;12;1;Recursos Corrientes;3929.10;0.736421;0.736421;563505.20
2016;1;55;Resultado Operativo - Amortizacion de la D Consolidada;832.41;0.753576;0.753576;116665.18
2016;1;54;Amortizacion de la Deuda Consolidada;5.76;0.753576;0.753576;807.28
2016;1;53;IX. Resultado Operativo (VIII-IX);838.17;0.753576;0.753576;117472.46
2016;1;52;VIII. Egresos Totales (II+V+VI+VII);2297.15;0.753576;0.753576;321953.62
2016;1;51;VII. Ingresos Totales (I+IV);3135.32;0.753576;0.753576;439426.08
2016;1;50;Otros;0.00;0.753576;0.753576;0.00
2016;1;49;Compra de Acciones, Titulos, Valores, Otros;0.00;0.753576;0.753576;0.00
2016;1;48;Prestamos;3.53;0.753576;0.753576;494.74
2016;1;47;Inversion Financiera;3.53;0.753576;0.753576;494.74
2016;1;46;al Sector Privado;0.00;0.753576;0.753576;0.00
2016;1;45;al Sector Publico+Remesas al IPV;8.43;0.753576;0.753576;1181.49
2016;1;44;Transferencias para financiar Erogaciones de Capital;8.43;0.753576;0.753576;1181.49
2016;1;43;Trabajos Publicos;7.23;0.753576;0.753576;1013.31
2016;1;42;Bienes de Capital;0.01;0.753576;0.753576;1.40
2016;1;41;VI. Erogaciones de Capital;19.20;0.753576;0.753576;2690.95
2016;1;40;Resto Otros Recursos de Capital;56.05;0.753576;0.753576;7855.60
2016;1;39;Fondo Residual;0.00;0.753576;0.753576;0.00
2016;1;38;Venta de Acciones;0.00;0.753576;0.753576;0.00
2016;1;37;Otros Recursos de Capital;56.05;0.753576;0.753576;7855.60
2016;1;36;Reembolsos de Prestamos;12.73;0.753576;0.753576;1784.15
2016;1;35;Reembolsos de Obras Publicas;0.00;0.753576;0.753576;0.00
2016;1;34;V. Recursos de Capital;68.78;0.753576;0.753576;9639.76
2016;1;33;IV.Resultado Economico Neto de Remesas;788.59;0.753576;0.753576;110523.65
2016;1;32;Remesas EMT;0.00;0.753576;0.753576;0.00
2016;1;31;Remesas ATM;15.90;0.753576;0.753576;2228.44
2016;1;30;Resultado Economico con Remesas;804.49;0.753576;0.753576;112752.09
2016;1;29;Otras Erogaciones Corrientes;0.71;0.753576;0.753576;99.51
2016;1;28;Otras Transferencias;231.84;0.753576;0.753576;32493.19
2016;1;27;Municipios;389.30;0.753576;0.753576;54561.76
2016;1;26;Transferencias a Municipios y Otros;621.14;0.753576;0.753576;87054.95
2016;1;25;Intereses y Gastos de la Deuda;2.78;0.753576;0.753576;389.63
2016;1;24;Otros Servicios;49.63;0.753576;0.753576;6955.82
2016;1;23;Bienes Corrientes;10.78;0.753576;0.753576;1510.85
2016;1;22;Locaciones de Servicio;12.78;0.753576;0.753576;1791.16
2016;1;21;Personal;1564.23;0.753576;0.753576;219232.31
2016;1;20;Erogaciones Corrientes;2262.05;0.753576;0.753576;317034.23
2016;1;19;Aportes no Reintegrables;100.15;0.753576;0.753576;14036.37
2016;1;18;Coparticipacion Vial;8.69;0.753576;0.753576;1217.93
2016;1;17;Ley 25.053 Fdo. Nac. de Incentivo Docente;0.00;0.753576;0.753576;0.00
2016;1;16;Regimenes Especiales Nacionales s/Financ. Educativo;224.79;0.753576;0.753576;31505.11
2016;1;15;Coparticipacion Federal + Financ. Educativo;1406.22;0.753576;0.753576;197086.66
2016;1;14;De Origen Nacional;1739.85;0.753576;0.753576;243846.07
2016;1;13;Otros no Tributarios;70.79;0.753576;0.753576;9921.47
2016;1;12;Remesas del Instituto de Juegos y Casino;0.00;0.753576;0.753576;0.00
2016;1;11;Tasas Retributivas de Servicios;58.38;0.753576;0.753576;8182.16
2016;1;10;Regalias;192.58;0.753576;0.753576;26990.76
2016;1;9;No Tributarios;321.75;0.753576;0.753576;45094.39
2016;1;8;Otros Tributarios;0.25;0.753576;0.753576;35.04
2016;1;7;Sellos y Tasas de Justicia;106.51;0.753576;0.753576;14927.75
2016;1;6;Inmobiliario;8.67;0.753576;0.753576;1215.13
2016;1;5;Automotor;29.10;0.753576;0.753576;4078.47
2016;1;4;Ingresos Brutos;860.41;0.753576;0.753576;120589.47
2016;1;3;Tributarios;1004.94;0.753576;0.753576;140845.86
2016;1;2;De Origen Provincial;1326.69;0.753576;0.753576;185940.25
2016;1;1;Recursos Corrientes;3066.54;0.753576;0.753576;429786.32
2016;2;55;Resultado Operativo - Amortizacion de la D Consolidada;65.30;0.781655;0.781655;8823.26
2016;2;54;Amortizacion de la Deuda Consolidada;437.87;0.781655;0.781655;59164.49
2016;2;53;IX. Resultado Operativo (VIII-IX);503.17;0.781655;0.781655;67987.75
2016;2;52;VIII. Egresos Totales (II+V+VI+VII);3106.25;0.781655;0.781655;419712.89
2016;2;51;VII. Ingresos Totales (I+IV);3609.42;0.781655;0.781655;487700.63
2016;2;50;Otros;0.00;0.781655;0.781655;0.00
2016;2;49;Compra de Acciones, Titulos, Valores, Otros;14.00;0.781655;0.781655;1891.66
2016;2;48;Prestamos;3.21;0.781655;0.781655;433.73
2016;2;47;Inversion Financiera;17.21;0.781655;0.781655;2325.40
2016;2;46;al Sector Privado;0.00;0.781655;0.781655;0.00
2016;2;45;al Sector Publico+Remesas al IPV;14.63;0.781655;0.781655;1976.79
2016;2;44;Transferencias para financiar Erogaciones de Capital;14.63;0.781655;0.781655;1976.79
2016;2;43;Trabajos Publicos;20.07;0.781655;0.781655;2711.84
2016;2;42;Bienes de Capital;0.28;0.781655;0.781655;37.83
2016;2;41;VI. Erogaciones de Capital;52.19;0.781655;0.781655;7051.85
2016;2;40;Resto Otros Recursos de Capital;35.95;0.781655;0.781655;4857.52
2016;2;39;Fondo Residual;0.04;0.781655;0.781655;5.40
2016;2;38;Venta de Acciones;0.00;0.781655;0.781655;0.00
2016;2;37;Otros Recursos de Capital;35.99;0.781655;0.781655;4862.93
2016;2;36;Reembolsos de Prestamos;32.04;0.781655;0.781655;4329.21
2016;2;35;Reembolsos de Obras Publicas;0.00;0.781655;0.781655;0.00
2016;2;34;V. Recursos de Capital;68.03;0.781655;0.781655;9192.13
2016;2;33;IV.Resultado Economico Neto de Remesas;487.33;0.781655;0.781655;65847.46
2016;2;32;Remesas EMT;0.00;0.781655;0.781655;0.00
2016;2;31;Remesas ATM;15.69;0.781655;0.781655;2120.01
2016;2;30;Resultado Economico con Remesas;503.02;0.781655;0.781655;67967.48
2016;2;29;Otras Erogaciones Corrientes;0.00;0.781655;0.781655;0.00
2016;2;28;Otras Transferencias;274.09;0.781655;0.781655;37034.72
2016;2;27;Municipios;674.67;0.781655;0.781655;91160.63
2016;2;26;Transferencias a Municipios y Otros;948.76;0.781655;0.781655;128195.35
2016;2;25;Intereses y Gastos de la Deuda;83.41;0.781655;0.781655;11270.26
2016;2;24;Otros Servicios;76.50;0.781655;0.781655;10336.59
2016;2;23;Bienes Corrientes;73.53;0.781655;0.781655;9935.29
2016;2;22;Locaciones de Servicio;17.16;0.781655;0.781655;2318.64
2016;2;21;Personal;1839.01;0.781655;0.781655;248484.89
2016;2;20;Erogaciones Corrientes;3038.37;0.781655;0.781655;410541.02
2016;2;19;Aportes no Reintegrables;136.87;0.781655;0.781655;18493.72
2016;2;18;Coparticipacion Vial;20.07;0.781655;0.781655;2711.84
2016;2;17;Ley 25.053 Fdo. Nac. de Incentivo Docente;62.73;0.781655;0.781655;8476.00
2016;2;16;Regimenes Especiales Nacionales s/Financ. Educativo;262.35;0.781655;0.781655;35448.43
2016;2;15;Coparticipacion Federal + Financ. Educativo;1019.75;0.781655;0.781655;137787.43
2016;2;14;De Origen Nacional;1501.77;0.781655;0.781655;202917.42
2016;2;13;Otros no Tributarios;196.04;0.781655;0.781655;26488.70
2016;2;12;Remesas del Instituto de Juegos y Casino;5.39;0.781655;0.781655;728.29
2016;2;11;Tasas Retributivas de Servicios;73.39;0.781655;0.781655;9916.37
2016;2;10;Regalias;301.95;0.781655;0.781655;40799.13
2016;2;9;No Tributarios;576.77;0.781655;0.781655;77932.49
2016;2;8;Otros Tributarios;3.45;0.781655;0.781655;466.16
2016;2;7;Sellos y Tasas de Justicia;105.65;0.781655;0.781655;14275.31
2016;2;6;Inmobiliario;46.12;0.781655;0.781655;6231.68
2016;2;5;Automotor;372.70;0.781655;0.781655;50358.79
2016;2;4;Ingresos Brutos;934.93;0.781655;0.781655;126326.65
2016;2;3;Tributarios;1462.85;0.781655;0.781655;197658.59
2016;2;2;De Origen Provincial;2039.62;0.781655;0.781655;275591.08
2016;2;1;Recursos Corrientes;3541.39;0.781655;0.781655;478508.50
2016;3;55;Resultado Operativo - Amortizacion de la D Consolidada;390.65;0.813654;0.813654;50708.30
2016;3;54;Amortizacion de la Deuda Consolidada;183.56;0.813654;0.813654;23827.00
2016;3;53;IX. Resultado Operativo (VIII-IX);574.21;0.813654;0.813654;74535.30
2016;3;52;VIII. Egresos Totales (II+V+VI+VII);3094.22;0.813654;0.813654;401645.07
2016;3;51;VII. Ingresos Totales (I+IV);3668.43;0.813654;0.813654;476180.36
2016;3;50;Otros;0.00;0.813654;0.813654;0.00
2016;3;49;Compra de Acciones, Titulos, Valores, Otros;1.50;0.813654;0.813654;194.71
2016;3;48;Prestamos;3.25;0.813654;0.813654;421.87
2016;3;47;Inversion Financiera;4.75;0.813654;0.813654;616.57
2016;3;46;al Sector Privado;0.00;0.813654;0.813654;0.00
2016;3;45;al Sector Publico+Remesas al IPV;18.34;0.813654;0.813654;2380.62
2016;3;44;Transferencias para financiar Erogaciones de Capital;18.34;0.813654;0.813654;2380.62
2016;3;43;Trabajos Publicos;44.60;0.813654;0.813654;5789.30
2016;3;42;Bienes de Capital;0.72;0.813654;0.813654;93.46
2016;3;41;VI. Erogaciones de Capital;68.41;0.813654;0.813654;8879.96
2016;3;40;Resto Otros Recursos de Capital;62.85;0.813654;0.813654;8158.24
2016;3;39;Fondo Residual;0.34;0.813654;0.813654;44.13
2016;3;38;Venta de Acciones;0.00;0.813654;0.813654;0.00
2016;3;37;Otros Recursos de Capital;63.19;0.813654;0.813654;8202.37
2016;3;36;Reembolsos de Prestamos;22.87;0.813654;0.813654;2968.64
2016;3;35;Reembolsos de Obras Publicas;0.00;0.813654;0.813654;0.00
2016;3;34;V. Recursos de Capital;86.06;0.813654;0.813654;11171.01
2016;3;33;IV.Resultado Economico Neto de Remesas;556.56;0.813654;0.813654;72244.24
2016;3;32;Remesas EMT;0.00;0.813654;0.813654;0.00
2016;3;31;Remesas ATM;28.50;0.813654;0.813654;3699.44
2016;3;30;Resultado Economico con Remesas;585.06;0.813654;0.813654;75943.68
2016;3;29;Otras Erogaciones Corrientes;1.42;0.813654;0.813654;184.32
2016;3;28;Otras Transferencias;280.01;0.813654;0.813654;36346.68
2016;3;27;Municipios;208.28;0.813654;0.813654;27035.77
2016;3;26;Transferencias a Municipios y Otros;488.29;0.813654;0.813654;63382.46
2016;3;25;Intereses y Gastos de la Deuda;274.45;0.813654;0.813654;35624.97
2016;3;24;Otros Servicios;229.88;0.813654;0.813654;29839.56
2016;3;23;Bienes Corrientes;97.65;0.813654;0.813654;12675.45
2016;3;22;Locaciones de Servicio;16.80;0.813654;0.813654;2180.72
2016;3;21;Personal;1888.82;0.813654;0.813654;245178.18
2016;3;20;Erogaciones Corrientes;2997.31;0.813654;0.813654;389065.67
2016;3;19;Aportes no Reintegrables;119.27;0.813654;0.813654;15481.84
2016;3;18;Coparticipacion Vial;6.26;0.813654;0.813654;812.58
2016;3;17;Ley 25.053 Fdo. Nac. de Incentivo Docente;82.74;0.813654;0.813654;10740.06
2016;3;16;Regimenes Especiales Nacionales s/Financ. Educativo;211.98;0.813654;0.813654;27516.05
2016;3;15;Coparticipacion Federal + Financ. Educativo;1148.52;0.813654;0.813654;149083.58
2016;3;14;De Origen Nacional;1568.77;0.813654;0.813654;203634.11
2016;3;13;Otros no Tributarios;192.69;0.813654;0.813654;25012.12
2016;3;12;Remesas del Instituto de Juegos y Casino;7.68;0.813654;0.813654;996.90
2016;3;11;Tasas Retributivas de Servicios;121.52;0.813654;0.813654;15773.90
2016;3;10;Regalias;285.53;0.813654;0.813654;37063.21
2016;3;9;No Tributarios;607.42;0.813654;0.813654;78846.12
2016;3;8;Otros Tributarios;2.30;0.813654;0.813654;298.55
2016;3;7;Sellos y Tasas de Justicia;125.09;0.813654;0.813654;16237.30
2016;3;6;Inmobiliario;260.65;0.813654;0.813654;33833.66
2016;3;5;Automotor;65.55;0.813654;0.813654;8508.71
2016;3;4;Ingresos Brutos;952.59;0.813654;0.813654;123650.90
2016;3;3;Tributarios;1406.18;0.813654;0.813654;182529.12
2016;3;2;De Origen Provincial;2013.60;0.813654;0.813654;261375.24
2016;3;1;Recursos Corrientes;3582.37;0.813654;0.813654;465009.35
2016;4;55;Resultado Operativo - Amortizacion de la D Consolidada;-136.30;0.835488;0.835488;-17230.05
2016;4;54;Amortizacion de la Deuda Consolidada;89.63;0.835488;0.835488;11330.37
2016;4;53;IX. Resultado Operativo (VIII-IX);-46.67;0.835488;0.835488;-5899.68
2016;4;52;VIII. Egresos Totales (II+V+VI+VII);3658.94;0.835488;0.835488;462536.58
2016;4;51;VII. Ingresos Totales (I+IV);3612.27;0.835488;0.835488;456636.90
2016;4;50;Otros;0.00;0.835488;0.835488;0.00
2016;4;49;Compra de Acciones, Titulos, Valores, Otros;36.30;0.835488;0.835488;4588.78
2016;4;48;Prestamos;3.39;0.835488;0.835488;428.54
2016;4;47;Inversion Financiera;39.69;0.835488;0.835488;5017.32
2016;4;46;al Sector Privado;0.00;0.835488;0.835488;0.00
2016;4;45;al Sector Publico+Remesas al IPV;28.87;0.835488;0.835488;3649.54
2016;4;44;Transferencias para financiar Erogaciones de Capital;28.87;0.835488;0.835488;3649.54
2016;4;43;Trabajos Publicos;60.71;0.835488;0.835488;7674.52
2016;4;42;Bienes de Capital;3.85;0.835488;0.835488;486.69
2016;4;41;VI. Erogaciones de Capital;133.12;0.835488;0.835488;16828.06
2016;4;40;Resto Otros Recursos de Capital;63.93;0.835488;0.835488;8081.57
2016;4;39;Fondo Residual;0.09;0.835488;0.835488;11.38
2016;4;38;Venta de Acciones;0.00;0.835488;0.835488;0.00
2016;4;37;Otros Recursos de Capital;64.02;0.835488;0.835488;8092.94
2016;4;36;Reembolsos de Prestamos;6.70;0.835488;0.835488;846.97
2016;4;35;Reembolsos de Obras Publicas;0.00;0.835488;0.835488;0.00
2016;4;34;V. Recursos de Capital;70.72;0.835488;0.835488;8939.91
2016;4;33;IV.Resultado Economico Neto de Remesas;15.73;0.835488;0.835488;1988.47
2016;4;32;Remesas EMT;0.00;0.835488;0.835488;0.00
2016;4;31;Remesas ATM;29.01;0.835488;0.835488;3667.23
2016;4;30;Resultado Economico con Remesas;44.74;0.835488;0.835488;5655.71
2016;4;29;Otras Erogaciones Corrientes;0.00;0.835488;0.835488;0.00
2016;4;28;Otras Transferencias;336.27;0.835488;0.835488;42508.81
2016;4;27;Municipios;613.73;0.835488;0.835488;77583.28
2016;4;26;Transferencias a Municipios y Otros;950.00;0.835488;0.835488;120092.09
2016;4;25;Intereses y Gastos de la Deuda;97.88;0.835488;0.835488;12373.28
2016;4;24;Otros Servicios;248.22;0.835488;0.835488;31378.17
2016;4;23;Bienes Corrientes;126.28;0.835488;0.835488;15963.40
2016;4;22;Locaciones de Servicio;15.25;0.835488;0.835488;1927.79
2016;4;21;Personal;2059.18;0.835488;0.835488;260306.56
2016;4;20;Erogaciones Corrientes;3496.81;0.835488;0.835488;442041.28
2016;4;19;Aportes no Reintegrables;129.90;0.835488;0.835488;16421.01
2016;4;18;Coparticipacion Vial;17.24;0.835488;0.835488;2179.36
2016;4;17;Ley 25.053 Fdo. Nac. de Incentivo Docente;56.81;0.835488;0.835488;7181.51
2016;4;16;Regimenes Especiales Nacionales s/Financ. Educativo;183.07;0.835488;0.835488;23142.38
2016;4;15;Coparticipacion Federal + Financ. Educativo;1271.62;0.835488;0.835488;160748.95
2016;4;14;De Origen Nacional;1658.64;0.835488;0.835488;209673.20
2016;4;13;Otros no Tributarios;174.08;0.835488;0.835488;22005.93
2016;4;12;Remesas del Instituto de Juegos y Casino;11.92;0.835488;0.835488;1506.84
2016;4;11;Tasas Retributivas de Servicios;87.50;0.835488;0.835488;11061.11
2016;4;10;Regalias;262.35;0.835488;0.835488;33164.38
2016;4;9;No Tributarios;535.85;0.835488;0.835488;67738.26
2016;4;8;Otros Tributarios;3.36;0.835488;0.835488;424.75
2016;4;7;Sellos y Tasas de Justicia;157.18;0.835488;0.835488;19869.55
2016;4;6;Inmobiliario;26.64;0.835488;0.835488;3367.64
2016;4;5;Automotor;130.90;0.835488;0.835488;16547.43
2016;4;4;Ingresos Brutos;1028.98;0.835488;0.835488;130076.17
2016;4;3;Tributarios;1347.06;0.835488;0.835488;170285.53
2016;4;2;De Origen Provincial;1882.91;0.835488;0.835488;238023.78
2016;4;1;Recursos Corrientes;3541.55;0.835488;0.835488;447696.99
2016;5;55;Resultado Operativo - Amortizacion de la D Consolidada;315.97;0.861710;0.861710;38727.17
2016;5;54;Amortizacion de la Deuda Consolidada;272.89;0.861710;0.861710;33447.03
2016;5;53;IX. Resultado Operativo (VIII-IX);588.86;0.861710;0.861710;72174.19
2016;5;52;VIII. Egresos Totales (II+V+VI+VII);3931.14;0.861710;0.861710;481823.96
2016;5;51;VII. Ingresos Totales (I+IV);4520.00;0.861710;0.861710;553998.15
2016;5;50;Otros;0.00;0.861710;0.861710;0.00
2016;5;49;Compra de Acciones, Titulos, Valores, Otros;0.00;0.861710;0.861710;0.00
2016;5;48;Prestamos;3.47;0.861710;0.861710;425.30
2016;5;47;Inversion Financiera;3.47;0.861710;0.861710;425.30
2016;5;46;al Sector Privado;0.00;0.861710;0.861710;0.00
2016;5;45;al Sector Publico+Remesas al IPV;38.52;0.861710;0.861710;4721.24
2016;5;44;Transferencias para financiar Erogaciones de Capital;38.52;0.861710;0.861710;4721.24
2016;5;43;Trabajos Publicos;80.68;0.861710;0.861710;9888.62
2016;5;42;Bienes de Capital;18.29;0.861710;0.861710;2241.73
2016;5;41;VI. Erogaciones de Capital;140.96;0.861710;0.861710;17276.90
2016;5;40;Resto Otros Recursos de Capital;194.60;0.861710;0.861710;23851.34
2016;5;39;Fondo Residual;0.27;0.861710;0.861710;33.09
2016;5;38;Venta de Acciones;0.00;0.861710;0.861710;0.00
2016;5;37;Otros Recursos de Capital;194.87;0.861710;0.861710;23884.43
2016;5;36;Reembolsos de Prestamos;0.44;0.861710;0.861710;53.93
2016;5;35;Reembolsos de Obras Publicas;0.00;0.861710;0.861710;0.00
2016;5;34;V. Recursos de Capital;195.31;0.861710;0.861710;23938.36
2016;5;33;IV.Resultado Economico Neto de Remesas;534.51;0.861710;0.861710;65512.73
2016;5;32;Remesas EMT;0.00;0.861710;0.861710;0.00
2016;5;31;Remesas ATM;69.39;0.861710;0.861710;8504.85
2016;5;30;Resultado Economico con Remesas;603.90;0.861710;0.861710;74017.58
2016;5;29;Otras Erogaciones Corrientes;0.00;0.861710;0.861710;0.00
2016;5;28;Otras Transferencias;337.49;0.861710;0.861710;41364.79
2016;5;27;Municipios;638.47;0.861710;0.861710;78254.69
2016;5;26;Transferencias a Municipios y Otros;975.96;0.861710;0.861710;119619.48
2016;5;25;Intereses y Gastos de la Deuda;121.30;0.861710;0.861710;14867.25
2016;5;24;Otros Servicios;274.08;0.861710;0.861710;33592.88
2016;5;23;Bienes Corrientes;115.69;0.861710;0.861710;14179.66
2016;5;22;Locaciones de Servicio;17.48;0.861710;0.861710;2142.45
2016;5;21;Personal;2216.28;0.861710;0.861710;271640.49
2016;5;20;Erogaciones Corrientes;3720.79;0.861710;0.861710;456042.21
2016;5;19;Aportes no Reintegrables;136.48;0.861710;0.861710;16727.80
2016;5;18;Coparticipacion Vial;13.92;0.861710;0.861710;1706.12
2016;5;17;Ley 25.053 Fdo. Nac. de Incentivo Docente;56.81;0.861710;0.861710;6962.97
2016;5;16;Regimenes Especiales Nacionales s/Financ. Educativo;373.00;0.861710;0.861710;45717.10
2016;5;15;Coparticipacion Federal + Financ. Educativo;1606.79;0.861710;0.861710;196937.76
2016;5;14;De Origen Nacional;2187.00;0.861710;0.861710;268051.76
2016;5;13;Otros no Tributarios;240.64;0.861710;0.861710;29494.27
2016;5;12;Remesas del Instituto de Juegos y Casino;7.74;0.861710;0.861710;948.66
2016;5;11;Tasas Retributivas de Servicios;105.14;0.861710;0.861710;12886.59
2016;5;10;Regalias;361.89;0.861710;0.861710;44355.40
2016;5;9;No Tributarios;715.41;0.861710;0.861710;87684.91
2016;5;8;Otros Tributarios;5.28;0.861710;0.861710;647.15
2016;5;7;Sellos y Tasas de Justicia;150.10;0.861710;0.861710;18397.15
2016;5;6;Inmobiliario;60.30;0.861710;0.861710;7390.73
2016;5;5;Automotor;50.69;0.861710;0.861710;6212.87
2016;5;4;Ingresos Brutos;1155.91;0.861710;0.861710;141675.22
2016;5;3;Tributarios;1422.28;0.861710;0.861710;174323.12
2016;5;2;De Origen Provincial;2137.69;0.861710;0.861710;262008.03
2016;5;1;Recursos Corrientes;4324.69;0.861710;0.861710;530059.79
2016;6;55;Resultado Operativo - Amortizacion de la D Consolidada;-656.99;0.891310;0.891310;-77850.43
2016;6;54;Amortizacion de la Deuda Consolidada;34.29;0.891310;0.891310;4063.21
2016;6;53;IX. Resultado Operativo (VIII-IX);-622.70;0.891310;0.891310;-73787.21
2016;6;52;VIII. Egresos Totales (II+V+VI+VII);5144.39;0.891310;0.891310;609587.59
2016;6;51;VII. Ingresos Totales (I+IV);4521.69;0.891310;0.891310;535800.38
2016;6;50;Otros;0.00;0.891310;0.891310;0.00
2016;6;49;Compra de Acciones, Titulos, Valores, Otros;10.00;0.891310;0.891310;1184.96
2016;6;48;Prestamos;3.52;0.891310;0.891310;417.10
2016;6;47;Inversion Financiera;13.52;0.891310;0.891310;1602.06
2016;6;46;al Sector Privado;0.00;0.891310;0.891310;0.00
2016;6;45;al Sector Publico+Remesas al IPV;61.14;0.891310;0.891310;7244.82
2016;6;44;Transferencias para financiar Erogaciones de Capital;61.14;0.891310;0.891310;7244.82
2016;6;43;Trabajos Publicos;57.67;0.891310;0.891310;6833.64
2016;6;42;Bienes de Capital;181.85;0.891310;0.891310;21548.43
2016;6;41;VI. Erogaciones de Capital;314.18;0.891310;0.891310;37228.95
2016;6;40;Resto Otros Recursos de Capital;53.16;0.891310;0.891310;6299.23
2016;6;39;Fondo Residual;0.81;0.891310;0.891310;95.98
2016;6;38;Venta de Acciones;0.00;0.891310;0.891310;0.00
2016;6;37;Otros Recursos de Capital;53.97;0.891310;0.891310;6395.21
2016;6;36;Reembolsos de Prestamos;0.40;0.891310;0.891310;47.40
2016;6;35;Reembolsos de Obras Publicas;0.00;0.891310;0.891310;0.00
2016;6;34;V. Recursos de Capital;54.37;0.891310;0.891310;6442.61
2016;6;33;IV.Resultado Economico Neto de Remesas;-362.89;0.891310;0.891310;-43000.87
2016;6;32;Remesas EMT;0.00;0.891310;0.891310;0.00
2016;6;31;Remesas ATM;29.00;0.891310;0.891310;3436.37
2016;6;30;Resultado Economico con Remesas;-333.89;0.891310;0.891310;-39564.50
2016;6;29;Otras Erogaciones Corrientes;0.00;0.891310;0.891310;0.00
2016;6;28;Otras Transferencias;414.27;0.891310;0.891310;49089.17
2016;6;27;Municipios;658.02;0.891310;0.891310;77972.48
2016;6;26;Transferencias a Municipios y Otros;1072.29;0.891310;0.891310;127061.65
2016;6;25;Intereses y Gastos de la Deuda;262.57;0.891310;0.891310;31113.39
2016;6;24;Otros Servicios;292.48;0.891310;0.891310;34657.59
2016;6;23;Bienes Corrientes;113.71;0.891310;0.891310;13474.13
2016;6;22;Locaciones de Servicio;15.73;0.891310;0.891310;1863.94
2016;6;21;Personal;3044.43;0.891310;0.891310;360751.57
2016;6;20;Erogaciones Corrientes;4801.21;0.891310;0.891310;568922.27
2016;6;19;Aportes no Reintegrables;212.52;0.891310;0.891310;25182.69
2016;6;18;Coparticipacion Vial;17.32;0.891310;0.891310;2052.34
2016;6;17;Ley 25.053 Fdo. Nac. de Incentivo Docente;52.03;0.891310;0.891310;6165.33
2016;6;16;Regimenes Especiales Nacionales s/Financ. Educativo;456.89;0.891310;0.891310;54139.46
2016;6;15;Coparticipacion Federal + Financ. Educativo;1752.12;0.891310;0.891310;207618.51
2016;6;14;De Origen Nacional;2490.88;0.891310;0.891310;295158.33
2016;6;13;Otros no Tributarios;241.80;0.891310;0.891310;28652.24
2016;6;12;Remesas del Instituto de Juegos y Casino;8.68;0.891310;0.891310;1028.54
2016;6;11;Tasas Retributivas de Servicios;99.59;0.891310;0.891310;11800.98
2016;6;10;Regalias;265.73;0.891310;0.891310;31487.84
2016;6;9;No Tributarios;615.80;0.891310;0.891310;72969.59
2016;6;8;Otros Tributarios;0.47;0.891310;0.891310;55.69
2016;6;7;Sellos y Tasas de Justicia;149.13;0.891310;0.891310;17671.25
2016;6;6;Inmobiliario;22.57;0.891310;0.891310;2674.45
2016;6;5;Automotor;127.15;0.891310;0.891310;15066.72
2016;6;4;Ingresos Brutos;1061.32;0.891310;0.891310;125761.75
2016;6;3;Tributarios;1360.64;0.891310;0.891310;161229.86
2016;6;2;De Origen Provincial;1976.44;0.891310;0.891310;234199.45
2016;6;1;Recursos Corrientes;4467.32;0.891310;0.891310;529357.77
2016;7;55;Resultado Operativo - Amortizacion de la D Consolidada;-245.81;0.924157;0.924157;-28092.14
2016;7;54;Amortizacion de la Deuda Consolidada;65.04;0.924157;0.924157;7433.03
2016;7;53;IX. Resultado Operativo (VIII-IX);-180.77;0.924157;0.924157;-20659.11
2016;7;52;VIII. Egresos Totales (II+V+VI+VII);4073.19;0.924157;0.924157;465500.25
2016;7;51;VII. Ingresos Totales (I+IV);3892.42;0.924157;0.924157;444841.14
2016;7;50;Otros;0.00;0.924157;0.924157;0.00
2016;7;49;Compra de Acciones, Titulos, Valores, Otros;0.00;0.924157;0.924157;0.00
2016;7;48;Prestamos;3.21;0.924157;0.924157;366.85
2016;7;47;Inversion Financiera;3.21;0.924157;0.924157;366.85
2016;7;46;al Sector Privado;0.00;0.924157;0.924157;0.00
2016;7;45;al Sector Publico+Remesas al IPV;66.71;0.924157;0.924157;7623.88
2016;7;44;Transferencias para financiar Erogaciones de Capital;66.71;0.924157;0.924157;7623.88
2016;7;43;Trabajos Publicos;81.45;0.924157;0.924157;9308.43
2016;7;42;Bienes de Capital;17.38;0.924157;0.924157;1986.26
2016;7;41;VI. Erogaciones de Capital;168.75;0.924157;0.924157;19285.42
2016;7;40;Resto Otros Recursos de Capital;93.29;0.924157;0.924157;10661.55
2016;7;39;Fondo Residual;0.06;0.924157;0.924157;6.86
2016;7;38;Venta de Acciones;0.00;0.924157;0.924157;0.00
2016;7;37;Otros Recursos de Capital;93.35;0.924157;0.924157;10668.41
2016;7;36;Reembolsos de Prestamos;22.91;0.924157;0.924157;2618.25
2016;7;35;Reembolsos de Obras Publicas;0.00;0.924157;0.924157;0.00
2016;7;34;V. Recursos de Capital;116.26;0.924157;0.924157;13286.65
2016;7;33;IV.Resultado Economico Neto de Remesas;-128.28;0.924157;0.924157;-14660.35
2016;7;32;Remesas EMT;2.38;0.924157;0.924157;272.00
2016;7;31;Remesas ATM;21.20;0.924157;0.924157;2422.82
2016;7;30;Resultado Economico con Remesas;-104.70;0.924157;0.924157;-11965.53
2016;7;29;Otras Erogaciones Corrientes;2.83;0.924157;0.924157;323.42
2016;7;28;Otras Transferencias;405.63;0.924157;0.924157;46357.00
2016;7;27;Municipios;746.08;0.924157;0.924157;85264.97
2016;7;26;Transferencias a Municipios y Otros;1151.71;0.924157;0.924157;131621.97
2016;7;25;Intereses y Gastos de la Deuda;19.22;0.924157;0.924157;2196.54
2016;7;24;Otros Servicios;311.09;0.924157;0.924157;35552.59
2016;7;23;Bienes Corrientes;154.16;0.924157;0.924157;17618.01
2016;7;22;Locaciones de Servicio;22.29;0.924157;0.924157;2547.39
2016;7;21;Personal;2219.56;0.924157;0.924157;253660.09
2016;7;20;Erogaciones Corrientes;3880.86;0.924157;0.924157;443520.02
2016;7;19;Aportes no Reintegrables;173.54;0.924157;0.924157;19832.84
2016;7;18;Coparticipacion Vial;47.26;0.924157;0.924157;5401.06
2016;7;17;Ley 25.053 Fdo. Nac. de Incentivo Docente;0.00;0.924157;0.924157;0.00
2016;7;16;Regimenes Especiales Nacionales s/Financ. Educativo;240.92;0.924157;0.924157;27533.29
2016;7;15;Coparticipacion Federal + Financ. Educativo;1511.37;0.924157;0.924157;172725.34
2016;7;14;De Origen Nacional;1973.09;0.924157;0.924157;225492.52
2016;7;13;Otros no Tributarios;155.69;0.924157;0.924157;17792.87
2016;7;12;Remesas del Instituto de Juegos y Casino;14.36;0.924157;0.924157;1641.12
2016;7;11;Tasas Retributivas de Servicios;82.73;0.924157;0.924157;9454.71
2016;7;10;Regalias;252.29;0.924157;0.924157;28832.70
2016;7;9;No Tributarios;505.07;0.924157;0.924157;57721.40
2016;7;8;Otros Tributarios;2.69;0.924157;0.924157;307.42
2016;7;7;Sellos y Tasas de Justicia;145.22;0.924157;0.924157;16596.32
2016;7;6;Inmobiliario;57.47;0.924157;0.924157;6567.90
2016;7;5;Automotor;52.87;0.924157;0.924157;6042.19
2016;7;4;Ingresos Brutos;1039.75;0.924157;0.924157;118826.74
2016;7;3;Tributarios;1298.00;0.924157;0.924157;148340.57
2016;7;2;De Origen Provincial;1803.07;0.924157;0.924157;206061.97
2016;7;1;Recursos Corrientes;3776.16;0.924157;0.924157;431554.49
2016;8;55;Resultado Operativo - Amortizacion de la D Consolidada;-583.40;0.947191;0.947191;-65051.88
2016;8;54;Amortizacion de la Deuda Consolidada;481.28;0.947191;0.947191;53665.02
2016;8;53;IX. Resultado Operativo (VIII-IX);-102.12;0.947191;0.947191;-11386.87
2016;8;52;VIII. Egresos Totales (II+V+VI+VII);4830.56;0.947191;0.947191;538630.48
2016;8;51;VII. Ingresos Totales (I+IV);4728.44;0.947191;0.947191;527243.62
2016;8;50;Otros;0.00;0.947191;0.947191;0.00
2016;8;49;Compra de Acciones, Titulos, Valores, Otros;80.60;0.947191;0.947191;8987.28
2016;8;48;Prestamos;3.25;0.947191;0.947191;362.39
2016;8;47;Inversion Financiera;83.85;0.947191;0.947191;9349.67
2016;8;46;al Sector Privado;0.00;0.947191;0.947191;0.00
2016;8;45;al Sector Publico+Remesas al IPV;20.04;0.947191;0.947191;2234.56
2016;8;44;Transferencias para financiar Erogaciones de Capital;20.04;0.947191;0.947191;2234.56
2016;8;43;Trabajos Publicos;163.83;0.947191;0.947191;18267.83
2016;8;42;Bienes de Capital;15.91;0.947191;0.947191;1774.04
2016;8;41;VI. Erogaciones de Capital;283.63;0.947191;0.947191;31626.10
2016;8;40;Resto Otros Recursos de Capital;43.79;0.947191;0.947191;4882.79
2016;8;39;Fondo Residual;0.07;0.947191;0.947191;7.81
2016;8;38;Venta de Acciones;0.00;0.947191;0.947191;0.00
2016;8;37;Otros Recursos de Capital;43.86;0.947191;0.947191;4890.60
2016;8;36;Reembolsos de Prestamos;-26.64;0.947191;0.947191;-2970.49
2016;8;35;Reembolsos de Obras Publicas;0.00;0.947191;0.947191;0.00
2016;8;34;V. Recursos de Capital;17.22;0.947191;0.947191;1920.11
2016;8;33;IV.Resultado Economico Neto de Remesas;164.29;0.947191;0.947191;18319.12
2016;8;32;Remesas EMT;2.57;0.947191;0.947191;286.57
2016;8;31;Remesas ATM;174.52;0.947191;0.947191;19459.81
2016;8;30;Resultado Economico con Remesas;341.38;0.947191;0.947191;38065.50
2016;8;29;Otras Erogaciones Corrientes;0.00;0.947191;0.947191;0.00
2016;8;28;Otras Transferencias;393.65;0.947191;0.947191;43893.85
2016;8;27;Municipios;589.96;0.947191;0.947191;65783.35
2016;8;26;Transferencias a Municipios y Otros;983.61;0.947191;0.947191;109677.21
2016;8;25;Intereses y Gastos de la Deuda;344.14;0.947191;0.947191;38373.25
2016;8;24;Otros Servicios;322.87;0.947191;0.947191;36001.55
2016;8;23;Bienes Corrientes;154.72;0.947191;0.947191;17252.02
2016;8;22;Locaciones de Servicio;24.25;0.947191;0.947191;2703.99
2016;8;21;Personal;2540.25;0.947191;0.947191;283249.99
2016;8;20;Erogaciones Corrientes;4369.84;0.947191;0.947191;487258.01
2016;8;19;Aportes no Reintegrables;217.89;0.947191;0.947191;24295.77
2016;8;18;Coparticipacion Vial;37.43;0.947191;0.947191;4173.62
2016;8;17;Ley 25.053 Fdo. Nac. de Incentivo Docente;139.04;0.947191;0.947191;15503.62
2016;8;16;Regimenes Especiales Nacionales s/Financ. Educativo;450.01;0.947191;0.947191;50178.26
2016;8;15;Coparticipacion Federal + Financ. Educativo;1538.91;0.947191;0.947191;171595.81
2016;8;14;De Origen Nacional;2383.28;0.947191;0.947191;265747.09
2016;8;13;Otros no Tributarios;410.71;0.947191;0.947191;45796.12
2016;8;12;Remesas del Instituto de Juegos y Casino;7.68;0.947191;0.947191;856.36
2016;8;11;Tasas Retributivas de Servicios;133.77;0.947191;0.947191;14915.99
2016;8;10;Regalias;272.08;0.947191;0.947191;30338.22
2016;8;9;No Tributarios;824.24;0.947191;0.947191;91906.69
2016;8;8;Otros Tributarios;4.03;0.947191;0.947191;449.36
2016;8;7;Sellos y Tasas de Justicia;164.68;0.947191;0.947191;18362.61
2016;8;6;Inmobiliario;21.54;0.947191;0.947191;2401.81
2016;8;5;Automotor;125.76;0.947191;0.947191;14022.84
2016;8;4;Ingresos Brutos;1187.69;0.947191;0.947191;132433.10
2016;8;3;Tributarios;1503.70;0.947191;0.947191;167669.72
2016;8;2;De Origen Provincial;2327.94;0.947191;0.947191;259576.42
2016;8;1;Recursos Corrientes;4711.22;0.947191;0.947191;525323.50
2016;9;55;Resultado Operativo - Amortizacion de la D Consolidada;189.64;0.956989;0.956989;20929.27
2016;9;54;Amortizacion de la Deuda Consolidada;200.33;0.956989;0.956989;22109.05
2016;9;53;IX. Resultado Operativo (VIII-IX);389.97;0.956989;0.956989;43038.32
2016;9;52;VIII. Egresos Totales (II+V+VI+VII);4531.87;0.956989;0.956989;500151.42
2016;9;51;VII. Ingresos Totales (I+IV);4921.84;0.956989;0.956989;543189.74
2016;9;50;Otros;0.00;0.956989;0.956989;0.00
2016;9;49;Compra de Acciones, Titulos, Valores, Otros;4.67;0.956989;0.956989;515.40
2016;9;48;Prestamos;224.15;0.956989;0.956989;24737.90
2016;9;47;Inversion Financiera;228.82;0.956989;0.956989;25253.29
2016;9;46;al Sector Privado;0.00;0.956989;0.956989;0.00
2016;9;45;al Sector Publico+Remesas al IPV;84.04;0.956989;0.956989;9274.92
2016;9;44;Transferencias para financiar Erogaciones de Capital;84.04;0.956989;0.956989;9274.92
2016;9;43;Trabajos Publicos;102.21;0.956989;0.956989;11280.22
2016;9;42;Bienes de Capital;30.09;0.956989;0.956989;3320.83
2016;9;41;VI. Erogaciones de Capital;445.16;0.956989;0.956989;49129.26
2016;9;40;Resto Otros Recursos de Capital;66.77;0.956989;0.956989;7368.95
2016;9;39;Fondo Residual;1.02;0.956989;0.956989;112.57
2016;9;38;Venta de Acciones;0.00;0.956989;0.956989;0.00
2016;9;37;Otros Recursos de Capital;67.79;0.956989;0.956989;7481.52
2016;9;36;Reembolsos de Prestamos;4.99;0.956989;0.956989;550.71
2016;9;35;Reembolsos de Obras Publicas;0.00;0.956989;0.956989;0.00
2016;9;34;V. Recursos de Capital;72.78;0.956989;0.956989;8032.23
2016;9;33;IV.Resultado Economico Neto de Remesas;762.35;0.956989;0.956989;84135.34
2016;9;32;Remesas EMT;2.77;0.956989;0.956989;305.71
2016;9;31;Remesas ATM;31.64;0.956989;0.956989;3491.89
2016;9;30;Resultado Economico con Remesas;796.76;0.956989;0.956989;87932.94
2016;9;29;Otras Erogaciones Corrientes;0.00;0.956989;0.956989;0.00
2016;9;28;Otras Transferencias;415.92;0.956989;0.956989;45902.24
2016;9;27;Municipios;703.55;0.956989;0.956989;77645.99
2016;9;26;Transferencias a Municipios y Otros;1119.47;0.956989;0.956989;123548.23
2016;9;25;Intereses y Gastos de la Deuda;63.00;0.956989;0.956989;6952.88
2016;9;24;Otros Servicios;368.23;0.956989;0.956989;40639.02
2016;9;23;Bienes Corrientes;152.54;0.956989;0.956989;16834.79
2016;9;22;Locaciones de Servicio;19.11;0.956989;0.956989;2109.04
2016;9;21;Personal;2329.95;0.956989;0.956989;257140.61
2016;9;20;Erogaciones Corrientes;4052.30;0.956989;0.956989;447224.57
2016;9;19;Aportes no Reintegrables;230.43;0.956989;0.956989;25430.98
2016;9;18;Coparticipacion Vial;22.05;0.956989;0.956989;2433.51
2016;9;17;Ley 25.053 Fdo. Nac. de Incentivo Docente;69.91;0.956989;0.956989;7715.49
2016;9;16;Regimenes Especiales Nacionales s/Financ. Educativo;179.90;0.956989;0.956989;19854.33
2016;9;15;Coparticipacion Federal + Financ. Educativo;1786.46;0.956989;0.956989;197159.34
2016;9;14;De Origen Nacional;2288.75;0.956989;0.956989;252593.65
2016;9;13;Otros no Tributarios;613.71;0.956989;0.956989;67730.97
2016;9;12;Remesas del Instituto de Juegos y Casino;15.36;0.956989;0.956989;1695.18
2016;9;11;Tasas Retributivas de Servicios;109.16;0.956989;0.956989;12047.24
2016;9;10;Regalias;327.79;0.956989;0.956989;36175.94
2016;9;9;No Tributarios;1066.02;0.956989;0.956989;117649.32
2016;9;8;Otros Tributarios;7.94;0.956989;0.956989;876.28
2016;9;7;Sellos y Tasas de Justicia;189.26;0.956989;0.956989;20887.33
2016;9;6;Inmobiliario;55.56;0.956989;0.956989;6131.78
2016;9;5;Automotor;49.35;0.956989;0.956989;5446.42
2016;9;4;Ingresos Brutos;1192.18;0.956989;0.956989;131572.73
2016;9;3;Tributarios;1494.29;0.956989;0.956989;164914.54
2016;9;2;De Origen Provincial;2560.31;0.956989;0.956989;282563.86
2016;9;1;Recursos Corrientes;4849.06;0.956989;0.956989;535157.51
2016;10;55;Resultado Operativo - Amortizacion de la D Consolidada;-1357.15;0.963248;0.963248;-148806.10
2016;10;54;Amortizacion de la Deuda Consolidada;221.92;0.963248;0.963248;24332.65
2016;10;53;IX. Resultado Operativo (VIII-IX);-1135.23;0.963248;0.963248;-124473.46
2016;10;52;VIII. Egresos Totales (II+V+VI+VII);5118.90;0.963248;0.963248;561267.04
2016;10;51;VII. Ingresos Totales (I+IV);3983.67;0.963248;0.963248;436793.58
2016;10;50;Otros;0.00;0.963248;0.963248;0.00
2016;10;49;Compra de Acciones, Titulos, Valores, Otros;0.00;0.963248;0.963248;0.00
2016;10;48;Prestamos;3.17;0.963248;0.963248;347.58
2016;10;47;Inversion Financiera;3.17;0.963248;0.963248;347.58
2016;10;46;al Sector Privado;0.00;0.963248;0.963248;0.00
2016;10;45;al Sector Publico+Remesas al IPV;37.01;0.963248;0.963248;4058.00
2016;10;44;Transferencias para financiar Erogaciones de Capital;37.01;0.963248;0.963248;4058.00
2016;10;43;Trabajos Publicos;210.43;0.963248;0.963248;23072.81
2016;10;42;Bienes de Capital;31.49;0.963248;0.963248;3452.75
2016;10;41;VI. Erogaciones de Capital;282.10;0.963248;0.963248;30931.14
2016;10;40;Resto Otros Recursos de Capital;43.52;0.963248;0.963248;4771.80
2016;10;39;Fondo Residual;0.38;0.963248;0.963248;41.67
2016;10;38;Venta de Acciones;0.00;0.963248;0.963248;0.00
2016;10;37;Otros Recursos de Capital;43.90;0.963248;0.963248;4813.46
2016;10;36;Reembolsos de Prestamos;4.23;0.963248;0.963248;463.80
2016;10;35;Reembolsos de Obras Publicas;0.00;0.963248;0.963248;0.00
2016;10;34;V. Recursos de Capital;48.13;0.963248;0.963248;5277.26
2016;10;33;IV.Resultado Economico Neto de Remesas;-901.26;0.963248;0.963248;-98819.58
2016;10;32;Remesas EMT;2.57;0.963248;0.963248;281.79
2016;10;31;Remesas ATM;55.47;0.963248;0.963248;6082.07
2016;10;30;Resultado Economico con Remesas;-843.22;0.963248;0.963248;-92455.72
2016;10;29;Otras Erogaciones Corrientes;1.42;0.963248;0.963248;155.70
2016;10;28;Otras Transferencias;384.06;0.963248;0.963248;42110.65
2016;10;27;Municipios;679.68;0.963248;0.963248;74524.21
2016;10;26;Transferencias a Municipios y Otros;1063.74;0.963248;0.963248;116634.86
2016;10;25;Intereses y Gastos de la Deuda;893.07;0.963248;0.963248;97921.58
2016;10;24;Otros Servicios;354.79;0.963248;0.963248;38901.31
2016;10;23;Bienes Corrientes;121.11;0.963248;0.963248;13279.23
2016;10;22;Locaciones de Servicio;18.09;0.963248;0.963248;1983.50
2016;10;21;Personal;2326.54;0.963248;0.963248;255095.86
2016;10;20;Erogaciones Corrientes;4778.76;0.963248;0.963248;523972.04
2016;10;19;Aportes no Reintegrables;156.74;0.963248;0.963248;17185.92
2016;10;18;Coparticipacion Vial;16.89;0.963248;0.963248;1851.92
2016;10;17;Ley 25.053 Fdo. Nac. de Incentivo Docente;69.91;0.963248;0.963248;7665.35
2016;10;16;Regimenes Especiales Nacionales s/Financ. Educativo;329.41;0.963248;0.963248;36118.50
2016;10;15;Coparticipacion Federal + Financ. Educativo;1485.16;0.963248;0.963248;162841.89
2016;10;14;De Origen Nacional;2058.11;0.963248;0.963248;225663.58
2016;10;13;Otros no Tributarios;215.83;0.963248;0.963248;23664.90
2016;10;12;Remesas del Instituto de Juegos y Casino;20.00;0.963248;0.963248;2192.92
2016;10;11;Tasas Retributivas de Servicios;107.49;0.963248;0.963248;11785.85
2016;10;10;Regalias;282.19;0.963248;0.963248;30941.01
2016;10;9;No Tributarios;625.51;0.963248;0.963248;68584.69
2016;10;8;Otros Tributarios;2.01;0.963248;0.963248;220.39
2016;10;7;Sellos y Tasas de Justicia;187.57;0.963248;0.963248;20566.31
2016;10;6;Inmobiliario;17.95;0.963248;0.963248;1968.15
2016;10;5;Automotor;42.28;0.963248;0.963248;4635.83
2016;10;4;Ingresos Brutos;1002.11;0.963248;0.963248;109877.38
2016;10;3;Tributarios;1251.92;0.963248;0.963248;137268.05
2016;10;2;De Origen Provincial;1877.43;0.963248;0.963248;205852.74
2016;10;1;Recursos Corrientes;3935.54;0.963248;0.963248;431516.32
2016;11;55;Resultado Operativo - Amortizacion de la D Consolidada;-528.41;0.980052;0.980052;-56944.65
2016;11;54;Amortizacion de la Deuda Consolidada;64.38;0.980052;0.980052;6937.98
2016;11;53;IX. Resultado Operativo (VIII-IX);-464.03;0.980052;0.980052;-50006.67
2016;11;52;VIII. Egresos Totales (II+V+VI+VII);4756.72;0.980052;0.980052;512612.84
2016;11;51;VII. Ingresos Totales (I+IV);4292.69;0.980052;0.980052;462606.17
2016;11;50;Otros;0.00;0.980052;0.980052;0.00
2016;11;49;Compra de Acciones, Titulos, Valores, Otros;32.41;0.980052;0.980052;3492.70
2016;11;48;Prestamos;3.15;0.980052;0.980052;339.46
2016;11;47;Inversion Financiera;35.56;0.980052;0.980052;3832.16
2016;11;46;al Sector Privado;0.00;0.980052;0.980052;0.00
2016;11;45;al Sector Publico+Remesas al IPV;59.17;0.980052;0.980052;6376.52
2016;11;44;Transferencias para financiar Erogaciones de Capital;59.17;0.980052;0.980052;6376.52
2016;11;43;Trabajos Publicos;129.58;0.980052;0.980052;13964.32
2016;11;42;Bienes de Capital;41.49;0.980052;0.980052;4471.21
2016;11;41;VI. Erogaciones de Capital;265.80;0.980052;0.980052;28644.21
2016;11;40;Resto Otros Recursos de Capital;50.62;0.980052;0.980052;5455.12
2016;11;39;Fondo Residual;0.37;0.980052;0.980052;39.87
2016;11;38;Venta de Acciones;0.00;0.980052;0.980052;0.00
2016;11;37;Otros Recursos de Capital;50.99;0.980052;0.980052;5494.99
2016;11;36;Reembolsos de Prestamos;0.17;0.980052;0.980052;18.32
2016;11;35;Reembolsos de Obras Publicas;0.00;0.980052;0.980052;0.00
2016;11;34;V. Recursos de Capital;51.16;0.980052;0.980052;5513.31
2016;11;33;IV.Resultado Economico Neto de Remesas;-249.39;0.980052;0.980052;-26875.77
2016;11;32;Remesas EMT;2.68;0.980052;0.980052;288.81
2016;11;31;Remesas ATM;-4.29;0.980052;0.980052;-462.32
2016;11;30;Resultado Economico con Remesas;-251.00;0.980052;0.980052;-27049.27
2016;11;29;Otras Erogaciones Corrientes;1.42;0.980052;0.980052;153.03
2016;11;28;Otras Transferencias;426.64;0.980052;0.980052;45977.30
2016;11;27;Municipios;615.90;0.980052;0.980052;66373.10
2016;11;26;Transferencias a Municipios y Otros;1042.54;0.980052;0.980052;112350.40
2016;11;25;Intereses y Gastos de la Deuda;294.08;0.980052;0.980052;31691.83
2016;11;24;Otros Servicios;514.31;0.980052;0.980052;55425.15
2016;11;23;Bienes Corrientes;235.63;0.980052;0.980052;25392.91
2016;11;22;Locaciones de Servicio;15.61;0.980052;0.980052;1682.23
2016;11;21;Personal;2388.94;0.980052;0.980052;257446.58
2016;11;20;Erogaciones Corrientes;4492.53;0.980052;0.980052;484142.13
2016;11;19;Aportes no Reintegrables;215.74;0.980052;0.980052;23249.44
2016;11;18;Coparticipacion Vial;11.90;0.980052;0.980052;1282.42
2016;11;17;Ley 25.053 Fdo. Nac. de Incentivo Docente;0.00;0.980052;0.980052;0.00
2016;11;16;Regimenes Especiales Nacionales s/Financ. Educativo;329.31;0.980052;0.980052;35488.43
2016;11;15;Coparticipacion Federal + Financ. Educativo;1584.09;0.980052;0.980052;170711.09
2016;11;14;De Origen Nacional;2141.04;0.980052;0.980052;230731.38
2016;11;13;Otros no Tributarios;239.16;0.980052;0.980052;25773.32
2016;11;12;Remesas del Instituto de Juegos y Casino;14.88;0.980052;0.980052;1603.56
2016;11;11;Tasas Retributivas de Servicios;104.90;0.980052;0.980052;11304.66
2016;11;10;Regalias;276.71;0.980052;0.980052;29819.94
2016;11;9;No Tributarios;635.65;0.980052;0.980052;68501.48
2016;11;8;Otros Tributarios;6.86;0.980052;0.980052;739.27
2016;11;7;Sellos y Tasas de Justicia;183.07;0.980052;0.980052;19728.73
2016;11;6;Inmobiliario;56.07;0.980052;0.980052;6042.44
2016;11;5;Automotor;43.06;0.980052;0.980052;4640.41
2016;11;4;Ingresos Brutos;1175.78;0.980052;0.980052;126709.14
2016;11;3;Tributarios;1464.84;0.980052;0.980052;157859.99
2016;11;2;De Origen Provincial;2100.49;0.980052;0.980052;226361.47
2016;11;1;Recursos Corrientes;4241.53;0.980052;0.980052;457092.86
2016;12;55;Resultado Operativo - Amortizacion de la D Consolidada;-3602.08;1.000000;1.000000;-380438.42
2016;12;54;Amortizacion de la Deuda Consolidada;209.40;1.000000;1.000000;22116.06
2016;12;53;IX. Resultado Operativo (VIII-IX);-3392.68;1.000000;1.000000;-358322.36
2016;12;52;VIII. Egresos Totales (II+V+VI+VII);9025.14;1.000000;1.000000;953202.03
2016;12;51;VII. Ingresos Totales (I+IV);5632.46;1.000000;1.000000;594879.67
2016;12;50;Otros;0.00;1.000000;1.000000;0.00
2016;12;49;Compra de Acciones, Titulos, Valores, Otros;46.24;1.000000;1.000000;4883.70
2016;12;48;Prestamos;3.18;1.000000;1.000000;335.86
2016;12;47;Inversion Financiera;49.42;1.000000;1.000000;5219.56
2016;12;46;al Sector Privado;0.00;1.000000;1.000000;0.00
2016;12;45;al Sector Publico+Remesas al IPV;157.39;1.000000;1.000000;16622.95
2016;12;44;Transferencias para financiar Erogaciones de Capital;157.39;1.000000;1.000000;16622.95
2016;12;43;Trabajos Publicos;332.47;1.000000;1.000000;35114.26
2016;12;42;Bienes de Capital;195.00;1.000000;1.000000;20595.18
2016;12;41;VI. Erogaciones de Capital;734.28;1.000000;1.000000;77551.95
2016;12;40;Resto Otros Recursos de Capital;62.18;1.000000;1.000000;6567.22
2016;12;39;Fondo Residual;0.79;1.000000;1.000000;83.44
2016;12;38;Venta de Acciones;0.00;1.000000;1.000000;0.00
2016;12;37;Otros Recursos de Capital;62.97;1.000000;1.000000;6650.66
2016;12;36;Reembolsos de Prestamos;66.82;1.000000;1.000000;7057.28
2016;12;35;Reembolsos de Obras Publicas;0.00;1.000000;1.000000;0.00
2016;12;34;V. Recursos de Capital;129.79;1.000000;1.000000;13707.94
2016;12;33;IV.Resultado Economico Neto de Remesas;-2788.19;1.000000;1.000000;-294478.35
2016;12;32;Remesas EMT;45.68;1.000000;1.000000;4824.55
2016;12;31;Remesas ATM;113.45;1.000000;1.000000;11982.17
2016;12;30;Resultado Economico con Remesas;-2629.06;1.000000;1.000000;-277671.63
2016;12;29;Otras Erogaciones Corrientes;0.71;1.000000;1.000000;74.99
2016;12;28;Otras Transferencias;693.47;1.000000;1.000000;73241.75
2016;12;27;Municipios;1191.01;1.000000;1.000000;125790.09
2016;12;26;Transferencias a Municipios y Otros;1884.48;1.000000;1.000000;199031.83
2016;12;25;Intereses y Gastos de la Deuda;717.83;1.000000;1.000000;75814.56
2016;12;24;Otros Servicios;1112.52;1.000000;1.000000;117500.26
2016;12;23;Bienes Corrientes;390.51;1.000000;1.000000;41244.23
2016;12;22;Locaciones de Servicio;30.43;1.000000;1.000000;3213.90
2016;12;21;Personal;3995.25;1.000000;1.000000;421963.58
2016;12;20;Erogaciones Corrientes;8131.73;1.000000;1.000000;858843.36
2016;12;19;Aportes no Reintegrables;445.39;1.000000;1.000000;47040.45
2016;12;18;Coparticipacion Vial;-23.86;1.000000;1.000000;-2520.01
2016;12;17;Ley 25.053 Fdo. Nac. de Incentivo Docente;73.93;1.000000;1.000000;7808.21
2016;12;16;Regimenes Especiales Nacionales s/Financ. Educativo;406.19;1.000000;1.000000;42900.29
2016;12;15;Coparticipacion Federal + Financ. Educativo;1879.04;1.000000;1.000000;198457.28
2016;12;14;De Origen Nacional;2780.69;1.000000;1.000000;293686.23
2016;12;13;Otros no Tributarios;617.81;1.000000;1.000000;65250.82
2016;12;12;Remesas del Instituto de Juegos y Casino;27.79;1.000000;1.000000;2935.08
2016;12;11;Tasas Retributivas de Servicios;131.80;1.000000;1.000000;13920.23
2016;12;10;Regalias;279.23;1.000000;1.000000;29491.24
2016;12;9;No Tributarios;1056.63;1.000000;1.000000;111597.37
2016;12;8;Otros Tributarios;10.91;1.000000;1.000000;1152.27
2016;12;7;Sellos y Tasas de Justicia;210.77;1.000000;1.000000;22260.75
2016;12;6;Inmobiliario;33.38;1.000000;1.000000;3525.47
2016;12;5;Automotor;75.64;1.000000;1.000000;7988.82
2016;12;4;Ingresos Brutos;1334.65;1.000000;1.000000;140960.81
2016;12;3;Tributarios;1665.35;1.000000;1.000000;175888.13
2016;12;2;De Origen Provincial;2721.98;1.000000;1.000000;287485.50
2016;12;1;Recursos Corrientes;5502.67;1.000000;1.000000;581171.73
2016;12;55;Resultado Operativo - Amortizacion de la D Consolidada;-3602.08;1.000000;1.000000;-380438.42
2016;12;54;Amortizacion de la Deuda Consolidada;209.40;1.000000;1.000000;22116.06
2016;12;53;IX. Resultado Operativo (VIII-IX);-3392.68;1.000000;1.000000;-358322.36
2016;12;52;VIII. Egresos Totales (II+V+VI+VII);9025.14;1.000000;1.000000;953202.03
2016;12;51;VII. Ingresos Totales (I+IV);5632.46;1.000000;1.000000;594879.67
2016;12;50;Otros;0.00;1.000000;1.000000;0.00
2016;12;49;Compra de Acciones, Titulos, Valores, Otros;46.24;1.000000;1.000000;4883.70
2016;12;48;Prestamos;3.18;1.000000;1.000000;335.86
2016;12;47;Inversion Financiera;49.42;1.000000;1.000000;5219.56
2016;12;46;al Sector Privado;0.00;1.000000;1.000000;0.00
2016;12;45;al Sector Publico+Remesas al IPV;157.39;1.000000;1.000000;16622.95
2016;12;44;Transferencias para financiar Erogaciones de Capital;157.39;1.000000;1.000000;16622.95
2016;12;43;Trabajos Publicos;332.47;1.000000;1.000000;35114.26
2016;12;42;Bienes de Capital;195.00;1.000000;1.000000;20595.18
2016;12;41;VI. Erogaciones de Capital;734.28;1.000000;1.000000;77551.95
2016;12;40;Resto Otros Recursos de Capital;62.18;1.000000;1.000000;6567.22
2016;12;39;Fondo Residual;0.79;1.000000;1.000000;83.44
2016;12;38;Venta de Acciones;0.00;1.000000;1.000000;0.00
2016;12;37;Otros Recursos de Capital;62.97;1.000000;1.000000;6650.66
2016;12;36;Reembolsos de Prestamos;66.82;1.000000;1.000000;7057.28
2016;12;35;Reembolsos de Obras Publicas;0.00;1.000000;1.000000;0.00
2016;12;34;V. Recursos de Capital;129.79;1.000000;1.000000;13707.94
2016;12;33;IV.Resultado Economico Neto de Remesas;-2788.19;1.000000;1.000000;-294478.35
2016;12;32;Remesas EMT;45.68;1.000000;1.000000;4824.55
2016;12;31;Remesas ATM;113.45;1.000000;1.000000;11982.17
2016;12;30;Resultado Economico con Remesas;-2629.06;1.000000;1.000000;-277671.63
2016;12;29;Otras Erogaciones Corrientes;0.71;1.000000;1.000000;74.99
2016;12;28;Otras Transferencias;693.47;1.000000;1.000000;73241.75
2016;12;27;Municipios;1191.01;1.000000;1.000000;125790.09
2016;12;26;Transferencias a Municipios y Otros;1884.48;1.000000;1.000000;199031.83
2016;12;25;Intereses y Gastos de la Deuda;717.83;1.000000;1.000000;75814.56
2016;12;24;Otros Servicios;1112.52;1.000000;1.000000;117500.26
2016;12;23;Bienes Corrientes;390.51;1.000000;1.000000;41244.23
2016;12;22;Locaciones de Servicio;30.43;1.000000;1.000000;3213.90
2016;12;21;Personal;3995.25;1.000000;1.000000;421963.58
2016;12;20;Erogaciones Corrientes;8131.73;1.000000;1.000000;858843.36
2016;12;19;Aportes no Reintegrables;445.39;1.000000;1.000000;47040.45
2016;12;18;Coparticipacion Vial;-23.86;1.000000;1.000000;-2520.01
2016;12;17;Ley 25.053 Fdo. Nac. de Incentivo Docente;73.93;1.000000;1.000000;7808.21
2016;12;16;Regimenes Especiales Nacionales s/Financ. Educativo;406.19;1.000000;1.000000;42900.29
2016;12;15;Coparticipacion Federal + Financ. Educativo;1879.04;1.000000;1.000000;198457.28
2016;12;14;De Origen Nacional;2780.69;1.000000;1.000000;293686.23
2016;12;13;Otros no Tributarios;617.81;1.000000;1.000000;65250.82
2016;12;12;Remesas del Instituto de Juegos y Casino;27.79;1.000000;1.000000;2935.08
2016;12;11;Tasas Retributivas de Servicios;131.80;1.000000;1.000000;13920.23
2016;12;10;Regalias;279.23;1.000000;1.000000;29491.24
2016;12;9;No Tributarios;1056.63;1.000000;1.000000;111597.37
2016;12;8;Otros Tributarios;10.91;1.000000;1.000000;1152.27
2016;12;7;Sellos y Tasas de Justicia;210.77;1.000000;1.000000;22260.75
2016;12;6;Inmobiliario;33.38;1.000000;1.000000;3525.47
2016;12;5;Automotor;75.64;1.000000;1.000000;7988.82
2016;12;4;Ingresos Brutos;1334.65;1.000000;1.000000;140960.81
2016;12;3;Tributarios;1665.35;1.000000;1.000000;175888.13
2016;12;2;De Origen Provincial;2721.98;1.000000;1.000000;287485.50
2016;12;1;Recursos Corrientes;5502.67;1.000000;1.000000;581171.73
2017;1;55;Resultado Operativo - Amortizacion de la D Consolidada;1577.10;1.017074;1.015859;163771.26
2017;1;54;Amortizacion de la Deuda Consolidada;36.06;1.017074;1.015859;3744.59
2017;1;53;IX. Resultado Operativo (VIII-IX);1613.16;1.017074;1.015859;167515.85
2017;1;52;VIII. Egresos Totales (II+V+VI+VII);3161.06;1.017074;1.015859;328254.88
2017;1;51;VII. Ingresos Totales (I+IV);4774.22;1.017074;1.015859;495770.73
2017;1;50;Otros;0.00;1.017074;1.015859;0.00
2017;1;49;Compra de Acciones, Titulos, Valores, Otros;13.00;1.017074;1.015859;1349.96
2017;1;48;Prestamos;2.99;1.017074;1.015859;310.49
2017;1;47;Inversion Financiera;15.99;1.017074;1.015859;1660.45
2017;1;46;al Sector Privado;0.00;1.017074;1.015859;0.00
2017;1;45;al Sector Publico+Remesas al IPV;4.41;1.017074;1.015859;457.95
2017;1;44;Transferencias para financiar Erogaciones de Capital;4.41;1.017074;1.015859;457.95
2017;1;43;Trabajos Publicos;25.68;1.017074;1.015859;2666.70
2017;1;42;Bienes de Capital;1.25;1.017074;1.015859;129.80
2017;1;41;VI. Erogaciones de Capital;47.33;1.017074;1.015859;4914.90
2017;1;40;Resto Otros Recursos de Capital;72.26;1.017074;1.015859;7503.72
2017;1;39;Fondo Residual;0.00;1.017074;1.015859;0.00
2017;1;38;Venta de Acciones;0.00;1.017074;1.015859;0.00
2017;1;37;Otros Recursos de Capital;72.26;1.017074;1.015859;7503.72
2017;1;36;Reembolsos de Prestamos;0.20;1.017074;1.015859;20.77
2017;1;35;Reembolsos de Obras Publicas;0.00;1.017074;1.015859;0.00
2017;1;34;V. Recursos de Capital;72.46;1.017074;1.015859;7524.49
2017;1;33;IV.Resultado Economico Neto de Remesas;1588.03;1.017074;1.015859;164906.27
2017;1;32;Remesas EMT;2.67;1.017074;1.015859;277.26
2017;1;31;Remesas ATM;20.64;1.017074;1.015859;2143.33
2017;1;30;Resultado Economico con Remesas;1611.34;1.017074;1.015859;167326.85
2017;1;29;Otras Erogaciones Corrientes;0.75;1.017074;1.015859;77.88
2017;1;28;Otras Transferencias;295.88;1.017074;1.015859;30725.15
2017;1;27;Municipios;698.56;1.017074;1.015859;72540.77
2017;1;26;Transferencias a Municipios y Otros;994.44;1.017074;1.015859;103265.93
2017;1;25;Intereses y Gastos de la Deuda;7.59;1.017074;1.015859;788.17
2017;1;24;Otros Servicios;60.63;1.017074;1.015859;6296.02
2017;1;23;Bienes Corrientes;24.11;1.017074;1.015859;2503.66
2017;1;22;Locaciones de Servicio;13.99;1.017074;1.015859;1452.77
2017;1;21;Personal;1988.91;1.017074;1.015859;206534.97
2017;1;20;Erogaciones Corrientes;3090.42;1.017074;1.015859;320919.39
2017;1;19;Aportes no Reintegrables;170.03;1.017074;1.015859;17656.48
2017;1;18;Coparticipacion Vial;12.33;1.017074;1.015859;1280.39
2017;1;17;Ley 25.053 Fdo. Nac. de Incentivo Docente;77.59;1.017074;1.015859;8057.20
2017;1;16;Regimenes Especiales Nacionales s/Financ. Educativo;253.24;1.017074;1.015859;26297.28
2017;1;15;Coparticipacion Federal + Financ. Educativo;1815.34;1.017074;1.015859;188510.89
2017;1;14;De Origen Nacional;2328.53;1.017074;1.015859;241802.23
2017;1;13;Otros no Tributarios;665.34;1.017074;1.015859;69091.10
2017;1;12;Remesas del Instituto de Juegos y Casino;0.00;1.017074;1.015859;0.00
2017;1;11;Tasas Retributivas de Servicios;78.27;1.017074;1.015859;8127.81
2017;1;10;Regalias;249.74;1.017074;1.015859;25933.82
2017;1;9;No Tributarios;993.35;1.017074;1.015859;103152.74
2017;1;8;Otros Tributarios;0.75;1.017074;1.015859;77.88
2017;1;7;Sellos y Tasas de Justicia;180.24;1.017074;1.015859;18716.72
2017;1;6;Inmobiliario;10.99;1.017074;1.015859;1141.24
2017;1;5;Automotor;37.96;1.017074;1.015859;3941.89
2017;1;4;Ingresos Brutos;1149.94;1.017074;1.015859;119413.56
2017;1;3;Tributarios;1379.88;1.017074;1.015859;143291.29
2017;1;2;De Origen Provincial;2373.23;1.017074;1.015859;246444.02
2017;1;1;Recursos Corrientes;4701.76;1.017074;1.015859;488246.25
2017;2;55;Resultado Operativo - Amortizacion de la D Consolidada;459.91;1.032652;1.036859;47038.11
2017;2;54;Amortizacion de la Deuda Consolidada;445.60;1.032652;1.036859;45574.53
2017;2;53;IX. Resultado Operativo (VIII-IX);905.51;1.032652;1.036859;92612.64
2017;2;52;VIII. Egresos Totales (II+V+VI+VII);3551.79;1.032652;1.036859;363265.62
2017;2;51;VII. Ingresos Totales (I+IV);4457.30;1.032652;1.036859;455878.26
2017;2;50;Otros;0.00;1.032652;1.036859;0.00
2017;2;49;Compra de Acciones, Titulos, Valores, Otros;0.00;1.032652;1.036859;0.00
2017;2;48;Prestamos;2.96;1.032652;1.036859;302.74
2017;2;47;Inversion Financiera;2.96;1.032652;1.036859;302.74
2017;2;46;al Sector Privado;0.00;1.032652;1.036859;0.00
2017;2;45;al Sector Publico+Remesas al IPV;23.48;1.032652;1.036859;2401.46
2017;2;44;Transferencias para financiar Erogaciones de Capital;23.48;1.032652;1.036859;2401.46
2017;2;43;Trabajos Publicos;61.27;1.032652;1.036859;6266.50
2017;2;42;Bienes de Capital;11.82;1.032652;1.036859;1208.91
2017;2;41;VI. Erogaciones de Capital;99.53;1.032652;1.036859;10179.61
2017;2;40;Resto Otros Recursos de Capital;13.07;1.032652;1.036859;1336.76
2017;2;39;Fondo Residual;0.08;1.032652;1.036859;8.18
2017;2;38;Venta de Acciones;0.00;1.032652;1.036859;0.00
2017;2;37;Otros Recursos de Capital;13.15;1.032652;1.036859;1344.94
2017;2;36;Reembolsos de Prestamos;0.06;1.032652;1.036859;6.14
2017;2;35;Reembolsos de Obras Publicas;0.00;1.032652;1.036859;0.00
2017;2;34;V. Recursos de Capital;13.21;1.032652;1.036859;1351.08
2017;2;33;IV.Resultado Economico Neto de Remesas;991.83;1.032652;1.036859;101441.17
2017;2;32;Remesas EMT;2.96;1.032652;1.036859;302.74
2017;2;31;Remesas ATM;21.23;1.032652;1.036859;2171.34
2017;2;30;Resultado Economico con Remesas;1016.02;1.032652;1.036859;103915.25
2017;2;29;Otras Erogaciones Corrientes;0.75;1.032652;1.036859;76.71
2017;2;28;Otras Transferencias;318.90;1.032652;1.036859;32616.06
2017;2;27;Municipios;221.82;1.032652;1.036859;22687.03
2017;2;26;Transferencias a Municipios y Otros;540.72;1.032652;1.036859;55303.10
2017;2;25;Intereses y Gastos de la Deuda;165.24;1.032652;1.036859;16900.21
2017;2;24;Otros Servicios;131.69;1.032652;1.036859;13468.83
2017;2;23;Bienes Corrientes;80.85;1.032652;1.036859;8269.08
2017;2;22;Locaciones de Servicio;14.75;1.032652;1.036859;1508.58
2017;2;21;Personal;2494.07;1.032652;1.036859;255085.43
2017;2;20;Erogaciones Corrientes;3428.07;1.032652;1.036859;350611.94
2017;2;19;Aportes no Reintegrables;206.73;1.032652;1.036859;21143.68
2017;2;18;Coparticipacion Vial;20.96;1.032652;1.036859;2143.72
2017;2;17;Ley 25.053 Fdo. Nac. de Incentivo Docente;94.59;1.032652;1.036859;9674.36
2017;2;16;Regimenes Especiales Nacionales s/Financ. Educativo;270.04;1.032652;1.036859;27618.82
2017;2;15;Coparticipacion Federal + Financ. Educativo;1554.95;1.032652;1.036859;159035.27
2017;2;14;De Origen Nacional;2147.27;1.032652;1.036859;219615.85
2017;2;13;Otros no Tributarios;200.10;1.032652;1.036859;20465.58
2017;2;12;Remesas del Instituto de Juegos y Casino;0.00;1.032652;1.036859;0.00
2017;2;11;Tasas Retributivas de Servicios;119.17;1.032652;1.036859;12188.32
2017;2;10;Regalias;273.93;1.032652;1.036859;28016.68
2017;2;9;No Tributarios;593.20;1.032652;1.036859;60670.58
2017;2;8;Otros Tributarios;7.56;1.032652;1.036859;773.21
2017;2;7;Sellos y Tasas de Justicia;113.63;1.032652;1.036859;11621.71
2017;2;6;Inmobiliario;11.01;1.032652;1.036859;1126.07
2017;2;5;Automotor;417.97;1.032652;1.036859;42748.62
2017;2;4;Ingresos Brutos;1153.45;1.032652;1.036859;117971.14
2017;2;3;Tributarios;1703.62;1.032652;1.036859;174240.76
2017;2;2;De Origen Provincial;2296.82;1.032652;1.036859;234911.34
2017;2;1;Recursos Corrientes;4444.09;1.032652;1.036859;454527.19
2017;3;55;Resultado Operativo - Amortizacion de la D Consolidada;371.50;1.059238;1.061476;37042.16
2017;3;54;Amortizacion de la Deuda Consolidada;121.32;1.059238;1.061476;12096.78
2017;3;53;IX. Resultado Operativo (VIII-IX);492.82;1.059238;1.061476;49138.94
2017;3;52;VIII. Egresos Totales (II+V+VI+VII);4901.54;1.059238;1.061476;488731.14
2017;3;51;VII. Ingresos Totales (I+IV);5394.36;1.059238;1.061476;537870.08
2017;3;50;Otros;0.00;1.059238;1.061476;0.00
2017;3;49;Compra de Acciones, Titulos, Valores, Otros;0.00;1.059238;1.061476;0.00
2017;3;48;Prestamos;130.86;1.059238;1.061476;13048.01
2017;3;47;Inversion Financiera;130.86;1.059238;1.061476;13048.01
2017;3;46;al Sector Privado;0.00;1.059238;1.061476;0.00
2017;3;45;al Sector Publico+Remesas al IPV;32.65;1.059238;1.061476;3255.52
2017;3;44;Transferencias para financiar Erogaciones de Capital;32.65;1.059238;1.061476;3255.52
2017;3;43;Trabajos Publicos;153.72;1.059238;1.061476;15327.38
2017;3;42;Bienes de Capital;16.28;1.059238;1.061476;1623.27
2017;3;41;VI. Erogaciones de Capital;333.51;1.059238;1.061476;33254.19
2017;3;40;Resto Otros Recursos de Capital;65.71;1.059238;1.061476;6551.93
2017;3;39;Fondo Residual;0.42;1.059238;1.061476;41.88
2017;3;38;Venta de Acciones;0.00;1.059238;1.061476;0.00
2017;3;37;Otros Recursos de Capital;66.13;1.059238;1.061476;6593.80
2017;3;36;Reembolsos de Prestamos;0.17;1.059238;1.061476;16.95
2017;3;35;Reembolsos de Obras Publicas;0.00;1.059238;1.061476;0.00
2017;3;34;V. Recursos de Capital;66.30;1.059238;1.061476;6610.75
2017;3;33;IV.Resultado Economico Neto de Remesas;760.03;1.059238;1.061476;75782.37
2017;3;32;Remesas EMT;3.20;1.059238;1.061476;319.07
2017;3;31;Remesas ATM;22.48;1.059238;1.061476;2241.47
2017;3;30;Resultado Economico con Remesas;785.71;1.059238;1.061476;78342.92
2017;3;29;Otras Erogaciones Corrientes;0.75;1.059238;1.061476;74.78
2017;3;28;Otras Transferencias;390.50;1.059238;1.061476;38936.64
2017;3;27;Municipios;941.47;1.059238;1.061476;93873.70
2017;3;26;Transferencias a Municipios y Otros;1331.97;1.059238;1.061476;132810.34
2017;3;25;Intereses y Gastos de la Deuda;31.00;1.059238;1.061476;3091.00
2017;3;24;Otros Servicios;342.96;1.059238;1.061476;34196.44
2017;3;23;Bienes Corrientes;143.02;1.059238;1.061476;14260.48
2017;3;22;Locaciones de Servicio;27.74;1.059238;1.061476;2765.95
2017;3;21;Personal;2664.91;1.059238;1.061476;265717.41
2017;3;20;Erogaciones Corrientes;4542.35;1.059238;1.061476;452916.41
2017;3;19;Aportes no Reintegrables;474.10;1.059238;1.061476;47272.37
2017;3;18;Coparticipacion Vial;21.02;1.059238;1.061476;2095.90
2017;3;17;Ley 25.053 Fdo. Nac. de Incentivo Docente;137.02;1.059238;1.061476;13662.22
2017;3;16;Regimenes Especiales Nacionales s/Financ. Educativo;292.30;1.059238;1.061476;29145.15
2017;3;15;Coparticipacion Federal + Financ. Educativo;1676.64;1.059238;1.061476;167177.29
2017;3;14;De Origen Nacional;2601.08;1.059238;1.061476;259352.94
2017;3;13;Otros no Tributarios;264.54;1.059238;1.061476;26377.21
2017;3;12;Remesas del Instituto de Juegos y Casino;15.22;1.059238;1.061476;1517.58
2017;3;11;Tasas Retributivas de Servicios;122.07;1.059238;1.061476;12171.56
2017;3;10;Regalias;224.56;1.059238;1.061476;22390.81
2017;3;9;No Tributarios;626.39;1.059238;1.061476;62457.17
2017;3;8;Otros Tributarios;4.46;1.059238;1.061476;444.71
2017;3;7;Sellos y Tasas de Justicia;297.62;1.059238;1.061476;29675.60
2017;3;6;Inmobiliario;382.31;1.059238;1.061476;38120.02
2017;3;5;Automotor;148.52;1.059238;1.061476;14808.89
2017;3;4;Ingresos Brutos;1267.68;1.059238;1.061476;126400.01
2017;3;3;Tributarios;2100.59;1.059238;1.061476;209449.22
2017;3;2;De Origen Provincial;2726.98;1.059238;1.061476;271906.39
2017;3;1;Recursos Corrientes;5328.06;1.059238;1.061476;531259.32
2017;4;55;Resultado Operativo - Amortizacion de la D Consolidada;-69.33;1.094506;1.089667;-6690.12
2017;4;54;Amortizacion de la Deuda Consolidada;36.17;1.094506;1.089667;3490.29
2017;4;53;IX. Resultado Operativo (VIII-IX);-33.16;1.094506;1.089667;-3199.83
2017;4;52;VIII. Egresos Totales (II+V+VI+VII);4788.32;1.094506;1.089667;462057.51
2017;4;51;VII. Ingresos Totales (I+IV);4755.16;1.094506;1.089667;458857.67
2017;4;50;Otros;0.00;1.094506;1.089667;0.00
2017;4;49;Compra de Acciones, Titulos, Valores, Otros;120.00;1.094506;1.089667;11579.61
2017;4;48;Prestamos;3.08;1.094506;1.089667;297.21
2017;4;47;Inversion Financiera;123.08;1.094506;1.089667;11876.82
2017;4;46;al Sector Privado;0.00;1.094506;1.089667;0.00
2017;4;45;al Sector Publico+Remesas al IPV;38.27;1.094506;1.089667;3692.93
2017;4;44;Transferencias para financiar Erogaciones de Capital;38.27;1.094506;1.089667;3692.93
2017;4;43;Trabajos Publicos;133.69;1.094506;1.089667;12900.66
2017;4;42;Bienes de Capital;19.37;1.094506;1.089667;1869.14
2017;4;41;VI. Erogaciones de Capital;314.41;1.094506;1.089667;30339.56
2017;4;40;Resto Otros Recursos de Capital;84.37;1.094506;1.089667;8141.43
2017;4;39;Fondo Residual;0.12;1.094506;1.089667;11.58
2017;4;38;Venta de Acciones;0.00;1.094506;1.089667;0.00
2017;4;37;Otros Recursos de Capital;84.49;1.094506;1.089667;8153.01
2017;4;36;Reembolsos de Prestamos;0.17;1.094506;1.089667;16.40
2017;4;35;Reembolsos de Obras Publicas;0.00;1.094506;1.089667;0.00
2017;4;34;V. Recursos de Capital;84.66;1.094506;1.089667;8169.42
2017;4;33;IV.Resultado Economico Neto de Remesas;196.59;1.094506;1.089667;18970.30
2017;4;32;Remesas EMT;2.97;1.094506;1.089667;286.60
2017;4;31;Remesas ATM;105.64;1.094506;1.089667;10193.92
2017;4;30;Resultado Economico con Remesas;305.20;1.094506;1.089667;29450.82
2017;4;29;Otras Erogaciones Corrientes;0.75;1.094506;1.089667;72.37
2017;4;28;Otras Transferencias;423.76;1.094506;1.089667;40891.48
2017;4;27;Municipios;754.69;1.094506;1.089667;72825.16
2017;4;26;Transferencias a Municipios y Otros;1178.45;1.094506;1.089667;113716.64
2017;4;25;Intereses y Gastos de la Deuda;7.24;1.094506;1.089667;698.64
2017;4;24;Otros Servicios;436.15;1.094506;1.089667;42087.07
2017;4;23;Bienes Corrientes;145.62;1.094506;1.089667;14051.86
2017;4;22;Locaciones de Servicio;21.74;1.094506;1.089667;2097.84
2017;4;21;Personal;2575.35;1.094506;1.089667;248513.01
2017;4;20;Erogaciones Corrientes;4365.30;1.094506;1.089667;421237.43
2017;4;19;Aportes no Reintegrables;136.81;1.094506;1.089667;13201.73
2017;4;18;Coparticipacion Vial;29.16;1.094506;1.089667;2813.85
2017;4;17;Ley 25.053 Fdo. Nac. de Incentivo Docente;82.43;1.094506;1.089667;7954.23
2017;4;16;Regimenes Especiales Nacionales s/Financ. Educativo;247.65;1.094506;1.089667;23897.43
2017;4;15;Coparticipacion Federal + Financ. Educativo;1620.41;1.094506;1.089667;156364.36
2017;4;14;De Origen Nacional;2116.46;1.094506;1.089667;204231.59
2017;4;13;Otros no Tributarios;287.59;1.094506;1.089667;27751.51
2017;4;12;Remesas del Instituto de Juegos y Casino;22.92;1.094506;1.089667;2211.71
2017;4;11;Tasas Retributivas de Servicios;115.65;1.094506;1.089667;11159.85
2017;4;10;Regalias;295.24;1.094506;1.089667;28489.71
2017;4;9;No Tributarios;721.40;1.094506;1.089667;69612.78
2017;4;8;Otros Tributarios;4.71;1.094506;1.089667;454.50
2017;4;7;Sellos y Tasas de Justicia;223.59;1.094506;1.089667;21575.72
2017;4;6;Inmobiliario;38.74;1.094506;1.089667;3738.29
2017;4;5;Automotor;187.02;1.094506;1.089667;18046.83
2017;4;4;Ingresos Brutos;1378.58;1.094506;1.089667;133028.54
2017;4;3;Tributarios;1832.64;1.094506;1.089667;176843.88
2017;4;2;De Origen Provincial;2554.04;1.094506;1.089667;246456.66
2017;4;1;Recursos Corrientes;4670.50;1.094506;1.089667;450688.25
2017;5;55;Resultado Operativo - Amortizacion de la D Consolidada;-1524.72;1.113091;1.105301;-144673.98
2017;5;54;Amortizacion de la Deuda Consolidada;673.52;1.113091;1.105301;63907.35
2017;5;53;IX. Resultado Operativo (VIII-IX);-851.20;1.113091;1.105301;-80766.63
2017;5;52;VIII. Egresos Totales (II+V+VI+VII);6296.17;1.113091;1.105301;597415.91
2017;5;51;VII. Ingresos Totales (I+IV);5444.97;1.113091;1.105301;516649.28
2017;5;50;Otros;0.00;1.113091;1.105301;0.00
2017;5;49;Compra de Acciones, Titulos, Valores, Otros;1.50;1.113091;1.105301;142.33
2017;5;48;Prestamos;3.01;1.113091;1.105301;285.61
2017;5;47;Inversion Financiera;4.51;1.113091;1.105301;427.93
2017;5;46;al Sector Privado;0.00;1.113091;1.105301;0.00
2017;5;45;al Sector Publico+Remesas al IPV;112.77;1.113091;1.105301;10700.25
2017;5;44;Transferencias para financiar Erogaciones de Capital;112.77;1.113091;1.105301;10700.25
2017;5;43;Trabajos Publicos;283.46;1.113091;1.105301;26896.27
2017;5;42;Bienes de Capital;20.92;1.113091;1.105301;1985.01
2017;5;41;VI. Erogaciones de Capital;421.66;1.113091;1.105301;40009.46
2017;5;40;Resto Otros Recursos de Capital;89.98;1.113091;1.105301;8537.81
2017;5;39;Fondo Residual;0.20;1.113091;1.105301;18.98
2017;5;38;Venta de Acciones;0.00;1.113091;1.105301;0.00
2017;5;37;Otros Recursos de Capital;90.18;1.113091;1.105301;8556.78
2017;5;36;Reembolsos de Prestamos;4.38;1.113091;1.105301;415.60
2017;5;35;Reembolsos de Obras Publicas;0.00;1.113091;1.105301;0.00
2017;5;34;V. Recursos de Capital;94.56;1.113091;1.105301;8972.38
2017;5;33;IV.Resultado Economico Neto de Remesas;-524.10;1.113091;1.105301;-49729.55
2017;5;32;Remesas EMT;2.95;1.113091;1.105301;279.91
2017;5;31;Remesas ATM;67.03;1.113091;1.105301;6360.18
2017;5;30;Resultado Economico con Remesas;-454.12;1.113091;1.105301;-43089.45
2017;5;29;Otras Erogaciones Corrientes;0.75;1.113091;1.105301;71.16
2017;5;28;Otras Transferencias;453.59;1.113091;1.105301;43039.16
2017;5;27;Municipios;1215.07;1.113091;1.105301;115292.65
2017;5;26;Transferencias a Municipios y Otros;1668.66;1.113091;1.105301;158331.82
2017;5;25;Intereses y Gastos de la Deuda;878.89;1.113091;1.105301;83394.01
2017;5;24;Otros Servicios;436.02;1.113091;1.105301;41372.02
2017;5;23;Bienes Corrientes;155.88;1.113091;1.105301;14790.77
2017;5;22;Locaciones de Servicio;21.93;1.113091;1.105301;2080.84
2017;5;21;Personal;2642.40;1.113091;1.105301;250725.73
2017;5;20;Erogaciones Corrientes;5804.53;1.113091;1.105301;550766.35
2017;5;19;Aportes no Reintegrables;273.21;1.113091;1.105301;25923.70
2017;5;18;Coparticipacion Vial;26.15;1.113091;1.105301;2481.26
2017;5;17;Ley 25.053 Fdo. Nac. de Incentivo Docente;79.86;1.113091;1.105301;7577.56
2017;5;16;Regimenes Especiales Nacionales s/Financ. Educativo;497.46;1.113091;1.105301;47201.79
2017;5;15;Coparticipacion Federal + Financ. Educativo;2074.96;1.113091;1.105301;196883.84
2017;5;14;De Origen Nacional;2951.64;1.113091;1.105301;280068.15
2017;5;13;Otros no Tributarios;277.71;1.113091;1.105301;26350.68
2017;5;12;Remesas del Instituto de Juegos y Casino;7.58;1.113091;1.105301;719.23
2017;5;11;Tasas Retributivas de Servicios;132.81;1.113091;1.105301;12601.76
2017;5;10;Regalias;244.84;1.113091;1.105301;23231.79
2017;5;9;No Tributarios;662.94;1.113091;1.105301;62903.46
2017;5;8;Otros Tributarios;5.25;1.113091;1.105301;498.15
2017;5;7;Sellos y Tasas de Justicia;206.63;1.113091;1.105301;19606.21
2017;5;6;Inmobiliario;83.10;1.113091;1.105301;7884.99
2017;5;5;Automotor;88.28;1.113091;1.105301;8376.50
2017;5;4;Ingresos Brutos;1352.57;1.113091;1.105301;128339.43
2017;5;3;Tributarios;1735.83;1.113091;1.105301;164705.28
2017;5;2;De Origen Provincial;2398.77;1.113091;1.105301;227608.75
2017;5;1;Recursos Corrientes;5350.41;1.113091;1.105301;507676.90
2017;6;55;Resultado Operativo - Amortizacion de la D Consolidada;-492.68;1.124298;1.118477;-46282.25
2017;6;54;Amortizacion de la Deuda Consolidada;161.70;1.124298;1.118477;15190.06
2017;6;53;IX. Resultado Operativo (VIII-IX);-330.98;1.124298;1.118477;-31092.19
2017;6;52;VIII. Egresos Totales (II+V+VI+VII);6045.92;1.124298;1.118477;567952.44
2017;6;51;VII. Ingresos Totales (I+IV);5714.94;1.124298;1.118477;536860.25
2017;6;50;Otros;0.00;1.124298;1.118477;0.00
2017;6;49;Compra de Acciones, Titulos, Valores, Otros;27.24;1.124298;1.118477;2558.92
2017;6;48;Prestamos;6.79;1.124298;1.118477;637.85
2017;6;47;Inversion Financiera;34.03;1.124298;1.118477;3196.77
2017;6;46;al Sector Privado;0.00;1.124298;1.118477;0.00
2017;6;45;al Sector Publico+Remesas al IPV;258.68;1.124298;1.118477;24300.34
2017;6;44;Transferencias para financiar Erogaciones de Capital;258.68;1.124298;1.118477;24300.34
2017;6;43;Trabajos Publicos;140.66;1.124298;1.118477;13213.57
2017;6;42;Bienes de Capital;62.58;1.124298;1.118477;5878.75
2017;6;41;VI. Erogaciones de Capital;495.95;1.124298;1.118477;46589.44
2017;6;40;Resto Otros Recursos de Capital;116.24;1.124298;1.118477;10919.56
2017;6;39;Fondo Residual;0.08;1.124298;1.118477;7.52
2017;6;38;Venta de Acciones;0.00;1.124298;1.118477;0.00
2017;6;37;Otros Recursos de Capital;116.32;1.124298;1.118477;10927.08
2017;6;36;Reembolsos de Prestamos;1.35;1.124298;1.118477;126.82
2017;6;35;Reembolsos de Obras Publicas;0.00;1.124298;1.118477;0.00
2017;6;34;V. Recursos de Capital;117.67;1.124298;1.118477;11053.89
2017;6;33;IV.Resultado Economico Neto de Remesas;47.30;1.124298;1.118477;4443.35
2017;6;32;Remesas EMT;29.37;1.124298;1.118477;2759.01
2017;6;31;Remesas ATM;89.21;1.124298;1.118477;8380.37
2017;6;30;Resultado Economico con Remesas;165.88;1.124298;1.118477;15582.73
2017;6;29;Otras Erogaciones Corrientes;0.75;1.124298;1.118477;70.45
2017;6;28;Otras Transferencias;517.59;1.124298;1.118477;48622.29
2017;6;27;Municipios;460.66;1.124298;1.118477;43274.30
2017;6;26;Transferencias a Municipios y Otros;978.25;1.124298;1.118477;91896.60
2017;6;25;Intereses y Gastos de la Deuda;111.68;1.124298;1.118477;10491.20
2017;6;24;Otros Servicios;448.96;1.124298;1.118477;42175.21
2017;6;23;Bienes Corrientes;158.01;1.124298;1.118477;14843.43
2017;6;22;Locaciones de Servicio;21.15;1.124298;1.118477;1986.83
2017;6;21;Personal;3712.59;1.124298;1.118477;348759.91
2017;6;20;Erogaciones Corrientes;5431.39;1.124298;1.118477;510223.62
2017;6;19;Aportes no Reintegrables;204.46;1.124298;1.118477;19206.93
2017;6;18;Coparticipacion Vial;24.81;1.124298;1.118477;2330.65
2017;6;17;Ley 25.053 Fdo. Nac. de Incentivo Docente;77.88;1.124298;1.118477;7316.03
2017;6;16;Regimenes Especiales Nacionales s/Financ. Educativo;517.26;1.124298;1.118477;48591.29
2017;6;15;Coparticipacion Federal + Financ. Educativo;2248.17;1.124298;1.118477;211192.61
2017;6;14;De Origen Nacional;3072.58;1.124298;1.118477;288637.51
2017;6;13;Otros no Tributarios;386.20;1.124298;1.118477;36279.55
2017;6;12;Remesas del Instituto de Juegos y Casino;15.40;1.124298;1.118477;1446.67
2017;6;11;Tasas Retributivas de Servicios;116.45;1.124298;1.118477;10939.29
2017;6;10;Regalias;249.22;1.124298;1.118477;23411.67
2017;6;9;No Tributarios;767.27;1.124298;1.118477;72077.18
2017;6;8;Otros Tributarios;6.21;1.124298;1.118477;583.37
2017;6;7;Sellos y Tasas de Justicia;218.09;1.124298;1.118477;20487.33
2017;6;6;Inmobiliario;30.79;1.124298;1.118477;2892.41
2017;6;5;Automotor;194.05;1.124298;1.118477;18229.02
2017;6;4;Ingresos Brutos;1308.28;1.124298;1.118477;122899.54
2017;6;3;Tributarios;1757.42;1.124298;1.118477;165091.66
2017;6;2;De Origen Provincial;2524.69;1.124298;1.118477;237168.84
2017;6;1;Recursos Corrientes;5597.27;1.124298;1.118477;525806.35
2017;7;55;Resultado Operativo - Amortizacion de la D Consolidada;-358.84;1.140184;1.137852;-33239.69
2017;7;54;Amortizacion de la Deuda Consolidada;116.48;1.140184;1.137852;10789.65
2017;7;53;IX. Resultado Operativo (VIII-IX);-242.36;1.140184;1.137852;-22450.03
2017;7;52;VIII. Egresos Totales (II+V+VI+VII);5956.39;1.140184;1.137852;551746.00
2017;7;51;VII. Ingresos Totales (I+IV);5714.03;1.140184;1.137852;529295.97
2017;7;50;Otros;0.00;1.140184;1.137852;0.00
2017;7;49;Compra de Acciones, Titulos, Valores, Otros;0.00;1.140184;1.137852;0.00
2017;7;48;Prestamos;3.16;1.140184;1.137852;292.71
2017;7;47;Inversion Financiera;3.16;1.140184;1.137852;292.71
2017;7;46;al Sector Privado;0.00;1.140184;1.137852;0.00
2017;7;45;al Sector Publico+Remesas al IPV;159.19;1.140184;1.137852;14745.92
2017;7;44;Transferencias para financiar Erogaciones de Capital;159.19;1.140184;1.137852;14745.92
2017;7;43;Trabajos Publicos;175.18;1.140184;1.137852;16227.09
2017;7;42;Bienes de Capital;40.03;1.140184;1.137852;3708.02
2017;7;41;VI. Erogaciones de Capital;377.56;1.140184;1.137852;34973.74
2017;7;40;Resto Otros Recursos de Capital;151.74;1.140184;1.137852;14055.82
2017;7;39;Fondo Residual;0.20;1.140184;1.137852;18.53
2017;7;38;Venta de Acciones;0.00;1.140184;1.137852;0.00
2017;7;37;Otros Recursos de Capital;151.94;1.140184;1.137852;14074.34
2017;7;36;Reembolsos de Prestamos;79.65;1.140184;1.137852;7378.05
2017;7;35;Reembolsos de Obras Publicas;0.00;1.140184;1.137852;0.00
2017;7;34;V. Recursos de Capital;231.59;1.140184;1.137852;21452.40
2017;7;33;IV.Resultado Economico Neto de Remesas;-96.39;1.140184;1.137852;-8928.70
2017;7;32;Remesas EMT;3.25;1.140184;1.137852;301.05
2017;7;31;Remesas ATM;43.39;1.140184;1.137852;4019.26
2017;7;30;Resultado Economico con Remesas;-49.75;1.140184;1.137852;-4608.39
2017;7;29;Otras Erogaciones Corrientes;0.78;1.140184;1.137852;72.25
2017;7;28;Otras Transferencias;425.71;1.140184;1.137852;39433.92
2017;7;27;Municipios;1399.99;1.140184;1.137852;129682.39
2017;7;26;Transferencias a Municipios y Otros;1825.70;1.140184;1.137852;169116.31
2017;7;25;Intereses y Gastos de la Deuda;115.34;1.140184;1.137852;10684.05
2017;7;24;Otros Servicios;586.51;1.140184;1.137852;54328.97
2017;7;23;Bienes Corrientes;159.19;1.140184;1.137852;14745.92
2017;7;22;Locaciones de Servicio;21.92;1.140184;1.137852;2030.47
2017;7;21;Personal;2822.75;1.140184;1.137852;261473.98
2017;7;20;Erogaciones Corrientes;5532.19;1.140184;1.137852;512451.96
2017;7;19;Aportes no Reintegrables;170.48;1.140184;1.137852;15791.72
2017;7;18;Coparticipacion Vial;24.65;1.140184;1.137852;2283.35
2017;7;17;Ley 25.053 Fdo. Nac. de Incentivo Docente;77.94;1.140184;1.137852;7219.66
2017;7;16;Regimenes Especiales Nacionales s/Financ. Educativo;405.52;1.140184;1.137852;37563.70
2017;7;15;Coparticipacion Federal + Financ. Educativo;2234.41;1.140184;1.137852;206975.50
2017;7;14;De Origen Nacional;2913.00;1.140184;1.137852;269833.93
2017;7;13;Otros no Tributarios;419.95;1.140184;1.137852;38900.36
2017;7;12;Remesas del Instituto de Juegos y Casino;15.28;1.140184;1.137852;1415.40
2017;7;11;Tasas Retributivas de Servicios;138.66;1.140184;1.137852;12844.21
2017;7;10;Regalias;275.45;1.140184;1.137852;25515.19
2017;7;9;No Tributarios;849.34;1.140184;1.137852;78675.16
2017;7;8;Otros Tributarios;2.80;1.140184;1.137852;259.37
2017;7;7;Sellos y Tasas de Justicia;235.87;1.140184;1.137852;21848.86
2017;7;6;Inmobiliario;88.05;1.140184;1.137852;8156.15
2017;7;5;Automotor;85.00;1.140184;1.137852;7873.63
2017;7;4;Ingresos Brutos;1308.38;1.140184;1.137852;121196.47
2017;7;3;Tributarios;1720.10;1.140184;1.137852;159334.48
2017;7;2;De Origen Provincial;2569.44;1.140184;1.137852;238009.64
2017;7;1;Recursos Corrientes;5482.44;1.140184;1.137852;507843.57
2017;8;55;Resultado Operativo - Amortizacion de la D Consolidada;-434.13;1.155674;1.153819;-39674.87
2017;8;54;Amortizacion de la Deuda Consolidada;547.19;1.155674;1.153819;50007.35
2017;8;53;IX. Resultado Operativo (VIII-IX);113.06;1.155674;1.153819;10332.48
2017;8;52;VIII. Egresos Totales (II+V+VI+VII);5793.23;1.155674;1.153819;529439.62
2017;8;51;VII. Ingresos Totales (I+IV);5906.29;1.155674;1.153819;539772.10
2017;8;50;Otros;0.00;1.155674;1.153819;0.00
2017;8;49;Compra de Acciones, Titulos, Valores, Otros;28.95;1.155674;1.153819;2645.72
2017;8;48;Prestamos;3.12;1.155674;1.153819;285.13
2017;8;47;Inversion Financiera;32.07;1.155674;1.153819;2930.86
2017;8;46;al Sector Privado;0.00;1.155674;1.153819;0.00
2017;8;45;al Sector Publico+Remesas al IPV;176.93;1.155674;1.153819;16169.52
2017;8;44;Transferencias para financiar Erogaciones de Capital;176.93;1.155674;1.153819;16169.52
2017;8;43;Trabajos Publicos;200.63;1.155674;1.153819;18335.45
2017;8;42;Bienes de Capital;65.31;1.155674;1.153819;5968.64
2017;8;41;VI. Erogaciones de Capital;474.94;1.155674;1.153819;43404.47
2017;8;40;Resto Otros Recursos de Capital;68.78;1.155674;1.153819;6285.76
2017;8;39;Fondo Residual;0.12;1.155674;1.153819;10.97
2017;8;38;Venta de Acciones;0.00;1.155674;1.153819;0.00
2017;8;37;Otros Recursos de Capital;68.90;1.155674;1.153819;6296.73
2017;8;36;Reembolsos de Prestamos;197.16;1.155674;1.153819;18018.33
2017;8;35;Reembolsos de Obras Publicas;0.00;1.155674;1.153819;0.00
2017;8;34;V. Recursos de Capital;266.06;1.155674;1.153819;24315.05
2017;8;33;IV.Resultado Economico Neto de Remesas;321.94;1.155674;1.153819;29421.89
2017;8;32;Remesas EMT;3.26;1.155674;1.153819;297.93
2017;8;31;Remesas ATM;37.47;1.155674;1.153819;3424.36
2017;8;30;Resultado Economico con Remesas;362.67;1.155674;1.153819;33144.18
2017;8;29;Otras Erogaciones Corrientes;0.75;1.155674;1.153819;68.54
2017;8;28;Otras Transferencias;602.18;1.155674;1.153819;55032.85
2017;8;27;Municipios;802.90;1.155674;1.153819;73376.52
2017;8;26;Transferencias a Municipios y Otros;1405.08;1.155674;1.153819;128409.37
2017;8;25;Intereses y Gastos de la Deuda;210.93;1.155674;1.153819;19276.76
2017;8;24;Otros Servicios;487.11;1.155674;1.153819;44516.67
2017;8;23;Bienes Corrientes;172.14;1.155674;1.153819;15731.77
2017;8;22;Locaciones de Servicio;20.28;1.155674;1.153819;1853.38
2017;8;21;Personal;2981.27;1.155674;1.153819;272456.38
2017;8;20;Erogaciones Corrientes;5277.56;1.155674;1.153819;482312.87
2017;8;19;Aportes no Reintegrables;189.86;1.155674;1.153819;17351.19
2017;8;18;Coparticipacion Vial;24.41;1.155674;1.153819;2230.81
2017;8;17;Ley 25.053 Fdo. Nac. de Incentivo Docente;86.56;1.155674;1.153819;7910.66
2017;8;16;Regimenes Especiales Nacionales s/Financ. Educativo;400.73;1.155674;1.153819;36622.46
2017;8;15;Coparticipacion Federal + Financ. Educativo;2015.68;1.155674;1.153819;184211.72
2017;8;14;De Origen Nacional;2717.24;1.155674;1.153819;248326.84
2017;8;13;Otros no Tributarios;408.43;1.155674;1.153819;37326.16
2017;8;12;Remesas del Instituto de Juegos y Casino;15.16;1.155674;1.153819;1385.46
2017;8;11;Tasas Retributivas de Servicios;136.82;1.155674;1.153819;12503.89
2017;8;10;Regalias;295.39;1.155674;1.153819;26995.51
2017;8;9;No Tributarios;855.80;1.155674;1.153819;78211.02
2017;8;8;Otros Tributarios;7.30;1.155674;1.153819;667.14
2017;8;7;Sellos y Tasas de Justicia;334.52;1.155674;1.153819;30571.57
2017;8;6;Inmobiliario;29.84;1.155674;1.153819;2727.06
2017;8;5;Automotor;195.88;1.155674;1.153819;17901.35
2017;8;4;Ingresos Brutos;1499.65;1.155674;1.153819;137052.06
2017;8;3;Tributarios;2067.19;1.155674;1.153819;188919.18
2017;8;2;De Origen Provincial;2922.99;1.155674;1.153819;267130.21
2017;8;1;Recursos Corrientes;5640.23;1.155674;1.153819;515457.05
2017;9;55;Resultado Operativo - Amortizacion de la D Consolidada;356.59;1.175777;1.175719;32031.35
2017;9;54;Amortizacion de la Deuda Consolidada;-6.26;1.175777;1.175719;-562.32
2017;9;53;IX. Resultado Operativo (VIII-IX);350.33;1.175777;1.175719;31469.03
2017;9;52;VIII. Egresos Totales (II+V+VI+VII);5801.87;1.175777;1.175719;521163.56
2017;9;51;VII. Ingresos Totales (I+IV);6152.20;1.175777;1.175719;552632.59
2017;9;50;Otros;0.00;1.175777;1.175719;0.00
2017;9;49;Compra de Acciones, Titulos, Valores, Otros;2.07;1.175777;1.175719;185.94
2017;9;48;Prestamos;3.23;1.175777;1.175719;290.14
2017;9;47;Inversion Financiera;5.30;1.175777;1.175719;476.08
2017;9;46;al Sector Privado;0.00;1.175777;1.175719;0.00
2017;9;45;al Sector Publico+Remesas al IPV;25.00;1.175777;1.175719;2245.67
2017;9;44;Transferencias para financiar Erogaciones de Capital;25.00;1.175777;1.175719;2245.67
2017;9;43;Trabajos Publicos;131.38;1.175777;1.175719;11801.45
2017;9;42;Bienes de Capital;57.80;1.175777;1.175719;5191.99
2017;9;41;VI. Erogaciones de Capital;219.48;1.175777;1.175719;19715.19
2017;9;40;Resto Otros Recursos de Capital;82.98;1.175777;1.175719;7453.83
2017;9;39;Fondo Residual;0.08;1.175777;1.175719;7.19
2017;9;38;Venta de Acciones;0.00;1.175777;1.175719;0.00
2017;9;37;Otros Recursos de Capital;83.06;1.175777;1.175719;7461.02
2017;9;36;Reembolsos de Prestamos;19.46;1.175777;1.175719;1748.03
2017;9;35;Reembolsos de Obras Publicas;0.00;1.175777;1.175719;0.00
2017;9;34;V. Recursos de Capital;102.52;1.175777;1.175719;9209.05
2017;9;33;IV.Resultado Economico Neto de Remesas;467.29;1.175777;1.175719;41975.18
2017;9;32;Remesas EMT;3.15;1.175777;1.175719;282.95
2017;9;31;Remesas ATM;69.28;1.175777;1.175719;6223.20
2017;9;30;Resultado Economico con Remesas;539.72;1.175777;1.175719;48481.33
2017;9;29;Otras Erogaciones Corrientes;0.75;1.175777;1.175719;67.37
2017;9;28;Otras Transferencias;546.13;1.175777;1.175719;49057.12
2017;9;27;Municipios;1030.73;1.175777;1.175719;92587.20
2017;9;26;Transferencias a Municipios y Otros;1576.86;1.175777;1.175719;141644.33
2017;9;25;Intereses y Gastos de la Deuda;325.94;1.175777;1.175719;29278.16
2017;9;24;Otros Servicios;485.28;1.175777;1.175719;43591.16
2017;9;23;Bienes Corrientes;176.10;1.175777;1.175719;15818.50
2017;9;22;Locaciones de Servicio;20.41;1.175777;1.175719;1833.37
2017;9;21;Personal;2924.62;1.175777;1.175719;262709.33
2017;9;20;Erogaciones Corrientes;5509.96;1.175777;1.175719;494942.21
2017;9;19;Aportes no Reintegrables;228.61;1.175777;1.175719;20535.31
2017;9;18;Coparticipacion Vial;22.71;1.175777;1.175719;2039.97
2017;9;17;Ley 25.053 Fdo. Nac. de Incentivo Docente;127.86;1.175777;1.175719;11485.26
2017;9;16;Regimenes Especiales Nacionales s/Financ. Educativo;423.65;1.175777;1.175719;38055.13
2017;9;15;Coparticipacion Federal + Financ. Educativo;2350.05;1.175777;1.175719;211097.53
2017;9;14;De Origen Nacional;3152.88;1.175777;1.175719;283213.20
2017;9;13;Otros no Tributarios;686.44;1.175777;1.175719;61660.73
2017;9;12;Remesas del Instituto de Juegos y Casino;0.12;1.175777;1.175719;10.78
2017;9;11;Tasas Retributivas de Servicios;131.07;1.175777;1.175719;11773.60
2017;9;10;Regalias;253.70;1.175777;1.175719;22789.07
2017;9;9;No Tributarios;1071.33;1.175777;1.175719;96234.17
2017;9;8;Otros Tributarios;5.10;1.175777;1.175719;458.12
2017;9;7;Sellos y Tasas de Justicia;170.44;1.175777;1.175719;15310.08
2017;9;6;Inmobiliario;81.73;1.175777;1.175719;7341.55
2017;9;5;Automotor;82.96;1.175777;1.175719;7452.03
2017;9;4;Ingresos Brutos;1485.24;1.175777;1.175719;133414.39
2017;9;3;Tributarios;1825.47;1.175777;1.175719;163976.17
2017;9;2;De Origen Provincial;2896.80;1.175777;1.175719;260210.35
2017;9;1;Recursos Corrientes;6049.68;1.175777;1.175719;543423.55
2017;10;55;Resultado Operativo - Amortizacion de la D Consolidada;-1282.43;1.195964;1.193528;-113252.18
2017;10;54;Amortizacion de la Deuda Consolidada;541.41;1.195964;1.193528;47812.25
2017;10;53;IX. Resultado Operativo (VIII-IX);-741.02;1.195964;1.193528;-65439.93
2017;10;52;VIII. Egresos Totales (II+V+VI+VII);6452.52;1.195964;1.193528;569826.00
2017;10;51;VII. Ingresos Totales (I+IV);5711.50;1.195964;1.193528;504386.07
2017;10;50;Otros;0.00;1.195964;1.193528;0.00
2017;10;49;Compra de Acciones, Titulos, Valores, Otros;1.00;1.195964;1.193528;88.31
2017;10;48;Prestamos;52.59;1.195964;1.193528;4644.26
2017;10;47;Inversion Financiera;53.59;1.195964;1.193528;4732.57
2017;10;46;al Sector Privado;0.00;1.195964;1.193528;0.00
2017;10;45;al Sector Publico+Remesas al IPV;175.24;1.195964;1.193528;15475.55
2017;10;44;Transferencias para financiar Erogaciones de Capital;175.24;1.195964;1.193528;15475.55
2017;10;43;Trabajos Publicos;271.80;1.195964;1.193528;24002.82
2017;10;42;Bienes de Capital;34.08;1.195964;1.193528;3009.63
2017;10;41;VI. Erogaciones de Capital;534.71;1.195964;1.193528;47220.57
2017;10;40;Resto Otros Recursos de Capital;44.86;1.195964;1.193528;3961.61
2017;10;39;Fondo Residual;0.05;1.195964;1.193528;4.42
2017;10;38;Venta de Acciones;0.00;1.195964;1.193528;0.00
2017;10;37;Otros Recursos de Capital;44.91;1.195964;1.193528;3966.03
2017;10;36;Reembolsos de Prestamos;0.16;1.195964;1.193528;14.13
2017;10;35;Reembolsos de Obras Publicas;0.00;1.195964;1.193528;0.00
2017;10;34;V. Recursos de Capital;45.07;1.195964;1.193528;3980.16
2017;10;33;IV.Resultado Economico Neto de Remesas;-251.38;1.195964;1.193528;-22199.52
2017;10;32;Remesas EMT;27.52;1.195964;1.193528;2430.31
2017;10;31;Remesas ATM;37.41;1.195964;1.193528;3303.70
2017;10;30;Resultado Economico con Remesas;-186.45;1.195964;1.193528;-16465.51
2017;10;29;Otras Erogaciones Corrientes;0.75;1.195964;1.193528;66.23
2017;10;28;Otras Transferencias;603.44;1.195964;1.193528;53290.16
2017;10;27;Municipios;858.09;1.195964;1.193528;75778.45
2017;10;26;Transferencias a Municipios y Otros;1461.53;1.195964;1.193528;129068.61
2017;10;25;Intereses y Gastos de la Deuda;767.92;1.195964;1.193528;67815.49
2017;10;24;Otros Servicios;476.37;1.195964;1.193528;42068.53
2017;10;23;Bienes Corrientes;190.84;1.195964;1.193528;16853.20
2017;10;22;Locaciones de Servicio;21.61;1.195964;1.193528;1908.39
2017;10;21;Personal;2933.86;1.195964;1.193528;259090.98
2017;10;20;Erogaciones Corrientes;5852.88;1.195964;1.193528;516871.43
2017;10;19;Aportes no Reintegrables;199.68;1.195964;1.193528;17633.86
2017;10;18;Coparticipacion Vial;22.58;1.195964;1.193528;1994.05
2017;10;17;Ley 25.053 Fdo. Nac. de Incentivo Docente;75.63;1.195964;1.193528;6678.93
2017;10;16;Regimenes Especiales Nacionales s/Financ. Educativo;389.06;1.195964;1.193528;34358.13
2017;10;15;Coparticipacion Federal + Financ. Educativo;2232.64;1.195964;1.193528;197165.81
2017;10;14;De Origen Nacional;2919.59;1.195964;1.193528;257830.79
2017;10;13;Otros no Tributarios;426.07;1.195964;1.193528;37626.50
2017;10;12;Remesas del Instituto de Juegos y Casino;0.00;1.195964;1.193528;0.00
2017;10;11;Tasas Retributivas de Servicios;138.90;1.195964;1.193528;12266.34
2017;10;10;Regalias;313.20;1.195964;1.193528;27658.88
2017;10;9;No Tributarios;878.17;1.195964;1.193528;77551.73
2017;10;8;Otros Tributarios;16.46;1.195964;1.193528;1453.59
2017;10;7;Sellos y Tasas de Justicia;278.24;1.195964;1.193528;24571.55
2017;10;6;Inmobiliario;31.64;1.195964;1.193528;2794.15
2017;10;5;Automotor;79.55;1.195964;1.193528;7025.11
2017;10;4;Ingresos Brutos;1462.78;1.195964;1.193528;129179.00
2017;10;3;Tributarios;1868.67;1.195964;1.193528;165023.39
2017;10;2;De Origen Provincial;2746.84;1.195964;1.193528;242575.13
2017;10;1;Recursos Corrientes;5666.43;1.195964;1.193528;500405.91
2017;11;55;Resultado Operativo - Amortizacion de la D Consolidada;-354.41;1.214671;1.209940;-30816.15
2017;11;54;Amortizacion de la Deuda Consolidada;448.72;1.214671;1.209940;39016.45
2017;11;53;IX. Resultado Operativo (VIII-IX);94.31;1.214671;1.209940;8200.31
2017;11;52;VIII. Egresos Totales (II+V+VI+VII);5737.68;1.214671;1.209940;498894.45
2017;11;51;VII. Ingresos Totales (I+IV);5831.99;1.214671;1.209940;507094.75
2017;11;50;Otros;0.00;1.214671;1.209940;0.00
2017;11;49;Compra de Acciones, Titulos, Valores, Otros;0.00;1.214671;1.209940;0.00
2017;11;48;Prestamos;3.31;1.214671;1.209940;287.81
2017;11;47;Inversion Financiera;3.31;1.214671;1.209940;287.81
2017;11;46;al Sector Privado;0.00;1.214671;1.209940;0.00
2017;11;45;al Sector Publico+Remesas al IPV;100.90;1.214671;1.209940;8773.31
2017;11;44;Transferencias para financiar Erogaciones de Capital;100.90;1.214671;1.209940;8773.31
2017;11;43;Trabajos Publicos;163.80;1.214671;1.209940;14242.50
2017;11;42;Bienes de Capital;95.50;1.214671;1.209940;8303.78
2017;11;41;VI. Erogaciones de Capital;363.51;1.214671;1.209940;31607.40
2017;11;40;Resto Otros Recursos de Capital;80.47;1.214671;1.209940;6996.91
2017;11;39;Fondo Residual;0.19;1.214671;1.209940;16.52
2017;11;38;Venta de Acciones;0.00;1.214671;1.209940;0.00
2017;11;37;Otros Recursos de Capital;80.66;1.214671;1.209940;7013.43
2017;11;36;Reembolsos de Prestamos;0.31;1.214671;1.209940;26.95
2017;11;35;Reembolsos de Obras Publicas;0.00;1.214671;1.209940;0.00
2017;11;34;V. Recursos de Capital;80.97;1.214671;1.209940;7040.39
2017;11;33;IV.Resultado Economico Neto de Remesas;376.85;1.214671;1.209940;32767.32
2017;11;32;Remesas EMT;3.32;1.214671;1.209940;288.68
2017;11;31;Remesas ATM;25.75;1.214671;1.209940;2238.98
2017;11;30;Resultado Economico con Remesas;405.92;1.214671;1.209940;35294.97
2017;11;29;Otras Erogaciones Corrientes;0.75;1.214671;1.209940;65.21
2017;11;28;Otras Transferencias;542.87;1.214671;1.209940;47202.85
2017;11;27;Municipios;829.92;1.214671;1.209940;72162.00
2017;11;26;Transferencias a Municipios y Otros;1372.79;1.214671;1.209940;119364.85
2017;11;25;Intereses y Gastos de la Deuda;388.53;1.214671;1.209940;33782.90
2017;11;24;Otros Servicios;437.87;1.214671;1.209940;38073.04
2017;11;23;Bienes Corrientes;186.08;1.214671;1.209940;16179.76
2017;11;22;Locaciones de Servicio;27.83;1.214671;1.209940;2419.83
2017;11;21;Personal;2931.25;1.214671;1.209940;254873.81
2017;11;20;Erogaciones Corrientes;5345.10;1.214671;1.209940;464759.40
2017;11;19;Aportes no Reintegrables;259.31;1.214671;1.209940;22547.15
2017;11;18;Coparticipacion Vial;23.31;1.214671;1.209940;2026.82
2017;11;17;Ley 25.053 Fdo. Nac. de Incentivo Docente;0.19;1.214671;1.209940;16.52
2017;11;16;Regimenes Especiales Nacionales s/Financ. Educativo;359.01;1.214671;1.209940;31216.12
2017;11;15;Coparticipacion Federal + Financ. Educativo;2052.82;1.214671;1.209940;178493.83
2017;11;14;De Origen Nacional;2694.64;1.214671;1.209940;234300.44
2017;11;13;Otros no Tributarios;549.61;1.214671;1.209940;47788.89
2017;11;12;Remesas del Instituto de Juegos y Casino;0.00;1.214671;1.209940;0.00
2017;11;11;Tasas Retributivas de Servicios;124.63;1.214671;1.209940;10836.65
2017;11;10;Regalias;302.95;1.214671;1.209940;26341.67
2017;11;9;No Tributarios;977.19;1.214671;1.209940;84967.21
2017;11;8;Otros Tributarios;18.81;1.214671;1.209940;1635.54
2017;11;7;Sellos y Tasas de Justicia;398.55;1.214671;1.209940;34654.14
2017;11;6;Inmobiliario;84.24;1.214671;1.209940;7324.71
2017;11;5;Automotor;81.21;1.214671;1.209940;7061.25
2017;11;4;Ingresos Brutos;1496.38;1.214671;1.209940;130111.07
2017;11;3;Tributarios;2079.19;1.214671;1.209940;180786.72
2017;11;2;De Origen Provincial;3056.38;1.214671;1.209940;265753.93
2017;11;1;Recursos Corrientes;5751.02;1.214671;1.209940;500054.37
2017;12;55;Resultado Operativo - Amortizacion de la D Consolidada;-6681.91;1.255295;1.247956;-562193.52
2017;12;54;Amortizacion de la Deuda Consolidada;772.71;1.255295;1.247956;65013.23
2017;12;53;IX. Resultado Operativo (VIII-IX);-5909.20;1.255295;1.247956;-497180.29
2017;12;52;VIII. Egresos Totales (II+V+VI+VII);13123.79;1.255295;1.247956;1104191.71
2017;12;51;VII. Ingresos Totales (I+IV);7214.59;1.255295;1.247956;607011.43
2017;12;50;Otros;0.00;1.255295;1.247956;0.00
2017;12;49;Compra de Acciones, Titulos, Valores, Otros;277.55;1.255295;1.247956;23352.13
2017;12;48;Prestamos;-16.18;1.255295;1.247956;-1361.33
2017;12;47;Inversion Financiera;261.37;1.255295;1.247956;21990.80
2017;12;46;al Sector Privado;0.00;1.255295;1.247956;0.00
2017;12;45;al Sector Publico+Remesas al IPV;310.68;1.255295;1.247956;26139.57
2017;12;44;Transferencias para financiar Erogaciones de Capital;310.68;1.255295;1.247956;26139.57
2017;12;43;Trabajos Publicos;610.91;1.255295;1.247956;51399.92
2017;12;42;Bienes de Capital;262.98;1.255295;1.247956;22126.26
2017;12;41;VI. Erogaciones de Capital;1445.94;1.255295;1.247956;121656.55
2017;12;40;Resto Otros Recursos de Capital;153.79;1.255295;1.247956;12939.38
2017;12;39;Fondo Residual;3.80;1.255295;1.247956;319.72
2017;12;38;Venta de Acciones;0.00;1.255295;1.247956;0.00
2017;12;37;Otros Recursos de Capital;157.59;1.255295;1.247956;13259.09
2017;12;36;Reembolsos de Prestamos;10.56;1.255295;1.247956;888.48
2017;12;35;Reembolsos de Obras Publicas;0.00;1.255295;1.247956;0.00
2017;12;34;V. Recursos de Capital;168.15;1.255295;1.247956;14147.58
2017;12;33;IV.Resultado Economico Neto de Remesas;-4631.41;1.255295;1.247956;-389671.32
2017;12;32;Remesas EMT;34.83;1.255295;1.247956;2930.48
2017;12;31;Remesas ATM;67.76;1.255295;1.247956;5701.10
2017;12;30;Resultado Economico con Remesas;-4528.82;1.255295;1.247956;-381039.74
2017;12;29;Otras Erogaciones Corrientes;0.75;1.255295;1.247956;63.10
2017;12;28;Otras Transferencias;1006.86;1.255295;1.247956;84713.83
2017;12;27;Municipios;1181.70;1.255295;1.247956;99424.28
2017;12;26;Transferencias a Municipios y Otros;2188.56;1.255295;1.247956;184138.10
2017;12;25;Intereses y Gastos de la Deuda;1011.10;1.255295;1.247956;85070.57
2017;12;24;Otros Servicios;1381.95;1.255295;1.247956;116272.64
2017;12;23;Bienes Corrientes;517.06;1.255295;1.247956;43503.70
2017;12;22;Locaciones de Servicio;38.88;1.255295;1.247956;3271.23
2017;12;21;Personal;6436.96;1.255295;1.247956;541584.25
2017;12;20;Erogaciones Corrientes;11575.26;1.255295;1.247956;973903.59
2017;12;19;Aportes no Reintegrables;264.31;1.255295;1.247956;22238.16
2017;12;18;Coparticipacion Vial;30.70;1.255295;1.247956;2583.00
2017;12;17;Ley 25.053 Fdo. Nac. de Incentivo Docente;228.46;1.255295;1.247956;19221.86
2017;12;16;Regimenes Especiales Nacionales s/Financ. Educativo;457.96;1.255295;1.247956;38531.22
2017;12;15;Coparticipacion Federal + Financ. Educativo;2589.32;1.255295;1.247956;217856.71
2017;12;14;De Origen Nacional;3570.75;1.255295;1.247956;300430.94
2017;12;13;Otros no Tributarios;683.89;1.255295;1.247956;57540.21
2017;12;12;Remesas del Instituto de Juegos y Casino;60.70;1.255295;1.247956;5107.09
2017;12;11;Tasas Retributivas de Servicios;144.29;1.255295;1.247956;12140.08
2017;12;10;Regalias;321.10;1.255295;1.247956;27016.28
2017;12;9;No Tributarios;1209.98;1.255295;1.247956;101803.66
2017;12;8;Otros Tributarios;6.75;1.255295;1.247956;567.92
2017;12;7;Sellos y Tasas de Justicia;291.24;1.255295;1.247956;24503.96
2017;12;6;Inmobiliario;45.43;1.255295;1.247956;3822.33
2017;12;5;Automotor;122.77;1.255295;1.247956;10329.46
2017;12;4;Ingresos Brutos;1799.52;1.255295;1.247956;151405.58
2017;12;3;Tributarios;2265.71;1.255295;1.247956;190629.25
2017;12;2;De Origen Provincial;3475.69;1.255295;1.247956;292432.91
2017;12;1;Recursos Corrientes;7046.44;1.255295;1.247956;592863.85
2018;1;55;Resultado Operativo - Amortizacion de la D Consolidada;1582.91;1.274142;1.269887;131210.75
2018;1;54;Amortizacion de la Deuda Consolidada;78.02;1.274142;1.269887;6467.24
2018;1;53;IX. Resultado Operativo (VIII-IX);1660.93;1.274142;1.269887;137677.99
2018;1;52;VIII. Egresos Totales (II+V+VI+VII);3882.21;1.274142;1.269887;321804.57
2018;1;51;VII. Ingresos Totales (I+IV);5543.14;1.274142;1.269887;459482.55
2018;1;50;Otros;0.00;1.274142;1.269887;0.00
2018;1;49;Compra de Acciones, Titulos, Valores, Otros;0.00;1.274142;1.269887;0.00
2018;1;48;Prestamos;3.13;1.274142;1.269887;259.45
2018;1;47;Inversion Financiera;3.13;1.274142;1.269887;259.45
2018;1;46;al Sector Privado;0.00;1.274142;1.269887;0.00
2018;1;45;al Sector Publico+Remesas al IPV;4.07;1.274142;1.269887;337.37
2018;1;44;Transferencias para financiar Erogaciones de Capital;4.07;1.274142;1.269887;337.37
2018;1;43;Trabajos Publicos;12.17;1.274142;1.269887;1008.80
2018;1;42;Bienes de Capital;0.57;1.274142;1.269887;47.25
2018;1;41;VI. Erogaciones de Capital;19.94;1.274142;1.269887;1652.87
2018;1;40;Resto Otros Recursos de Capital;5.51;1.274142;1.269887;456.74
2018;1;39;Fondo Residual;0.00;1.274142;1.269887;0.00
2018;1;38;Venta de Acciones;0.00;1.274142;1.269887;0.00
2018;1;37;Otros Recursos de Capital;5.51;1.274142;1.269887;456.74
2018;1;36;Reembolsos de Prestamos;0.15;1.274142;1.269887;12.43
2018;1;35;Reembolsos de Obras Publicas;0.00;1.274142;1.269887;0.00
2018;1;34;V. Recursos de Capital;5.66;1.274142;1.269887;469.17
2018;1;33;IV.Resultado Economico Neto de Remesas;1675.21;1.274142;1.269887;138861.69
2018;1;32;Remesas EMT;3.53;1.274142;1.269887;292.61
2018;1;31;Remesas ATM;24.52;1.274142;1.269887;2032.51
2018;1;30;Resultado Economico con Remesas;1703.26;1.274142;1.269887;141186.81
2018;1;29;Otras Erogaciones Corrientes;0.87;1.274142;1.269887;72.12
2018;1;28;Otras Transferencias;306.88;1.274142;1.269887;25437.93
2018;1;27;Municipios;762.05;1.274142;1.269887;63167.93
2018;1;26;Transferencias a Municipios y Otros;1068.93;1.274142;1.269887;88605.86
2018;1;25;Intereses y Gastos de la Deuda;184.44;1.274142;1.269887;15288.62
2018;1;24;Otros Servicios;96.19;1.274142;1.269887;7973.39
2018;1;23;Bienes Corrientes;26.96;1.274142;1.269887;2234.77
2018;1;22;Locaciones de Servicio;18.89;1.274142;1.269887;1565.83
2018;1;21;Personal;2437.94;1.274142;1.269887;202085.98
2018;1;20;Erogaciones Corrientes;3834.22;1.274142;1.269887;317826.57
2018;1;19;Aportes no Reintegrables;198.40;1.274142;1.269887;16445.79
2018;1;18;Coparticipacion Vial;19.46;1.274142;1.269887;1613.08
2018;1;17;Ley 25.053 Fdo. Nac. de Incentivo Docente;90.46;1.274142;1.269887;7498.42
2018;1;16;Regimenes Especiales Nacionales s/Financ. Educativo;324.69;1.274142;1.269887;26914.24
2018;1;15;Coparticipacion Federal + Financ. Educativo;2453.52;1.274142;1.269887;203377.44
2018;1;14;De Origen Nacional;3086.53;1.274142;1.269887;255848.98
2018;1;13;Otros no Tributarios;126.01;1.274142;1.269887;10445.23
2018;1;12;Remesas del Instituto de Juegos y Casino;0.00;1.274142;1.269887;0.00
2018;1;11;Tasas Retributivas de Servicios;110.53;1.274142;1.269887;9162.06
2018;1;10;Regalias;355.10;1.274142;1.269887;29434.99
2018;1;9;No Tributarios;591.64;1.274142;1.269887;49042.29
2018;1;8;Otros Tributarios;11.78;1.274142;1.269887;976.47
2018;1;7;Sellos y Tasas de Justicia;282.24;1.274142;1.269887;23395.47
2018;1;6;Inmobiliario;19.94;1.274142;1.269887;1652.87
2018;1;5;Automotor;72.18;1.274142;1.269887;5983.15
2018;1;4;Ingresos Brutos;1473.17;1.274142;1.269887;122114.17
2018;1;3;Tributarios;1859.31;1.274142;1.269887;154122.12
2018;1;2;De Origen Provincial;2450.95;1.274142;1.269887;203164.41
2018;1;1;Recursos Corrientes;5537.48;1.274142;1.269887;459013.38
2018;2;55;Resultado Operativo - Amortizacion de la D Consolidada;1073.05;1.307730;1.300606;86662.83
2018;2;54;Amortizacion de la Deuda Consolidada;508.66;1.307730;1.300606;41080.95
2018;2;53;IX. Resultado Operativo (VIII-IX);1581.71;1.307730;1.300606;127743.79
2018;2;52;VIII. Egresos Totales (II+V+VI+VII);4390.21;1.307730;1.300606;354566.92
2018;2;51;VII. Ingresos Totales (I+IV);5971.92;1.307730;1.300606;482310.71
2018;2;50;Otros;0.00;1.307730;1.300606;0.00
2018;2;49;Compra de Acciones, Titulos, Valores, Otros;118.00;1.307730;1.300606;9530.04
2018;2;48;Prestamos;3.26;1.307730;1.300606;263.29
2018;2;47;Inversion Financiera;121.26;1.307730;1.300606;9793.33
2018;2;46;al Sector Privado;0.00;1.307730;1.300606;0.00
2018;2;45;al Sector Publico+Remesas al IPV;14.94;1.307730;1.300606;1206.60
2018;2;44;Transferencias para financiar Erogaciones de Capital;14.94;1.307730;1.300606;1206.60
2018;2;43;Trabajos Publicos;89.27;1.307730;1.300606;7209.72
2018;2;42;Bienes de Capital;4.81;1.307730;1.300606;388.47
2018;2;41;VI. Erogaciones de Capital;230.28;1.307730;1.300606;18598.12
2018;2;40;Resto Otros Recursos de Capital;-0.04;1.307730;1.300606;-3.23
2018;2;39;Fondo Residual;0.02;1.307730;1.300606;1.62
2018;2;38;Venta de Acciones;0.00;1.307730;1.300606;0.00
2018;2;37;Otros Recursos de Capital;-0.02;1.307730;1.300606;-1.62
2018;2;36;Reembolsos de Prestamos;0.13;1.307730;1.300606;10.50
2018;2;35;Reembolsos de Obras Publicas;0.00;1.307730;1.300606;0.00
2018;2;34;V. Recursos de Capital;0.11;1.307730;1.300606;8.88
2018;2;33;IV.Resultado Economico Neto de Remesas;1811.88;1.307730;1.300606;146333.03
2018;2;32;Remesas EMT;3.59;1.307730;1.300606;289.94
2018;2;31;Remesas ATM;24.95;1.307730;1.300606;2015.04
2018;2;30;Resultado Economico con Remesas;1840.42;1.307730;1.300606;148638.01
2018;2;29;Otras Erogaciones Corrientes;0.87;1.307730;1.300606;70.26
2018;2;28;Otras Transferencias;411.91;1.307730;1.300606;33267.12
2018;2;27;Municipios;314.24;1.307730;1.300606;25378.99
2018;2;26;Transferencias a Municipios y Otros;726.15;1.307730;1.300606;58646.12
2018;2;25;Intereses y Gastos de la Deuda;188.15;1.307730;1.300606;15195.58
2018;2;24;Otros Servicios;175.30;1.307730;1.300606;14157.77
2018;2;23;Bienes Corrientes;92.88;1.307730;1.300606;7501.28
2018;2;22;Locaciones de Servicio;25.18;1.307730;1.300606;2033.61
2018;2;21;Personal;2922.86;1.307730;1.300606;236059.20
2018;2;20;Erogaciones Corrientes;4131.39;1.307730;1.300606;333663.82
2018;2;19;Aportes no Reintegrables;172.06;1.307730;1.300606;13896.10
2018;2;18;Coparticipacion Vial;13.61;1.307730;1.300606;1099.19
2018;2;17;Ley 25.053 Fdo. Nac. de Incentivo Docente;89.67;1.307730;1.300606;7242.03
2018;2;16;Regimenes Especiales Nacionales s/Financ. Educativo;352.67;1.307730;1.300606;28482.72
2018;2;15;Coparticipacion Federal + Financ. Educativo;2192.21;1.307730;1.300606;177049.65
2018;2;14;De Origen Nacional;2820.22;1.307730;1.300606;227769.68
2018;2;13;Otros no Tributarios;469.28;1.307730;1.300606;37900.50
2018;2;12;Remesas del Instituto de Juegos y Casino;0.00;1.307730;1.300606;0.00
2018;2;11;Tasas Retributivas de Servicios;123.92;1.307730;1.300606;10008.16
2018;2;10;Regalias;360.31;1.307730;1.300606;29099.75
2018;2;9;No Tributarios;953.51;1.307730;1.300606;77008.41
2018;2;8;Otros Tributarios;3.57;1.307730;1.300606;288.32
2018;2;7;Sellos y Tasas de Justicia;260.28;1.307730;1.300606;21021.02
2018;2;6;Inmobiliario;18.63;1.307730;1.300606;1504.62
2018;2;5;Automotor;436.20;1.307730;1.300606;35228.86
2018;2;4;Ingresos Brutos;1479.40;1.307730;1.300606;119480.91
2018;2;3;Tributarios;2198.08;1.307730;1.300606;177523.73
2018;2;2;De Origen Provincial;3151.59;1.307730;1.300606;254532.15
2018;2;1;Recursos Corrientes;5971.81;1.307730;1.300606;482301.83
2018;3;55;Resultado Operativo - Amortizacion de la D Consolidada;-233.09;1.335455;1.331054;-18434.25
2018;3;54;Amortizacion de la Deuda Consolidada;172.89;1.335455;1.331054;13673.25
2018;3;53;IX. Resultado Operativo (VIII-IX);-60.20;1.335455;1.331054;-4761.00
2018;3;52;VIII. Egresos Totales (II+V+VI+VII);6627.01;1.335455;1.331054;524106.30
2018;3;51;VII. Ingresos Totales (I+IV);6566.81;1.335455;1.331054;519345.30
2018;3;50;Otros;0.00;1.335455;1.331054;0.00
2018;3;49;Compra de Acciones, Titulos, Valores, Otros;2.83;1.335455;1.331054;223.81
2018;3;48;Prestamos;39.92;1.335455;1.331054;3157.13
2018;3;47;Inversion Financiera;42.75;1.335455;1.331054;3380.94
2018;3;46;al Sector Privado;0.00;1.335455;1.331054;0.00
2018;3;45;al Sector Publico+Remesas al IPV;87.53;1.335455;1.331054;6922.43
2018;3;44;Transferencias para financiar Erogaciones de Capital;87.53;1.335455;1.331054;6922.43
2018;3;43;Trabajos Publicos;512.92;1.335455;1.331054;40564.99
2018;3;42;Bienes de Capital;26.96;1.335455;1.331054;2132.17
2018;3;41;VI. Erogaciones de Capital;670.16;1.335455;1.331054;53000.54
2018;3;40;Resto Otros Recursos de Capital;136.85;1.335455;1.331054;10822.97
2018;3;39;Fondo Residual;0.08;1.335455;1.331054;6.33
2018;3;38;Venta de Acciones;0.00;1.335455;1.331054;0.00
2018;3;37;Otros Recursos de Capital;136.93;1.335455;1.331054;10829.30
2018;3;36;Reembolsos de Prestamos;0.24;1.335455;1.331054;18.98
2018;3;35;Reembolsos de Obras Publicas;0.00;1.335455;1.331054;0.00
2018;3;34;V. Recursos de Capital;137.17;1.335455;1.331054;10848.28
2018;3;33;IV.Resultado Economico Neto de Remesas;472.79;1.335455;1.331054;37391.25
2018;3;32;Remesas EMT;3.67;1.335455;1.331054;290.25
2018;3;31;Remesas ATM;25.97;1.335455;1.331054;2053.87
2018;3;30;Resultado Economico con Remesas;502.43;1.335455;1.331054;39735.37
2018;3;29;Otras Erogaciones Corrientes;0.00;1.335455;1.331054;0.00
2018;3;28;Otras Transferencias;510.24;1.335455;1.331054;40353.04
2018;3;27;Municipios;1177.82;1.335455;1.331054;93149.53
2018;3;26;Transferencias a Municipios y Otros;1688.06;1.335455;1.331054;133502.57
2018;3;25;Intereses y Gastos de la Deuda;650.01;1.335455;1.331054;51406.94
2018;3;24;Otros Servicios;449.65;1.335455;1.331054;35561.20
2018;3;23;Bienes Corrientes;152.21;1.335455;1.331054;12037.74
2018;3;22;Locaciones de Servicio;30.67;1.335455;1.331054;2425.58
2018;3;21;Personal;2956.61;1.335455;1.331054;233827.61
2018;3;20;Erogaciones Corrientes;5927.21;1.335455;1.331054;468761.64
2018;3;19;Aportes no Reintegrables;170.67;1.335455;1.331054;13497.67
2018;3;18;Coparticipacion Vial;25.38;1.335455;1.331054;2007.21
2018;3;17;Ley 25.053 Fdo. Nac. de Incentivo Docente;99.70;1.335455;1.331054;7884.91
2018;3;16;Regimenes Especiales Nacionales s/Financ. Educativo;579.14;1.335455;1.331054;45802.09
2018;3;15;Coparticipacion Federal + Financ. Educativo;2087.05;1.335455;1.331054;165057.25
2018;3;14;De Origen Nacional;2961.94;1.335455;1.331054;234249.14
2018;3;13;Otros no Tributarios;534.96;1.335455;1.331054;42308.06
2018;3;12;Remesas del Instituto de Juegos y Casino;0.00;1.335455;1.331054;0.00
2018;3;11;Tasas Retributivas de Servicios;113.45;1.335455;1.331054;8972.35
2018;3;10;Regalias;306.64;1.335455;1.331054;24251.05
2018;3;9;No Tributarios;955.05;1.335455;1.331054;75531.46
2018;3;8;Otros Tributarios;7.62;1.335455;1.331054;602.64
2018;3;7;Sellos y Tasas de Justicia;161.91;1.335455;1.331054;12804.88
2018;3;6;Inmobiliario;513.16;1.335455;1.331054;40583.97
2018;3;5;Automotor;299.55;1.335455;1.331054;23690.33
2018;3;4;Ingresos Brutos;1530.41;1.335455;1.331054;121034.60
2018;3;3;Tributarios;2512.65;1.335455;1.331054;198716.42
2018;3;2;De Origen Provincial;3467.70;1.335455;1.331054;274247.87
2018;3;1;Recursos Corrientes;6429.64;1.335455;1.331054;508497.02
2018;4;55;Resultado Operativo - Amortizacion de la D Consolidada;-659.49;1.380246;1.367512;-50464.12
2018;4;54;Amortizacion de la Deuda Consolidada;121.85;1.380246;1.367512;9323.95
2018;4;53;IX. Resultado Operativo (VIII-IX);-537.64;1.380246;1.367512;-41140.17
2018;4;52;VIII. Egresos Totales (II+V+VI+VII);7061.20;1.380246;1.367512;540322.47
2018;4;51;VII. Ingresos Totales (I+IV);6523.56;1.380246;1.367512;499182.30
2018;4;50;Otros;0.00;1.380246;1.367512;0.00
2018;4;49;Compra de Acciones, Titulos, Valores, Otros;6.00;1.380246;1.367512;459.12
2018;4;48;Prestamos;178.62;1.380246;1.367512;13667.99
2018;4;47;Inversion Financiera;184.62;1.380246;1.367512;14127.11
2018;4;46;al Sector Privado;0.00;1.380246;1.367512;0.00
2018;4;45;al Sector Publico+Remesas al IPV;183.94;1.380246;1.367512;14075.07
2018;4;44;Transferencias para financiar Erogaciones de Capital;183.94;1.380246;1.367512;14075.07
2018;4;43;Trabajos Publicos;277.61;1.380246;1.367512;21242.70
2018;4;42;Bienes de Capital;36.89;1.380246;1.367512;2822.82
2018;4;41;VI. Erogaciones de Capital;683.06;1.380246;1.367512;52267.70
2018;4;40;Resto Otros Recursos de Capital;69.49;1.380246;1.367512;5317.37
2018;4;39;Fondo Residual;0.12;1.380246;1.367512;9.18
2018;4;38;Venta de Acciones;0.00;1.380246;1.367512;0.00
2018;4;37;Otros Recursos de Capital;69.61;1.380246;1.367512;5326.55
2018;4;36;Reembolsos de Prestamos;0.19;1.380246;1.367512;14.54
2018;4;35;Reembolsos de Obras Publicas;0.00;1.380246;1.367512;0.00
2018;4;34;V. Recursos de Capital;69.80;1.380246;1.367512;5341.09
2018;4;33;IV.Resultado Economico Neto de Remesas;75.62;1.380246;1.367512;5786.44
2018;4;32;Remesas EMT;3.74;1.380246;1.367512;286.18
2018;4;31;Remesas ATM;64.57;1.380246;1.367512;4940.89
2018;4;30;Resultado Economico con Remesas;143.93;1.380246;1.367512;11013.51
2018;4;29;Otras Erogaciones Corrientes;0.87;1.380246;1.367512;66.57
2018;4;28;Otras Transferencias;595.80;1.380246;1.367512;45590.57
2018;4;27;Municipios;1159.94;1.380246;1.367512;88758.52
2018;4;26;Transferencias a Municipios y Otros;1755.74;1.380246;1.367512;134349.09
2018;4;25;Intereses y Gastos de la Deuda;614.76;1.380246;1.367512;47041.39
2018;4;24;Otros Servicios;420.37;1.380246;1.367512;32166.68
2018;4;23;Bienes Corrientes;200.11;1.380246;1.367512;15312.40
2018;4;22;Locaciones de Servicio;23.42;1.380246;1.367512;1792.10
2018;4;21;Personal;3294.56;1.380246;1.367512;252099.47
2018;4;20;Erogaciones Corrientes;6309.83;1.380246;1.367512;482827.69
2018;4;19;Aportes no Reintegrables;266.43;1.380246;1.367512;20387.20
2018;4;18;Coparticipacion Vial;21.55;1.380246;1.367512;1649.00
2018;4;17;Ley 25.053 Fdo. Nac. de Incentivo Docente;89.69;1.380246;1.367512;6863.07
2018;4;16;Regimenes Especiales Nacionales s/Financ. Educativo;405.98;1.380246;1.367512;31065.56
2018;4;15;Coparticipacion Federal + Financ. Educativo;2191.79;1.380246;1.367512;167715.60
2018;4;14;De Origen Nacional;2975.44;1.380246;1.367512;227680.43
2018;4;13;Otros no Tributarios;636.72;1.380246;1.367512;48721.76
2018;4;12;Remesas del Instituto de Juegos y Casino;30.75;1.380246;1.367512;2352.99
2018;4;11;Tasas Retributivas de Servicios;128.14;1.380246;1.367512;9805.26
2018;4;10;Regalias;424.90;1.380246;1.367512;32513.31
2018;4;9;No Tributarios;1220.51;1.380246;1.367512;93393.33
2018;4;8;Otros Tributarios;8.30;1.380246;1.367512;635.12
2018;4;7;Sellos y Tasas de Justicia;392.67;1.380246;1.367512;30047.08
2018;4;6;Inmobiliario;68.98;1.380246;1.367512;5278.34
2018;4;5;Automotor;201.11;1.380246;1.367512;15388.92
2018;4;4;Ingresos Brutos;1586.75;1.380246;1.367512;121417.98
2018;4;3;Tributarios;2257.81;1.380246;1.367512;172767.44
2018;4;2;De Origen Provincial;3478.32;1.380246;1.367512;266160.77
2018;4;1;Recursos Corrientes;6453.76;1.380246;1.367512;493841.21
2018;5;55;Resultado Operativo - Amortizacion de la D Consolidada;1373.64;1.405213;1.395893;103243.28
2018;5;54;Amortizacion de la Deuda Consolidada;357.32;1.405213;1.395893;26856.30
2018;5;53;IX. Resultado Operativo (VIII-IX);1730.96;1.405213;1.395893;130099.58
2018;5;52;VIII. Egresos Totales (II+V+VI+VII);6384.83;1.405213;1.395893;479886.12
2018;5;51;VII. Ingresos Totales (I+IV);8115.79;1.405213;1.395893;609985.70
2018;5;50;Otros;0.00;1.405213;1.395893;0.00
2018;5;49;Compra de Acciones, Titulos, Valores, Otros;0.00;1.405213;1.395893;0.00
2018;5;48;Prestamos;3.55;1.405213;1.395893;266.82
2018;5;47;Inversion Financiera;3.55;1.405213;1.395893;266.82
2018;5;46;al Sector Privado;0.00;1.405213;1.395893;0.00
2018;5;45;al Sector Publico+Remesas al IPV;169.38;1.405213;1.395893;12730.66
2018;5;44;Transferencias para financiar Erogaciones de Capital;169.38;1.405213;1.395893;12730.66
2018;5;43;Trabajos Publicos;368.21;1.405213;1.395893;27674.80
2018;5;42;Bienes de Capital;77.80;1.405213;1.395893;5847.48
2018;5;41;VI. Erogaciones de Capital;618.94;1.405213;1.395893;46519.75
2018;5;40;Resto Otros Recursos de Capital;150.78;1.405213;1.395893;11332.68
2018;5;39;Fondo Residual;2.48;1.405213;1.395893;186.40
2018;5;38;Venta de Acciones;0.00;1.405213;1.395893;0.00
2018;5;37;Otros Recursos de Capital;153.26;1.405213;1.395893;11519.08
2018;5;36;Reembolsos de Prestamos;0.23;1.405213;1.395893;17.29
2018;5;35;Reembolsos de Obras Publicas;0.00;1.405213;1.395893;0.00
2018;5;34;V. Recursos de Capital;153.49;1.405213;1.395893;11536.36
2018;5;33;IV.Resultado Economico Neto de Remesas;2196.41;1.405213;1.395893;165082.97
2018;5;32;Remesas EMT;3.61;1.405213;1.395893;271.33
2018;5;31;Remesas ATM;37.01;1.405213;1.395893;2781.68
2018;5;30;Resultado Economico con Remesas;2237.03;1.405213;1.395893;168135.98
2018;5;29;Otras Erogaciones Corrientes;1.73;1.405213;1.395893;130.03
2018;5;28;Otras Transferencias;547.02;1.405213;1.395893;41114.22
2018;5;27;Municipios;934.12;1.405213;1.395893;70208.80
2018;5;26;Transferencias a Municipios y Otros;1481.14;1.405213;1.395893;111323.02
2018;5;25;Intereses y Gastos de la Deuda;328.46;1.405213;1.395893;24687.17
2018;5;24;Otros Servicios;653.68;1.405213;1.395893;49130.82
2018;5;23;Bienes Corrientes;182.34;1.405213;1.395893;13704.74
2018;5;22;Locaciones de Servicio;33.75;1.405213;1.395893;2536.66
2018;5;21;Personal;3044.17;1.405213;1.395893;228800.91
2018;5;20;Erogaciones Corrientes;5725.27;1.405213;1.395893;430313.35
2018;5;19;Aportes no Reintegrables;262.03;1.405213;1.395893;19694.27
2018;5;18;Coparticipacion Vial;27.09;1.405213;1.395893;2036.09
2018;5;17;Ley 25.053 Fdo. Nac. de Incentivo Docente;0.00;1.405213;1.395893;0.00
2018;5;16;Regimenes Especiales Nacionales s/Financ. Educativo;687.96;1.405213;1.395893;51707.32
2018;5;15;Coparticipacion Federal + Financ. Educativo;3339.10;1.405213;1.395893;250967.96
2018;5;14;De Origen Nacional;4316.18;1.405213;1.395893;324405.64
2018;5;13;Otros no Tributarios;708.24;1.405213;1.395893;53231.57
2018;5;12;Remesas del Instituto de Juegos y Casino;10.38;1.405213;1.395893;780.16
2018;5;11;Tasas Retributivas de Servicios;136.25;1.405213;1.395893;10240.60
2018;5;10;Regalias;503.03;1.405213;1.395893;37807.92
2018;5;9;No Tributarios;1357.90;1.405213;1.395893;102060.25
2018;5;8;Otros Tributarios;5.15;1.405213;1.395893;387.08
2018;5;7;Sellos y Tasas de Justicia;344.24;1.405213;1.395893;25873.20
2018;5;6;Inmobiliario;118.31;1.405213;1.395893;8892.22
2018;5;5;Automotor;175.84;1.405213;1.395893;13216.20
2018;5;4;Ingresos Brutos;1644.68;1.405213;1.395893;123614.74
2018;5;3;Tributarios;2288.22;1.405213;1.395893;171983.44
2018;5;2;De Origen Provincial;3646.12;1.405213;1.395893;274043.69
2018;5;1;Recursos Corrientes;7962.30;1.405213;1.395893;598449.33
2018;6;55;Resultado Operativo - Amortizacion de la D Consolidada;-1450.96;1.456472;1.448053;-105216.61
2018;6;54;Amortizacion de la Deuda Consolidada;143.66;1.456472;1.448053;10417.53
2018;6;53;IX. Resultado Operativo (VIII-IX);-1307.30;1.456472;1.448053;-94799.08
2018;6;52;VIII. Egresos Totales (II+V+VI+VII);8230.38;1.456472;1.448053;596827.41
2018;6;51;VII. Ingresos Totales (I+IV);6923.08;1.456472;1.448053;502028.32
2018;6;50;Otros;0.00;1.456472;1.448053;0.00
2018;6;49;Compra de Acciones, Titulos, Valores, Otros;24.50;1.456472;1.448053;1776.62
2018;6;48;Prestamos;3.59;1.456472;1.448053;260.33
2018;6;47;Inversion Financiera;28.09;1.456472;1.448053;2036.95
2018;6;46;al Sector Privado;0.00;1.456472;1.448053;0.00
2018;6;45;al Sector Publico+Remesas al IPV;92.44;1.456472;1.448053;6703.30
2018;6;44;Transferencias para financiar Erogaciones de Capital;92.44;1.456472;1.448053;6703.30
2018;6;43;Trabajos Publicos;284.03;1.456472;1.448053;20596.48
2018;6;42;Bienes de Capital;55.95;1.456472;1.448053;4057.22
2018;6;41;VI. Erogaciones de Capital;460.51;1.456472;1.448053;33393.96
2018;6;40;Resto Otros Recursos de Capital;147.22;1.456472;1.448053;10675.68
2018;6;39;Fondo Residual;2.27;1.456472;1.448053;164.61
2018;6;38;Venta de Acciones;0.00;1.456472;1.448053;0.00
2018;6;37;Otros Recursos de Capital;149.49;1.456472;1.448053;10840.29
2018;6;36;Reembolsos de Prestamos;0.08;1.456472;1.448053;5.80
2018;6;35;Reembolsos de Obras Publicas;0.00;1.456472;1.448053;0.00
2018;6;34;V. Recursos de Capital;149.57;1.456472;1.448053;10846.09
2018;6;33;IV.Resultado Economico Neto de Remesas;-996.36;1.456472;1.448053;-72251.21
2018;6;32;Remesas EMT;5.34;1.456472;1.448053;387.23
2018;6;31;Remesas ATM;65.87;1.456472;1.448053;4776.57
2018;6;30;Resultado Economico con Remesas;-925.15;1.456472;1.448053;-67087.41
2018;6;29;Otras Erogaciones Corrientes;0.87;1.456472;1.448053;63.09
2018;6;28;Otras Transferencias;678.54;1.456472;1.448053;49204.44
2018;6;27;Municipios;1195.23;1.456472;1.448053;86672.31
2018;6;26;Transferencias a Municipios y Otros;1873.77;1.456472;1.448053;135876.75
2018;6;25;Intereses y Gastos de la Deuda;582.48;1.456472;1.448053;42238.64
2018;6;24;Otros Servicios;647.85;1.456472;1.448053;46978.95
2018;6;23;Bienes Corrientes;170.20;1.456472;1.448053;12342.08
2018;6;22;Locaciones de Servicio;26.53;1.456472;1.448053;1923.83
2018;6;21;Personal;4396.96;1.456472;1.448053;318846.30
2018;6;20;Erogaciones Corrientes;7698.66;1.456472;1.448053;558269.64
2018;6;19;Aportes no Reintegrables;191.25;1.456472;1.448053;13868.53
2018;6;18;Coparticipacion Vial;24.02;1.456472;1.448053;1741.81
2018;6;17;Ley 25.053 Fdo. Nac. de Incentivo Docente;86.90;1.456472;1.448053;6301.57
2018;6;16;Regimenes Especiales Nacionales s/Financ. Educativo;699.93;1.456472;1.448053;50755.54
2018;6;15;Coparticipacion Federal + Financ. Educativo;2342.49;1.456472;1.448053;169866.06
2018;6;14;De Origen Nacional;3344.59;1.456472;1.448053;242533.51
2018;6;13;Otros no Tributarios;421.22;1.456472;1.448053;30544.84
2018;6;12;Remesas del Instituto de Juegos y Casino;41.14;1.456472;1.448053;2983.27
2018;6;11;Tasas Retributivas de Servicios;124.68;1.456472;1.448053;9041.19
2018;6;10;Regalias;541.68;1.456472;1.448053;39280.02
2018;6;9;No Tributarios;1128.72;1.456472;1.448053;81849.32
2018;6;8;Otros Tributarios;9.18;1.456472;1.448053;665.69
2018;6;7;Sellos y Tasas de Justicia;205.93;1.456472;1.448053;14933.05
2018;6;6;Inmobiliario;52.13;1.456472;1.448053;3780.22
2018;6;5;Automotor;227.68;1.456472;1.448053;16510.25
2018;6;4;Ingresos Brutos;1805.28;1.456472;1.448053;130910.19
2018;6;3;Tributarios;2300.20;1.456472;1.448053;166799.39
2018;6;2;De Origen Provincial;3428.92;1.456472;1.448053;248648.72
2018;6;1;Recursos Corrientes;6773.51;1.456472;1.448053;491182.23
2018;7;55;Resultado Operativo - Amortizacion de la D Consolidada;1316.21;1.509503;1.492966;92092.07
2018;7;54;Amortizacion de la Deuda Consolidada;215.49;1.509503;1.492966;15077.32
2018;7;53;IX. Resultado Operativo (VIII-IX);1531.70;1.509503;1.492966;107169.39
2018;7;52;VIII. Egresos Totales (II+V+VI+VII);6735.06;1.509503;1.492966;471236.04
2018;7;51;VII. Ingresos Totales (I+IV);8266.76;1.509503;1.492966;578405.43
2018;7;50;Otros;0.00;1.509503;1.492966;0.00
2018;7;49;Compra de Acciones, Titulos, Valores, Otros;0.00;1.509503;1.492966;0.00
2018;7;48;Prestamos;9.65;1.509503;1.492966;675.19
2018;7;47;Inversion Financiera;9.65;1.509503;1.492966;675.19
2018;7;46;al Sector Privado;0.00;1.509503;1.492966;0.00
2018;7;45;al Sector Publico+Remesas al IPV;151.70;1.509503;1.492966;10614.09
2018;7;44;Transferencias para financiar Erogaciones de Capital;151.70;1.509503;1.492966;10614.09
2018;7;43;Trabajos Publicos;341.37;1.509503;1.492966;23884.84
2018;7;42;Bienes de Capital;44.12;1.509503;1.492966;3086.97
2018;7;41;VI. Erogaciones de Capital;546.84;1.509503;1.492966;38261.09
2018;7;40;Resto Otros Recursos de Capital;149.88;1.509503;1.492966;10486.75
2018;7;39;Fondo Residual;0.88;1.509503;1.492966;61.57
2018;7;38;Venta de Acciones;0.00;1.509503;1.492966;0.00
2018;7;37;Otros Recursos de Capital;150.76;1.509503;1.492966;10548.32
2018;7;36;Reembolsos de Prestamos;0.08;1.509503;1.492966;5.60
2018;7;35;Reembolsos de Obras Publicas;0.00;1.509503;1.492966;0.00
2018;7;34;V. Recursos de Capital;150.84;1.509503;1.492966;10553.91
2018;7;33;IV.Resultado Economico Neto de Remesas;1927.70;1.509503;1.492966;134876.56
2018;7;32;Remesas EMT;48.71;1.509503;1.492966;3408.12
2018;7;31;Remesas ATM;40.91;1.509503;1.492966;2862.37
2018;7;30;Resultado Economico con Remesas;2017.32;1.509503;1.492966;141147.06
2018;7;29;Otras Erogaciones Corrientes;0.87;1.509503;1.492966;60.87
2018;7;28;Otras Transferencias;624.54;1.509503;1.492966;43697.57
2018;7;27;Municipios;1243.34;1.509503;1.492966;86993.53
2018;7;26;Transferencias a Municipios y Otros;1867.88;1.509503;1.492966;130691.10
2018;7;25;Intereses y Gastos de la Deuda;378.22;1.509503;1.492966;26463.15
2018;7;24;Otros Servicios;441.33;1.509503;1.492966;30878.80
2018;7;23;Bienes Corrientes;179.15;1.509503;1.492966;12534.70
2018;7;22;Locaciones de Servicio;24.32;1.509503;1.492966;1701.61
2018;7;21;Personal;3206.83;1.509503;1.492966;224374.23
2018;7;20;Erogaciones Corrientes;6098.60;1.509503;1.492966;426704.46
2018;7;19;Aportes no Reintegrables;220.79;1.509503;1.492966;15448.15
2018;7;18;Coparticipacion Vial;7.00;1.509503;1.492966;489.77
2018;7;17;Ley 25.053 Fdo. Nac. de Incentivo Docente;84.87;1.509503;1.492966;5938.15
2018;7;16;Regimenes Especiales Nacionales s/Financ. Educativo;687.09;1.509503;1.492966;48074.04
2018;7;15;Coparticipacion Federal + Financ. Educativo;3700.29;1.509503;1.492966;258900.44
2018;7;14;De Origen Nacional;4700.04;1.509503;1.492966;328850.56
2018;7;13;Otros no Tributarios;366.02;1.509503;1.492966;25609.54
2018;7;12;Remesas del Instituto de Juegos y Casino;20.37;1.509503;1.492966;1425.24
2018;7;11;Tasas Retributivas de Servicios;134.21;1.509503;1.492966;9390.35
2018;7;10;Regalias;552.55;1.509503;1.492966;38660.60
2018;7;9;No Tributarios;1073.15;1.509503;1.492966;75085.74
2018;7;8;Otros Tributarios;5.26;1.509503;1.492966;368.03
2018;7;7;Sellos y Tasas de Justicia;368.83;1.509503;1.492966;25806.15
2018;7;6;Inmobiliario;124.94;1.509503;1.492966;8741.75
2018;7;5;Automotor;128.73;1.509503;1.492966;9006.93
2018;7;4;Ingresos Brutos;1714.97;1.509503;1.492966;119992.35
2018;7;3;Tributarios;2342.73;1.509503;1.492966;163915.22
2018;7;2;De Origen Provincial;3415.88;1.509503;1.492966;239000.95
2018;7;1;Recursos Corrientes;8115.92;1.509503;1.492966;567851.51
2018;8;55;Resultado Operativo - Amortizacion de la D Consolidada;-872.90;1.560822;1.551034;-59066.62
2018;8;54;Amortizacion de la Deuda Consolidada;871.38;1.560822;1.551034;58963.77
2018;8;53;IX. Resultado Operativo (VIII-IX);-1.52;1.560822;1.551034;-102.85
2018;8;52;VIII. Egresos Totales (II+V+VI+VII);7926.73;1.560822;1.551034;536378.92
2018;8;51;VII. Ingresos Totales (I+IV);7925.21;1.560822;1.551034;536276.06
2018;8;50;Otros;0.00;1.560822;1.551034;0.00
2018;8;49;Compra de Acciones, Titulos, Valores, Otros;68.11;1.560822;1.551034;4608.81
2018;8;48;Prestamos;4.60;1.560822;1.551034;311.27
2018;8;47;Inversion Financiera;72.71;1.560822;1.551034;4920.08
2018;8;46;al Sector Privado;0.00;1.560822;1.551034;0.00
2018;8;45;al Sector Publico+Remesas al IPV;236.43;1.560822;1.551034;15998.53
2018;8;44;Transferencias para financiar Erogaciones de Capital;236.43;1.560822;1.551034;15998.53
2018;8;43;Trabajos Publicos;559.42;1.560822;1.551034;37854.34
2018;8;42;Bienes de Capital;91.75;1.560822;1.551034;6208.46
2018;8;41;VI. Erogaciones de Capital;960.31;1.560822;1.551034;64981.40
2018;8;40;Resto Otros Recursos de Capital;97.61;1.560822;1.551034;6604.99
2018;8;39;Fondo Residual;2.29;1.560822;1.551034;154.96
2018;8;38;Venta de Acciones;0.00;1.560822;1.551034;0.00
2018;8;37;Otros Recursos de Capital;99.90;1.560822;1.551034;6759.94
2018;8;36;Reembolsos de Prestamos;0.08;1.560822;1.551034;5.41
2018;8;35;Reembolsos de Obras Publicas;0.00;1.560822;1.551034;0.00
2018;8;34;V. Recursos de Capital;99.98;1.560822;1.551034;6765.36
2018;8;33;IV.Resultado Economico Neto de Remesas;858.81;1.560822;1.551034;58113.19
2018;8;32;Remesas EMT;3.91;1.560822;1.551034;264.58
2018;8;31;Remesas ATM;28.34;1.560822;1.551034;1917.69
2018;8;30;Resultado Economico con Remesas;891.06;1.560822;1.551034;60295.46
2018;8;29;Otras Erogaciones Corrientes;0.87;1.560822;1.551034;58.87
2018;8;28;Otras Transferencias;644.94;1.560822;1.551034;43641.23
2018;8;27;Municipios;1221.17;1.560822;1.551034;82633.05
2018;8;26;Transferencias a Municipios y Otros;1866.11;1.560822;1.551034;126274.27
2018;8;25;Intereses y Gastos de la Deuda;457.55;1.560822;1.551034;30961.09
2018;8;24;Otros Servicios;807.91;1.560822;1.551034;54668.94
2018;8;23;Bienes Corrientes;260.44;1.560822;1.551034;17623.22
2018;8;22;Locaciones de Servicio;32.26;1.560822;1.551034;2182.94
2018;8;21;Personal;3509.03;1.560822;1.551034;237445.92
2018;8;20;Erogaciones Corrientes;6934.17;1.560822;1.551034;469215.25
2018;8;19;Aportes no Reintegrables;286.16;1.560822;1.551034;19363.62
2018;8;18;Coparticipacion Vial;47.19;1.560822;1.551034;3193.21
2018;8;17;Ley 25.053 Fdo. Nac. de Incentivo Docente;84.40;1.560822;1.551034;5711.10
2018;8;16;Regimenes Especiales Nacionales s/Financ. Educativo;612.38;1.560822;1.551034;41437.99
2018;8;15;Coparticipacion Federal + Financ. Educativo;2999.89;1.560822;1.551034;202993.89
2018;8;14;De Origen Nacional;4030.02;1.560822;1.551034;272699.81
2018;8;13;Otros no Tributarios;524.48;1.560822;1.551034;35490.05
2018;8;12;Remesas del Instituto de Juegos y Casino;0.20;1.560822;1.551034;13.53
2018;8;11;Tasas Retributivas de Servicios;151.32;1.560822;1.551034;10239.39
2018;8;10;Regalias;565.23;1.560822;1.551034;38247.48
2018;8;9;No Tributarios;1241.23;1.560822;1.551034;83990.45
2018;8;8;Otros Tributarios;11.76;1.560822;1.551034;795.77
2018;8;7;Sellos y Tasas de Justicia;276.53;1.560822;1.551034;18711.99
2018;8;6;Inmobiliario;52.04;1.560822;1.551034;3521.40
2018;8;5;Automotor;242.53;1.560822;1.551034;16411.30
2018;8;4;Ingresos Brutos;1971.12;1.560822;1.551034;133380.00
2018;8;3;Tributarios;2553.98;1.560822;1.551034;172820.45
2018;8;2;De Origen Provincial;3795.21;1.560822;1.551034;256810.90
2018;8;1;Recursos Corrientes;7825.23;1.560822;1.551034;529510.70
2018;9;55;Resultado Operativo - Amortizacion de la D Consolidada;608.21;1.667562;1.652383;38521.45
2018;9;54;Amortizacion de la Deuda Consolidada;177.53;1.667562;1.652383;11244.00
2018;9;53;IX. Resultado Operativo (VIII-IX);785.74;1.667562;1.652383;49765.44
2018;9;52;VIII. Egresos Totales (II+V+VI+VII);7365.91;1.667562;1.652383;466525.54
2018;9;51;VII. Ingresos Totales (I+IV);8151.65;1.667562;1.652383;516290.99
2018;9;50;Otros;0.00;1.667562;1.652383;0.00
2018;9;49;Compra de Acciones, Titulos, Valores, Otros;7.00;1.667562;1.652383;443.35
2018;9;48;Prestamos;3.74;1.667562;1.652383;236.88
2018;9;47;Inversion Financiera;10.74;1.667562;1.652383;680.23
2018;9;46;al Sector Privado;0.00;1.667562;1.652383;0.00
2018;9;45;al Sector Publico+Remesas al IPV;194.77;1.667562;1.652383;12335.91
2018;9;44;Transferencias para financiar Erogaciones de Capital;194.77;1.667562;1.652383;12335.91
2018;9;43;Trabajos Publicos;460.39;1.667562;1.652383;29159.15
2018;9;42;Bienes de Capital;60.62;1.667562;1.652383;3839.41
2018;9;41;VI. Erogaciones de Capital;726.52;1.667562;1.652383;46014.70
2018;9;40;Resto Otros Recursos de Capital;209.69;1.667562;1.652383;13280.88
2018;9;39;Fondo Residual;0.36;1.667562;1.652383;22.80
2018;9;38;Venta de Acciones;0.00;1.667562;1.652383;0.00
2018;9;37;Otros Recursos de Capital;210.05;1.667562;1.652383;13303.68
2018;9;36;Reembolsos de Prestamos;1.08;1.667562;1.652383;68.40
2018;9;35;Reembolsos de Obras Publicas;0.00;1.667562;1.652383;0.00
2018;9;34;V. Recursos de Capital;211.13;1.667562;1.652383;13372.08
2018;9;33;IV.Resultado Economico Neto de Remesas;1301.13;1.667562;1.652383;82408.06
2018;9;32;Remesas EMT;3.95;1.667562;1.652383;250.18
2018;9;31;Remesas ATM;62.03;1.667562;1.652383;3928.72
2018;9;30;Resultado Economico con Remesas;1367.11;1.667562;1.652383;86586.96
2018;9;29;Otras Erogaciones Corrientes;0.87;1.667562;1.652383;55.10
2018;9;28;Otras Transferencias;519.11;1.667562;1.652383;32878.23
2018;9;27;Municipios;1226.51;1.667562;1.652383;77681.95
2018;9;26;Transferencias a Municipios y Otros;1745.62;1.667562;1.652383;110560.18
2018;9;25;Intereses y Gastos de la Deuda;745.04;1.667562;1.652383;47187.68
2018;9;24;Otros Servicios;425.70;1.667562;1.652383;26962.04
2018;9;23;Bienes Corrientes;229.60;1.667562;1.652383;14541.89
2018;9;22;Locaciones de Servicio;28.43;1.667562;1.652383;1800.64
2018;9;21;Personal;3398.15;1.667562;1.652383;215224.43
2018;9;20;Erogaciones Corrientes;6573.41;1.667562;1.652383;416331.95
2018;9;19;Aportes no Reintegrables;215.43;1.667562;1.652383;13644.42
2018;9;18;Coparticipacion Vial;25.04;1.667562;1.652383;1585.93
2018;9;17;Ley 25.053 Fdo. Nac. de Incentivo Docente;83.56;1.667562;1.652383;5292.34
2018;9;16;Regimenes Especiales Nacionales s/Financ. Educativo;690.75;1.667562;1.652383;43749.18
2018;9;15;Coparticipacion Federal + Financ. Educativo;2938.02;1.667562;1.652383;186081.74
2018;9;14;De Origen Nacional;3952.80;1.667562;1.652383;250353.61
2018;9;13;Otros no Tributarios;853.98;1.667562;1.652383;54087.48
2018;9;12;Remesas del Instituto de Juegos y Casino;0.00;1.667562;1.652383;0.00
2018;9;11;Tasas Retributivas de Servicios;122.34;1.667562;1.652383;7748.50
2018;9;10;Regalias;726.49;1.667562;1.652383;46012.80
2018;9;9;No Tributarios;1702.81;1.667562;1.652383;107848.77
2018;9;8;Otros Tributarios;6.10;1.667562;1.652383;386.35
2018;9;7;Sellos y Tasas de Justicia;178.19;1.667562;1.652383;11285.80
2018;9;6;Inmobiliario;112.41;1.667562;1.652383;7119.57
2018;9;5;Automotor;96.03;1.667562;1.652383;6082.13
2018;9;4;Ingresos Brutos;1892.18;1.667562;1.652383;119842.67
2018;9;3;Tributarios;2284.91;1.667562;1.652383;144716.52
2018;9;2;De Origen Provincial;3987.72;1.667562;1.652383;252565.30
2018;9;1;Recursos Corrientes;7940.52;1.667562;1.652383;502918.91
2018;10;55;Resultado Operativo - Amortizacion de la D Consolidada;1522.66;1.766713;1.741473;91026.52
2018;10;54;Amortizacion de la Deuda Consolidada;168.29;1.766713;1.741473;10060.59
2018;10;53;IX. Resultado Operativo (VIII-IX);1690.95;1.766713;1.741473;101087.11
2018;10;52;VIII. Egresos Totales (II+V+VI+VII);8104.42;1.766713;1.741473;484492.37
2018;10;51;VII. Ingresos Totales (I+IV);9795.37;1.766713;1.741473;585579.48
2018;10;50;Otros;0.00;1.766713;1.741473;0.00
2018;10;49;Compra de Acciones, Titulos, Valores, Otros;132.90;1.766713;1.741473;7944.93
2018;10;48;Prestamos;6.64;1.766713;1.741473;396.95
2018;10;47;Inversion Financiera;139.54;1.766713;1.741473;8341.88
2018;10;46;al Sector Privado;0.00;1.766713;1.741473;0.00
2018;10;45;al Sector Publico+Remesas al IPV;146.28;1.766713;1.741473;8744.80
2018;10;44;Transferencias para financiar Erogaciones de Capital;146.28;1.766713;1.741473;8744.80
2018;10;43;Trabajos Publicos;537.43;1.766713;1.741473;32128.24
2018;10;42;Bienes de Capital;42.27;1.766713;1.741473;2526.95
2018;10;41;VI. Erogaciones de Capital;865.52;1.766713;1.741473;51741.87
2018;10;40;Resto Otros Recursos de Capital;26.91;1.766713;1.741473;1608.71
2018;10;39;Fondo Residual;0.27;1.766713;1.741473;16.14
2018;10;38;Venta de Acciones;0.00;1.766713;1.741473;0.00
2018;10;37;Otros Recursos de Capital;27.18;1.766713;1.741473;1624.85
2018;10;36;Reembolsos de Prestamos;0.08;1.766713;1.741473;4.78
2018;10;35;Reembolsos de Obras Publicas;0.00;1.766713;1.741473;0.00
2018;10;34;V. Recursos de Capital;27.26;1.766713;1.741473;1629.64
2018;10;33;IV.Resultado Economico Neto de Remesas;2529.21;1.766713;1.741473;151199.34
2018;10;32;Remesas EMT;127.16;1.766713;1.741473;7601.78
2018;10;31;Remesas ATM;37.01;1.766713;1.741473;2212.50
2018;10;30;Resultado Economico con Remesas;2693.38;1.766713;1.741473;161013.63
2018;10;29;Otras Erogaciones Corrientes;0.87;1.766713;1.741473;52.01
2018;10;28;Otras Transferencias;699.69;1.766713;1.741473;41828.34
2018;10;27;Municipios;1392.41;1.766713;1.741473;83240.01
2018;10;26;Transferencias a Municipios y Otros;2092.10;1.766713;1.741473;125068.36
2018;10;25;Intereses y Gastos de la Deuda;388.10;1.766713;1.741473;23201.10
2018;10;24;Otros Servicios;693.87;1.766713;1.741473;41480.42
2018;10;23;Bienes Corrientes;250.80;1.766713;1.741473;14993.14
2018;10;22;Locaciones de Servicio;27.42;1.766713;1.741473;1639.20
2018;10;21;Personal;3621.57;1.766713;1.741473;216501.99
2018;10;20;Erogaciones Corrientes;7074.73;1.766713;1.741473;422936.22
2018;10;19;Aportes no Reintegrables;302.03;1.766713;1.741473;18055.73
2018;10;18;Coparticipacion Vial;6.12;1.766713;1.741473;365.86
2018;10;17;Ley 25.053 Fdo. Nac. de Incentivo Docente;83.56;1.766713;1.741473;4995.32
2018;10;16;Regimenes Especiales Nacionales s/Financ. Educativo;643.98;1.766713;1.741473;38497.93
2018;10;15;Coparticipacion Federal + Financ. Educativo;3241.54;1.766713;1.741473;193783.32
2018;10;14;De Origen Nacional;4277.23;1.766713;1.741473;255698.16
2018;10;13;Otros no Tributarios;2014.90;1.766713;1.741473;120453.24
2018;10;12;Remesas del Instituto de Juegos y Casino;0.00;1.766713;1.741473;0.00
2018;10;11;Tasas Retributivas de Servicios;139.22;1.766713;1.741473;8322.75
2018;10;10;Regalias;699.21;1.766713;1.741473;41799.65
2018;10;9;No Tributarios;2853.33;1.766713;1.741473;170575.64
2018;10;8;Otros Tributarios;3.12;1.766713;1.741473;186.52
2018;10;7;Sellos y Tasas de Justicia;404.50;1.766713;1.741473;24181.52
2018;10;6;Inmobiliario;46.72;1.766713;1.741473;2792.98
2018;10;5;Automotor;91.50;1.766713;1.741473;5469.98
2018;10;4;Ingresos Brutos;2091.71;1.766713;1.741473;125045.04
2018;10;3;Tributarios;2637.55;1.766713;1.741473;157676.04
2018;10;2;De Origen Provincial;5490.88;1.766713;1.741473;328251.68
2018;10;1;Recursos Corrientes;9768.11;1.766713;1.741473;583949.85
2018;11;55;Resultado Operativo - Amortizacion de la D Consolidada;-712.01;1.831394;1.796388;-41061.55
2018;11;54;Amortizacion de la Deuda Consolidada;244.52;1.831394;1.796388;14101.44
2018;11;53;IX. Resultado Operativo (VIII-IX);-467.49;1.831394;1.796388;-26960.10
2018;11;52;VIII. Egresos Totales (II+V+VI+VII);10155.50;1.831394;1.796388;585666.70
2018;11;51;VII. Ingresos Totales (I+IV);9688.01;1.831394;1.796388;558706.60
2018;11;50;Otros;0.00;1.831394;1.796388;0.00
2018;11;49;Compra de Acciones, Titulos, Valores, Otros;0.96;1.831394;1.796388;55.36
2018;11;48;Prestamos;3.67;1.831394;1.796388;211.65
2018;11;47;Inversion Financiera;4.63;1.831394;1.796388;267.01
2018;11;46;al Sector Privado;0.00;1.831394;1.796388;0.00
2018;11;45;al Sector Publico+Remesas al IPV;372.36;1.831394;1.796388;21473.97
2018;11;44;Transferencias para financiar Erogaciones de Capital;372.36;1.831394;1.796388;21473.97
2018;11;43;Trabajos Publicos;421.58;1.831394;1.796388;24312.48
2018;11;42;Bienes de Capital;35.04;1.831394;1.796388;2020.75
2018;11;41;VI. Erogaciones de Capital;833.61;1.831394;1.796388;48074.21
2018;11;40;Resto Otros Recursos de Capital;87.89;1.831394;1.796388;5068.61
2018;11;39;Fondo Residual;0.64;1.831394;1.796388;36.91
2018;11;38;Venta de Acciones;0.00;1.831394;1.796388;0.00
2018;11;37;Otros Recursos de Capital;88.53;1.831394;1.796388;5105.52
2018;11;36;Reembolsos de Prestamos;43.10;1.831394;1.796388;2485.57
2018;11;35;Reembolsos de Obras Publicas;0.00;1.831394;1.796388;0.00
2018;11;34;V. Recursos de Capital;131.63;1.831394;1.796388;7591.09
2018;11;33;IV.Resultado Economico Neto de Remesas;234.49;1.831394;1.796388;13523.02
2018;11;32;Remesas EMT;4.29;1.831394;1.796388;247.40
2018;11;31;Remesas ATM;56.34;1.831394;1.796388;3249.12
2018;11;30;Resultado Economico con Remesas;295.12;1.831394;1.796388;17019.54
2018;11;29;Otras Erogaciones Corrientes;0.87;1.831394;1.796388;50.17
2018;11;28;Otras Transferencias;669.22;1.831394;1.796388;38593.85
2018;11;27;Municipios;1823.40;1.831394;1.796388;105155.30
2018;11;26;Transferencias a Municipios y Otros;2492.62;1.831394;1.796388;143749.15
2018;11;25;Intereses y Gastos de la Deuda;1870.65;1.831394;1.796388;107880.20
2018;11;24;Otros Servicios;750.57;1.831394;1.796388;43285.30
2018;11;23;Bienes Corrientes;233.48;1.831394;1.796388;13464.77
2018;11;22;Locaciones de Servicio;28.41;1.831394;1.796388;1638.40
2018;11;21;Personal;3884.66;1.831394;1.796388;224027.97
2018;11;20;Erogaciones Corrientes;9261.26;1.831394;1.796388;534095.97
2018;11;19;Aportes no Reintegrables;252.59;1.831394;1.796388;14566.84
2018;11;18;Coparticipacion Vial;36.98;1.831394;1.796388;2132.63
2018;11;17;Ley 25.053 Fdo. Nac. de Incentivo Docente;89.02;1.831394;1.796388;5133.77
2018;11;16;Regimenes Especiales Nacionales s/Financ. Educativo;618.41;1.831394;1.796388;35663.64
2018;11;15;Coparticipacion Federal + Financ. Educativo;4074.13;1.831394;1.796388;234954.68
2018;11;14;De Origen Nacional;5071.13;1.831394;1.796388;292451.58
2018;11;13;Otros no Tributarios;938.98;1.831394;1.796388;54150.89
2018;11;12;Remesas del Instituto de Juegos y Casino;65.00;1.831394;1.796388;3748.54
2018;11;11;Tasas Retributivas de Servicios;124.90;1.831394;1.796388;7202.97
2018;11;10;Regalias;669.44;1.831394;1.796388;38606.54
2018;11;9;No Tributarios;1798.32;1.831394;1.796388;103708.94
2018;11;8;Otros Tributarios;6.12;1.831394;1.796388;352.94
2018;11;7;Sellos y Tasas de Justicia;291.78;1.831394;1.796388;16826.92
2018;11;6;Inmobiliario;114.06;1.831394;1.796388;6577.83
2018;11;5;Automotor;82.93;1.831394;1.796388;4782.57
2018;11;4;Ingresos Brutos;2192.04;1.831394;1.796388;126414.73
2018;11;3;Tributarios;2686.93;1.831394;1.796388;154954.99
2018;11;2;De Origen Provincial;4485.25;1.831394;1.796388;258663.93
2018;11;1;Recursos Corrientes;9556.38;1.831394;1.796388;551115.51
2018;12;55;Resultado Operativo - Amortizacion de la D Consolidada;-8528.40;1.877085;1.842552;-479860.09
2018;12;54;Amortizacion de la Deuda Consolidada;569.84;1.877085;1.842552;32062.69
2018;12;53;IX. Resultado Operativo (VIII-IX);-7958.56;1.877085;1.842552;-447797.40
2018;12;52;VIII. Egresos Totales (II+V+VI+VII);16927.55;1.877085;1.842552;952447.79
2018;12;51;VII. Ingresos Totales (I+IV);8968.99;1.877085;1.842552;504650.39
2018;12;50;Otros;0.00;1.877085;1.842552;0.00
2018;12;49;Compra de Acciones, Titulos, Valores, Otros;58.81;1.877085;1.842552;3309.01
2018;12;48;Prestamos;426.48;1.877085;1.842552;23996.38
2018;12;47;Inversion Financiera;485.29;1.877085;1.842552;27305.39
2018;12;46;al Sector Privado;0.00;1.877085;1.842552;0.00
2018;12;45;al Sector Publico+Remesas al IPV;964.22;1.877085;1.842552;54252.93
2018;12;44;Transferencias para financiar Erogaciones de Capital;964.22;1.877085;1.842552;54252.93
2018;12;43;Trabajos Publicos;1727.68;1.877085;1.842552;97209.87
2018;12;42;Bienes de Capital;272.07;1.877085;1.842552;15308.33
2018;12;41;VI. Erogaciones de Capital;3449.26;1.877085;1.842552;194076.52
2018;12;40;Resto Otros Recursos de Capital;136.41;1.877085;1.842552;7675.26
2018;12;39;Fondo Residual;4.69;1.877085;1.842552;263.89
2018;12;38;Venta de Acciones;0.00;1.877085;1.842552;0.00
2018;12;37;Otros Recursos de Capital;141.10;1.877085;1.842552;7939.15
2018;12;36;Reembolsos de Prestamos;13.09;1.877085;1.842552;736.52
2018;12;35;Reembolsos de Obras Publicas;0.00;1.877085;1.842552;0.00
2018;12;34;V. Recursos de Capital;154.19;1.877085;1.842552;8675.68
2018;12;33;IV.Resultado Economico Neto de Remesas;-4663.49;1.877085;1.842552;-262396.55
2018;12;32;Remesas EMT;91.21;1.877085;1.842552;5132.03
2018;12;31;Remesas ATM;74.78;1.877085;1.842552;4207.58
2018;12;30;Resultado Economico con Remesas;-4497.50;1.877085;1.842552;-253056.93
2018;12;29;Otras Erogaciones Corrientes;0.87;1.877085;1.842552;48.95
2018;12;28;Otras Transferencias;1644.73;1.877085;1.842552;92542.60
2018;12;27;Municipios;1537.82;1.877085;1.842552;86527.19
2018;12;26;Transferencias a Municipios y Otros;3182.55;1.877085;1.842552;179069.78
2018;12;25;Intereses y Gastos de la Deuda;285.60;1.877085;1.842552;16069.61
2018;12;24;Otros Servicios;2032.67;1.877085;1.842552;114370.48
2018;12;23;Bienes Corrientes;787.53;1.877085;1.842552;44311.27
2018;12;22;Locaciones de Servicio;45.80;1.877085;1.842552;2576.99
2018;12;21;Personal;6977.28;1.877085;1.842552;392584.57
2018;12;20;Erogaciones Corrientes;13312.30;1.877085;1.842552;749031.65
2018;12;19;Aportes no Reintegrables;302.89;1.877085;1.842552;17042.45
2018;12;18;Coparticipacion Vial;28.65;1.877085;1.842552;1612.02
2018;12;17;Ley 25.053 Fdo. Nac. de Incentivo Docente;86.33;1.877085;1.842552;4857.46
2018;12;16;Regimenes Especiales Nacionales s/Financ. Educativo;753.57;1.877085;1.842552;42400.47
2018;12;15;Coparticipacion Federal + Financ. Educativo;2081.49;1.877085;1.842552;117117.39
2018;12;14;De Origen Nacional;3252.93;1.877085;1.842552;183029.79
2018;12;13;Otros no Tributarios;1835.31;1.877085;1.842552;103265.80
2018;12;12;Remesas del Instituto de Juegos y Casino;31.82;1.877085;1.842552;1790.39
2018;12;11;Tasas Retributivas de Servicios;159.02;1.877085;1.842552;8947.44
2018;12;10;Regalias;632.62;1.877085;1.842552;35595.08
2018;12;9;No Tributarios;2658.77;1.877085;1.842552;149598.71
2018;12;8;Otros Tributarios;9.32;1.877085;1.842552;524.40
2018;12;7;Sellos y Tasas de Justicia;288.07;1.877085;1.842552;16208.59
2018;12;6;Inmobiliario;62.10;1.877085;1.842552;3494.13
2018;12;5;Automotor;137.74;1.877085;1.842552;7750.10
2018;12;4;Ingresos Brutos;2405.87;1.877085;1.842552;135369.00
2018;12;3;Tributarios;2903.10;1.877085;1.842552;163346.21
2018;12;2;De Origen Provincial;5561.87;1.877085;1.842552;312944.92
2018;12;1;Recursos Corrientes;8814.80;1.877085;1.842552;495974.71
2019;1;55;Resultado Operativo - Amortizacion de la D Consolidada;2179.39;1.932068;1.896101;119136.15
2019;1;54;Amortizacion de la Deuda Consolidada;23.84;1.932068;1.896101;1303.21
2019;1;53;IX. Resultado Operativo (VIII-IX);2203.23;1.932068;1.896101;120439.36
2019;1;52;VIII. Egresos Totales (II+V+VI+VII);5496.84;1.932068;1.896101;300484.24
2019;1;51;VII. Ingresos Totales (I+IV);7700.07;1.932068;1.896101;420923.60
2019;1;50;Otros;0.00;1.932068;1.896101;0.00
2019;1;49;Compra de Acciones, Titulos, Valores, Otros;0.00;1.932068;1.896101;0.00
2019;1;48;Prestamos;3.40;1.932068;1.896101;185.86
2019;1;47;Inversion Financiera;3.40;1.932068;1.896101;185.86
2019;1;46;al Sector Privado;0.00;1.932068;1.896101;0.00
2019;1;45;al Sector Publico+Remesas al IPV;9.39;1.932068;1.896101;513.30
2019;1;44;Transferencias para financiar Erogaciones de Capital;9.39;1.932068;1.896101;513.30
2019;1;43;Trabajos Publicos;233.10;1.932068;1.896101;12742.39
2019;1;42;Bienes de Capital;14.36;1.932068;1.896101;784.99
2019;1;41;VI. Erogaciones de Capital;260.25;1.932068;1.896101;14226.54
2019;1;40;Resto Otros Recursos de Capital;27.20;1.932068;1.896101;1486.89
2019;1;39;Fondo Residual;0.00;1.932068;1.896101;0.00
2019;1;38;Venta de Acciones;0.00;1.932068;1.896101;0.00
2019;1;37;Otros Recursos de Capital;27.20;1.932068;1.896101;1486.89
2019;1;36;Reembolsos de Prestamos;1.57;1.932068;1.896101;85.82
2019;1;35;Reembolsos de Obras Publicas;0.00;1.932068;1.896101;0.00
2019;1;34;V. Recursos de Capital;28.77;1.932068;1.896101;1572.71
2019;1;33;IV.Resultado Economico Neto de Remesas;2434.71;1.932068;1.896101;133093.19
2019;1;32;Remesas EMT;5.64;1.932068;1.896101;308.31
2019;1;31;Remesas ATM;34.82;1.932068;1.896101;1903.43
2019;1;30;Resultado Economico con Remesas;2475.17;1.932068;1.896101;135304.93
2019;1;29;Otras Erogaciones Corrientes;0.97;1.932068;1.896101;53.02
2019;1;28;Otras Transferencias;527.58;1.932068;1.896101;28840.11
2019;1;27;Municipios;413.68;1.932068;1.896101;22613.78
2019;1;26;Transferencias a Municipios y Otros;941.26;1.932068;1.896101;51453.89
2019;1;25;Intereses y Gastos de la Deuda;366.91;1.932068;1.896101;20057.10
2019;1;24;Otros Servicios;177.83;1.932068;1.896101;9721.06
2019;1;23;Bienes Corrientes;59.75;1.932068;1.896101;3266.23
2019;1;22;Locaciones de Servicio;23.87;1.932068;1.896101;1304.85
2019;1;21;Personal;3625.54;1.932068;1.896101;198189.80
2019;1;20;Erogaciones Corrientes;5196.13;1.932068;1.896101;284045.96
2019;1;19;Aportes no Reintegrables;345.38;1.932068;1.896101;18880.17
2019;1;18;Coparticipacion Vial;29.04;1.932068;1.896101;1587.47
2019;1;17;Ley 25.053 Fdo. Nac. de Incentivo Docente;86.33;1.932068;1.896101;4719.22
2019;1;16;Regimenes Especiales Nacionales s/Financ. Educativo;604.45;1.932068;1.896101;33042.20
2019;1;15;Coparticipacion Federal + Financ. Educativo;3284.70;1.932068;1.896101;179557.82
2019;1;14;De Origen Nacional;4349.90;1.932068;1.896101;237786.87
2019;1;13;Otros no Tributarios;298.11;1.932068;1.896101;16296.16
2019;1;12;Remesas del Instituto de Juegos y Casino;0.00;1.932068;1.896101;0.00
2019;1;11;Tasas Retributivas de Servicios;150.45;1.932068;1.896101;8224.34
2019;1;10;Regalias;564.51;1.932068;1.896101;30858.89
2019;1;9;No Tributarios;1013.07;1.932068;1.896101;55379.38
2019;1;8;Otros Tributarios;7.58;1.932068;1.896101;414.36
2019;1;7;Sellos y Tasas de Justicia;268.36;1.932068;1.896101;14669.87
2019;1;6;Inmobiliario;22.84;1.932068;1.896101;1248.55
2019;1;5;Automotor;70.66;1.932068;1.896101;3862.62
2019;1;4;Ingresos Brutos;1938.89;1.932068;1.896101;105989.24
2019;1;3;Tributarios;2308.33;1.932068;1.896101;126184.64
2019;1;2;De Origen Provincial;3321.40;1.932068;1.896101;181564.02
2019;1;1;Recursos Corrientes;7671.30;1.932068;1.896101;419350.89
2019;2;55;Resultado Operativo - Amortizacion de la D Consolidada;40.75;2.005139;1.967501;2146.42
2019;2;54;Amortizacion de la Deuda Consolidada;30.77;2.005139;1.967501;1620.74
2019;2;53;IX. Resultado Operativo (VIII-IX);71.52;2.005139;1.967501;3767.16
2019;2;52;VIII. Egresos Totales (II+V+VI+VII);8748.12;2.005139;1.967501;460788.10
2019;2;51;VII. Ingresos Totales (I+IV);8819.64;2.005139;1.967501;464555.26
2019;2;50;Otros;0.00;2.005139;1.967501;0.00
2019;2;49;Compra de Acciones, Titulos, Valores, Otros;1.30;2.005139;1.967501;68.47
2019;2;48;Prestamos;0.45;2.005139;1.967501;23.70
2019;2;47;Inversion Financiera;1.75;2.005139;1.967501;92.18
2019;2;46;al Sector Privado;0.00;2.005139;1.967501;0.00
2019;2;45;al Sector Publico+Remesas al IPV;17.90;2.005139;1.967501;942.84
2019;2;44;Transferencias para financiar Erogaciones de Capital;17.90;2.005139;1.967501;942.84
2019;2;43;Trabajos Publicos;675.86;2.005139;1.967501;35599.45
2019;2;42;Bienes de Capital;24.94;2.005139;1.967501;1313.66
2019;2;41;VI. Erogaciones de Capital;720.45;2.005139;1.967501;37948.13
2019;2;40;Resto Otros Recursos de Capital;9.66;2.005139;1.967501;508.82
2019;2;39;Fondo Residual;7.90;2.005139;1.967501;416.12
2019;2;38;Venta de Acciones;0.00;2.005139;1.967501;0.00
2019;2;37;Otros Recursos de Capital;17.56;2.005139;1.967501;924.93
2019;2;36;Reembolsos de Prestamos;0.07;2.005139;1.967501;3.69
2019;2;35;Reembolsos de Obras Publicas;0.00;2.005139;1.967501;0.00
2019;2;34;V. Recursos de Capital;17.63;2.005139;1.967501;928.62
2019;2;33;IV.Resultado Economico Neto de Remesas;774.34;2.005139;1.967501;40786.67
2019;2;32;Remesas EMT;5.43;2.005139;1.967501;286.01
2019;2;31;Remesas ATM;34.18;2.005139;1.967501;1800.36
2019;2;30;Resultado Economico con Remesas;813.95;2.005139;1.967501;42873.04
2019;2;29;Otras Erogaciones Corrientes;0.97;2.005139;1.967501;51.09
2019;2;28;Otras Transferencias;906.10;2.005139;1.967501;47726.84
2019;2;27;Municipios;1182.80;2.005139;1.967501;62301.41
2019;2;26;Transferencias a Municipios y Otros;2088.90;2.005139;1.967501;110028.24
2019;2;25;Intereses y Gastos de la Deuda;978.26;2.005139;1.967501;51527.71
2019;2;24;Otros Servicios;442.90;2.005139;1.967501;23328.79
2019;2;23;Bienes Corrientes;138.01;2.005139;1.967501;7269.38
2019;2;22;Locaciones de Servicio;26.77;2.005139;1.967501;1410.05
2019;2;21;Personal;4312.25;2.005139;1.967501;227138.35
2019;2;20;Erogaciones Corrientes;7988.06;2.005139;1.967501;420753.60
2019;2;19;Aportes no Reintegrables;163.03;2.005139;1.967501;8587.25
2019;2;18;Coparticipacion Vial;28.81;2.005139;1.967501;1517.50
2019;2;17;Ley 25.053 Fdo. Nac. de Incentivo Docente;87.12;2.005139;1.967501;4588.86
2019;2;16;Regimenes Especiales Nacionales s/Financ. Educativo;615.45;2.005139;1.967501;32417.48
2019;2;15;Coparticipacion Federal + Financ. Educativo;3204.11;2.005139;1.967501;168769.49
2019;2;14;De Origen Nacional;4098.52;2.005139;1.967501;215880.58
2019;2;13;Otros no Tributarios;1025.82;2.005139;1.967501;54032.83
2019;2;12;Remesas del Instituto de Juegos y Casino;22.81;2.005139;1.967501;1201.47
2019;2;11;Tasas Retributivas de Servicios;164.94;2.005139;1.967501;8687.85
2019;2;10;Regalias;490.85;2.005139;1.967501;25854.45
2019;2;9;No Tributarios;1704.42;2.005139;1.967501;89776.60
2019;2;8;Otros Tributarios;6.91;2.005139;1.967501;363.97
2019;2;7;Sellos y Tasas de Justicia;277.30;2.005139;1.967501;14606.17
2019;2;6;Inmobiliario;22.00;2.005139;1.967501;1158.80
2019;2;5;Automotor;629.48;2.005139;1.967501;33156.48
2019;2;4;Ingresos Brutos;2063.38;2.005139;1.967501;108684.03
2019;2;3;Tributarios;2999.07;2.005139;1.967501;157969.46
2019;2;2;De Origen Provincial;4703.49;2.005139;1.967501;247746.06
2019;2;1;Recursos Corrientes;8802.01;2.005139;1.967501;463626.64
2019;3;55;Resultado Operativo - Amortizacion de la D Consolidada;-559.80;2.094128;2.059571;-28233.24
2019;3;54;Amortizacion de la Deuda Consolidada;202.61;2.094128;2.059571;10218.54
2019;3;53;IX. Resultado Operativo (VIII-IX);-357.19;2.094128;2.059571;-18014.70
2019;3;52;VIII. Egresos Totales (II+V+VI+VII);9045.65;2.094128;2.059571;456212.91
2019;3;51;VII. Ingresos Totales (I+IV);8688.46;2.094128;2.059571;438198.20
2019;3;50;Otros;0.00;2.094128;2.059571;0.00
2019;3;49;Compra de Acciones, Titulos, Valores, Otros;200.00;2.094128;2.059571;10086.90
2019;3;48;Prestamos;6.15;2.094128;2.059571;310.17
2019;3;47;Inversion Financiera;206.15;2.094128;2.059571;10397.07
2019;3;46;al Sector Privado;0.00;2.094128;2.059571;0.00
2019;3;45;al Sector Publico+Remesas al IPV;38.57;2.094128;2.059571;1945.26
2019;3;44;Transferencias para financiar Erogaciones de Capital;38.57;2.094128;2.059571;1945.26
2019;3;43;Trabajos Publicos;632.97;2.094128;2.059571;31923.53
2019;3;42;Bienes de Capital;14.94;2.094128;2.059571;753.49
2019;3;41;VI. Erogaciones de Capital;892.63;2.094128;2.059571;45019.35
2019;3;40;Resto Otros Recursos de Capital;9.17;2.094128;2.059571;462.48
2019;3;39;Fondo Residual;1.38;2.094128;2.059571;69.60
2019;3;38;Venta de Acciones;0.00;2.094128;2.059571;0.00
2019;3;37;Otros Recursos de Capital;10.55;2.094128;2.059571;532.08
2019;3;36;Reembolsos de Prestamos;20.45;2.094128;2.059571;1031.39
2019;3;35;Reembolsos de Obras Publicas;0.00;2.094128;2.059571;0.00
2019;3;34;V. Recursos de Capital;31.00;2.094128;2.059571;1563.47
2019;3;33;IV.Resultado Economico Neto de Remesas;504.44;2.094128;2.059571;25441.18
2019;3;32;Remesas EMT;50.71;2.094128;2.059571;2557.53
2019;3;31;Remesas ATM;56.49;2.094128;2.059571;2849.05
2019;3;30;Resultado Economico con Remesas;611.64;2.094128;2.059571;30847.76
2019;3;29;Otras Erogaciones Corrientes;0.97;2.094128;2.059571;48.92
2019;3;28;Otras Transferencias;922.99;2.094128;2.059571;46550.55
2019;3;27;Municipios;1435.38;2.094128;2.059571;72392.68
2019;3;26;Transferencias a Municipios y Otros;2358.37;2.094128;2.059571;118943.23
2019;3;25;Intereses y Gastos de la Deuda;203.87;2.094128;2.059571;10282.08
2019;3;24;Otros Servicios;633.67;2.094128;2.059571;31958.83
2019;3;23;Bienes Corrientes;194.01;2.094128;2.059571;9784.80
2019;3;22;Locaciones de Servicio;47.46;2.094128;2.059571;2393.62
2019;3;21;Personal;4607.47;2.094128;2.059571;232375.48
2019;3;20;Erogaciones Corrientes;8045.82;2.094128;2.059571;405786.97
2019;3;19;Aportes no Reintegrables;114.98;2.094128;2.059571;5798.96
2019;3;18;Coparticipacion Vial;25.26;2.094128;2.059571;1273.98
2019;3;17;Ley 25.053 Fdo. Nac. de Incentivo Docente;87.12;2.094128;2.059571;4393.85
2019;3;16;Regimenes Especiales Nacionales s/Financ. Educativo;588.63;2.094128;2.059571;29687.26
2019;3;15;Coparticipacion Federal + Financ. Educativo;3392.73;2.094128;2.059571;171110.67
2019;3;14;De Origen Nacional;4208.72;2.094128;2.059571;212264.72
2019;3;13;Otros no Tributarios;505.53;2.094128;2.059571;25496.16
2019;3;12;Remesas del Instituto de Juegos y Casino;23.21;2.094128;2.059571;1170.58
2019;3;11;Tasas Retributivas de Servicios;154.61;2.094128;2.059571;7797.68
2019;3;10;Regalias;570.39;2.094128;2.059571;28767.34
2019;3;9;No Tributarios;1253.74;2.094128;2.059571;63231.76
2019;3;8;Otros Tributarios;4.78;2.094128;2.059571;241.08
2019;3;7;Sellos y Tasas de Justicia;230.91;2.094128;2.059571;11645.83
2019;3;6;Inmobiliario;463.89;2.094128;2.059571;23396.06
2019;3;5;Automotor;351.60;2.094128;2.059571;17732.77
2019;3;4;Ingresos Brutos;2143.82;2.094128;2.059571;108122.51
2019;3;3;Tributarios;3195.00;2.094128;2.059571;161138.25
2019;3;2;De Origen Provincial;4448.74;2.094128;2.059571;224370.01
2019;3;1;Recursos Corrientes;8657.46;2.094128;2.059571;436634.73
2019;4;55;Resultado Operativo - Amortizacion de la D Consolidada;-2372.59;2.164238;2.130517;-115784.04
2019;4;54;Amortizacion de la Deuda Consolidada;131.06;2.164238;2.130517;6395.82
2019;4;53;IX. Resultado Operativo (VIII-IX);-2241.53;2.164238;2.130517;-109388.22
2019;4;52;VIII. Egresos Totales (II+V+VI+VII);11870.93;2.164238;2.130517;579309.61
2019;4;51;VII. Ingresos Totales (I+IV);9629.40;2.164238;2.130517;469921.40
2019;4;50;Otros;0.00;2.164238;2.130517;0.00
2019;4;49;Compra de Acciones, Titulos, Valores, Otros;0.00;2.164238;2.130517;0.00
2019;4;48;Prestamos;363.57;2.164238;2.130517;17742.47
2019;4;47;Inversion Financiera;363.57;2.164238;2.130517;17742.47
2019;4;46;al Sector Privado;0.00;2.164238;2.130517;0.00
2019;4;45;al Sector Publico+Remesas al IPV;213.74;2.164238;2.130517;10430.66
2019;4;44;Transferencias para financiar Erogaciones de Capital;213.74;2.164238;2.130517;10430.66
2019;4;43;Trabajos Publicos;705.63;2.164238;2.130517;34435.23
2019;4;42;Bienes de Capital;57.79;2.164238;2.130517;2820.19
2019;4;41;VI. Erogaciones de Capital;1340.73;2.164238;2.130517;65428.55
2019;4;40;Resto Otros Recursos de Capital;9.50;2.164238;2.130517;463.61
2019;4;39;Fondo Residual;5.86;2.164238;2.130517;285.97
2019;4;38;Venta de Acciones;0.00;2.164238;2.130517;0.00
2019;4;37;Otros Recursos de Capital;15.36;2.164238;2.130517;749.58
2019;4;36;Reembolsos de Prestamos;0.19;2.164238;2.130517;9.27
2019;4;35;Reembolsos de Obras Publicas;0.00;2.164238;2.130517;0.00
2019;4;34;V. Recursos de Capital;15.55;2.164238;2.130517;758.85
2019;4;33;IV.Resultado Economico Neto de Remesas;-916.35;2.164238;2.130517;-44718.52
2019;4;32;Remesas EMT;21.60;2.164238;2.130517;1054.09
2019;4;31;Remesas ATM;35.91;2.164238;2.130517;1752.43
2019;4;30;Resultado Economico con Remesas;-858.84;2.164238;2.130517;-41911.99
2019;4;29;Otras Erogaciones Corrientes;0.97;2.164238;2.130517;47.34
2019;4;28;Otras Transferencias;1528.23;2.164238;2.130517;74578.68
2019;4;27;Municipios;1553.90;2.164238;2.130517;75831.40
2019;4;26;Transferencias a Municipios y Otros;3082.13;2.164238;2.130517;150410.08
2019;4;25;Intereses y Gastos de la Deuda;1421.20;2.164238;2.130517;69355.55
2019;4;24;Otros Servicios;896.03;2.164238;2.130517;43726.89
2019;4;23;Bienes Corrientes;321.46;2.164238;2.130517;15687.47
2019;4;22;Locaciones de Servicio;36.51;2.164238;2.130517;1781.71
2019;4;21;Personal;4714.39;2.164238;2.130517;230065.50
2019;4;20;Erogaciones Corrientes;10472.69;2.164238;2.130517;511074.53
2019;4;19;Aportes no Reintegrables;108.24;2.164238;2.130517;5282.19
2019;4;18;Coparticipacion Vial;33.03;2.164238;2.130517;1611.89
2019;4;17;Ley 25.053 Fdo. Nac. de Incentivo Docente;87.50;2.164238;2.130517;4270.06
2019;4;16;Regimenes Especiales Nacionales s/Financ. Educativo;575.34;2.164238;2.130517;28076.99
2019;4;15;Coparticipacion Federal + Financ. Educativo;3445.47;2.164238;2.130517;168141.32
2019;4;14;De Origen Nacional;4249.58;2.164238;2.130517;207382.45
2019;4;13;Otros no Tributarios;1312.03;2.164238;2.130517;64027.97
2019;4;12;Remesas del Instituto de Juegos y Casino;11.51;2.164238;2.130517;561.70
2019;4;11;Tasas Retributivas de Servicios;163.63;2.164238;2.130517;7985.26
2019;4;10;Regalias;681.71;2.164238;2.130517;33267.92
2019;4;9;No Tributarios;2168.88;2.164238;2.130517;105842.85
2019;4;8;Otros Tributarios;5.17;2.164238;2.130517;252.30
2019;4;7;Sellos y Tasas de Justicia;280.87;2.164238;2.130517;13706.65
2019;4;6;Inmobiliario;256.52;2.164238;2.130517;12518.35
2019;4;5;Automotor;306.10;2.164238;2.130517;14937.89
2019;4;4;Ingresos Brutos;2346.73;2.164238;2.130517;114522.05
2019;4;3;Tributarios;3195.39;2.164238;2.130517;155937.25
2019;4;2;De Origen Provincial;5364.27;2.164238;2.130517;261780.10
2019;4;1;Recursos Corrientes;9613.85;2.164238;2.130517;469162.55
2019;5;55;Resultado Operativo - Amortizacion de la D Consolidada;1387.09;2.226620;2.195691;65794.49
2019;5;54;Amortizacion de la Deuda Consolidada;211.88;2.226620;2.195691;10050.20
2019;5;53;IX. Resultado Operativo (VIII-IX);1598.97;2.226620;2.195691;75844.70
2019;5;52;VIII. Egresos Totales (II+V+VI+VII);11275.88;2.226620;2.195691;534854.13
2019;5;51;VII. Ingresos Totales (I+IV);12874.85;2.226620;2.195691;610698.82
2019;5;50;Otros;0.00;2.226620;2.195691;0.00
2019;5;49;Compra de Acciones, Titulos, Valores, Otros;9.35;2.226620;2.195691;443.50
2019;5;48;Prestamos;3.54;2.226620;2.195691;167.91
2019;5;47;Inversion Financiera;12.89;2.226620;2.195691;611.42
2019;5;46;al Sector Privado;0.00;2.226620;2.195691;0.00
2019;5;45;al Sector Publico+Remesas al IPV;154.59;2.226620;2.195691;7332.74
2019;5;44;Transferencias para financiar Erogaciones de Capital;154.59;2.226620;2.195691;7332.74
2019;5;43;Trabajos Publicos;886.97;2.226620;2.195691;42072.07
2019;5;42;Bienes de Capital;132.56;2.226620;2.195691;6287.78
2019;5;41;VI. Erogaciones de Capital;1187.01;2.226620;2.195691;56304.00
2019;5;40;Resto Otros Recursos de Capital;123.89;2.226620;2.195691;5876.53
2019;5;39;Fondo Residual;1.85;2.226620;2.195691;87.75
2019;5;38;Venta de Acciones;0.00;2.226620;2.195691;0.00
2019;5;37;Otros Recursos de Capital;125.74;2.226620;2.195691;5964.28
2019;5;36;Reembolsos de Prestamos;9.39;2.226620;2.195691;445.40
2019;5;35;Reembolsos de Obras Publicas;0.00;2.226620;2.195691;0.00
2019;5;34;V. Recursos de Capital;135.13;2.226620;2.195691;6409.68
2019;5;33;IV.Resultado Economico Neto de Remesas;2650.85;2.226620;2.195691;125739.02
2019;5;32;Remesas EMT;71.66;2.226620;2.195691;3399.08
2019;5;31;Remesas ATM;87.11;2.226620;2.195691;4131.93
2019;5;30;Resultado Economico con Remesas;2809.62;2.226620;2.195691;133270.03
2019;5;29;Otras Erogaciones Corrientes;0.97;2.226620;2.195691;46.01
2019;5;28;Otras Transferencias;1021.43;2.226620;2.195691;48449.97
2019;5;27;Municipios;2517.36;2.226620;2.195691;119407.12
2019;5;26;Transferencias a Municipios y Otros;3538.79;2.226620;2.195691;167857.09
2019;5;25;Intereses y Gastos de la Deuda;266.03;2.226620;2.195691;12618.73
2019;5;24;Otros Servicios;937.33;2.226620;2.195691;44460.82
2019;5;23;Bienes Corrientes;367.43;2.226620;2.195691;17428.48
2019;5;22;Locaciones de Servicio;35.42;2.226620;2.195691;1680.09
2019;5;21;Personal;4784.13;2.226620;2.195691;226927.89
2019;5;20;Erogaciones Corrientes;9930.10;2.226620;2.195691;471019.11
2019;5;19;Aportes no Reintegrables;200.73;2.226620;2.195691;9521.32
2019;5;18;Coparticipacion Vial;22.98;2.226620;2.195691;1090.02
2019;5;17;Ley 25.053 Fdo. Nac. de Incentivo Docente;86.72;2.226620;2.195691;4113.43
2019;5;16;Regimenes Especiales Nacionales s/Financ. Educativo;1229.36;2.226620;2.195691;58312.81
2019;5;15;Coparticipacion Federal + Financ. Educativo;4412.25;2.226620;2.195691;209288.33
2019;5;14;De Origen Nacional;5952.04;2.226620;2.195691;282325.92
2019;5;13;Otros no Tributarios;2701.49;2.226620;2.195691;128141.05
2019;5;12;Remesas del Instituto de Juegos y Casino;11.41;2.226620;2.195691;541.22
2019;5;11;Tasas Retributivas de Servicios;167.87;2.226620;2.195691;7962.66
2019;5;10;Regalias;683.90;2.226620;2.195691;32439.75
2019;5;9;No Tributarios;3564.67;2.226620;2.195691;169084.67
2019;5;8;Otros Tributarios;9.20;2.226620;2.195691;436.39
2019;5;7;Sellos y Tasas de Justicia;426.60;2.226620;2.195691;20235.12
2019;5;6;Inmobiliario;150.36;2.226620;2.195691;7132.10
2019;5;5;Automotor;158.22;2.226620;2.195691;7504.92
2019;5;4;Ingresos Brutos;2478.63;2.226620;2.195691;117570.02
2019;5;3;Tributarios;3223.01;2.226620;2.195691;152878.55
2019;5;2;De Origen Provincial;6787.68;2.226620;2.195691;321963.22
2019;5;1;Recursos Corrientes;12739.72;2.226620;2.195691;604289.14
2019;6;55;Resultado Operativo - Amortizacion de la D Consolidada;-2626.48;2.285075;2.255370;-121396.08
2019;6;54;Amortizacion de la Deuda Consolidada;152.88;2.285075;2.255370;7066.12
2019;6;53;IX. Resultado Operativo (VIII-IX);-2473.60;2.285075;2.255370;-114329.95
2019;6;52;VIII. Egresos Totales (II+V+VI+VII);11956.24;2.285075;2.255370;552618.19
2019;6;51;VII. Ingresos Totales (I+IV);9482.64;2.285075;2.255370;438288.24
2019;6;50;Otros;0.00;2.285075;2.255370;0.00
2019;6;49;Compra de Acciones, Titulos, Valores, Otros;0.00;2.285075;2.255370;0.00
2019;6;48;Prestamos;3.59;2.285075;2.255370;165.93
2019;6;47;Inversion Financiera;3.59;2.285075;2.255370;165.93
2019;6;46;al Sector Privado;0.00;2.285075;2.255370;0.00
2019;6;45;al Sector Publico+Remesas al IPV;83.20;2.285075;2.255370;3845.51
2019;6;44;Transferencias para financiar Erogaciones de Capital;83.20;2.285075;2.255370;3845.51
2019;6;43;Trabajos Publicos;575.30;2.285075;2.255370;26590.40
2019;6;42;Bienes de Capital;75.60;2.285075;2.255370;3494.24
2019;6;41;VI. Erogaciones de Capital;737.69;2.285075;2.255370;34096.08
2019;6;40;Resto Otros Recursos de Capital;5.66;2.285075;2.255370;261.61
2019;6;39;Fondo Residual;0.33;2.285075;2.255370;15.25
2019;6;38;Venta de Acciones;0.00;2.285075;2.255370;0.00
2019;6;37;Otros Recursos de Capital;5.99;2.285075;2.255370;276.86
2019;6;36;Reembolsos de Prestamos;0.21;2.285075;2.255370;9.71
2019;6;35;Reembolsos de Obras Publicas;0.00;2.285075;2.255370;0.00
2019;6;34;V. Recursos de Capital;6.20;2.285075;2.255370;286.56
2019;6;33;IV.Resultado Economico Neto de Remesas;-1742.11;2.285075;2.255370;-80520.44
2019;6;32;Remesas EMT;101.93;2.285075;2.255370;4711.21
2019;6;31;Remesas ATM;46.63;2.285075;2.255370;2155.24
2019;6;30;Resultado Economico con Remesas;-1593.55;2.285075;2.255370;-73653.98
2019;6;29;Otras Erogaciones Corrientes;0.97;2.285075;2.255370;44.83
2019;6;28;Otras Transferencias;1362.53;2.285075;2.255370;62976.23
2019;6;27;Municipios;544.80;2.285075;2.255370;25180.69
2019;6;26;Transferencias a Municipios y Otros;1907.33;2.285075;2.255370;88156.92
2019;6;25;Intereses y Gastos de la Deuda;994.73;2.285075;2.255370;45976.49
2019;6;24;Otros Servicios;929.34;2.285075;2.255370;42954.16
2019;6;23;Bienes Corrientes;321.38;2.285075;2.255370;14854.20
2019;6;22;Locaciones de Servicio;38.27;2.285075;2.255370;1768.84
2019;6;21;Personal;6877.97;2.285075;2.255370;317900.22
2019;6;20;Erogaciones Corrientes;11069.99;2.285075;2.255370;511655.66
2019;6;19;Aportes no Reintegrables;107.86;2.285075;2.255370;4985.30
2019;6;18;Coparticipacion Vial;27.32;2.285075;2.255370;1262.73
2019;6;17;Ley 25.053 Fdo. Nac. de Incentivo Docente;84.75;2.285075;2.255370;3917.15
2019;6;16;Regimenes Especiales Nacionales s/Financ. Educativo;1008.92;2.285075;2.255370;46632.35
2019;6;15;Coparticipacion Federal + Financ. Educativo;3935.70;2.285075;2.255370;181908.31
2019;6;14;De Origen Nacional;5164.55;2.285075;2.255370;238705.84
2019;6;13;Otros no Tributarios;475.06;2.285075;2.255370;21957.30
2019;6;12;Remesas del Instituto de Juegos y Casino;34.62;2.285075;2.255370;1600.14
2019;6;11;Tasas Retributivas de Servicios;162.11;2.285075;2.255370;7492.73
2019;6;10;Regalias;728.59;2.285075;2.255370;33675.48
2019;6;9;No Tributarios;1400.38;2.285075;2.255370;64725.65
2019;6;8;Otros Tributarios;10.93;2.285075;2.255370;505.19
2019;6;7;Sellos y Tasas de Justicia;258.39;2.285075;2.255370;11942.80
2019;6;6;Inmobiliario;70.82;2.285075;2.255370;3273.31
2019;6;5;Automotor;292.87;2.285075;2.255370;13536.47
2019;6;4;Ingresos Brutos;2278.50;2.285075;2.255370;105312.42
2019;6;3;Tributarios;2911.51;2.285075;2.255370;134570.18
2019;6;2;De Origen Provincial;4311.89;2.285075;2.255370;199295.84
2019;6;1;Recursos Corrientes;9476.44;2.285075;2.255370;438001.67
2019;7;55;Resultado Operativo - Amortizacion de la D Consolidada;377.83;2.349103;2.304940;16987.34
2019;7;54;Amortizacion de la Deuda Consolidada;110.76;2.349103;2.304940;4979.80
2019;7;53;IX. Resultado Operativo (VIII-IX);488.59;2.349103;2.304940;21967.14
2019;7;52;VIII. Egresos Totales (II+V+VI+VII);11548.38;2.349103;2.304940;519218.33
2019;7;51;VII. Ingresos Totales (I+IV);12036.97;2.349103;2.304940;541185.47
2019;7;50;Otros;0.00;2.349103;2.304940;0.00
2019;7;49;Compra de Acciones, Titulos, Valores, Otros;0.00;2.349103;2.304940;0.00
2019;7;48;Prestamos;28.59;2.349103;2.304940;1285.41
2019;7;47;Inversion Financiera;28.59;2.349103;2.304940;1285.41
2019;7;46;al Sector Privado;0.00;2.349103;2.304940;0.00
2019;7;45;al Sector Publico+Remesas al IPV;239.06;2.349103;2.304940;10748.20
2019;7;44;Transferencias para financiar Erogaciones de Capital;239.06;2.349103;2.304940;10748.20
2019;7;43;Trabajos Publicos;1100.04;2.349103;2.304940;49458.10
2019;7;42;Bienes de Capital;86.74;2.349103;2.304940;3899.85
2019;7;41;VI. Erogaciones de Capital;1454.43;2.349103;2.304940;65391.57
2019;7;40;Resto Otros Recursos de Capital;22.69;2.349103;2.304940;1020.15
2019;7;39;Fondo Residual;0.10;2.349103;2.304940;4.50
2019;7;38;Venta de Acciones;0.00;2.349103;2.304940;0.00
2019;7;37;Otros Recursos de Capital;22.79;2.349103;2.304940;1024.64
2019;7;36;Reembolsos de Prestamos;1.11;2.349103;2.304940;49.91
2019;7;35;Reembolsos de Obras Publicas;0.00;2.349103;2.304940;0.00
2019;7;34;V. Recursos de Capital;23.90;2.349103;2.304940;1074.55
2019;7;33;IV.Resultado Economico Neto de Remesas;1919.12;2.349103;2.304940;86284.16
2019;7;32;Remesas EMT;22.73;2.349103;2.304940;1021.95
2019;7;31;Remesas ATM;76.02;2.349103;2.304940;3417.88
2019;7;30;Resultado Economico con Remesas;2017.87;2.349103;2.304940;90723.99
2019;7;29;Otras Erogaciones Corrientes;0.97;2.349103;2.304940;43.61
2019;7;28;Otras Transferencias;1300.97;2.349103;2.304940;58491.97
2019;7;27;Municipios;1831.77;2.349103;2.304940;82356.88
2019;7;26;Transferencias a Municipios y Otros;3132.74;2.349103;2.304940;140848.85
2019;7;25;Intereses y Gastos de la Deuda;531.49;2.349103;2.304940;23895.94
2019;7;24;Otros Servicios;779.38;2.349103;2.304940;35041.14
2019;7;23;Bienes Corrientes;391.94;2.349103;2.304940;17621.73
2019;7;22;Locaciones de Servicio;36.50;2.349103;2.304940;1641.05
2019;7;21;Personal;5122.18;2.349103;2.304940;230294.62
2019;7;20;Erogaciones Corrientes;9995.20;2.349103;2.304940;449386.93
2019;7;19;Aportes no Reintegrables;297.36;2.349103;2.304940;13369.39
2019;7;18;Coparticipacion Vial;25.30;2.349103;2.304940;1137.49
2019;7;17;Ley 25.053 Fdo. Nac. de Incentivo Docente;92.42;2.349103;2.304940;4155.23
2019;7;16;Regimenes Especiales Nacionales s/Financ. Educativo;1156.88;2.349103;2.304940;52013.64
2019;7;15;Coparticipacion Federal + Financ. Educativo;5566.94;2.349103;2.304940;250291.15
2019;7;14;De Origen Nacional;7138.90;2.349103;2.304940;320966.90
2019;7;13;Otros no Tributarios;847.48;2.349103;2.304940;38102.93
2019;7;12;Remesas del Instituto de Juegos y Casino;26.51;2.349103;2.304940;1191.90
2019;7;11;Tasas Retributivas de Servicios;175.39;2.349103;2.304940;7885.58
2019;7;10;Regalias;613.18;2.349103;2.304940;27568.74
2019;7;9;No Tributarios;1662.56;2.349103;2.304940;74749.15
2019;7;8;Otros Tributarios;32.04;2.349103;2.304940;1440.53
2019;7;7;Sellos y Tasas de Justicia;347.98;2.349103;2.304940;15645.28
2019;7;6;Inmobiliario;156.75;2.349103;2.304940;7047.52
2019;7;5;Automotor;208.31;2.349103;2.304940;9365.67
2019;7;4;Ingresos Brutos;2466.53;2.349103;2.304940;110895.87
2019;7;3;Tributarios;3211.61;2.349103;2.304940;144394.87
2019;7;2;De Origen Provincial;4874.17;2.349103;2.304940;219144.02
2019;7;1;Recursos Corrientes;12013.07;2.349103;2.304940;540110.92
2019;8;55;Resultado Operativo - Amortizacion de la D Consolidada;-2490.05;2.451846;2.396077;-107262.00
2019;8;54;Amortizacion de la Deuda Consolidada;104.71;2.451846;2.396077;4510.51
2019;8;53;IX. Resultado Operativo (VIII-IX);-2385.34;2.451846;2.396077;-102751.49
2019;8;52;VIII. Egresos Totales (II+V+VI+VII);13404.33;2.451846;2.396077;577408.18
2019;8;51;VII. Ingresos Totales (I+IV);11018.99;2.451846;2.396077;474656.69
2019;8;50;Otros;0.00;2.451846;2.396077;0.00
2019;8;49;Compra de Acciones, Titulos, Valores, Otros;101.70;2.451846;2.396077;4380.85
2019;8;48;Prestamos;4.12;2.451846;2.396077;177.47
2019;8;47;Inversion Financiera;105.82;2.451846;2.396077;4558.33
2019;8;46;al Sector Privado;0.00;2.451846;2.396077;0.00
2019;8;45;al Sector Publico+Remesas al IPV;442.01;2.451846;2.396077;19040.13
2019;8;44;Transferencias para financiar Erogaciones de Capital;442.01;2.451846;2.396077;19040.13
2019;8;43;Trabajos Publicos;1134.31;2.451846;2.396077;48861.81
2019;8;42;Bienes de Capital;192.60;2.451846;2.396077;8296.48
2019;8;41;VI. Erogaciones de Capital;1874.74;2.451846;2.396077;80756.76
2019;8;40;Resto Otros Recursos de Capital;20.07;2.451846;2.396077;864.54
2019;8;39;Fondo Residual;0.09;2.451846;2.396077;3.88
2019;8;38;Venta de Acciones;0.00;2.451846;2.396077;0.00
2019;8;37;Otros Recursos de Capital;20.16;2.451846;2.396077;868.42
2019;8;36;Reembolsos de Prestamos;5.46;2.451846;2.396077;235.20
2019;8;35;Reembolsos de Obras Publicas;0.00;2.451846;2.396077;0.00
2019;8;34;V. Recursos de Capital;25.62;2.451846;2.396077;1103.61
2019;8;33;IV.Resultado Economico Neto de Remesas;-536.22;2.451846;2.396077;-23098.34
2019;8;32;Remesas EMT;105.62;2.451846;2.396077;4549.71
2019;8;31;Remesas ATM;61.10;2.451846;2.396077;2631.96
2019;8;30;Resultado Economico con Remesas;-369.50;2.451846;2.396077;-15916.67
2019;8;29;Otras Erogaciones Corrientes;0.97;2.451846;2.396077;41.78
2019;8;28;Otras Transferencias;1259.13;2.451846;2.396077;54238.59
2019;8;27;Municipios;1679.45;2.451846;2.396077;72344.40
2019;8;26;Transferencias a Municipios y Otros;2938.58;2.451846;2.396077;126582.99
2019;8;25;Intereses y Gastos de la Deuda;1220.82;2.451846;2.396077;52588.34
2019;8;24;Otros Servicios;1020.94;2.451846;2.396077;43978.26
2019;8;23;Bienes Corrientes;335.57;2.451846;2.396077;14455.09
2019;8;22;Locaciones de Servicio;43.06;2.451846;2.396077;1854.86
2019;8;21;Personal;5802.93;2.451846;2.396077;249968.42
2019;8;20;Erogaciones Corrientes;11362.87;2.451846;2.396077;489469.75
2019;8;19;Aportes no Reintegrables;154.98;2.451846;2.396077;6675.96
2019;8;18;Coparticipacion Vial;35.64;2.451846;2.396077;1535.24
2019;8;17;Ley 25.053 Fdo. Nac. de Incentivo Docente;72.73;2.451846;2.396077;3132.94
2019;8;16;Regimenes Especiales Nacionales s/Financ. Educativo;825.14;2.451846;2.396077;35543.93
2019;8;15;Coparticipacion Federal + Financ. Educativo;3598.77;2.451846;2.396077;155021.49
2019;8;14;De Origen Nacional;4687.26;2.451846;2.396077;201909.55
2019;8;13;Otros no Tributarios;1773.37;2.451846;2.396077;76390.12
2019;8;12;Remesas del Instituto de Juegos y Casino;12.00;2.451846;2.396077;516.91
2019;8;11;Tasas Retributivas de Servicios;191.47;2.451846;2.396077;8247.81
2019;8;10;Regalias;812.22;2.451846;2.396077;34987.39
2019;8;9;No Tributarios;2789.06;2.451846;2.396077;120142.23
2019;8;8;Otros Tributarios;6.28;2.451846;2.396077;270.52
2019;8;7;Sellos y Tasas de Justicia;378.88;2.451846;2.396077;16320.73
2019;8;6;Inmobiliario;55.96;2.451846;2.396077;2410.55
2019;8;5;Automotor;286.68;2.451846;2.396077;12349.10
2019;8;4;Ingresos Brutos;2789.25;2.451846;2.396077;120150.41
2019;8;3;Tributarios;3517.05;2.451846;2.396077;151501.30
2019;8;2;De Origen Provincial;6306.11;2.451846;2.396077;271643.53
2019;8;1;Recursos Corrientes;10993.37;2.451846;2.396077;473553.08
2019;9;55;Resultado Operativo - Amortizacion de la D Consolidada;616.78;2.594660;2.537102;25106.19
2019;9;54;Amortizacion de la Deuda Consolidada;290.44;2.594660;2.537102;11822.44
2019;9;53;IX. Resultado Operativo (VIII-IX);907.22;2.594660;2.537102;36928.63
2019;9;52;VIII. Egresos Totales (II+V+VI+VII);12445.99;2.594660;2.537102;506617.28
2019;9;51;VII. Ingresos Totales (I+IV);13353.21;2.594660;2.537102;543545.91
2019;9;50;Otros;0.00;2.594660;2.537102;0.00
2019;9;49;Compra de Acciones, Titulos, Valores, Otros;6.42;2.594660;2.537102;261.33
2019;9;48;Prestamos;4.24;2.594660;2.537102;172.59
2019;9;47;Inversion Financiera;10.66;2.594660;2.537102;433.92
2019;9;46;al Sector Privado;0.00;2.594660;2.537102;0.00
2019;9;45;al Sector Publico+Remesas al IPV;331.74;2.594660;2.537102;13503.56
2019;9;44;Transferencias para financiar Erogaciones de Capital;331.74;2.594660;2.537102;13503.56
2019;9;43;Trabajos Publicos;521.90;2.594660;2.537102;21244.08
2019;9;42;Bienes de Capital;345.03;2.594660;2.537102;14044.54
2019;9;41;VI. Erogaciones de Capital;1209.33;2.594660;2.537102;49226.09
2019;9;40;Resto Otros Recursos de Capital;556.01;2.594660;2.537102;22632.53
2019;9;39;Fondo Residual;0.58;2.594660;2.537102;23.61
2019;9;38;Venta de Acciones;0.00;2.594660;2.537102;0.00
2019;9;37;Otros Recursos de Capital;556.59;2.594660;2.537102;22656.14
2019;9;36;Reembolsos de Prestamos;2.11;2.594660;2.537102;85.89
2019;9;35;Reembolsos de Obras Publicas;0.00;2.594660;2.537102;0.00
2019;9;34;V. Recursos de Capital;558.70;2.594660;2.537102;22742.03
2019;9;33;IV.Resultado Economico Neto de Remesas;1557.85;2.594660;2.537102;63412.69
2019;9;32;Remesas EMT;41.75;2.594660;2.537102;1699.44
2019;9;31;Remesas ATM;59.94;2.594660;2.537102;2439.87
2019;9;30;Resultado Economico con Remesas;1659.54;2.594660;2.537102;67552.01
2019;9;29;Otras Erogaciones Corrientes;0.97;2.594660;2.537102;39.48
2019;9;28;Otras Transferencias;1499.35;2.594660;2.537102;61031.43
2019;9;27;Municipios;1748.58;2.594660;2.537102;71176.41
2019;9;26;Transferencias a Municipios y Otros;3247.93;2.594660;2.537102;132207.84
2019;9;25;Intereses y Gastos de la Deuda;438.72;2.594660;2.537102;17858.21
2019;9;24;Otros Servicios;997.70;2.594660;2.537102;40611.64
2019;9;23;Bienes Corrientes;410.01;2.594660;2.537102;16689.56
2019;9;22;Locaciones de Servicio;38.47;2.594660;2.537102;1565.93
2019;9;21;Personal;6001.17;2.594660;2.537102;244279.20
2019;9;20;Erogaciones Corrientes;11134.97;2.594660;2.537102;453251.87
2019;9;19;Aportes no Reintegrables;119.52;2.594660;2.537102;4865.09
2019;9;18;Coparticipacion Vial;39.56;2.594660;2.537102;1610.30
2019;9;17;Ley 25.053 Fdo. Nac. de Incentivo Docente;88.08;2.594660;2.537102;3585.32
2019;9;16;Regimenes Especiales Nacionales s/Financ. Educativo;1014.91;2.594660;2.537102;41312.18
2019;9;15;Coparticipacion Federal + Financ. Educativo;5344.18;2.594660;2.537102;217536.25
2019;9;14;De Origen Nacional;6606.25;2.594660;2.537102;268909.14
2019;9;13;Otros no Tributarios;1634.16;2.594660;2.537102;66518.91
2019;9;12;Remesas del Instituto de Juegos y Casino;55.00;2.594660;2.537102;2238.79
2019;9;11;Tasas Retributivas de Servicios;178.21;2.594660;2.537102;7254.08
2019;9;10;Regalias;775.00;2.594660;2.537102;31546.58
2019;9;9;No Tributarios;2642.37;2.594660;2.537102;107558.36
2019;9;8;Otros Tributarios;17.14;2.594660;2.537102;697.69
2019;9;7;Sellos y Tasas de Justicia;344.61;2.594660;2.537102;14027.44
2019;9;6;Inmobiliario;149.83;2.594660;2.537102;6098.87
2019;9;5;Automotor;182.93;2.594660;2.537102;7446.21
2019;9;4;Ingresos Brutos;2851.38;2.594660;2.537102;116066.17
2019;9;3;Tributarios;3545.89;2.594660;2.537102;144336.38
2019;9;2;De Origen Provincial;6188.26;2.594660;2.537102;251894.74
2019;9;1;Recursos Corrientes;12794.51;2.594660;2.537102;520803.88
2019;10;55;Resultado Operativo - Amortizacion de la D Consolidada;-4407.73;2.691257;2.620661;-172977.98
2019;10;54;Amortizacion de la Deuda Consolidada;104.87;2.691257;2.620661;4115.54
2019;10;53;IX. Resultado Operativo (VIII-IX);-4302.86;2.691257;2.620661;-168862.44
2019;10;52;VIII. Egresos Totales (II+V+VI+VII);14653.75;2.691257;2.620661;575075.17
2019;10;51;VII. Ingresos Totales (I+IV);10350.89;2.691257;2.620661;406212.73
2019;10;50;Otros;0.00;2.691257;2.620661;0.00
2019;10;49;Compra de Acciones, Titulos, Valores, Otros;0.00;2.691257;2.620661;0.00
2019;10;48;Prestamos;4.39;2.691257;2.620661;172.28
2019;10;47;Inversion Financiera;4.39;2.691257;2.620661;172.28
2019;10;46;al Sector Privado;0.00;2.691257;2.620661;0.00
2019;10;45;al Sector Publico+Remesas al IPV;92.52;2.691257;2.620661;3630.88
2019;10;44;Transferencias para financiar Erogaciones de Capital;92.52;2.691257;2.620661;3630.88
2019;10;43;Trabajos Publicos;759.96;2.691257;2.620661;29824.05
2019;10;42;Bienes de Capital;190.93;2.691257;2.620661;7492.90
2019;10;41;VI. Erogaciones de Capital;1047.80;2.691257;2.620661;41120.11
2019;10;40;Resto Otros Recursos de Capital;31.02;2.691257;2.620661;1217.36
2019;10;39;Fondo Residual;3.49;2.691257;2.620661;136.96
2019;10;38;Venta de Acciones;0.00;2.691257;2.620661;0.00
2019;10;37;Otros Recursos de Capital;34.51;2.691257;2.620661;1354.32
2019;10;36;Reembolsos de Prestamos;80.38;2.691257;2.620661;3154.45
2019;10;35;Reembolsos de Obras Publicas;0.00;2.691257;2.620661;0.00
2019;10;34;V. Recursos de Capital;114.89;2.691257;2.620661;4508.77
2019;10;33;IV.Resultado Economico Neto de Remesas;-3369.95;2.691257;2.620661;-132251.10
2019;10;32;Remesas EMT;26.63;2.691257;2.620661;1045.07
2019;10;31;Remesas ATM;63.12;2.691257;2.620661;2477.10
2019;10;30;Resultado Economico con Remesas;-3280.20;2.691257;2.620661;-128728.93
2019;10;29;Otras Erogaciones Corrientes;0.97;2.691257;2.620661;38.07
2019;10;28;Otras Transferencias;1495.43;2.691257;2.620661;58687.00
2019;10;27;Municipios;2532.76;2.691257;2.620661;99396.22
2019;10;26;Transferencias a Municipios y Otros;4028.19;2.691257;2.620661;158083.22
2019;10;25;Intereses y Gastos de la Deuda;2005.22;2.691257;2.620661;78693.32
2019;10;24;Otros Servicios;1102.37;2.691257;2.620661;43261.66
2019;10;23;Bienes Corrientes;442.57;2.691257;2.620661;17368.32
2019;10;22;Locaciones de Servicio;40.20;2.691257;2.620661;1577.62
2019;10;21;Personal;5896.68;2.691257;2.620661;231410.68
2019;10;20;Erogaciones Corrientes;13516.20;2.691257;2.620661;530432.89
2019;10;19;Aportes no Reintegrables;291.84;2.691257;2.620661;11453.04
2019;10;18;Coparticipacion Vial;30.33;2.691257;2.620661;1190.28
2019;10;17;Ley 25.053 Fdo. Nac. de Incentivo Docente;86.66;2.691257;2.620661;3400.91
2019;10;16;Regimenes Especiales Nacionales s/Financ. Educativo;742.82;2.691257;2.620661;29151.40
2019;10;15;Coparticipacion Federal + Financ. Educativo;4026.62;2.691257;2.620661;158021.61
2019;10;14;De Origen Nacional;5178.27;2.691257;2.620661;203217.23
2019;10;13;Otros no Tributarios;676.84;2.691257;2.620661;26562.07
2019;10;12;Remesas del Instituto de Juegos y Casino;20.00;2.691257;2.620661;784.88
2019;10;11;Tasas Retributivas de Servicios;188.84;2.691257;2.620661;7410.88
2019;10;10;Regalias;631.33;2.691257;2.620661;24776.06
2019;10;9;No Tributarios;1517.01;2.691257;2.620661;59533.89
2019;10;8;Otros Tributarios;18.65;2.691257;2.620661;731.90
2019;10;7;Sellos y Tasas de Justicia;343.33;2.691257;2.620661;13473.72
2019;10;6;Inmobiliario;60.43;2.691257;2.620661;2371.53
2019;10;5;Automotor;128.43;2.691257;2.620661;5040.14
2019;10;4;Ingresos Brutos;2989.88;2.691257;2.620661;117335.55
2019;10;3;Tributarios;3540.72;2.691257;2.620661;138952.84
2019;10;2;De Origen Provincial;5057.73;2.691257;2.620661;198486.73
2019;10;1;Recursos Corrientes;10236.00;2.691257;2.620661;401703.96
2019;11;55;Resultado Operativo - Amortizacion de la D Consolidada;-882.46;2.812769;2.732158;-33135.38
2019;11;54;Amortizacion de la Deuda Consolidada;63.74;2.812769;2.732158;2393.37
2019;11;53;IX. Resultado Operativo (VIII-IX);-818.72;2.812769;2.732158;-30742.02
2019;11;52;VIII. Egresos Totales (II+V+VI+VII);12134.85;2.812769;2.732158;455649.98
2019;11;51;VII. Ingresos Totales (I+IV);11316.13;2.812769;2.732158;424907.96
2019;11;50;Otros;0.00;2.812769;2.732158;0.00
2019;11;49;Compra de Acciones, Titulos, Valores, Otros;0.33;2.812769;2.732158;12.39
2019;11;48;Prestamos;4.64;2.812769;2.732158;174.23
2019;11;47;Inversion Financiera;4.97;2.812769;2.732158;186.62
2019;11;46;al Sector Privado;0.00;2.812769;2.732158;0.00
2019;11;45;al Sector Publico+Remesas al IPV;115.28;2.812769;2.732158;4328.63
2019;11;44;Transferencias para financiar Erogaciones de Capital;115.28;2.812769;2.732158;4328.63
2019;11;43;Trabajos Publicos;577.61;2.812769;2.732158;21688.61
2019;11;42;Bienes de Capital;85.14;2.812769;2.732158;3196.91
2019;11;41;VI. Erogaciones de Capital;783.00;2.812769;2.732158;29400.77
2019;11;40;Resto Otros Recursos de Capital;513.67;2.812769;2.732158;19287.73
2019;11;39;Fondo Residual;0.19;2.812769;2.732158;7.13
2019;11;38;Venta de Acciones;0.00;2.812769;2.732158;0.00
2019;11;37;Otros Recursos de Capital;513.86;2.812769;2.732158;19294.87
2019;11;36;Reembolsos de Prestamos;32.00;2.812769;2.732158;1201.56
2019;11;35;Reembolsos de Obras Publicas;0.00;2.812769;2.732158;0.00
2019;11;34;V. Recursos de Capital;545.86;2.812769;2.732158;20496.43
2019;11;33;IV.Resultado Economico Neto de Remesas;-581.58;2.812769;2.732158;-21837.68
2019;11;32;Remesas EMT;27.13;2.812769;2.732158;1018.70
2019;11;31;Remesas ATM;44.82;2.812769;2.732158;1682.94
2019;11;30;Resultado Economico con Remesas;-509.63;2.812769;2.732158;-19136.03
2019;11;29;Otras Erogaciones Corrientes;0.97;2.812769;2.732158;36.42
2019;11;28;Otras Transferencias;1408.67;2.812769;2.732158;52893.98
2019;11;27;Municipios;1650.40;2.812769;2.732158;61970.67
2019;11;26;Transferencias a Municipios y Otros;3059.07;2.812769;2.732158;114864.64
2019;11;25;Intereses y Gastos de la Deuda;860.07;2.812769;2.732158;32294.66
2019;11;24;Otros Servicios;1021.32;2.812769;2.732158;38349.42
2019;11;23;Bienes Corrientes;353.62;2.812769;2.732158;13278.03
2019;11;22;Locaciones de Servicio;39.66;2.812769;2.732158;1489.19
2019;11;21;Personal;5945.19;2.812769;2.732158;223235.20
2019;11;20;Erogaciones Corrientes;11279.90;2.812769;2.732158;423547.57
2019;11;19;Aportes no Reintegrables;198.05;2.812769;2.732158;7436.55
2019;11;18;Coparticipacion Vial;14.06;2.812769;2.732158;527.94
2019;11;17;Ley 25.053 Fdo. Nac. de Incentivo Docente;86.51;2.812769;2.732158;3248.35
2019;11;16;Regimenes Especiales Nacionales s/Financ. Educativo;761.44;2.812769;2.732158;28591.22
2019;11;15;Coparticipacion Federal + Financ. Educativo;3655.72;2.812769;2.732158;137268.18
2019;11;14;De Origen Nacional;4715.78;2.812769;2.732158;177072.24
2019;11;13;Otros no Tributarios;1692.59;2.812769;2.732158;63554.85
2019;11;12;Remesas del Instituto de Juegos y Casino;20.00;2.812769;2.732158;750.98
2019;11;11;Tasas Retributivas de Servicios;178.62;2.812769;2.732158;6706.98
2019;11;10;Regalias;680.96;2.812769;2.732158;25569.28
2019;11;9;No Tributarios;2572.17;2.812769;2.732158;96582.09
2019;11;8;Otros Tributarios;24.62;2.812769;2.732158;924.45
2019;11;7;Sellos y Tasas de Justicia;336.85;2.812769;2.732158;12648.34
2019;11;6;Inmobiliario;136.39;2.812769;2.732158;5121.29
2019;11;5;Automotor;114.31;2.812769;2.732158;4292.21
2019;11;4;Ingresos Brutos;2870.15;2.812769;2.732158;107770.91
2019;11;3;Tributarios;3482.32;2.812769;2.732158;130757.20
2019;11;2;De Origen Provincial;6054.49;2.812769;2.732158;227339.30
2019;11;1;Recursos Corrientes;10770.27;2.812769;2.732158;404411.54
2019;12;55;Resultado Operativo - Amortizacion de la D Consolidada;-5932.96;2.904687;2.834442;-215726.30
2019;12;54;Amortizacion de la Deuda Consolidada;502.30;2.904687;2.834442;18263.96
2019;12;53;IX. Resultado Operativo (VIII-IX);-5430.66;2.904687;2.834442;-197462.34
2019;12;52;VIII. Egresos Totales (II+V+VI+VII);22536.62;2.904687;2.834442;819446.21
2019;12;51;VII. Ingresos Totales (I+IV);17105.96;2.904687;2.834442;621983.87
2019;12;50;Otros;0.00;2.904687;2.834442;0.00
2019;12;49;Compra de Acciones, Titulos, Valores, Otros;104.93;2.904687;2.834442;3815.32
2019;12;48;Prestamos;4.74;2.904687;2.834442;172.35
2019;12;47;Inversion Financiera;109.67;2.904687;2.834442;3987.67
2019;12;46;al Sector Privado;0.00;2.904687;2.834442;0.00
2019;12;45;al Sector Publico+Remesas al IPV;365.00;2.904687;2.834442;13271.64
2019;12;44;Transferencias para financiar Erogaciones de Capital;365.00;2.904687;2.834442;13271.64
2019;12;43;Trabajos Publicos;1624.90;2.904687;2.834442;59082.42
2019;12;42;Bienes de Capital;227.18;2.904687;2.834442;8260.41
2019;12;41;VI. Erogaciones de Capital;2326.75;2.904687;2.834442;84602.15
2019;12;40;Resto Otros Recursos de Capital;15.79;2.904687;2.834442;574.13
2019;12;39;Fondo Residual;10.71;2.904687;2.834442;389.42
2019;12;38;Venta de Acciones;0.00;2.904687;2.834442;0.00
2019;12;37;Otros Recursos de Capital;26.50;2.904687;2.834442;963.56
2019;12;36;Reembolsos de Prestamos;27.82;2.904687;2.834442;1011.55
2019;12;35;Reembolsos de Obras Publicas;0.00;2.904687;2.834442;0.00
2019;12;34;V. Recursos de Capital;54.32;2.904687;2.834442;1975.11
2019;12;33;IV.Resultado Economico Neto de Remesas;-3158.23;2.904687;2.834442;-114835.30
2019;12;32;Remesas EMT;118.31;2.904687;2.834442;4301.83
2019;12;31;Remesas ATM;219.03;2.904687;2.834442;7964.07
2019;12;30;Resultado Economico con Remesas;-2820.89;2.904687;2.834442;-102569.40
2019;12;29;Otras Erogaciones Corrientes;0.97;2.904687;2.834442;35.27
2019;12;28;Otras Transferencias;2704.09;2.904687;2.834442;98322.48
2019;12;27;Municipios;2569.38;2.904687;2.834442;93424.33
2019;12;26;Transferencias a Municipios y Otros;5273.47;2.904687;2.834442;191746.81
2019;12;25;Intereses y Gastos de la Deuda;347.34;2.904687;2.834442;12629.51
2019;12;24;Otros Servicios;2378.39;2.904687;2.834442;86479.81
2019;12;23;Bienes Corrientes;1018.25;2.904687;2.834442;37024.23
2019;12;22;Locaciones de Servicio;48.53;2.904687;2.834442;1764.58
2019;12;21;Personal;10805.58;2.904687;2.834442;392897.94
2019;12;20;Erogaciones Corrientes;19872.53;2.904687;2.834442;722578.16
2019;12;19;Aportes no Reintegrables;85.78;2.904687;2.834442;3119.02
2019;12;18;Coparticipacion Vial;67.70;2.904687;2.834442;2461.62
2019;12;17;Ley 25.053 Fdo. Nac. de Incentivo Docente;88.80;2.904687;2.834442;3228.83
2019;12;16;Regimenes Especiales Nacionales s/Financ. Educativo;1297.99;2.904687;2.834442;47195.76
2019;12;15;Coparticipacion Federal + Financ. Educativo;6022.20;2.904687;2.834442;218971.12
2019;12;14;De Origen Nacional;7562.47;2.904687;2.834442;274976.34
2019;12;13;Otros no Tributarios;4507.77;2.904687;2.834442;163905.46
2019;12;12;Remesas del Instituto de Juegos y Casino;23.82;2.904687;2.834442;866.11
2019;12;11;Tasas Retributivas de Servicios;200.50;2.904687;2.834442;7290.31
2019;12;10;Regalias;706.05;2.904687;2.834442;25672.44
2019;12;9;No Tributarios;5438.14;2.904687;2.834442;197734.32
2019;12;8;Otros Tributarios;24.45;2.904687;2.834442;889.02
2019;12;7;Sellos y Tasas de Justicia;401.12;2.904687;2.834442;14584.98
2019;12;6;Inmobiliario;112.41;2.904687;2.834442;4087.30
2019;12;5;Automotor;205.84;2.904687;2.834442;7484.48
2019;12;4;Ingresos Brutos;3307.21;2.904687;2.834442;120252.31
2019;12;3;Tributarios;4051.03;2.904687;2.834442;147298.09
2019;12;2;De Origen Provincial;9489.17;2.904687;2.834442;345032.41
2019;12;1;Recursos Corrientes;17051.64;2.904687;2.834442;620008.76
2020;1;55;Resultado Operativo - Amortizacion de la D Consolidada;2089.61;2.977698;2.898299;74116.62
2020;1;54;Amortizacion de la Deuda Consolidada;283.01;2.977698;2.898299;10038.11
2020;1;53;IX. Resultado Operativo (VIII-IX);2372.62;2.977698;2.898299;84154.73
2020;1;52;VIII. Egresos Totales (II+V+VI+VII);8753.64;2.977698;2.898299;310483.87
2020;1;51;VII. Ingresos Totales (I+IV);11126.26;2.977698;2.898299;394638.60
2020;1;50;Otros;0.00;2.977698;2.898299;0.00
2020;1;49;Compra de Acciones, Titulos, Valores, Otros;0.95;2.977698;2.898299;33.70
2020;1;48;Prestamos;4.63;2.977698;2.898299;164.22
2020;1;47;Inversion Financiera;5.58;2.977698;2.898299;197.92
2020;1;46;al Sector Privado;0.00;2.977698;2.898299;0.00
2020;1;45;al Sector Publico+Remesas al IPV;0.00;2.977698;2.898299;0.00
2020;1;44;Transferencias para financiar Erogaciones de Capital;0.00;2.977698;2.898299;0.00
2020;1;43;Trabajos Publicos;187.40;2.977698;2.898299;6646.91
2020;1;42;Bienes de Capital;1.15;2.977698;2.898299;40.79
2020;1;41;VI. Erogaciones de Capital;194.13;2.977698;2.898299;6885.62
2020;1;40;Resto Otros Recursos de Capital;936.34;2.977698;2.898299;33211.15
2020;1;39;Fondo Residual;0.00;2.977698;2.898299;0.00
2020;1;38;Venta de Acciones;0.00;2.977698;2.898299;0.00
2020;1;37;Otros Recursos de Capital;936.34;2.977698;2.898299;33211.15
2020;1;36;Reembolsos de Prestamos;0.12;2.977698;2.898299;4.26
2020;1;35;Reembolsos de Obras Publicas;0.00;2.977698;2.898299;0.00
2020;1;34;V. Recursos de Capital;936.46;2.977698;2.898299;33215.41
2020;1;33;IV.Resultado Economico Neto de Remesas;1630.29;2.977698;2.898299;57824.94
2020;1;32;Remesas EMT;27.29;2.977698;2.898299;967.95
2020;1;31;Remesas ATM;46.36;2.977698;2.898299;1644.35
2020;1;30;Resultado Economico con Remesas;1703.94;2.977698;2.898299;60437.25
2020;1;29;Otras Erogaciones Corrientes;0.73;2.977698;2.898299;25.89
2020;1;28;Otras Transferencias;1126.53;2.977698;2.898299;39957.02
2020;1;27;Municipios;580.82;2.977698;2.898299;20601.17
2020;1;26;Transferencias a Municipios y Otros;1707.35;2.977698;2.898299;60558.19
2020;1;25;Intereses y Gastos de la Deuda;302.62;2.977698;2.898299;10733.66
2020;1;24;Otros Servicios;173.61;2.977698;2.898299;6157.79
2020;1;23;Bienes Corrientes;113.06;2.977698;2.898299;4010.14
2020;1;22;Locaciones de Servicio;31.03;2.977698;2.898299;1100.61
2020;1;21;Personal;6157.46;2.977698;2.898299;218399.66
2020;1;20;Erogaciones Corrientes;8485.86;2.977698;2.898299;300985.95
2020;1;19;Aportes no Reintegrables;118.73;2.977698;2.898299;4211.25
2020;1;18;Coparticipacion Vial;39.19;2.977698;2.898299;1390.03
2020;1;17;Ley 25.053 Fdo. Nac. de Incentivo Docente;87.79;2.977698;2.898299;3113.83
2020;1;16;Regimenes Especiales Nacionales s/Financ. Educativo;781.61;2.977698;2.898299;27723.02
2020;1;15;Coparticipacion Federal + Financ. Educativo;4624.33;2.977698;2.898299;164020.90
2020;1;14;De Origen Nacional;5651.65;2.977698;2.898299;200459.03
2020;1;13;Otros no Tributarios;354.28;2.977698;2.898299;12566.00
2020;1;12;Remesas del Instituto de Juegos y Casino;20.00;2.977698;2.898299;709.38
2020;1;11;Tasas Retributivas de Servicios;215.65;2.977698;2.898299;7648.91
2020;1;10;Regalias;801.87;2.977698;2.898299;28441.62
2020;1;9;No Tributarios;1391.80;2.977698;2.898299;49365.92
2020;1;8;Otros Tributarios;34.46;2.977698;2.898299;1222.27
2020;1;7;Sellos y Tasas de Justicia;243.29;2.977698;2.898299;8629.28
2020;1;6;Inmobiliario;37.10;2.977698;2.898299;1315.90
2020;1;5;Automotor;114.58;2.977698;2.898299;4064.05
2020;1;4;Ingresos Brutos;2716.92;2.977698;2.898299;96366.75
2020;1;3;Tributarios;3146.35;2.977698;2.898299;111598.25
2020;1;2;De Origen Provincial;4538.15;2.977698;2.898299;160964.17
2020;1;1;Recursos Corrientes;10189.80;2.977698;2.898299;361423.20
2020;2;55;Resultado Operativo - Amortizacion de la D Consolidada;147.87;3.046030;2.956660;5127.16
2020;2;54;Amortizacion de la Deuda Consolidada;321.11;3.046030;2.956660;11133.99
2020;2;53;IX. Resultado Operativo (VIII-IX);468.98;3.046030;2.956660;16261.15
2020;2;52;VIII. Egresos Totales (II+V+VI+VII);10858.73;3.046030;2.956660;376509.44
2020;2;51;VII. Ingresos Totales (I+IV);11327.71;3.046030;2.956660;392770.59
2020;2;50;Otros;0.00;3.046030;2.956660;0.00
2020;2;49;Compra de Acciones, Titulos, Valores, Otros;3.11;3.046030;2.956660;107.83
2020;2;48;Prestamos;4.95;3.046030;2.956660;171.63
2020;2;47;Inversion Financiera;8.06;3.046030;2.956660;279.47
2020;2;46;al Sector Privado;0.00;3.046030;2.956660;0.00
2020;2;45;al Sector Publico+Remesas al IPV;0.70;3.046030;2.956660;24.27
2020;2;44;Transferencias para financiar Erogaciones de Capital;0.70;3.046030;2.956660;24.27
2020;2;43;Trabajos Publicos;101.22;3.046030;2.956660;3509.64
2020;2;42;Bienes de Capital;3.54;3.046030;2.956660;122.74
2020;2;41;VI. Erogaciones de Capital;113.52;3.046030;2.956660;3936.13
2020;2;40;Resto Otros Recursos de Capital;0.01;3.046030;2.956660;0.35
2020;2;39;Fondo Residual;0.75;3.046030;2.956660;26.01
2020;2;38;Venta de Acciones;0.00;3.046030;2.956660;0.00
2020;2;37;Otros Recursos de Capital;0.76;3.046030;2.956660;26.35
2020;2;36;Reembolsos de Prestamos;2.81;3.046030;2.956660;97.43
2020;2;35;Reembolsos de Obras Publicas;0.00;3.046030;2.956660;0.00
2020;2;34;V. Recursos de Capital;3.57;3.046030;2.956660;123.78
2020;2;33;IV.Resultado Economico Neto de Remesas;578.93;3.046030;2.956660;20073.49
2020;2;32;Remesas EMT;28.91;3.046030;2.956660;1002.41
2020;2;31;Remesas ATM;52.66;3.046030;2.956660;1825.90
2020;2;30;Resultado Economico con Remesas;660.50;3.046030;2.956660;22901.80
2020;2;29;Otras Erogaciones Corrientes;1.30;3.046030;2.956660;45.08
2020;2;28;Otras Transferencias;1444.05;3.046030;2.956660;50070.17
2020;2;27;Municipios;1521.19;3.046030;2.956660;52744.88
2020;2;26;Transferencias a Municipios y Otros;2965.24;3.046030;2.956660;102815.05
2020;2;25;Intereses y Gastos de la Deuda;214.56;3.046030;2.956660;7439.53
2020;2;24;Otros Servicios;593.58;3.046030;2.956660;20581.46
2020;2;23;Bienes Corrientes;266.10;3.046030;2.956660;9226.60
2020;2;22;Locaciones de Servicio;35.47;3.046030;2.956660;1229.87
2020;2;21;Personal;6587.39;3.046030;2.956660;228407.42
2020;2;20;Erogaciones Corrientes;10663.64;3.046030;2.956660;369745.00
2020;2;19;Aportes no Reintegrables;211.80;3.046030;2.956660;7343.83
2020;2;18;Coparticipacion Vial;17.49;3.046030;2.956660;606.44
2020;2;17;Ley 25.053 Fdo. Nac. de Incentivo Docente;87.79;3.046030;2.956660;3043.98
2020;2;16;Regimenes Especiales Nacionales s/Financ. Educativo;756.17;3.046030;2.956660;26219.01
2020;2;15;Coparticipacion Federal + Financ. Educativo;3632.96;3.046030;2.956660;125967.19
2020;2;14;De Origen Nacional;4706.21;3.046030;2.956660;163180.45
2020;2;13;Otros no Tributarios;966.25;3.046030;2.956660;33503.20
2020;2;12;Remesas del Instituto de Juegos y Casino;57.31;3.046030;2.956660;1987.13
2020;2;11;Tasas Retributivas de Servicios;201.36;3.046030;2.956660;6981.84
2020;2;10;Regalias;843.80;3.046030;2.956660;29257.44
2020;2;9;No Tributarios;2068.72;3.046030;2.956660;71729.62
2020;2;8;Otros Tributarios;18.77;3.046030;2.956660;650.82
2020;2;7;Sellos y Tasas de Justicia;435.53;3.046030;2.956660;15101.32
2020;2;6;Inmobiliario;59.51;3.046030;2.956660;2063.42
2020;2;5;Automotor;933.04;3.046030;2.956660;32351.70
2020;2;4;Ingresos Brutos;3102.36;3.046030;2.956660;107569.47
2020;2;3;Tributarios;4549.21;3.046030;2.956660;157736.72
2020;2;2;De Origen Provincial;6617.93;3.046030;2.956660;229466.35
2020;2;1;Recursos Corrientes;11324.14;3.046030;2.956660;392646.80
2020;3;55;Resultado Operativo - Amortizacion de la D Consolidada;913.04;3.141219;3.055515;30698.88
2020;3;54;Amortizacion de la Deuda Consolidada;460.98;3.141219;3.055515;15499.40
2020;3;53;IX. Resultado Operativo (VIII-IX);1374.02;3.141219;3.055515;46198.28
2020;3;52;VIII. Egresos Totales (II+V+VI+VII);12118.60;3.141219;3.055515;407460.25
2020;3;51;VII. Ingresos Totales (I+IV);13492.62;3.141219;3.055515;453658.53
2020;3;50;Otros;0.00;3.141219;3.055515;0.00
2020;3;49;Compra de Acciones, Titulos, Valores, Otros;0.00;3.141219;3.055515;0.00
2020;3;48;Prestamos;4.81;3.141219;3.055515;161.73
2020;3;47;Inversion Financiera;4.81;3.141219;3.055515;161.73
2020;3;46;al Sector Privado;0.00;3.141219;3.055515;0.00
2020;3;45;al Sector Publico+Remesas al IPV;8.56;3.141219;3.055515;287.81
2020;3;44;Transferencias para financiar Erogaciones de Capital;8.56;3.141219;3.055515;287.81
2020;3;43;Trabajos Publicos;121.70;3.141219;3.055515;4091.88
2020;3;42;Bienes de Capital;13.85;3.141219;3.055515;465.67
2020;3;41;VI. Erogaciones de Capital;148.92;3.141219;3.055515;5007.09
2020;3;40;Resto Otros Recursos de Capital;8.09;3.141219;3.055515;272.01
2020;3;39;Fondo Residual;0.00;3.141219;3.055515;0.00
2020;3;38;Venta de Acciones;0.00;3.141219;3.055515;0.00
2020;3;37;Otros Recursos de Capital;8.09;3.141219;3.055515;272.01
2020;3;36;Reembolsos de Prestamos;4.63;3.141219;3.055515;155.67
2020;3;35;Reembolsos de Obras Publicas;0.00;3.141219;3.055515;0.00
2020;3;34;V. Recursos de Capital;12.72;3.141219;3.055515;427.68
2020;3;33;IV.Resultado Economico Neto de Remesas;1510.22;3.141219;3.055515;50777.70
2020;3;32;Remesas EMT;28.62;3.141219;3.055515;962.28
2020;3;31;Remesas ATM;67.00;3.141219;3.055515;2252.72
2020;3;30;Resultado Economico con Remesas;1605.84;3.141219;3.055515;53992.70
2020;3;29;Otras Erogaciones Corrientes;1.01;3.141219;3.055515;33.96
2020;3;28;Otras Transferencias;1508.08;3.141219;3.055515;50705.75
2020;3;27;Municipios;2053.37;3.141219;3.055515;69039.88
2020;3;26;Transferencias a Municipios y Otros;3561.45;3.141219;3.055515;119745.62
2020;3;25;Intereses y Gastos de la Deuda;647.32;3.141219;3.055515;21764.66
2020;3;24;Otros Servicios;657.65;3.141219;3.055515;22111.98
2020;3;23;Bienes Corrientes;464.31;3.141219;3.055515;15611.36
2020;3;22;Locaciones de Servicio;44.59;3.141219;3.055515;1499.24
2020;3;21;Personal;6497.73;3.141219;3.055515;218471.33
2020;3;20;Erogaciones Corrientes;11874.06;3.141219;3.055515;399238.15
2020;3;19;Aportes no Reintegrables;272.01;3.141219;3.055515;9145.72
2020;3;18;Coparticipacion Vial;53.13;3.141219;3.055515;1786.37
2020;3;17;Ley 25.053 Fdo. Nac. de Incentivo Docente;87.79;3.141219;3.055515;2951.74
2020;3;16;Regimenes Especiales Nacionales s/Financ. Educativo;933.55;3.141219;3.055515;31388.49
2020;3;15;Coparticipacion Federal + Financ. Educativo;6166.12;3.141219;3.055515;207321.70
2020;3;14;De Origen Nacional;7512.60;3.141219;3.055515;252594.02
2020;3;13;Otros no Tributarios;584.55;3.141219;3.055515;19654.16
2020;3;12;Remesas del Instituto de Juegos y Casino;11.70;3.141219;3.055515;393.39
2020;3;11;Tasas Retributivas de Servicios;176.96;3.141219;3.055515;5949.88
2020;3;10;Regalias;747.02;3.141219;3.055515;25116.84
2020;3;9;No Tributarios;1520.23;3.141219;3.055515;51114.26
2020;3;8;Otros Tributarios;18.99;3.141219;3.055515;638.50
2020;3;7;Sellos y Tasas de Justicia;323.73;3.141219;3.055515;10884.68
2020;3;6;Inmobiliario;402.62;3.141219;3.055515;13537.18
2020;3;5;Automotor;604.45;3.141219;3.055515;20323.25
2020;3;4;Ingresos Brutos;3097.28;3.141219;3.055515;104138.97
2020;3;3;Tributarios;4447.07;3.141219;3.055515;149522.57
2020;3;2;De Origen Provincial;5967.30;3.141219;3.055515;200636.83
2020;3;1;Recursos Corrientes;13479.90;3.141219;3.055515;453230.85
2020;4;55;Resultado Operativo - Amortizacion de la D Consolidada;-1194.62;3.181874;3.101243;-39653.16
2020;4;54;Amortizacion de la Deuda Consolidada;45.49;3.181874;3.101243;1509.95
2020;4;53;IX. Resultado Operativo (VIII-IX);-1149.13;3.181874;3.101243;-38143.21
2020;4;52;VIII. Egresos Totales (II+V+VI+VII);14013.22;3.181874;3.101243;465142.45
2020;4;51;VII. Ingresos Totales (I+IV);12864.09;3.181874;3.101243;426999.24
2020;4;50;Otros;0.00;3.181874;3.101243;0.00
2020;4;49;Compra de Acciones, Titulos, Valores, Otros;879.75;3.181874;3.101243;29201.64
2020;4;48;Prestamos;4.87;3.181874;3.101243;161.65
2020;4;47;Inversion Financiera;884.62;3.181874;3.101243;29363.29
2020;4;46;al Sector Privado;0.00;3.181874;3.101243;0.00
2020;4;45;al Sector Publico+Remesas al IPV;0.30;3.181874;3.101243;9.96
2020;4;44;Transferencias para financiar Erogaciones de Capital;0.30;3.181874;3.101243;9.96
2020;4;43;Trabajos Publicos;257.29;3.181874;3.101243;8540.26
2020;4;42;Bienes de Capital;47.98;3.181874;3.101243;1592.61
2020;4;41;VI. Erogaciones de Capital;1190.19;3.181874;3.101243;39506.12
2020;4;40;Resto Otros Recursos de Capital;305.98;3.181874;3.101243;10156.43
2020;4;39;Fondo Residual;9.20;3.181874;3.101243;305.38
2020;4;38;Venta de Acciones;0.00;3.181874;3.101243;0.00
2020;4;37;Otros Recursos de Capital;315.18;3.181874;3.101243;10461.81
2020;4;36;Reembolsos de Prestamos;3.49;3.181874;3.101243;115.84
2020;4;35;Reembolsos de Obras Publicas;0.00;3.181874;3.101243;0.00
2020;4;34;V. Recursos de Capital;318.67;3.181874;3.101243;10577.65
2020;4;33;IV.Resultado Economico Neto de Remesas;-277.61;3.181874;3.101243;-9214.74
2020;4;32;Remesas EMT;28.73;3.181874;3.101243;953.64
2020;4;31;Remesas ATM;72.42;3.181874;3.101243;2403.85
2020;4;30;Resultado Economico con Remesas;-176.46;3.181874;3.101243;-5857.26
2020;4;29;Otras Erogaciones Corrientes;1.75;3.181874;3.101243;58.09
2020;4;28;Otras Transferencias;1364.80;3.181874;3.101243;45301.97
2020;4;27;Municipios;3071.02;3.181874;3.101243;101936.73
2020;4;26;Transferencias a Municipios y Otros;4435.82;3.181874;3.101243;147238.69
2020;4;25;Intereses y Gastos de la Deuda;109.95;3.181874;3.101243;3649.58
2020;4;24;Otros Servicios;1091.18;3.181874;3.101243;36219.67
2020;4;23;Bienes Corrientes;392.91;3.181874;3.101243;13041.91
2020;4;22;Locaciones de Servicio;36.73;3.181874;3.101243;1219.18
2020;4;21;Personal;6653.54;3.181874;3.101243;220851.73
2020;4;20;Erogaciones Corrientes;12721.88;3.181874;3.101243;422278.85
2020;4;19;Aportes no Reintegrables;1327.35;3.181874;3.101243;44058.88
2020;4;18;Coparticipacion Vial;23.21;3.181874;3.101243;770.41
2020;4;17;Ley 25.053 Fdo. Nac. de Incentivo Docente;163.49;3.181874;3.101243;5426.74
2020;4;16;Regimenes Especiales Nacionales s/Financ. Educativo;774.84;3.181874;3.101243;25719.35
2020;4;15;Coparticipacion Federal + Financ. Educativo;4101.22;3.181874;3.101243;136132.27
2020;4;14;De Origen Nacional;6390.11;3.181874;3.101243;212107.67
2020;4;13;Otros no Tributarios;1617.71;3.181874;3.101243;53696.84
2020;4;12;Remesas del Instituto de Juegos y Casino;0.00;3.181874;3.101243;0.00
2020;4;11;Tasas Retributivas de Servicios;151.35;3.181874;3.101243;5023.78
2020;4;10;Regalias;715.34;3.181874;3.101243;23744.36
2020;4;9;No Tributarios;2484.40;3.181874;3.101243;82464.98
2020;4;8;Otros Tributarios;7.39;3.181874;3.101243;245.30
2020;4;7;Sellos y Tasas de Justicia;154.02;3.181874;3.101243;5112.40
2020;4;6;Inmobiliario;369.44;3.181874;3.101243;12262.87
2020;4;5;Automotor;253.09;3.181874;3.101243;8400.85
2020;4;4;Ingresos Brutos;2886.97;3.181874;3.101243;95827.53
2020;4;3;Tributarios;3670.91;3.181874;3.101243;121848.94
2020;4;2;De Origen Provincial;6155.31;3.181874;3.101243;204313.92
2020;4;1;Recursos Corrientes;12545.42;3.181874;3.101243;416421.59
2020;5;55;Resultado Operativo - Amortizacion de la D Consolidada;-1257.50;3.224709;3.149087;-41185.89
2020;5;54;Amortizacion de la Deuda Consolidada;760.93;3.224709;3.149087;24922.13
2020;5;53;IX. Resultado Operativo (VIII-IX);-496.57;3.224709;3.149087;-16263.76
2020;5;52;VIII. Egresos Totales (II+V+VI+VII);14405.15;3.224709;3.149087;471800.36
2020;5;51;VII. Ingresos Totales (I+IV);13908.58;3.224709;3.149087;455536.60
2020;5;50;Otros;0.00;3.224709;3.149087;0.00
2020;5;49;Compra de Acciones, Titulos, Valores, Otros;1565.20;3.224709;3.149087;51263.74
2020;5;48;Prestamos;4.84;3.224709;3.149087;158.52
2020;5;47;Inversion Financiera;1570.04;3.224709;3.149087;51422.26
2020;5;46;al Sector Privado;0.00;3.224709;3.149087;0.00
2020;5;45;al Sector Publico+Remesas al IPV;155.93;3.224709;3.149087;5107.05
2020;5;44;Transferencias para financiar Erogaciones de Capital;155.93;3.224709;3.149087;5107.05
2020;5;43;Trabajos Publicos;254.86;3.224709;3.149087;8347.23
2020;5;42;Bienes de Capital;30.78;3.224709;3.149087;1008.11
2020;5;41;VI. Erogaciones de Capital;2011.61;3.224709;3.149087;65884.65
2020;5;40;Resto Otros Recursos de Capital;1121.79;3.224709;3.149087;36741.09
2020;5;39;Fondo Residual;3.54;3.224709;3.149087;115.94
2020;5;38;Venta de Acciones;0.00;3.224709;3.149087;0.00
2020;5;37;Otros Recursos de Capital;1125.33;3.224709;3.149087;36857.03
2020;5;36;Reembolsos de Prestamos;37.40;3.224709;3.149087;1224.93
2020;5;35;Reembolsos de Obras Publicas;0.00;3.224709;3.149087;0.00
2020;5;34;V. Recursos de Capital;1162.73;3.224709;3.149087;38081.97
2020;5;33;IV.Resultado Economico Neto de Remesas;352.31;3.224709;3.149087;11538.93
2020;5;32;Remesas EMT;28.42;3.224709;3.149087;930.82
2020;5;31;Remesas ATM;57.06;3.224709;3.149087;1868.84
2020;5;30;Resultado Economico con Remesas;437.79;3.224709;3.149087;14338.59
2020;5;29;Otras Erogaciones Corrientes;1.20;3.224709;3.149087;39.30
2020;5;28;Otras Transferencias;1472.44;3.224709;3.149087;48225.65
2020;5;27;Municipios;921.87;3.224709;3.149087;30193.27
2020;5;26;Transferencias a Municipios y Otros;2394.31;3.224709;3.149087;78418.92
2020;5;25;Intereses y Gastos de la Deuda;2163.27;3.224709;3.149087;70851.85
2020;5;24;Otros Servicios;660.23;3.224709;3.149087;21623.99
2020;5;23;Bienes Corrientes;439.82;3.224709;3.149087;14405.07
2020;5;22;Locaciones de Servicio;42.29;3.224709;3.149087;1385.09
2020;5;21;Personal;6606.94;3.224709;3.149087;216391.82
2020;5;20;Erogaciones Corrientes;12308.06;3.224709;3.149087;403116.05
2020;5;19;Aportes no Reintegrables;911.80;3.224709;3.149087;29863.46
2020;5;18;Coparticipacion Vial;38.04;3.224709;3.149087;1245.89
2020;5;17;Ley 25.053 Fdo. Nac. de Incentivo Docente;163.49;3.224709;3.149087;5354.66
2020;5;16;Regimenes Especiales Nacionales s/Financ. Educativo;987.65;3.224709;3.149087;32347.71
2020;5;15;Coparticipacion Federal + Financ. Educativo;5441.50;3.224709;3.149087;178221.10
2020;5;14;De Origen Nacional;7542.48;3.224709;3.149087;247032.82
2020;5;13;Otros no Tributarios;1418.96;3.224709;3.149087;46474.06
2020;5;12;Remesas del Instituto de Juegos y Casino;0.00;3.224709;3.149087;0.00
2020;5;11;Tasas Retributivas de Servicios;156.88;3.224709;3.149087;5138.17
2020;5;10;Regalias;341.05;3.224709;3.149087;11170.14
2020;5;9;No Tributarios;1916.89;3.224709;3.149087;62782.37
2020;5;8;Otros Tributarios;1.37;3.224709;3.149087;44.87
2020;5;7;Sellos y Tasas de Justicia;245.52;3.224709;3.149087;8041.32
2020;5;6;Inmobiliario;221.83;3.224709;3.149087;7265.42
2020;5;5;Automotor;249.25;3.224709;3.149087;8163.49
2020;5;4;Ingresos Brutos;2568.51;3.224709;3.149087;84124.35
2020;5;3;Tributarios;3286.48;3.224709;3.149087;107639.45
2020;5;2;De Origen Provincial;5203.37;3.224709;3.149087;170421.82
2020;5;1;Recursos Corrientes;12745.85;3.224709;3.149087;417454.63
2020;6;55;Resultado Operativo - Amortizacion de la D Consolidada;1458.19;3.299792;3.219738;46672.23
2020;6;54;Amortizacion de la Deuda Consolidada;345.63;3.299792;3.219738;11062.57
2020;6;53;IX. Resultado Operativo (VIII-IX);1803.82;3.299792;3.219738;57734.80
2020;6;52;VIII. Egresos Totales (II+V+VI+VII);12022.42;3.299792;3.219738;384801.13
2020;6;51;VII. Ingresos Totales (I+IV);13826.24;3.299792;3.219738;442535.93
2020;6;50;Otros;0.00;3.299792;3.219738;0.00
2020;6;49;Compra de Acciones, Titulos, Valores, Otros;0.10;3.299792;3.219738;3.20
2020;6;48;Prestamos;5.27;3.299792;3.219738;168.68
2020;6;47;Inversion Financiera;5.37;3.299792;3.219738;171.88
2020;6;46;al Sector Privado;0.00;3.299792;3.219738;0.00
2020;6;45;al Sector Publico+Remesas al IPV;120.02;3.299792;3.219738;3841.48
2020;6;44;Transferencias para financiar Erogaciones de Capital;120.02;3.299792;3.219738;3841.48
2020;6;43;Trabajos Publicos;118.33;3.299792;3.219738;3787.38
2020;6;42;Bienes de Capital;23.84;3.299792;3.219738;763.05
2020;6;41;VI. Erogaciones de Capital;267.56;3.299792;3.219738;8563.78
2020;6;40;Resto Otros Recursos de Capital;13.99;3.299792;3.219738;447.78
2020;6;39;Fondo Residual;1.23;3.299792;3.219738;39.37
2020;6;38;Venta de Acciones;0.00;3.299792;3.219738;0.00
2020;6;37;Otros Recursos de Capital;15.22;3.299792;3.219738;487.15
2020;6;36;Reembolsos de Prestamos;3.57;3.299792;3.219738;114.26
2020;6;35;Reembolsos de Obras Publicas;0.00;3.299792;3.219738;0.00
2020;6;34;V. Recursos de Capital;18.79;3.299792;3.219738;601.41
2020;6;33;IV.Resultado Economico Neto de Remesas;2052.59;3.299792;3.219738;65697.17
2020;6;32;Remesas EMT;58.78;3.299792;3.219738;1881.37
2020;6;31;Remesas ATM;54.11;3.299792;3.219738;1731.90
2020;6;30;Resultado Economico con Remesas;2165.48;3.299792;3.219738;69310.43
2020;6;29;Otras Erogaciones Corrientes;1.20;3.299792;3.219738;38.41
2020;6;28;Otras Transferencias;1331.66;3.299792;3.219738;42622.39
2020;6;27;Municipios;1840.25;3.299792;3.219738;58900.81
2020;6;26;Transferencias a Municipios y Otros;3171.91;3.299792;3.219738;101523.20
2020;6;25;Intereses y Gastos de la Deuda;441.27;3.299792;3.219738;14123.71
2020;6;24;Otros Servicios;850.04;3.299792;3.219738;27207.20
2020;6;23;Bienes Corrientes;493.04;3.299792;3.219738;15780.71
2020;6;22;Locaciones de Servicio;35.15;3.299792;3.219738;1125.04
2020;6;21;Personal;6649.36;3.299792;3.219738;212825.81
2020;6;20;Erogaciones Corrientes;11641.97;3.299792;3.219738;372624.08
2020;6;19;Aportes no Reintegrables;301.05;3.299792;3.219738;9635.70
2020;6;18;Coparticipacion Vial;23.40;3.299792;3.219738;748.96
2020;6;17;Ley 25.053 Fdo. Nac. de Incentivo Docente;159.65;3.299792;3.219738;5109.91
2020;6;16;Regimenes Especiales Nacionales s/Financ. Educativo;1626.07;3.299792;3.219738;52045.56
2020;6;15;Coparticipacion Federal + Financ. Educativo;5947.04;3.299792;3.219738;190346.68
2020;6;14;De Origen Nacional;8057.21;3.299792;3.219738;257886.81
2020;6;13;Otros no Tributarios;1601.08;3.299792;3.219738;51245.71
2020;6;12;Remesas del Instituto de Juegos y Casino;0.00;3.299792;3.219738;0.00
2020;6;11;Tasas Retributivas de Servicios;166.71;3.299792;3.219738;5335.88
2020;6;10;Regalias;416.54;3.299792;3.219738;13332.18
2020;6;9;No Tributarios;2184.33;3.299792;3.219738;69913.77
2020;6;8;Otros Tributarios;35.09;3.299792;3.219738;1123.12
2020;6;7;Sellos y Tasas de Justicia;354.81;3.299792;3.219738;11356.39
2020;6;6;Inmobiliario;137.35;3.299792;3.219738;4396.16
2020;6;5;Automotor;455.75;3.299792;3.219738;14587.17
2020;6;4;Ingresos Brutos;2582.91;3.299792;3.219738;82671.10
2020;6;3;Tributarios;3565.91;3.299792;3.219738;114133.94
2020;6;2;De Origen Provincial;5750.24;3.299792;3.219738;184047.71
2020;6;1;Recursos Corrientes;13807.45;3.299792;3.219738;441934.52
2020;7;55;Resultado Operativo - Amortizacion de la D Consolidada;630.12;3.374552;3.282014;19721.42
2020;7;54;Amortizacion de la Deuda Consolidada;441.78;3.374552;3.282014;13826.78
2020;7;53;IX. Resultado Operativo (VIII-IX);1071.90;3.374552;3.282014;33548.19
2020;7;52;VIII. Egresos Totales (II+V+VI+VII);12650.67;3.374552;3.282014;395939.12
2020;7;51;VII. Ingresos Totales (I+IV);13722.57;3.374552;3.282014;429487.31
2020;7;50;Otros;0.00;3.374552;3.282014;0.00
2020;7;49;Compra de Acciones, Titulos, Valores, Otros;2.04;3.374552;3.282014;63.85
2020;7;48;Prestamos;5.41;3.374552;3.282014;169.32
2020;7;47;Inversion Financiera;7.45;3.374552;3.282014;233.17
2020;7;46;al Sector Privado;0.00;3.374552;3.282014;0.00
2020;7;45;al Sector Publico+Remesas al IPV;144.44;3.374552;3.282014;4520.67
2020;7;44;Transferencias para financiar Erogaciones de Capital;144.44;3.374552;3.282014;4520.67
2020;7;43;Trabajos Publicos;138.96;3.374552;3.282014;4349.15
2020;7;42;Bienes de Capital;14.87;3.374552;3.282014;465.40
2020;7;41;VI. Erogaciones de Capital;305.72;3.374552;3.282014;9568.39
2020;7;40;Resto Otros Recursos de Capital;1423.20;3.374552;3.282014;44543.14
2020;7;39;Fondo Residual;0.26;3.374552;3.282014;8.14
2020;7;38;Venta de Acciones;0.00;3.374552;3.282014;0.00
2020;7;37;Otros Recursos de Capital;1423.46;3.374552;3.282014;44551.28
2020;7;36;Reembolsos de Prestamos;3.48;3.374552;3.282014;108.92
2020;7;35;Reembolsos de Obras Publicas;0.00;3.374552;3.282014;0.00
2020;7;34;V. Recursos de Capital;1426.94;3.374552;3.282014;44660.19
2020;7;33;IV.Resultado Economico Neto de Remesas;-49.32;3.374552;3.282014;-1543.61
2020;7;32;Remesas EMT;45.67;3.374552;3.282014;1429.37
2020;7;31;Remesas ATM;105.71;3.374552;3.282014;3308.50
2020;7;30;Resultado Economico con Remesas;102.06;3.374552;3.282014;3194.26
2020;7;29;Otras Erogaciones Corrientes;1.20;3.374552;3.282014;37.56
2020;7;28;Otras Transferencias;1596.66;3.374552;3.282014;49972.07
2020;7;27;Municipios;2213.08;3.374552;3.282014;69264.71
2020;7;26;Transferencias a Municipios y Otros;3809.74;3.374552;3.282014;119236.78
2020;7;25;Intereses y Gastos de la Deuda;365.84;3.374552;3.282014;11450.02
2020;7;24;Otros Servicios;883.38;3.374552;3.282014;27647.92
2020;7;23;Bienes Corrientes;422.76;3.374552;3.282014;13231.49
2020;7;22;Locaciones de Servicio;43.12;3.374552;3.282014;1349.56
2020;7;21;Personal;6667.53;3.374552;3.282014;208679.54
2020;7;20;Erogaciones Corrientes;12193.57;3.374552;3.282014;381632.86
2020;7;19;Aportes no Reintegrables;485.47;3.374552;3.282014;15194.18
2020;7;18;Coparticipacion Vial;0.00;3.374552;3.282014;0.00
2020;7;17;Ley 25.053 Fdo. Nac. de Incentivo Docente;155.64;3.374552;3.282014;4871.20
2020;7;16;Regimenes Especiales Nacionales s/Financ. Educativo;1015.72;3.374552;3.282014;31789.88
2020;7;15;Coparticipacion Federal + Financ. Educativo;5447.33;3.374552;3.282014;170489.87
2020;7;14;De Origen Nacional;7104.16;3.374552;3.282014;222345.13
2020;7;13;Otros no Tributarios;647.55;3.374552;3.282014;20266.94
2020;7;12;Remesas del Instituto de Juegos y Casino;0.00;3.374552;3.282014;0.00
2020;7;11;Tasas Retributivas de Servicios;226.28;3.374552;3.282014;7082.08
2020;7;10;Regalias;615.70;3.374552;3.282014;19270.10
2020;7;9;No Tributarios;1489.53;3.374552;3.282014;46619.13
2020;7;8;Otros Tributarios;20.89;3.374552;3.282014;653.81
2020;7;7;Sellos y Tasas de Justicia;383.28;3.374552;3.282014;11995.85
2020;7;6;Inmobiliario;170.59;3.374552;3.282014;5339.10
2020;7;5;Automotor;271.08;3.374552;3.282014;8484.23
2020;7;4;Ingresos Brutos;2856.10;3.374552;3.282014;89389.87
2020;7;3;Tributarios;3701.94;3.374552;3.282014;115862.86
2020;7;2;De Origen Provincial;5191.47;3.374552;3.282014;162481.99
2020;7;1;Recursos Corrientes;12295.63;3.374552;3.282014;384827.12
2020;8;55;Resultado Operativo - Amortizacion de la D Consolidada;-517.83;3.465380;3.370632;-15782.19
2020;8;54;Amortizacion de la Deuda Consolidada;425.35;3.465380;3.370632;12963.63
2020;8;53;IX. Resultado Operativo (VIII-IX);-92.48;3.465380;3.370632;-2818.56
2020;8;52;VIII. Egresos Totales (II+V+VI+VII);13647.42;3.465380;3.370632;415940.02
2020;8;51;VII. Ingresos Totales (I+IV);13554.94;3.465380;3.370632;413121.45
2020;8;50;Otros;0.00;3.465380;3.370632;0.00
2020;8;49;Compra de Acciones, Titulos, Valores, Otros;1413.76;3.465380;3.370632;43087.95
2020;8;48;Prestamos;0.00;3.465380;3.370632;0.00
2020;8;47;Inversion Financiera;1413.76;3.465380;3.370632;43087.95
2020;8;46;al Sector Privado;0.00;3.465380;3.370632;0.00
2020;8;45;al Sector Publico+Remesas al IPV;18.22;3.465380;3.370632;555.30
2020;8;44;Transferencias para financiar Erogaciones de Capital;18.22;3.465380;3.370632;555.30
2020;8;43;Trabajos Publicos;111.76;3.465380;3.370632;3406.17
2020;8;42;Bienes de Capital;35.29;3.465380;3.370632;1075.55
2020;8;41;VI. Erogaciones de Capital;1579.03;3.465380;3.370632;48124.98
2020;8;40;Resto Otros Recursos de Capital;110.63;3.465380;3.370632;3371.73
2020;8;39;Fondo Residual;0.14;3.465380;3.370632;4.27
2020;8;38;Venta de Acciones;0.00;3.465380;3.370632;0.00
2020;8;37;Otros Recursos de Capital;110.77;3.465380;3.370632;3376.00
2020;8;36;Reembolsos de Prestamos;4.46;3.465380;3.370632;135.93
2020;8;35;Reembolsos de Obras Publicas;0.00;3.465380;3.370632;0.00
2020;8;34;V. Recursos de Capital;115.23;3.465380;3.370632;3511.93
2020;8;33;IV.Resultado Economico Neto de Remesas;1371.32;3.465380;3.370632;41794.48
2020;8;32;Remesas EMT;53.32;3.465380;3.370632;1625.06
2020;8;31;Remesas ATM;52.30;3.465380;3.370632;1593.98
2020;8;30;Resultado Economico con Remesas;1476.94;3.465380;3.370632;45013.52
2020;8;29;Otras Erogaciones Corrientes;1.20;3.465380;3.370632;36.57
2020;8;28;Otras Transferencias;1389.11;3.465380;3.370632;42336.68
2020;8;27;Municipios;2115.44;3.465380;3.370632;64473.44
2020;8;26;Transferencias a Municipios y Otros;3504.55;3.465380;3.370632;106810.12
2020;8;25;Intereses y Gastos de la Deuda;259.00;3.465380;3.370632;7893.69
2020;8;24;Otros Servicios;992.69;3.465380;3.370632;30254.77
2020;8;23;Bienes Corrientes;515.31;3.465380;3.370632;15705.39
2020;8;22;Locaciones de Servicio;43.29;3.465380;3.370632;1319.37
2020;8;21;Personal;6646.73;3.465380;3.370632;202576.09
2020;8;20;Erogaciones Corrientes;11962.77;3.465380;3.370632;364596.00
2020;8;19;Aportes no Reintegrables;133.35;3.465380;3.370632;4064.18
2020;8;18;Coparticipacion Vial;49.27;3.465380;3.370632;1501.63
2020;8;17;Ley 25.053 Fdo. Nac. de Incentivo Docente;157.55;3.465380;3.370632;4801.74
2020;8;16;Regimenes Especiales Nacionales s/Financ. Educativo;1315.43;3.465380;3.370632;40091.09
2020;8;15;Coparticipacion Federal + Financ. Educativo;6707.72;3.465380;3.370632;204434.92
2020;8;14;De Origen Nacional;8363.32;3.465380;3.370632;254893.56
2020;8;13;Otros no Tributarios;0.00;3.465380;3.370632;0.00
2020;8;12;Remesas del Instituto de Juegos y Casino;0.00;3.465380;3.370632;0.00
2020;8;11;Tasas Retributivas de Servicios;216.63;3.465380;3.370632;6602.35
2020;8;10;Regalias;616.34;3.465380;3.370632;18784.54
2020;8;9;No Tributarios;832.97;3.465380;3.370632;25386.89
2020;8;8;Otros Tributarios;15.99;3.465380;3.370632;487.34
2020;8;7;Sellos y Tasas de Justicia;426.73;3.465380;3.370632;13005.69
2020;8;6;Inmobiliario;117.23;3.465380;3.370632;3572.88
2020;8;5;Automotor;413.62;3.465380;3.370632;12606.13
2020;8;4;Ingresos Brutos;3269.85;3.465380;3.370632;99657.04
2020;8;3;Tributarios;4243.42;3.465380;3.370632;129329.07
2020;8;2;De Origen Provincial;5076.39;3.465380;3.370632;154715.96
2020;8;1;Recursos Corrientes;13439.71;3.465380;3.370632;409609.52
2020;9;55;Resultado Operativo - Amortizacion de la D Consolidada;-100.30;3.588958;3.466207;-2951.64
2020;9;54;Amortizacion de la Deuda Consolidada;324.00;3.588958;3.466207;9534.71
2020;9;53;IX. Resultado Operativo (VIII-IX);223.70;3.588958;3.466207;6583.07
2020;9;52;VIII. Egresos Totales (II+V+VI+VII);13927.93;3.588958;3.466207;409872.91
2020;9;51;VII. Ingresos Totales (I+IV);14151.63;3.588958;3.466207;416455.98
2020;9;50;Otros;0.00;3.588958;3.466207;0.00
2020;9;49;Compra de Acciones, Titulos, Valores, Otros;373.18;3.588958;3.466207;10981.99
2020;9;48;Prestamos;11.47;3.588958;3.466207;337.54
2020;9;47;Inversion Financiera;384.65;3.588958;3.466207;11319.53
2020;9;46;al Sector Privado;0.00;3.588958;3.466207;0.00
2020;9;45;al Sector Publico+Remesas al IPV;5.03;3.588958;3.466207;148.02
2020;9;44;Transferencias para financiar Erogaciones de Capital;5.03;3.588958;3.466207;148.02
2020;9;43;Trabajos Publicos;179.76;3.588958;3.466207;5290.00
2020;9;42;Bienes de Capital;71.20;3.588958;3.466207;2095.28
2020;9;41;VI. Erogaciones de Capital;640.64;3.588958;3.466207;18852.84
2020;9;40;Resto Otros Recursos de Capital;29.20;3.588958;3.466207;859.30
2020;9;39;Fondo Residual;0.35;3.588958;3.466207;10.30
2020;9;38;Venta de Acciones;0.00;3.588958;3.466207;0.00
2020;9;37;Otros Recursos de Capital;29.55;3.588958;3.466207;869.60
2020;9;36;Reembolsos de Prestamos;3.49;3.588958;3.466207;102.70
2020;9;35;Reembolsos de Obras Publicas;0.00;3.588958;3.466207;0.00
2020;9;34;V. Recursos de Capital;33.04;3.588958;3.466207;972.31
2020;9;33;IV.Resultado Economico Neto de Remesas;831.30;3.588958;3.466207;24463.60
2020;9;32;Remesas EMT;76.92;3.588958;3.466207;2263.61
2020;9;31;Remesas ATM;65.11;3.588958;3.466207;1916.07
2020;9;30;Resultado Economico con Remesas;973.33;3.588958;3.466207;28643.28
2020;9;29;Otras Erogaciones Corrientes;1.20;3.588958;3.466207;35.31
2020;9;28;Otras Transferencias;1774.26;3.588958;3.466207;52213.15
2020;9;27;Municipios;2295.10;3.588958;3.466207;67540.50
2020;9;26;Transferencias a Municipios y Otros;4069.36;3.588958;3.466207;119753.65
2020;9;25;Intereses y Gastos de la Deuda;426.02;3.588958;3.466207;12536.97
2020;9;24;Otros Servicios;900.54;3.588958;3.466207;26501.21
2020;9;23;Bienes Corrientes;538.53;3.588958;3.466207;15847.93
2020;9;22;Locaciones de Servicio;38.67;3.588958;3.466207;1137.99
2020;9;21;Personal;7170.94;3.588958;3.466207;211027.34
2020;9;20;Erogaciones Corrientes;13145.26;3.588958;3.466207;386840.39
2020;9;19;Aportes no Reintegrables;578.19;3.588958;3.466207;17015.05
2020;9;18;Coparticipacion Vial;98.61;3.588958;3.466207;2901.91
2020;9;17;Ley 25.053 Fdo. Nac. de Incentivo Docente;161.23;3.588958;3.466207;4744.70
2020;9;16;Regimenes Especiales Nacionales s/Financ. Educativo;1116.22;3.588958;3.466207;32848.26
2020;9;15;Coparticipacion Federal + Financ. Educativo;6036.43;3.588958;3.466207;177640.83
2020;9;14;De Origen Nacional;7990.68;3.588958;3.466207;235150.75
2020;9;13;Otros no Tributarios;1075.69;3.588958;3.466207;31655.54
2020;9;12;Remesas del Instituto de Juegos y Casino;0.00;3.588958;3.466207;0.00
2020;9;11;Tasas Retributivas de Servicios;141.44;3.588958;3.466207;4162.31
2020;9;10;Regalias;791.03;3.588958;3.466207;23278.53
2020;9;9;No Tributarios;2008.16;3.588958;3.466207;59096.39
2020;9;8;Otros Tributarios;31.81;3.588958;3.466207;936.11
2020;9;7;Sellos y Tasas de Justicia;516.72;3.588958;3.466207;15206.10
2020;9;6;Inmobiliario;209.04;3.588958;3.466207;6151.66
2020;9;5;Automotor;244.29;3.588958;3.466207;7189.00
2020;9;4;Ingresos Brutos;3117.89;3.588958;3.466207;91753.67
2020;9;3;Tributarios;4119.75;3.588958;3.466207;121236.53
2020;9;2;De Origen Provincial;6127.91;3.588958;3.466207;180332.92
2020;9;1;Recursos Corrientes;14118.59;3.588958;3.466207;415483.67
2020;10;55;Resultado Operativo - Amortizacion de la D Consolidada;1181.81;3.720342;3.596570;33550.25
2020;10;54;Amortizacion de la Deuda Consolidada;38.93;3.720342;3.596570;1105.18
2020;10;53;IX. Resultado Operativo (VIII-IX);1220.74;3.720342;3.596570;34655.43
2020;10;52;VIII. Egresos Totales (II+V+VI+VII);14798.38;3.720342;3.596570;420109.32
2020;10;51;VII. Ingresos Totales (I+IV);16019.12;3.720342;3.596570;454764.76
2020;10;50;Otros;0.00;3.720342;3.596570;0.00
2020;10;49;Compra de Acciones, Titulos, Valores, Otros;150.23;3.720342;3.596570;4264.86
2020;10;48;Prestamos;62.91;3.720342;3.596570;1785.94
2020;10;47;Inversion Financiera;213.14;3.720342;3.596570;6050.80
2020;10;46;al Sector Privado;0.00;3.720342;3.596570;0.00
2020;10;45;al Sector Publico+Remesas al IPV;85.73;3.720342;3.596570;2433.78
2020;10;44;Transferencias para financiar Erogaciones de Capital;85.73;3.720342;3.596570;2433.78
2020;10;43;Trabajos Publicos;145.94;3.720342;3.596570;4143.07
2020;10;42;Bienes de Capital;18.13;3.720342;3.596570;514.69
2020;10;41;VI. Erogaciones de Capital;462.94;3.720342;3.596570;13142.34
2020;10;40;Resto Otros Recursos de Capital;9.45;3.720342;3.596570;268.27
2020;10;39;Fondo Residual;0.48;3.720342;3.596570;13.63
2020;10;38;Venta de Acciones;0.00;3.720342;3.596570;0.00
2020;10;37;Otros Recursos de Capital;9.93;3.720342;3.596570;281.90
2020;10;36;Reembolsos de Prestamos;10.26;3.720342;3.596570;291.27
2020;10;35;Reembolsos de Obras Publicas;0.00;3.720342;3.596570;0.00
2020;10;34;V. Recursos de Capital;20.19;3.720342;3.596570;573.17
2020;10;33;IV.Resultado Economico Neto de Remesas;1663.49;3.720342;3.596570;47224.61
2020;10;32;Remesas EMT;132.86;3.720342;3.596570;3771.75
2020;10;31;Remesas ATM;52.42;3.720342;3.596570;1488.14
2020;10;30;Resultado Economico con Remesas;1848.77;3.720342;3.596570;52484.50
2020;10;29;Otras Erogaciones Corrientes;1.20;3.720342;3.596570;34.07
2020;10;28;Otras Transferencias;1597.49;3.720342;3.596570;45350.94
2020;10;27;Municipios;2389.09;3.720342;3.596570;67823.57
2020;10;26;Transferencias a Municipios y Otros;3986.58;3.720342;3.596570;113174.51
2020;10;25;Intereses y Gastos de la Deuda;183.62;3.720342;3.596570;5212.76
2020;10;24;Otros Servicios;1087.19;3.720342;3.596570;30864.10
2020;10;23;Bienes Corrientes;606.90;3.720342;3.596570;17229.21
2020;10;22;Locaciones de Servicio;44.19;3.720342;3.596570;1254.50
2020;10;21;Personal;8240.48;3.720342;3.596570;233937.94
2020;10;20;Erogaciones Corrientes;14150.16;3.720342;3.596570;401707.09
2020;10;19;Aportes no Reintegrables;680.12;3.720342;3.596570;19307.84
2020;10;18;Coparticipacion Vial;43.76;3.720342;3.596570;1242.30
2020;10;17;Ley 25.053 Fdo. Nac. de Incentivo Docente;158.13;3.720342;3.596570;4489.13
2020;10;16;Regimenes Especiales Nacionales s/Financ. Educativo;1313.32;3.720342;3.596570;37283.67
2020;10;15;Coparticipacion Federal + Financ. Educativo;7347.09;3.720342;3.596570;208575.60
2020;10;14;De Origen Nacional;9542.42;3.720342;3.596570;270898.55
2020;10;13;Otros no Tributarios;1368.10;3.720342;3.596570;38838.82
2020;10;12;Remesas del Instituto de Juegos y Casino;0.00;3.720342;3.596570;0.00
2020;10;11;Tasas Retributivas de Servicios;223.85;3.720342;3.596570;6354.85
2020;10;10;Regalias;742.54;3.720342;3.596570;21079.87
2020;10;9;No Tributarios;2334.49;3.720342;3.596570;66273.54
2020;10;8;Otros Tributarios;28.79;3.720342;3.596570;817.32
2020;10;7;Sellos y Tasas de Justicia;459.56;3.720342;3.596570;13046.39
2020;10;6;Inmobiliario;91.81;3.720342;3.596570;2606.38
2020;10;5;Automotor;188.58;3.720342;3.596570;5353.57
2020;10;4;Ingresos Brutos;3353.28;3.720342;3.596570;95195.84
2020;10;3;Tributarios;4122.02;3.720342;3.596570;117019.50
2020;10;2;De Origen Provincial;6456.51;3.720342;3.596570;183293.04
2020;10;1;Recursos Corrientes;15998.93;3.720342;3.596570;454191.59
2020;11;55;Resultado Operativo - Amortizacion de la D Consolidada;2034.77;3.837513;3.710211;56001.09
2020;11;54;Amortizacion de la Deuda Consolidada;475.94;3.837513;3.710211;13098.86
2020;11;53;IX. Resultado Operativo (VIII-IX);2510.71;3.837513;3.710211;69099.95
2020;11;52;VIII. Egresos Totales (II+V+VI+VII);14747.79;3.837513;3.710211;405889.76
2020;11;51;VII. Ingresos Totales (I+IV);17258.50;3.837513;3.710211;474989.71
2020;11;50;Otros;0.00;3.837513;3.710211;0.00
2020;11;49;Compra de Acciones, Titulos, Valores, Otros;58.21;3.837513;3.710211;1602.06
2020;11;48;Prestamos;6.70;3.837513;3.710211;184.40
2020;11;47;Inversion Financiera;64.91;3.837513;3.710211;1786.46
2020;11;46;al Sector Privado;0.00;3.837513;3.710211;0.00
2020;11;45;al Sector Publico+Remesas al IPV;112.27;3.837513;3.710211;3089.90
2020;11;44;Transferencias para financiar Erogaciones de Capital;112.27;3.837513;3.710211;3089.90
2020;11;43;Trabajos Publicos;110.87;3.837513;3.710211;3051.37
2020;11;42;Bienes de Capital;46.80;3.837513;3.710211;1288.03
2020;11;41;VI. Erogaciones de Capital;334.85;3.837513;3.710211;9215.77
2020;11;40;Resto Otros Recursos de Capital;2512.89;3.837513;3.710211;69159.94
2020;11;39;Fondo Residual;0.48;3.837513;3.710211;13.21
2020;11;38;Venta de Acciones;0.00;3.837513;3.710211;0.00
2020;11;37;Otros Recursos de Capital;2513.37;3.837513;3.710211;69173.15
2020;11;36;Reembolsos de Prestamos;37.26;3.837513;3.710211;1025.47
2020;11;35;Reembolsos de Obras Publicas;0.00;3.837513;3.710211;0.00
2020;11;34;V. Recursos de Capital;2550.63;3.837513;3.710211;70198.63
2020;11;33;IV.Resultado Economico Neto de Remesas;294.93;3.837513;3.710211;8117.09
2020;11;32;Remesas EMT;41.30;3.837513;3.710211;1136.66
2020;11;31;Remesas ATM;50.42;3.837513;3.710211;1387.66
2020;11;30;Resultado Economico con Remesas;386.65;3.837513;3.710211;10641.41
2020;11;29;Otras Erogaciones Corrientes;1.20;3.837513;3.710211;33.03
2020;11;28;Otras Transferencias;1322.00;3.837513;3.710211;36384.18
2020;11;27;Municipios;3866.02;3.837513;3.710211;106400.89
2020;11;26;Transferencias a Municipios y Otros;5188.02;3.837513;3.710211;142785.07
2020;11;25;Intereses y Gastos de la Deuda;168.92;3.837513;3.710211;4649.03
2020;11;24;Otros Servicios;1268.00;3.837513;3.710211;34897.99
2020;11;23;Bienes Corrientes;700.99;3.837513;3.710211;19292.70
2020;11;22;Locaciones de Servicio;41.08;3.837513;3.710211;1130.61
2020;11;21;Personal;6953.01;3.837513;3.710211;191361.25
2020;11;20;Erogaciones Corrientes;14321.22;3.837513;3.710211;394149.67
2020;11;19;Aportes no Reintegrables;363.46;3.837513;3.710211;10003.17
2020;11;18;Coparticipacion Vial;48.86;3.837513;3.710211;1344.73
2020;11;17;Ley 25.053 Fdo. Nac. de Incentivo Docente;158.13;3.837513;3.710211;4352.07
2020;11;16;Regimenes Especiales Nacionales s/Financ. Educativo;1296.49;3.837513;3.710211;35682.09
2020;11;15;Coparticipacion Federal + Financ. Educativo;6280.45;3.837513;3.710211;172851.01
2020;11;14;De Origen Nacional;8147.39;3.837513;3.710211;224233.07
2020;11;13;Otros no Tributarios;1720.95;3.837513;3.710211;47364.11
2020;11;12;Remesas del Instituto de Juegos y Casino;0.00;3.837513;3.710211;0.00
2020;11;11;Tasas Retributivas de Servicios;207.18;3.837513;3.710211;5702.02
2020;11;10;Regalias;735.66;3.837513;3.710211;20246.89
2020;11;9;No Tributarios;2663.79;3.837513;3.710211;73313.02
2020;11;8;Otros Tributarios;43.71;3.837513;3.710211;1202.99
2020;11;7;Sellos y Tasas de Justicia;392.60;3.837513;3.710211;10805.17
2020;11;6;Inmobiliario;143.07;3.837513;3.710211;3937.58
2020;11;5;Automotor;163.25;3.837513;3.710211;4492.98
2020;11;4;Ingresos Brutos;3154.06;3.837513;3.710211;86806.27
2020;11;3;Tributarios;3896.69;3.837513;3.710211;107244.99
2020;11;2;De Origen Provincial;6560.48;3.837513;3.710211;180558.01
2020;11;1;Recursos Corrientes;14707.87;3.837513;3.710211;404791.08
2020;12;55;Resultado Operativo - Amortizacion de la D Consolidada;-11880.38;4.001693;3.858826;-313557.78
2020;12;54;Amortizacion de la Deuda Consolidada;190.21;4.001693;3.858826;5020.20
2020;12;53;IX. Resultado Operativo (VIII-IX);-11690.17;4.001693;3.858826;-308537.58
2020;12;52;VIII. Egresos Totales (II+V+VI+VII);30623.25;4.001693;3.858826;808236.62
2020;12;51;VII. Ingresos Totales (I+IV);18933.08;4.001693;3.858826;499699.04
2020;12;50;Otros;0.00;4.001693;3.858826;0.00
2020;12;49;Compra de Acciones, Titulos, Valores, Otros;4361.02;4.001693;3.858826;115100.00
2020;12;48;Prestamos;7.40;4.001693;3.858826;195.31
2020;12;47;Inversion Financiera;4368.42;4.001693;3.858826;115295.31
2020;12;46;al Sector Privado;0.00;4.001693;3.858826;0.00
2020;12;45;al Sector Publico+Remesas al IPV;345.10;4.001693;3.858826;9108.19
2020;12;44;Transferencias para financiar Erogaciones de Capital;345.10;4.001693;3.858826;9108.19
2020;12;43;Trabajos Publicos;454.49;4.001693;3.858826;11995.31
2020;12;42;Bienes de Capital;176.43;4.001693;3.858826;4656.50
2020;12;41;VI. Erogaciones de Capital;5344.44;4.001693;3.858826;141055.31
2020;12;40;Resto Otros Recursos de Capital;16.10;4.001693;3.858826;424.93
2020;12;39;Fondo Residual;4.01;4.001693;3.858826;105.84
2020;12;38;Venta de Acciones;0.00;4.001693;3.858826;0.00
2020;12;37;Otros Recursos de Capital;20.11;4.001693;3.858826;530.76
2020;12;36;Reembolsos de Prestamos;119.77;4.001693;3.858826;3161.08
2020;12;35;Reembolsos de Obras Publicas;0.00;4.001693;3.858826;0.00
2020;12;34;V. Recursos de Capital;139.88;4.001693;3.858826;3691.84
2020;12;33;IV.Resultado Economico Neto de Remesas;-6485.61;4.001693;3.858826;-171174.11
2020;12;32;Remesas EMT;65.74;4.001693;3.858826;1735.07
2020;12;31;Remesas ATM;67.18;4.001693;3.858826;1773.08
2020;12;30;Resultado Economico con Remesas;-6352.69;4.001693;3.858826;-167665.96
2020;12;29;Otras Erogaciones Corrientes;6.77;4.001693;3.858826;178.68
2020;12;28;Otras Transferencias;3649.97;4.001693;3.858826;96333.32
2020;12;27;Municipios;2588.60;4.001693;3.858826;68320.68
2020;12;26;Transferencias a Municipios y Otros;6238.57;4.001693;3.858826;164654.00
2020;12;25;Intereses y Gastos de la Deuda;2667.86;4.001693;3.858826;70412.58
2020;12;24;Otros Servicios;3337.20;4.001693;3.858826;88078.41
2020;12;23;Bienes Corrientes;1582.89;4.001693;3.858826;41777.07
2020;12;22;Locaciones de Servicio;52.06;4.001693;3.858826;1374.01
2020;12;21;Personal;11260.54;4.001693;3.858826;297198.40
2020;12;20;Erogaciones Corrientes;25145.89;4.001693;3.858826;663673.16
2020;12;19;Aportes no Reintegrables;777.42;4.001693;3.858826;20518.37
2020;12;18;Coparticipacion Vial;68.91;4.001693;3.858826;1818.74
2020;12;17;Ley 25.053 Fdo. Nac. de Incentivo Docente;157.93;4.001693;3.858826;4168.23
2020;12;16;Regimenes Especiales Nacionales s/Financ. Educativo;1722.27;4.001693;3.858826;45455.71
2020;12;15;Coparticipacion Federal + Financ. Educativo;8770.48;4.001693;3.858826;231478.47
2020;12;14;De Origen Nacional;11497.01;4.001693;3.858826;303439.53
2020;12;13;Otros no Tributarios;845.65;4.001693;3.858826;22319.16
2020;12;12;Remesas del Instituto de Juegos y Casino;0.00;4.001693;3.858826;0.00
2020;12;11;Tasas Retributivas de Servicios;287.28;4.001693;3.858826;7582.15
2020;12;10;Regalias;705.54;4.001693;3.858826;18621.25
2020;12;9;No Tributarios;1838.47;4.001693;3.858826;48522.57
2020;12;8;Otros Tributarios;10.58;4.001693;3.858826;279.24
2020;12;7;Sellos y Tasas de Justicia;618.43;4.001693;3.858826;16322.17
2020;12;6;Inmobiliario;232.91;4.001693;3.858826;6147.17
2020;12;5;Automotor;340.03;4.001693;3.858826;8974.38
2020;12;4;Ingresos Brutos;4255.77;4.001693;3.858826;112322.15
2020;12;3;Tributarios;5457.72;4.001693;3.858826;144045.10
2020;12;2;De Origen Provincial;7296.19;4.001693;3.858826;192567.67
2020;12;1;Recursos Corrientes;18793.20;4.001693;3.858826;496007.20
2021;1;55;Resultado Operativo - Amortizacion de la D Consolidada;6561.74;4.180148;4.015071;165790.01
2021;1;54;Amortizacion de la Deuda Consolidada;194.20;4.180148;4.015071;4906.69
2021;1;53;IX. Resultado Operativo (VIII-IX);6755.94;4.180148;4.015071;170696.70
2021;1;52;VIII. Egresos Totales (II+V+VI+VII);8598.17;4.180148;4.015071;217242.79
2021;1;51;VII. Ingresos Totales (I+IV);15354.11;4.180148;4.015071;387939.50
2021;1;50;Otros;0.00;4.180148;4.015071;0.00
2021;1;49;Compra de Acciones, Titulos, Valores, Otros;0.00;4.180148;4.015071;0.00
2021;1;48;Prestamos;7.26;4.180148;4.015071;183.43
2021;1;47;Inversion Financiera;7.26;4.180148;4.015071;183.43
2021;1;46;al Sector Privado;0.00;4.180148;4.015071;0.00
2021;1;45;al Sector Publico+Remesas al IPV;0.15;4.180148;4.015071;3.79
2021;1;44;Transferencias para financiar Erogaciones de Capital;0.15;4.180148;4.015071;3.79
2021;1;43;Trabajos Publicos;3.93;4.180148;4.015071;99.30
2021;1;42;Bienes de Capital;1.47;4.180148;4.015071;37.14
2021;1;41;VI. Erogaciones de Capital;12.81;4.180148;4.015071;323.66
2021;1;40;Resto Otros Recursos de Capital;308.33;4.180148;4.015071;7790.32
2021;1;39;Fondo Residual;0.00;4.180148;4.015071;0.00
2021;1;38;Venta de Acciones;0.00;4.180148;4.015071;0.00
2021;1;37;Otros Recursos de Capital;308.33;4.180148;4.015071;7790.32
2021;1;36;Reembolsos de Prestamos;0.01;4.180148;4.015071;0.25
2021;1;35;Reembolsos de Obras Publicas;0.00;4.180148;4.015071;0.00
2021;1;34;V. Recursos de Capital;308.34;4.180148;4.015071;7790.57
2021;1;33;IV.Resultado Economico Neto de Remesas;6460.41;4.180148;4.015071;163229.79
2021;1;32;Remesas EMT;30.50;4.180148;4.015071;770.62
2021;1;31;Remesas ATM;51.84;4.180148;4.015071;1309.80
2021;1;30;Resultado Economico con Remesas;6542.75;4.180148;4.015071;165310.21
2021;1;29;Otras Erogaciones Corrientes;1.30;4.180148;4.015071;32.85
2021;1;28;Otras Transferencias;702.05;4.180148;4.015071;17738.11
2021;1;27;Municipios;762.80;4.180148;4.015071;19273.03
2021;1;26;Transferencias a Municipios y Otros;1464.85;4.180148;4.015071;37011.14
2021;1;25;Intereses y Gastos de la Deuda;248.86;4.180148;4.015071;6287.74
2021;1;24;Otros Servicios;386.37;4.180148;4.015071;9762.09
2021;1;23;Bienes Corrientes;80.65;4.180148;4.015071;2037.72
2021;1;22;Locaciones de Servicio;35.68;4.180148;4.015071;901.50
2021;1;21;Personal;6285.31;4.180148;4.015071;158805.69
2021;1;20;Erogaciones Corrientes;8503.02;4.180148;4.015071;214838.72
2021;1;19;Aportes no Reintegrables;130.00;4.180148;4.015071;3284.60
2021;1;18;Coparticipacion Vial;12.03;4.180148;4.015071;303.95
2021;1;17;Ley 25.053 Fdo. Nac. de Incentivo Docente;157.77;4.180148;4.015071;3986.24
2021;1;16;Regimenes Especiales Nacionales s/Financ. Educativo;1303.01;4.180148;4.015071;32922.07
2021;1;15;Coparticipacion Federal + Financ. Educativo;7580.85;4.180148;4.015071;191539.02
2021;1;14;De Origen Nacional;9183.66;4.180148;4.015071;232035.88
2021;1;13;Otros no Tributarios;428.84;4.180148;4.015071;10835.14
2021;1;12;Remesas del Instituto de Juegos y Casino;0.00;4.180148;4.015071;0.00
2021;1;11;Tasas Retributivas de Servicios;167.02;4.180148;4.015071;4219.96
2021;1;10;Regalias;854.46;4.180148;4.015071;21588.93
2021;1;9;No Tributarios;1450.32;4.180148;4.015071;36644.03
2021;1;8;Otros Tributarios;44.53;4.180148;4.015071;1125.10
2021;1;7;Sellos y Tasas de Justicia;584.19;4.180148;4.015071;14760.24
2021;1;6;Inmobiliario;57.33;4.180148;4.015071;1448.51
2021;1;5;Automotor;150.22;4.180148;4.015071;3795.48
2021;1;4;Ingresos Brutos;3575.52;4.180148;4.015071;90339.68
2021;1;3;Tributarios;4411.79;4.180148;4.015071;111469.02
2021;1;2;De Origen Provincial;5862.11;4.180148;4.015071;148113.05
2021;1;1;Recursos Corrientes;15045.77;4.180148;4.015071;380148.93
2021;2;55;Resultado Operativo - Amortizacion de la D Consolidada;8186.53;4.350785;4.158595;198729.91
2021;2;54;Amortizacion de la Deuda Consolidada;228.98;4.350785;4.158595;5558.54
2021;2;53;IX. Resultado Operativo (VIII-IX);8415.51;4.350785;4.158595;204288.46
2021;2;52;VIII. Egresos Totales (II+V+VI+VII);12848.69;4.350785;4.158595;311904.93
2021;2;51;VII. Ingresos Totales (I+IV);21264.20;4.350785;4.158595;516193.39
2021;2;50;Otros;0.00;4.350785;4.158595;0.00
2021;2;49;Compra de Acciones, Titulos, Valores, Otros;0.57;4.350785;4.158595;13.84
2021;2;48;Prestamos;7.15;4.350785;4.158595;173.57
2021;2;47;Inversion Financiera;7.72;4.350785;4.158595;187.40
2021;2;46;al Sector Privado;0.00;4.350785;4.158595;0.00
2021;2;45;al Sector Publico+Remesas al IPV;10.53;4.350785;4.158595;255.62
2021;2;44;Transferencias para financiar Erogaciones de Capital;10.53;4.350785;4.158595;255.62
2021;2;43;Trabajos Publicos;360.42;4.350785;4.158595;8749.28
2021;2;42;Bienes de Capital;6.99;4.350785;4.158595;169.68
2021;2;41;VI. Erogaciones de Capital;385.66;4.350785;4.158595;9361.99
2021;2;40;Resto Otros Recursos de Capital;6114.00;4.350785;4.158595;148418.77
2021;2;39;Fondo Residual;3.92;4.350785;4.158595;95.16
2021;2;38;Venta de Acciones;0.00;4.350785;4.158595;0.00
2021;2;37;Otros Recursos de Capital;6117.92;4.350785;4.158595;148513.93
2021;2;36;Reembolsos de Prestamos;5.20;4.350785;4.158595;126.23
2021;2;35;Reembolsos de Obras Publicas;0.00;4.350785;4.158595;0.00
2021;2;34;V. Recursos de Capital;6123.12;4.350785;4.158595;148640.16
2021;2;33;IV.Resultado Economico Neto de Remesas;2678.05;4.350785;4.158595;65010.28
2021;2;32;Remesas EMT;31.86;4.350785;4.158595;773.41
2021;2;31;Remesas ATM;51.32;4.350785;4.158595;1245.80
2021;2;30;Resultado Economico con Remesas;2761.23;4.350785;4.158595;67029.50
2021;2;29;Otras Erogaciones Corrientes;1.30;4.350785;4.158595;31.56
2021;2;28;Otras Transferencias;1387.30;4.350785;4.158595;33677.03
2021;2;27;Municipios;2482.59;4.350785;4.158595;60265.45
2021;2;26;Transferencias a Municipios y Otros;3869.89;4.350785;4.158595;93942.48
2021;2;25;Intereses y Gastos de la Deuda;110.94;4.350785;4.158595;2693.09
2021;2;24;Otros Servicios;693.37;4.350785;4.158595;16831.72
2021;2;23;Bienes Corrientes;285.97;4.350785;4.158595;6941.99
2021;2;22;Locaciones de Servicio;41.10;4.350785;4.158595;997.71
2021;2;21;Personal;7377.28;4.350785;4.158595;179085.18
2021;2;20;Erogaciones Corrientes;12379.85;4.350785;4.158595;300523.73
2021;2;19;Aportes no Reintegrables;609.14;4.350785;4.158595;14787.01
2021;2;18;Coparticipacion Vial;61.52;4.350785;4.158595;1493.41
2021;2;17;Ley 25.053 Fdo. Nac. de Incentivo Docente;157.72;4.350785;4.158595;3828.69
2021;2;16;Regimenes Especiales Nacionales s/Financ. Educativo;1040.75;4.350785;4.158595;25264.45
2021;2;15;Coparticipacion Federal + Financ. Educativo;5300.82;4.350785;4.158595;128678.63
2021;2;14;De Origen Nacional;7169.95;4.350785;4.158595;174052.20
2021;2;13;Otros no Tributarios;829.26;4.350785;4.158595;20130.48
2021;2;12;Remesas del Instituto de Juegos y Casino;0.00;4.350785;4.158595;0.00
2021;2;11;Tasas Retributivas de Servicios;232.98;4.350785;4.158595;5655.64
2021;2;10;Regalias;941.04;4.350785;4.158595;22843.96
2021;2;9;No Tributarios;2003.28;4.350785;4.158595;48630.09
2021;2;8;Otros Tributarios;19.29;4.350785;4.158595;468.27
2021;2;7;Sellos y Tasas de Justicia;603.49;4.350785;4.158595;14649.86
2021;2;6;Inmobiliario;51.68;4.350785;4.158595;1254.54
2021;2;5;Automotor;1115.23;4.350785;4.158595;27072.47
2021;2;4;Ingresos Brutos;4178.16;4.350785;4.158595;101425.80
2021;2;3;Tributarios;5967.85;4.350785;4.158595;144870.94
2021;2;2;De Origen Provincial;7971.13;4.350785;4.158595;193501.03
2021;2;1;Recursos Corrientes;15141.08;4.350785;4.158595;367553.23
2021;3;55;Resultado Operativo - Amortizacion de la D Consolidada;-1588.20;4.539557;4.358657;-36950.70
2021;3;54;Amortizacion de la Deuda Consolidada;516.08;4.539557;4.358657;12007.00
2021;3;53;IX. Resultado Operativo (VIII-IX);-1072.12;4.539557;4.358657;-24943.70
2021;3;52;VIII. Egresos Totales (II+V+VI+VII);22217.14;4.539557;4.358657;516899.00
2021;3;51;VII. Ingresos Totales (I+IV);21145.02;4.539557;4.358657;491955.29
2021;3;50;Otros;0.00;4.539557;4.358657;0.00
2021;3;49;Compra de Acciones, Titulos, Valores, Otros;6127.33;4.539557;4.358657;142557.09
2021;3;48;Prestamos;9.94;4.539557;4.358657;231.26
2021;3;47;Inversion Financiera;6137.27;4.539557;4.358657;142788.35
2021;3;46;al Sector Privado;0.00;4.539557;4.358657;0.00
2021;3;45;al Sector Publico+Remesas al IPV;123.41;4.539557;4.358657;2871.23
2021;3;44;Transferencias para financiar Erogaciones de Capital;123.41;4.539557;4.358657;2871.23
2021;3;43;Trabajos Publicos;383.66;4.539557;4.358657;8926.15
2021;3;42;Bienes de Capital;19.63;4.539557;4.358657;456.71
2021;3;41;VI. Erogaciones de Capital;6663.97;4.539557;4.358657;155042.43
2021;3;40;Resto Otros Recursos de Capital;77.67;4.539557;4.358657;1807.05
2021;3;39;Fondo Residual;0.97;4.539557;4.358657;22.57
2021;3;38;Venta de Acciones;0.00;4.539557;4.358657;0.00
2021;3;37;Otros Recursos de Capital;78.64;4.539557;4.358657;1829.62
2021;3;36;Reembolsos de Prestamos;5.21;4.539557;4.358657;121.21
2021;3;35;Reembolsos de Obras Publicas;0.00;4.539557;4.358657;0.00
2021;3;34;V. Recursos de Capital;83.85;4.539557;4.358657;1950.84
2021;3;33;IV.Resultado Economico Neto de Remesas;5508.00;4.539557;4.358657;128147.89
2021;3;32;Remesas EMT;33.31;4.539557;4.358657;774.98
2021;3;31;Remesas ATM;66.75;4.539557;4.358657;1552.99
2021;3;30;Resultado Economico con Remesas;5608.06;4.539557;4.358657;130475.87
2021;3;29;Otras Erogaciones Corrientes;1.30;4.539557;4.358657;30.25
2021;3;28;Otras Transferencias;2132.53;4.539557;4.358657;49614.96
2021;3;27;Municipios;2688.69;4.539557;4.358657;62554.46
2021;3;26;Transferencias a Municipios y Otros;4821.22;4.539557;4.358657;112169.42
2021;3;25;Intereses y Gastos de la Deuda;1007.64;4.539557;4.358657;23443.53
2021;3;24;Otros Servicios;1242.07;4.539557;4.358657;28897.72
2021;3;23;Bienes Corrientes;735.09;4.539557;4.358657;17102.44
2021;3;22;Locaciones de Servicio;42.32;4.539557;4.358657;984.61
2021;3;21;Personal;7603.47;4.539557;4.358657;176900.63
2021;3;20;Erogaciones Corrientes;15453.11;4.539557;4.358657;359528.59
2021;3;19;Aportes no Reintegrables;596.38;4.539557;4.358657;13875.24
2021;3;18;Coparticipacion Vial;107.36;4.539557;4.358657;2497.81
2021;3;17;Ley 25.053 Fdo. Nac. de Incentivo Docente;157.49;4.539557;4.358657;3664.13
2021;3;16;Regimenes Especiales Nacionales s/Financ. Educativo;1518.11;4.539557;4.358657;35320.01
2021;3;15;Coparticipacion Federal + Financ. Educativo;10008.87;4.539557;4.358657;232864.12
2021;3;14;De Origen Nacional;12388.21;4.539557;4.358657;288221.32
2021;3;13;Otros no Tributarios;803.96;4.539557;4.358657;18704.75
2021;3;12;Remesas del Instituto de Juegos y Casino;0.00;4.539557;4.358657;0.00
2021;3;11;Tasas Retributivas de Servicios;315.26;4.539557;4.358657;7334.77
2021;3;10;Regalias;956.82;4.539557;4.358657;22261.16
2021;3;9;No Tributarios;2076.04;4.539557;4.358657;48300.68
2021;3;8;Otros Tributarios;18.53;4.539557;4.358657;431.11
2021;3;7;Sellos y Tasas de Justicia;536.60;4.539557;4.358657;12484.42
2021;3;6;Inmobiliario;783.10;4.539557;4.358657;18219.43
2021;3;5;Automotor;918.81;4.539557;4.358657;21376.83
2021;3;4;Ingresos Brutos;4339.88;4.539557;4.358657;100970.67
2021;3;3;Tributarios;6596.92;4.539557;4.358657;153482.46
2021;3;2;De Origen Provincial;8672.96;4.539557;4.358657;201783.14
2021;3;1;Recursos Corrientes;21061.17;4.539557;4.358657;490004.46
2021;4;55;Resultado Operativo - Amortizacion de la D Consolidada;7927.43;4.728822;4.536503;177055.92
2021;4;54;Amortizacion de la Deuda Consolidada;713.99;4.728822;4.536503;15946.68
2021;4;53;IX. Resultado Operativo (VIII-IX);8641.42;4.728822;4.536503;193002.60
2021;4;52;VIII. Egresos Totales (II+V+VI+VII);15810.35;4.728822;4.536503;353117.73
2021;4;51;VII. Ingresos Totales (I+IV);24451.77;4.728822;4.536503;546120.33
2021;4;50;Otros;0.00;4.728822;4.536503;0.00
2021;4;49;Compra de Acciones, Titulos, Valores, Otros;85.09;4.728822;4.536503;1900.45
2021;4;48;Prestamos;9.50;4.728822;4.536503;212.18
2021;4;47;Inversion Financiera;94.59;4.728822;4.536503;2112.63
2021;4;46;al Sector Privado;0.00;4.728822;4.536503;0.00
2021;4;45;al Sector Publico+Remesas al IPV;103.60;4.728822;4.536503;2313.86
2021;4;44;Transferencias para financiar Erogaciones de Capital;103.60;4.728822;4.536503;2313.86
2021;4;43;Trabajos Publicos;331.10;4.728822;4.536503;7394.98
2021;4;42;Bienes de Capital;20.59;4.728822;4.536503;459.87
2021;4;41;VI. Erogaciones de Capital;549.88;4.728822;4.536503;12281.35
2021;4;40;Resto Otros Recursos de Capital;6315.41;4.728822;4.536503;141052.11
2021;4;39;Fondo Residual;0.96;4.728822;4.536503;21.44
2021;4;38;Venta de Acciones;0.00;4.728822;4.536503;0.00
2021;4;37;Otros Recursos de Capital;6316.37;4.728822;4.536503;141073.55
2021;4;36;Reembolsos de Prestamos;24.36;4.728822;4.536503;544.07
2021;4;35;Reembolsos de Obras Publicas;0.00;4.728822;4.536503;0.00
2021;4;34;V. Recursos de Capital;6340.73;4.728822;4.536503;141617.62
2021;4;33;IV.Resultado Economico Neto de Remesas;2850.57;4.728822;4.536503;63666.32
2021;4;32;Remesas EMT;33.04;4.728822;4.536503;737.93
2021;4;31;Remesas ATM;56.80;4.728822;4.536503;1268.60
2021;4;30;Resultado Economico con Remesas;2940.41;4.728822;4.536503;65672.86
2021;4;29;Otras Erogaciones Corrientes;1.30;4.728822;4.536503;29.03
2021;4;28;Otras Transferencias;1734.84;4.728822;4.536503;38746.95
2021;4;27;Municipios;3373.32;4.728822;4.536503;75341.73
2021;4;26;Transferencias a Municipios y Otros;5108.16;4.728822;4.536503;114088.67
2021;4;25;Intereses y Gastos de la Deuda;182.08;4.728822;4.536503;4066.68
2021;4;24;Otros Servicios;1374.88;4.728822;4.536503;30707.39
2021;4;23;Bienes Corrientes;821.20;4.728822;4.536503;18341.17
2021;4;22;Locaciones de Servicio;41.17;4.728822;4.536503;919.52
2021;4;21;Personal;7641.84;4.728822;4.536503;170677.39
2021;4;20;Erogaciones Corrientes;15170.63;4.728822;4.536503;338829.85
2021;4;19;Aportes no Reintegrables;128.82;4.728822;4.536503;2877.14
2021;4;18;Coparticipacion Vial;59.27;4.728822;4.536503;1323.77
2021;4;17;Ley 25.053 Fdo. Nac. de Incentivo Docente;185.36;4.728822;4.536503;4139.94
2021;4;16;Regimenes Especiales Nacionales s/Financ. Educativo;1292.12;4.728822;4.536503;28858.97
2021;4;15;Coparticipacion Federal + Financ. Educativo;7708.87;4.728822;4.536503;172174.47
2021;4;14;De Origen Nacional;9374.44;4.728822;4.536503;209374.30
2021;4;13;Otros no Tributarios;1494.16;4.728822;4.536503;33371.46
2021;4;12;Remesas del Instituto de Juegos y Casino;23.34;4.728822;4.536503;521.29
2021;4;11;Tasas Retributivas de Servicios;281.01;4.728822;4.536503;6276.24
2021;4;10;Regalias;1031.57;4.728822;4.536503;23039.70
2021;4;9;No Tributarios;2830.08;4.728822;4.536503;63208.69
2021;4;8;Otros Tributarios;38.83;4.728822;4.536503;867.25
2021;4;7;Sellos y Tasas de Justicia;738.93;4.728822;4.536503;16503.70
2021;4;6;Inmobiliario;435.02;4.728822;4.536503;9715.99
2021;4;5;Automotor;550.72;4.728822;4.536503;12300.11
2021;4;4;Ingresos Brutos;4143.02;4.728822;4.536503;92532.67
2021;4;3;Tributarios;5906.52;4.728822;4.536503;131919.72
2021;4;2;De Origen Provincial;8736.60;4.728822;4.536503;195128.41
2021;4;1;Recursos Corrientes;18111.04;4.728822;4.536503;404502.71
2021;5;55;Resultado Operativo - Amortizacion de la D Consolidada;-6135.57;4.900755;4.687250;-132227.85
2021;5;54;Amortizacion de la Deuda Consolidada;639.97;4.900755;4.687250;13792.01
2021;5;53;IX. Resultado Operativo (VIII-IX);-5495.60;4.900755;4.687250;-118435.84
2021;5;52;VIII. Egresos Totales (II+V+VI+VII);24917.44;4.900755;4.687250;536996.48
2021;5;51;VII. Ingresos Totales (I+IV);19421.84;4.900755;4.687250;418560.64
2021;5;50;Otros;0.00;4.900755;4.687250;0.00
2021;5;49;Compra de Acciones, Titulos, Valores, Otros;6444.87;4.900755;4.687250;138893.58
2021;5;48;Prestamos;9.84;4.900755;4.687250;212.06
2021;5;47;Inversion Financiera;6454.71;4.900755;4.687250;139105.64
2021;5;46;al Sector Privado;0.00;4.900755;4.687250;0.00
2021;5;45;al Sector Publico+Remesas al IPV;81.51;4.900755;4.687250;1756.62
2021;5;44;Transferencias para financiar Erogaciones de Capital;81.51;4.900755;4.687250;1756.62
2021;5;43;Trabajos Publicos;515.70;4.900755;4.687250;11113.87
2021;5;42;Bienes de Capital;72.86;4.900755;4.687250;1570.21
2021;5;41;VI. Erogaciones de Capital;7124.78;4.900755;4.687250;153546.34
2021;5;40;Resto Otros Recursos de Capital;6.74;4.900755;4.687250;145.25
2021;5;39;Fondo Residual;17.73;4.900755;4.687250;382.10
2021;5;38;Venta de Acciones;0.00;4.900755;4.687250;0.00
2021;5;37;Otros Recursos de Capital;24.47;4.900755;4.687250;527.35
2021;5;36;Reembolsos de Prestamos;38.92;4.900755;4.687250;838.77
2021;5;35;Reembolsos de Obras Publicas;0.00;4.900755;4.687250;0.00
2021;5;34;V. Recursos de Capital;63.39;4.900755;4.687250;1366.12
2021;5;33;IV.Resultado Economico Neto de Remesas;1565.79;4.900755;4.687250;33744.39
2021;5;32;Remesas EMT;142.20;4.900755;4.687250;3064.56
2021;5;31;Remesas ATM;137.88;4.900755;4.687250;2971.46
2021;5;30;Resultado Economico con Remesas;1845.87;4.900755;4.687250;39780.40
2021;5;29;Otras Erogaciones Corrientes;1.30;4.900755;4.687250;28.02
2021;5;28;Otras Transferencias;2247.49;4.900755;4.687250;48435.72
2021;5;27;Municipios;3273.44;4.900755;4.687250;70546.00
2021;5;26;Transferencias a Municipios y Otros;5520.93;4.900755;4.687250;118981.72
2021;5;25;Intereses y Gastos de la Deuda;1480.95;4.900755;4.687250;31916.00
2021;5;24;Otros Servicios;1436.87;4.900755;4.687250;30966.03
2021;5;23;Bienes Corrientes;1207.16;4.900755;4.687250;26015.54
2021;5;22;Locaciones de Servicio;47.66;4.900755;4.687250;1027.12
2021;5;21;Personal;7817.71;4.900755;4.687250;168479.70
2021;5;20;Erogaciones Corrientes;17512.58;4.900755;4.687250;377414.13
2021;5;19;Aportes no Reintegrables;489.10;4.900755;4.687250;10540.61
2021;5;18;Coparticipacion Vial;34.85;4.900755;4.687250;751.05
2021;5;17;Ley 25.053 Fdo. Nac. de Incentivo Docente;185.36;4.900755;4.687250;3994.70
2021;5;16;Regimenes Especiales Nacionales s/Financ. Educativo;1810.16;4.900755;4.687250;39010.81
2021;5;15;Coparticipacion Federal + Financ. Educativo;9179.16;4.900755;4.687250;197820.35
2021;5;14;De Origen Nacional;11698.63;4.900755;4.687250;252117.52
2021;5;13;Otros no Tributarios;875.86;4.900755;4.687250;18875.68
2021;5;12;Remesas del Instituto de Juegos y Casino;0.00;4.900755;4.687250;0.00
2021;5;11;Tasas Retributivas de Servicios;283.32;4.900755;4.687250;6105.84
2021;5;10;Regalias;1037.97;4.900755;4.687250;22369.32
2021;5;9;No Tributarios;2197.15;4.900755;4.687250;47350.84
2021;5;8;Otros Tributarios;23.56;4.900755;4.687250;507.74
2021;5;7;Sellos y Tasas de Justicia;613.69;4.900755;4.687250;13225.65
2021;5;6;Inmobiliario;218.29;4.900755;4.687250;4704.37
2021;5;5;Automotor;388.32;4.900755;4.687250;8368.70
2021;5;4;Ingresos Brutos;4218.81;4.900755;4.687250;90919.70
2021;5;3;Tributarios;5462.67;4.900755;4.687250;117726.16
2021;5;2;De Origen Provincial;7659.82;4.900755;4.687250;165077.01
2021;5;1;Recursos Corrientes;19358.45;4.900755;4.687250;417194.52
2021;6;55;Resultado Operativo - Amortizacion de la D Consolidada;-408.74;5.074581;4.836049;-8507.03
2021;6;54;Amortizacion de la Deuda Consolidada;2398.43;5.074581;4.836049;49918.08
2021;6;53;IX. Resultado Operativo (VIII-IX);1989.69;5.074581;4.836049;41411.05
2021;6;52;VIII. Egresos Totales (II+V+VI+VII);20346.25;5.074581;4.836049;423462.73
2021;6;51;VII. Ingresos Totales (I+IV);22335.94;5.074581;4.836049;464873.78
2021;6;50;Otros;0.00;5.074581;4.836049;0.00
2021;6;49;Compra de Acciones, Titulos, Valores, Otros;8.96;5.074581;4.836049;186.48
2021;6;48;Prestamos;10.01;5.074581;4.836049;208.34
2021;6;47;Inversion Financiera;18.97;5.074581;4.836049;394.82
2021;6;46;al Sector Privado;0.00;5.074581;4.836049;0.00
2021;6;45;al Sector Publico+Remesas al IPV;118.62;5.074581;4.836049;2468.82
2021;6;44;Transferencias para financiar Erogaciones de Capital;118.62;5.074581;4.836049;2468.82
2021;6;43;Trabajos Publicos;451.51;5.074581;4.836049;9397.19
2021;6;42;Bienes de Capital;71.15;5.074581;4.836049;1480.83
2021;6;41;VI. Erogaciones de Capital;660.25;5.074581;4.836049;13741.66
2021;6;40;Resto Otros Recursos de Capital;129.84;5.074581;4.836049;2702.34
2021;6;39;Fondo Residual;1.09;5.074581;4.836049;22.69
2021;6;38;Venta de Acciones;0.00;5.074581;4.836049;0.00
2021;6;37;Otros Recursos de Capital;130.93;5.074581;4.836049;2725.02
2021;6;36;Reembolsos de Prestamos;5.13;5.074581;4.836049;106.77
2021;6;35;Reembolsos de Obras Publicas;0.00;5.074581;4.836049;0.00
2021;6;34;V. Recursos de Capital;136.06;5.074581;4.836049;2831.79
2021;6;33;IV.Resultado Economico Neto de Remesas;2513.88;5.074581;4.836049;52320.92
2021;6;32;Remesas EMT;87.20;5.074581;4.836049;1814.88
2021;6;31;Remesas ATM;145.79;5.074581;4.836049;3034.30
2021;6;30;Resultado Economico con Remesas;2746.87;5.074581;4.836049;57170.10
2021;6;29;Otras Erogaciones Corrientes;1.30;5.074581;4.836049;27.06
2021;6;28;Otras Transferencias;2333.85;5.074581;4.836049;48573.99
2021;6;27;Municipios;3080.49;5.074581;4.836049;64113.67
2021;6;26;Transferencias a Municipios y Otros;5414.34;5.074581;4.836049;112687.66
2021;6;25;Intereses y Gastos de la Deuda;370.52;5.074581;4.836049;7711.56
2021;6;24;Otros Servicios;1535.95;5.074581;4.836049;31967.44
2021;6;23;Bienes Corrientes;1036.32;5.074581;4.836049;21568.74
2021;6;22;Locaciones de Servicio;45.35;5.074581;4.836049;943.86
2021;6;21;Personal;11049.23;5.074581;4.836049;229965.58
2021;6;20;Erogaciones Corrientes;19453.01;5.074581;4.836049;404871.90
2021;6;19;Aportes no Reintegrables;136.48;5.074581;4.836049;2840.53
2021;6;18;Coparticipacion Vial;91.54;5.074581;4.836049;1905.21
2021;6;17;Ley 25.053 Fdo. Nac. de Incentivo Docente;185.36;5.074581;4.836049;3857.86
2021;6;16;Regimenes Especiales Nacionales s/Financ. Educativo;1956.06;5.074581;4.836049;40711.11
2021;6;15;Coparticipacion Federal + Financ. Educativo;11219.46;5.074581;4.836049;233508.54
2021;6;14;De Origen Nacional;13588.90;5.074581;4.836049;282823.26
2021;6;13;Otros no Tributarios;1090.10;5.074581;4.836049;22688.05
2021;6;12;Remesas del Instituto de Juegos y Casino;0.00;5.074581;4.836049;0.00
2021;6;11;Tasas Retributivas de Servicios;285.20;5.074581;4.836049;5935.81
2021;6;10;Regalias;1081.54;5.074581;4.836049;22509.89
2021;6;9;No Tributarios;2456.84;5.074581;4.836049;51133.76
2021;6;8;Otros Tributarios;21.17;5.074581;4.836049;440.61
2021;6;7;Sellos y Tasas de Justicia;565.75;5.074581;4.836049;11774.85
2021;6;6;Inmobiliario;188.34;5.074581;4.836049;3919.89
2021;6;5;Automotor;555.91;5.074581;4.836049;11570.05
2021;6;4;Ingresos Brutos;4822.97;5.074581;4.836049;100379.58
2021;6;3;Tributarios;6154.14;5.074581;4.836049;128084.98
2021;6;2;De Origen Provincial;8610.98;5.074581;4.836049;179218.73
2021;6;1;Recursos Corrientes;22199.88;5.074581;4.836049;462041.99
2021;7;55;Resultado Operativo - Amortizacion de la D Consolidada;4718.49;5.235377;4.980987;95188.85
2021;7;54;Amortizacion de la Deuda Consolidada;660.37;5.235377;4.980987;13322.03
2021;7;53;IX. Resultado Operativo (VIII-IX);5378.86;5.235377;4.980987;108510.88
2021;7;52;VIII. Egresos Totales (II+V+VI+VII);19261.59;5.235377;4.980987;388575.29
2021;7;51;VII. Ingresos Totales (I+IV);24640.45;5.235377;4.980987;497086.18
2021;7;50;Otros;0.00;5.235377;4.980987;0.00
2021;7;49;Compra de Acciones, Titulos, Valores, Otros;759.54;5.235377;4.980987;15322.64
2021;7;48;Prestamos;10.50;5.235377;4.980987;211.82
2021;7;47;Inversion Financiera;770.04;5.235377;4.980987;15534.47
2021;7;46;al Sector Privado;0.00;5.235377;4.980987;0.00
2021;7;45;al Sector Publico+Remesas al IPV;175.56;5.235377;4.980987;3541.67
2021;7;44;Transferencias para financiar Erogaciones de Capital;175.56;5.235377;4.980987;3541.67
2021;7;43;Trabajos Publicos;388.10;5.235377;4.980987;7829.37
2021;7;42;Bienes de Capital;58.79;5.235377;4.980987;1186.00
2021;7;41;VI. Erogaciones de Capital;1392.49;5.235377;4.980987;28091.51
2021;7;40;Resto Otros Recursos de Capital;4714.82;5.235377;4.980987;95114.81
2021;7;39;Fondo Residual;0.78;5.235377;4.980987;15.74
2021;7;38;Venta de Acciones;0.00;5.235377;4.980987;0.00
2021;7;37;Otros Recursos de Capital;4715.60;5.235377;4.980987;95130.55
2021;7;36;Reembolsos de Prestamos;5.33;5.235377;4.980987;107.53
2021;7;35;Reembolsos de Obras Publicas;0.00;5.235377;4.980987;0.00
2021;7;34;V. Recursos de Capital;4720.93;5.235377;4.980987;95238.08
2021;7;33;IV.Resultado Economico Neto de Remesas;2050.42;5.235377;4.980987;41364.32
2021;7;32;Remesas EMT;60.84;5.235377;4.980987;1227.36
2021;7;31;Remesas ATM;76.94;5.235377;4.980987;1552.16
2021;7;30;Resultado Economico con Remesas;2188.20;5.235377;4.980987;44143.84
2021;7;29;Otras Erogaciones Corrientes;1.30;5.235377;4.980987;26.23
2021;7;28;Otras Transferencias;2395.13;5.235377;4.980987;48318.36
2021;7;27;Municipios;3589.32;5.235377;4.980987;72409.45
2021;7;26;Transferencias a Municipios y Otros;5984.45;5.235377;4.980987;120727.80
2021;7;25;Intereses y Gastos de la Deuda;554.23;5.235377;4.980987;11180.81
2021;7;24;Otros Servicios;1678.04;5.235377;4.980987;33852.08
2021;7;23;Bienes Corrientes;925.68;5.235377;4.980987;18674.28
2021;7;22;Locaciones de Servicio;43.46;5.235377;4.980987;876.74
2021;7;21;Personal;8544.16;5.235377;4.980987;172366.33
2021;7;20;Erogaciones Corrientes;17731.32;5.235377;4.980987;357704.26
2021;7;19;Aportes no Reintegrables;883.28;5.235377;4.980987;17818.92
2021;7;18;Coparticipacion Vial;46.39;5.235377;4.980987;935.85
2021;7;17;Ley 25.053 Fdo. Nac. de Incentivo Docente;181.65;5.235377;4.980987;3664.53
2021;7;16;Regimenes Especiales Nacionales s/Financ. Educativo;1964.41;5.235377;4.980987;39629.19
2021;7;15;Coparticipacion Federal + Financ. Educativo;8690.82;5.235377;4.980987;175324.98
2021;7;14;De Origen Nacional;11766.55;5.235377;4.980987;237373.48
2021;7;13;Otros no Tributarios;716.11;5.235377;4.980987;14446.50
2021;7;12;Remesas del Instituto de Juegos y Casino;23.34;5.235377;4.980987;470.85
2021;7;11;Tasas Retributivas de Servicios;310.57;5.235377;4.980987;6265.31
2021;7;10;Regalias;1207.48;5.235377;4.980987;24359.20
2021;7;9;No Tributarios;2257.50;5.235377;4.980987;45541.86
2021;7;8;Otros Tributarios;27.91;5.235377;4.980987;563.04
2021;7;7;Sellos y Tasas de Justicia;644.34;5.235377;4.980987;12998.65
2021;7;6;Inmobiliario;248.51;5.235377;4.980987;5013.34
2021;7;5;Automotor;508.70;5.235377;4.980987;10262.30
2021;7;4;Ingresos Brutos;4466.01;5.235377;4.980987;90095.43
2021;7;3;Tributarios;5895.47;5.235377;4.980987;118932.76
2021;7;2;De Origen Provincial;8152.97;5.235377;4.980987;164474.62
2021;7;1;Recursos Corrientes;19919.52;5.235377;4.980987;401848.10
2021;8;55;Resultado Operativo - Amortizacion de la D Consolidada;3699.77;5.328443;5.103942;73334.01
2021;8;54;Amortizacion de la Deuda Consolidada;261.49;5.328443;5.103942;5183.05
2021;8;53;IX. Resultado Operativo (VIII-IX);3961.26;5.328443;5.103942;78517.06
2021;8;52;VIII. Egresos Totales (II+V+VI+VII);19110.73;5.328443;5.103942;378798.25
2021;8;51;VII. Ingresos Totales (I+IV);23071.99;5.328443;5.103942;457315.31
2021;8;50;Otros;0.00;5.328443;5.103942;0.00
2021;8;49;Compra de Acciones, Titulos, Valores, Otros;0.32;5.328443;5.103942;6.34
2021;8;48;Prestamos;11.26;5.328443;5.103942;223.19
2021;8;47;Inversion Financiera;11.58;5.328443;5.103942;229.53
2021;8;46;al Sector Privado;0.00;5.328443;5.103942;0.00
2021;8;45;al Sector Publico+Remesas al IPV;177.31;5.328443;5.103942;3514.50
2021;8;44;Transferencias para financiar Erogaciones de Capital;177.31;5.328443;5.103942;3514.50
2021;8;43;Trabajos Publicos;375.96;5.328443;5.103942;7451.99
2021;8;42;Bienes de Capital;66.90;5.328443;5.103942;1326.04
2021;8;41;VI. Erogaciones de Capital;631.75;5.328443;5.103942;12522.06
2021;8;40;Resto Otros Recursos de Capital;45.23;5.328443;5.103942;896.51
2021;8;39;Fondo Residual;0.43;5.328443;5.103942;8.52
2021;8;38;Venta de Acciones;0.00;5.328443;5.103942;0.00
2021;8;37;Otros Recursos de Capital;45.66;5.328443;5.103942;905.04
2021;8;36;Reembolsos de Prestamos;5.14;5.328443;5.103942;101.88
2021;8;35;Reembolsos de Obras Publicas;0.00;5.328443;5.103942;0.00
2021;8;34;V. Recursos de Capital;50.80;5.328443;5.103942;1006.92
2021;8;33;IV.Resultado Economico Neto de Remesas;4542.21;5.328443;5.103942;90032.21
2021;8;32;Remesas EMT;136.93;5.328443;5.103942;2714.12
2021;8;31;Remesas ATM;109.66;5.328443;5.103942;2173.60
2021;8;30;Resultado Economico con Remesas;4788.80;5.328443;5.103942;94919.92
2021;8;29;Otras Erogaciones Corrientes;1.30;5.328443;5.103942;25.77
2021;8;28;Otras Transferencias;2249.82;5.328443;5.103942;44594.21
2021;8;27;Municipios;3359.88;5.328443;5.103942;66596.97
2021;8;26;Transferencias a Municipios y Otros;5609.70;5.328443;5.103942;111191.18
2021;8;25;Intereses y Gastos de la Deuda;993.29;5.328443;5.103942;19688.23
2021;8;24;Otros Servicios;1507.61;5.328443;5.103942;29882.69
2021;8;23;Bienes Corrientes;1366.09;5.328443;5.103942;27077.59
2021;8;22;Locaciones de Servicio;47.23;5.328443;5.103942;936.16
2021;8;21;Personal;8707.17;5.328443;5.103942;172586.85
2021;8;20;Erogaciones Corrientes;18232.39;5.328443;5.103942;361388.47
2021;8;19;Aportes no Reintegrables;885.63;5.328443;5.103942;17554.28
2021;8;18;Coparticipacion Vial;142.61;5.328443;5.103942;2826.71
2021;8;17;Ley 25.053 Fdo. Nac. de Incentivo Docente;181.65;5.328443;5.103942;3600.53
2021;8;16;Regimenes Especiales Nacionales s/Financ. Educativo;2134.91;5.328443;5.103942;42316.55
2021;8;15;Coparticipacion Federal + Financ. Educativo;10929.73;5.328443;5.103942;216640.73
2021;8;14;De Origen Nacional;14274.53;5.328443;5.103942;282938.80
2021;8;13;Otros no Tributarios;915.66;5.328443;5.103942;18149.51
2021;8;12;Remesas del Instituto de Juegos y Casino;69.61;5.328443;5.103942;1379.76
2021;8;11;Tasas Retributivas de Servicios;312.62;5.328443;5.103942;6196.51
2021;8;10;Regalias;997.85;5.328443;5.103942;19778.62
2021;8;9;No Tributarios;2295.74;5.328443;5.103942;45504.40
2021;8;8;Otros Tributarios;27.83;5.328443;5.103942;551.62
2021;8;7;Sellos y Tasas de Justicia;829.23;5.328443;5.103942;16436.36
2021;8;6;Inmobiliario;190.98;5.328443;5.103942;3785.46
2021;8;5;Automotor;583.51;5.328443;5.103942;11565.89
2021;8;4;Ingresos Brutos;4819.37;5.328443;5.103942;95525.86
2021;8;3;Tributarios;6450.92;5.328443;5.103942;127865.19
2021;8;2;De Origen Provincial;8746.66;5.328443;5.103942;173369.59
2021;8;1;Recursos Corrientes;23021.19;5.328443;5.103942;456308.39
2021;9;55;Resultado Operativo - Amortizacion de la D Consolidada;-6240.77;5.481352;5.284968;-120249.01
2021;9;54;Amortizacion de la Deuda Consolidada;633.13;5.481352;5.284968;12199.34
2021;9;53;IX. Resultado Operativo (VIII-IX);-5607.64;5.481352;5.284968;-108049.67
2021;9;52;VIII. Egresos Totales (II+V+VI+VII);28215.51;5.481352;5.284968;543664.81
2021;9;51;VII. Ingresos Totales (I+IV);22607.87;5.481352;5.284968;435615.14
2021;9;50;Otros;0.00;5.481352;5.284968;0.00
2021;9;49;Compra de Acciones, Titulos, Valores, Otros;5933.87;5.481352;5.284968;114335.57
2021;9;48;Prestamos;11.62;5.481352;5.284968;223.90
2021;9;47;Inversion Financiera;5945.49;5.481352;5.284968;114559.46
2021;9;46;al Sector Privado;0.00;5.481352;5.284968;0.00
2021;9;45;al Sector Publico+Remesas al IPV;178.31;5.481352;5.284968;3435.73
2021;9;44;Transferencias para financiar Erogaciones de Capital;178.31;5.481352;5.284968;3435.73
2021;9;43;Trabajos Publicos;298.75;5.481352;5.284968;5756.40
2021;9;42;Bienes de Capital;144.73;5.481352;5.284968;2788.70
2021;9;41;VI. Erogaciones de Capital;6567.28;5.481352;5.284968;126540.30
2021;9;40;Resto Otros Recursos de Capital;29.28;5.481352;5.284968;564.18
2021;9;39;Fondo Residual;1.13;5.481352;5.284968;21.77
2021;9;38;Venta de Acciones;0.00;5.481352;5.284968;0.00
2021;9;37;Otros Recursos de Capital;30.41;5.481352;5.284968;585.95
2021;9;36;Reembolsos de Prestamos;23.06;5.481352;5.284968;444.33
2021;9;35;Reembolsos de Obras Publicas;0.00;5.481352;5.284968;0.00
2021;9;34;V. Recursos de Capital;53.47;5.481352;5.284968;1030.28
2021;9;33;IV.Resultado Economico Neto de Remesas;906.17;5.481352;5.284968;17460.35
2021;9;32;Remesas EMT;54.01;5.481352;5.284968;1040.68
2021;9;31;Remesas ATM;100.32;5.481352;5.284968;1933.00
2021;9;30;Resultado Economico con Remesas;1060.50;5.481352;5.284968;20434.03
2021;9;29;Otras Erogaciones Corrientes;1.30;5.481352;5.284968;25.05
2021;9;28;Otras Transferencias;2829.03;5.481352;5.284968;54510.59
2021;9;27;Municipios;3727.51;5.481352;5.284968;71822.77
2021;9;26;Transferencias a Municipios y Otros;6556.54;5.481352;5.284968;126333.36
2021;9;25;Intereses y Gastos de la Deuda;2530.31;5.481352;5.284968;48754.76
2021;9;24;Otros Servicios;2154.71;5.481352;5.284968;41517.59
2021;9;23;Bienes Corrientes;1043.75;5.481352;5.284968;20111.28
2021;9;22;Locaciones de Servicio;55.40;5.481352;5.284968;1067.46
2021;9;21;Personal;9151.89;5.481352;5.284968;176341.33
2021;9;20;Erogaciones Corrientes;21493.90;5.481352;5.284968;414150.84
2021;9;19;Aportes no Reintegrables;348.21;5.481352;5.284968;6709.41
2021;9;18;Coparticipacion Vial;23.28;5.481352;5.284968;448.57
2021;9;17;Ley 25.053 Fdo. Nac. de Incentivo Docente;191.30;5.481352;5.284968;3686.03
2021;9;16;Regimenes Especiales Nacionales s/Financ. Educativo;1915.23;5.481352;5.284968;36903.22
2021;9;15;Coparticipacion Federal + Financ. Educativo;10350.91;5.481352;5.284968;199444.40
2021;9;14;De Origen Nacional;12828.93;5.481352;5.284968;247191.63
2021;9;13;Otros no Tributarios;1315.97;5.481352;5.284968;25356.50
2021;9;12;Remesas del Instituto de Juegos y Casino;0.40;5.481352;5.284968;7.71
2021;9;11;Tasas Retributivas de Servicios;313.82;5.481352;5.284968;6046.78
2021;9;10;Regalias;1108.28;5.481352;5.284968;21354.67
2021;9;9;No Tributarios;2738.47;5.481352;5.284968;52765.65
2021;9;8;Otros Tributarios;31.44;5.481352;5.284968;605.80
2021;9;7;Sellos y Tasas de Justicia;749.10;5.481352;5.284968;14433.88
2021;9;6;Inmobiliario;229.63;5.481352;5.284968;4424.58
2021;9;5;Automotor;462.12;5.481352;5.284968;8904.27
2021;9;4;Ingresos Brutos;5514.71;5.481352;5.284968;106259.07
2021;9;3;Tributarios;6987.00;5.481352;5.284968;134627.59
2021;9;2;De Origen Provincial;9725.47;5.481352;5.284968;187393.24
2021;9;1;Recursos Corrientes;22554.40;5.481352;5.284968;434584.86
2021;10;55;Resultado Operativo - Amortizacion de la D Consolidada;1857.73;5.651606;5.470802;34716.96
2021;10;54;Amortizacion de la Deuda Consolidada;240.72;5.651606;5.470802;4498.54
2021;10;53;IX. Resultado Operativo (VIII-IX);2098.45;5.651606;5.470802;39215.50
2021;10;52;VIII. Egresos Totales (II+V+VI+VII);21070.17;5.651606;5.470802;393755.99
2021;10;51;VII. Ingresos Totales (I+IV);23168.62;5.651606;5.470802;432971.49
2021;10;50;Otros;0.00;5.651606;5.470802;0.00
2021;10;49;Compra de Acciones, Titulos, Valores, Otros;785.02;5.651606;5.470802;14670.33
2021;10;48;Prestamos;12.23;5.651606;5.470802;228.55
2021;10;47;Inversion Financiera;797.25;5.651606;5.470802;14898.88
2021;10;46;al Sector Privado;0.00;5.651606;5.470802;0.00
2021;10;45;al Sector Publico+Remesas al IPV;260.88;5.651606;5.470802;4875.28
2021;10;44;Transferencias para financiar Erogaciones de Capital;260.88;5.651606;5.470802;4875.28
2021;10;43;Trabajos Publicos;361.90;5.651606;5.470802;6763.13
2021;10;42;Bienes de Capital;170.46;5.651606;5.470802;3185.53
2021;10;41;VI. Erogaciones de Capital;1590.49;5.651606;5.470802;29722.82
2021;10;40;Resto Otros Recursos de Capital;8.38;5.651606;5.470802;156.60
2021;10;39;Fondo Residual;0.81;5.651606;5.470802;15.14
2021;10;38;Venta de Acciones;0.00;5.651606;5.470802;0.00
2021;10;37;Otros Recursos de Capital;9.19;5.651606;5.470802;171.74
2021;10;36;Reembolsos de Prestamos;107.16;5.651606;5.470802;2002.59
2021;10;35;Reembolsos de Obras Publicas;0.00;5.651606;5.470802;0.00
2021;10;34;V. Recursos de Capital;116.35;5.651606;5.470802;2174.33
2021;10;33;IV.Resultado Economico Neto de Remesas;3572.59;5.651606;5.470802;66763.99
2021;10;32;Remesas EMT;98.74;5.651606;5.470802;1845.24
2021;10;31;Remesas ATM;163.04;5.651606;5.470802;3046.87
2021;10;30;Resultado Economico con Remesas;3834.37;5.651606;5.470802;71656.10
2021;10;29;Otras Erogaciones Corrientes;1.30;5.651606;5.470802;24.29
2021;10;28;Otras Transferencias;2718.11;5.651606;5.470802;50795.61
2021;10;27;Municipios;3594.56;5.651606;5.470802;67174.57
2021;10;26;Transferencias a Municipios y Otros;6312.67;5.651606;5.470802;117970.17
2021;10;25;Intereses y Gastos de la Deuda;269.10;5.651606;5.470802;5028.90
2021;10;24;Otros Servicios;1756.23;5.651606;5.470802;32820.15
2021;10;23;Bienes Corrientes;983.24;5.651606;5.470802;18374.63
2021;10;22;Locaciones de Servicio;51.84;5.651606;5.470802;968.78
2021;10;21;Personal;9843.52;5.651606;5.470802;183954.14
2021;10;20;Erogaciones Corrientes;19217.90;5.651606;5.470802;359141.06
2021;10;19;Aportes no Reintegrables;803.67;5.651606;5.470802;15018.86
2021;10;18;Coparticipacion Vial;10.49;5.651606;5.470802;196.04
2021;10;17;Ley 25.053 Fdo. Nac. de Incentivo Docente;219.15;5.651606;5.470802;4095.44
2021;10;16;Regimenes Especiales Nacionales s/Financ. Educativo;2078.70;5.651606;5.470802;38846.42
2021;10;15;Coparticipacion Federal + Financ. Educativo;10487.43;5.651606;5.470802;195987.43
2021;10;14;De Origen Nacional;13599.44;5.651606;5.470802;254144.17
2021;10;13;Otros no Tributarios;1227.93;5.651606;5.470802;22947.36
2021;10;12;Remesas del Instituto de Juegos y Casino;100.00;5.651606;5.470802;1868.78
2021;10;11;Tasas Retributivas de Servicios;329.81;5.651606;5.470802;6163.44
2021;10;10;Regalias;1113.37;5.651606;5.470802;20806.48
2021;10;9;No Tributarios;2771.11;5.651606;5.470802;51786.06
2021;10;8;Otros Tributarios;34.61;5.651606;5.470802;646.79
2021;10;7;Sellos y Tasas de Justicia;773.42;5.651606;5.470802;14453.55
2021;10;6;Inmobiliario;181.29;5.651606;5.470802;3387.92
2021;10;5;Automotor;284.61;5.651606;5.470802;5318.75
2021;10;4;Ingresos Brutos;5407.79;5.651606;5.470802;101059.92
2021;10;3;Tributarios;6681.72;5.651606;5.470802;124866.92
2021;10;2;De Origen Provincial;9452.83;5.651606;5.470802;176652.99
2021;10;1;Recursos Corrientes;23052.27;5.651606;5.470802;430797.16
2021;11;55;Resultado Operativo - Amortizacion de la D Consolidada;8550.87;5.801379;5.609184;155671.85
2021;11;54;Amortizacion de la Deuda Consolidada;404.74;5.801379;5.609184;7368.45
2021;11;53;IX. Resultado Operativo (VIII-IX);8955.61;5.801379;5.609184;163040.29
2021;11;52;VIII. Egresos Totales (II+V+VI+VII);21744.82;5.801379;5.609184;395872.73
2021;11;51;VII. Ingresos Totales (I+IV);30700.43;5.801379;5.609184;558913.02
2021;11;50;Otros;0.00;5.801379;5.609184;0.00
2021;11;49;Compra de Acciones, Titulos, Valores, Otros;3.65;5.801379;5.609184;66.45
2021;11;48;Prestamos;12.91;5.801379;5.609184;235.03
2021;11;47;Inversion Financiera;16.56;5.801379;5.609184;301.48
2021;11;46;al Sector Privado;0.00;5.801379;5.609184;0.00
2021;11;45;al Sector Publico+Remesas al IPV;173.67;5.801379;5.609184;3161.73
2021;11;44;Transferencias para financiar Erogaciones de Capital;173.67;5.801379;5.609184;3161.73
2021;11;43;Trabajos Publicos;338.17;5.801379;5.609184;6156.51
2021;11;42;Bienes de Capital;97.03;5.801379;5.609184;1766.47
2021;11;41;VI. Erogaciones de Capital;625.43;5.801379;5.609184;11386.19
2021;11;40;Resto Otros Recursos de Capital;5703.13;5.801379;5.609184;103827.65
2021;11;39;Fondo Residual;0.94;5.801379;5.609184;17.11
2021;11;38;Venta de Acciones;0.00;5.801379;5.609184;0.00
2021;11;37;Otros Recursos de Capital;5704.07;5.801379;5.609184;103844.77
2021;11;36;Reembolsos de Prestamos;50.85;5.801379;5.609184;925.74
2021;11;35;Reembolsos de Obras Publicas;0.00;5.801379;5.609184;0.00
2021;11;34;V. Recursos de Capital;5754.92;5.801379;5.609184;104770.51
2021;11;33;IV.Resultado Economico Neto de Remesas;3826.12;5.801379;5.609184;69655.97
2021;11;32;Remesas EMT;48.23;5.801379;5.609184;878.05
2021;11;31;Remesas ATM;135.65;5.801379;5.609184;2469.56
2021;11;30;Resultado Economico con Remesas;4010.00;5.801379;5.609184;73003.58
2021;11;29;Otras Erogaciones Corrientes;1.30;5.801379;5.609184;23.67
2021;11;28;Otras Transferencias;2594.88;5.801379;5.609184;47240.78
2021;11;27;Municipios;3838.58;5.801379;5.609184;69882.81
2021;11;26;Transferencias a Municipios y Otros;6433.46;5.801379;5.609184;117123.59
2021;11;25;Intereses y Gastos de la Deuda;1002.12;5.801379;5.609184;18243.98
2021;11;24;Otros Servicios;1912.33;5.801379;5.609184;34814.70
2021;11;23;Bienes Corrientes;997.24;5.801379;5.609184;18155.13
2021;11;22;Locaciones de Servicio;54.67;5.801379;5.609184;995.29
2021;11;21;Personal;10534.39;5.801379;5.609184;191782.58
2021;11;20;Erogaciones Corrientes;20935.51;5.801379;5.609184;381138.94
2021;11;19;Aportes no Reintegrables;454.64;5.801379;5.609184;8276.89
2021;11;18;Coparticipacion Vial;212.30;5.801379;5.609184;3865.00
2021;11;17;Ley 25.053 Fdo. Nac. de Incentivo Docente;228.80;5.801379;5.609184;4165.39
2021;11;16;Regimenes Especiales Nacionales s/Financ. Educativo;2294.43;5.801379;5.609184;41770.97
2021;11;15;Coparticipacion Federal + Financ. Educativo;10948.02;5.801379;5.609184;199312.88
2021;11;14;De Origen Nacional;14138.19;5.801379;5.609184;257391.14
2021;11;13;Otros no Tributarios;2104.53;5.801379;5.609184;38313.77
2021;11;12;Remesas del Instituto de Juegos y Casino;50.00;5.801379;5.609184;910.27
2021;11;11;Tasas Retributivas de Servicios;395.83;5.801379;5.609184;7206.24
2021;11;10;Regalias;1164.29;5.801379;5.609184;21196.34
2021;11;9;No Tributarios;3714.65;5.801379;5.609184;67626.62
2021;11;8;Otros Tributarios;26.06;5.801379;5.609184;474.43
2021;11;7;Sellos y Tasas de Justicia;794.87;5.801379;5.609184;14470.91
2021;11;6;Inmobiliario;238.73;5.801379;5.609184;4346.17
2021;11;5;Automotor;308.05;5.801379;5.609184;5608.17
2021;11;4;Ingresos Brutos;5724.96;5.801379;5.609184;104225.08
2021;11;3;Tributarios;7092.67;5.801379;5.609184;129124.76
2021;11;2;De Origen Provincial;10807.32;5.801379;5.609184;196751.38
2021;11;1;Recursos Corrientes;24945.51;5.801379;5.609184;454142.51
2021;12;55;Resultado Operativo - Amortizacion de la D Consolidada;-22766.57;6.028290;5.824575;-398872.85
2021;12;54;Amortizacion de la Deuda Consolidada;443.78;6.028290;5.824575;7775.08
2021;12;53;IX. Resultado Operativo (VIII-IX);-22322.79;6.028290;5.824575;-391097.78
2021;12;52;VIII. Egresos Totales (II+V+VI+VII);53855.33;6.028290;5.824575;943551.40
2021;12;51;VII. Ingresos Totales (I+IV);31532.54;6.028290;5.824575;552453.63
2021;12;50;Otros;0.00;6.028290;5.824575;0.00
2021;12;49;Compra de Acciones, Titulos, Valores, Otros;10483.84;6.028290;5.824575;183678.05
2021;12;48;Prestamos;614.15;6.028290;5.824575;10759.98
2021;12;47;Inversion Financiera;11097.99;6.028290;5.824575;194438.03
2021;12;46;al Sector Privado;0.00;6.028290;5.824575;0.00
2021;12;45;al Sector Publico+Remesas al IPV;1253.00;6.028290;5.824575;21952.70
2021;12;44;Transferencias para financiar Erogaciones de Capital;1253.00;6.028290;5.824575;21952.70
2021;12;43;Trabajos Publicos;2046.71;6.028290;5.824575;35858.59
2021;12;42;Bienes de Capital;1118.31;6.028290;5.824575;19592.92
2021;12;41;VI. Erogaciones de Capital;15516.01;6.028290;5.824575;271842.23
2021;12;40;Resto Otros Recursos de Capital;89.10;6.028290;5.824575;1561.04
2021;12;39;Fondo Residual;6.88;6.028290;5.824575;120.54
2021;12;38;Venta de Acciones;0.00;6.028290;5.824575;0.00
2021;12;37;Otros Recursos de Capital;95.98;6.028290;5.824575;1681.58
2021;12;36;Reembolsos de Prestamos;381.05;6.028290;5.824575;6676.04
2021;12;35;Reembolsos de Obras Publicas;0.00;6.028290;5.824575;0.00
2021;12;34;V. Recursos de Capital;477.03;6.028290;5.824575;8357.62
2021;12;33;IV.Resultado Economico Neto de Remesas;-7283.81;6.028290;5.824575;-127613.17
2021;12;32;Remesas EMT;108.15;6.028290;5.824575;1894.80
2021;12;31;Remesas ATM;279.27;6.028290;5.824575;4892.84
2021;12;30;Resultado Economico con Remesas;-6896.39;6.028290;5.824575;-120825.52
2021;12;29;Otras Erogaciones Corrientes;1.30;6.028290;5.824575;22.78
2021;12;28;Otras Transferencias;5655.26;6.028290;5.824575;99080.79
2021;12;27;Municipios;8106.52;6.028290;5.824575;142027.14
2021;12;26;Transferencias a Municipios y Otros;13761.78;6.028290;5.824575;241107.92
2021;12;25;Intereses y Gastos de la Deuda;394.51;6.028290;5.824575;6911.86
2021;12;24;Otros Servicios;4988.71;6.028290;5.824575;87402.76
2021;12;23;Bienes Corrientes;2197.89;6.028290;5.824575;38507.28
2021;12;22;Locaciones de Servicio;63.18;6.028290;5.824575;1106.92
2021;12;21;Personal;16544.53;6.028290;5.824575;289862.02
2021;12;20;Erogaciones Corrientes;37951.90;6.028290;5.824575;664921.53
2021;12;19;Aportes no Reintegrables;869.62;6.028290;5.824575;15235.84
2021;12;18;Coparticipacion Vial;119.20;6.028290;5.824575;2088.40
2021;12;17;Ley 25.053 Fdo. Nac. de Incentivo Docente;241.54;6.028290;5.824575;4231.81
2021;12;16;Regimenes Especiales Nacionales s/Financ. Educativo;2429.73;6.028290;5.824575;42569.14
2021;12;15;Coparticipacion Federal + Financ. Educativo;12879.81;6.028290;5.824575;225655.71
2021;12;14;De Origen Nacional;16539.90;6.028290;5.824575;289780.90
2021;12;13;Otros no Tributarios;2007.90;6.028290;5.824575;35178.63
2021;12;12;Remesas del Instituto de Juegos y Casino;49.18;6.028290;5.824575;861.64
2021;12;11;Tasas Retributivas de Servicios;441.92;6.028290;5.824575;7742.49
2021;12;10;Regalias;1164.68;6.028290;5.824575;20405.32
2021;12;9;No Tributarios;3663.68;6.028290;5.824575;64188.08
2021;12;8;Otros Tributarios;29.38;6.028290;5.824575;514.74
2021;12;7;Sellos y Tasas de Justicia;1010.57;6.028290;5.824575;17705.30
2021;12;6;Inmobiliario;334.37;6.028290;5.824575;5858.20
2021;12;5;Automotor;550.90;6.028290;5.824575;9651.83
2021;12;4;Ingresos Brutos;8926.71;6.028290;5.824575;156396.96
2021;12;3;Tributarios;10851.93;6.028290;5.824575;190127.03
2021;12;2;De Origen Provincial;14515.61;6.028290;5.824575;254315.11
2021;12;1;Recursos Corrientes;31055.51;6.028290;5.824575;544096.01
2022;1;55;Resultado Operativo - Amortizacion de la D Consolidada;10064.94;6.272454;6.050317;169474.64
2022;1;54;Amortizacion de la Deuda Consolidada;264.14;6.272454;6.050317;4447.62
2022;1;53;IX. Resultado Operativo (VIII-IX);10329.08;6.272454;6.050317;173922.26
2022;1;52;VIII. Egresos Totales (II+V+VI+VII);13970.81;6.272454;6.050317;235242.13
2022;1;51;VII. Ingresos Totales (I+IV);24299.89;6.272454;6.050317;409164.39
2022;1;50;Otros;4.00;6.272454;6.050317;67.35
2022;1;49;Compra de Acciones, Titulos, Valores, Otros;0.00;6.272454;6.050317;0.00
2022;1;48;Prestamos;13.29;6.272454;6.050317;223.78
2022;1;47;Inversion Financiera;17.29;6.272454;6.050317;291.13
2022;1;46;al Sector Privado;0.00;6.272454;6.050317;0.00
2022;1;45;al Sector Publico+Remesas al IPV;0.00;6.272454;6.050317;0.00
2022;1;44;Transferencias para financiar Erogaciones de Capital;0.00;6.272454;6.050317;0.00
2022;1;43;Trabajos Publicos;51.45;6.272454;6.050317;866.32
2022;1;42;Bienes de Capital;2.36;6.272454;6.050317;39.74
2022;1;41;VI. Erogaciones de Capital;71.10;6.272454;6.050317;1197.19
2022;1;40;Resto Otros Recursos de Capital;0.11;6.272454;6.050317;1.85
2022;1;39;Fondo Residual;0.00;6.272454;6.050317;0.00
2022;1;38;Venta de Acciones;0.00;6.272454;6.050317;0.00
2022;1;37;Otros Recursos de Capital;0.11;6.272454;6.050317;1.85
2022;1;36;Reembolsos de Prestamos;1.66;6.272454;6.050317;27.95
2022;1;35;Reembolsos de Obras Publicas;0.00;6.272454;6.050317;0.00
2022;1;34;V. Recursos de Capital;1.77;6.272454;6.050317;29.80
2022;1;33;IV.Resultado Economico Neto de Remesas;10398.41;6.272454;6.050317;175089.65
2022;1;32;Remesas EMT;43.98;6.272454;6.050317;740.54
2022;1;31;Remesas ATM;73.29;6.272454;6.050317;1234.07
2022;1;30;Resultado Economico con Remesas;10515.68;6.272454;6.050317;177064.25
2022;1;29;Otras Erogaciones Corrientes;2.00;6.272454;6.050317;33.68
2022;1;28;Otras Transferencias;1412.67;6.272454;6.050317;23786.70
2022;1;27;Municipios;1276.32;6.272454;6.050317;21490.83
2022;1;26;Transferencias a Municipios y Otros;2688.99;6.272454;6.050317;45277.53
2022;1;25;Intereses y Gastos de la Deuda;456.22;6.272454;6.050317;7681.89
2022;1;24;Otros Servicios;767.18;6.272454;6.050317;12917.87
2022;1;23;Bienes Corrientes;191.56;6.272454;6.050317;3225.51
2022;1;22;Locaciones de Servicio;42.66;6.272454;6.050317;718.31
2022;1;21;Personal;9633.83;6.272454;6.050317;162215.56
2022;1;20;Erogaciones Corrientes;13782.44;6.272454;6.050317;232070.34
2022;1;19;Aportes no Reintegrables;566.94;6.272454;6.050317;9546.20
2022;1;18;Coparticipacion Vial;48.79;6.272454;6.050317;821.53
2022;1;17;Ley 25.053 Fdo. Nac. de Incentivo Docente;303.75;6.272454;6.050317;5114.58
2022;1;16;Regimenes Especiales Nacionales s/Financ. Educativo;2088.76;6.272454;6.050317;35170.79
2022;1;15;Coparticipacion Federal + Financ. Educativo;11555.98;6.272454;6.050317;194580.94
2022;1;14;De Origen Nacional;14564.22;6.272454;6.050317;245234.04
2022;1;13;Otros no Tributarios;894.08;6.272454;6.050317;15054.62
2022;1;12;Remesas del Instituto de Juegos y Casino;0.00;6.272454;6.050317;0.00
2022;1;11;Tasas Retributivas de Servicios;450.97;6.272454;6.050317;7593.49
2022;1;10;Regalias;1171.31;6.272454;6.050317;19722.65
2022;1;9;No Tributarios;2516.36;6.272454;6.050317;42370.76
2022;1;8;Otros Tributarios;28.74;6.272454;6.050317;483.93
2022;1;7;Sellos y Tasas de Justicia;751.14;6.272454;6.050317;12647.78
2022;1;6;Inmobiliario;76.38;6.272454;6.050317;1286.10
2022;1;5;Automotor;234.29;6.272454;6.050317;3945.00
2022;1;4;Ingresos Brutos;6126.99;6.272454;6.050317;103166.98
2022;1;3;Tributarios;7217.54;6.272454;6.050317;121529.78
2022;1;2;De Origen Provincial;9733.90;6.272454;6.050317;163900.55
2022;1;1;Recursos Corrientes;24298.12;6.272454;6.050317;409134.59
2022;2;55;Resultado Operativo - Amortizacion de la D Consolidada;10685.73;6.611462;6.334341;170701.64
2022;2;54;Amortizacion de la Deuda Consolidada;770.15;6.611462;6.334341;12302.94
2022;2;53;IX. Resultado Operativo (VIII-IX);11455.88;6.611462;6.334341;183004.58
2022;2;52;VIII. Egresos Totales (II+V+VI+VII);20057.96;6.611462;6.334341;320420.48
2022;2;51;VII. Ingresos Totales (I+IV);31513.84;6.611462;6.334341;503425.06
2022;2;50;Otros;4.73;6.611462;6.334341;75.56
2022;2;49;Compra de Acciones, Titulos, Valores, Otros;0.00;6.611462;6.334341;0.00
2022;2;48;Prestamos;12.96;6.611462;6.334341;207.03
2022;2;47;Inversion Financiera;17.69;6.611462;6.334341;282.59
2022;2;46;al Sector Privado;0.00;6.611462;6.334341;0.00
2022;2;45;al Sector Publico+Remesas al IPV;15.95;6.611462;6.334341;254.80
2022;2;44;Transferencias para financiar Erogaciones de Capital;15.95;6.611462;6.334341;254.80
2022;2;43;Trabajos Publicos;232.22;6.611462;6.334341;3709.65
2022;2;42;Bienes de Capital;34.58;6.611462;6.334341;552.41
2022;2;41;VI. Erogaciones de Capital;300.44;6.611462;6.334341;4799.45
2022;2;40;Resto Otros Recursos de Capital;0.10;6.611462;6.334341;1.60
2022;2;39;Fondo Residual;0.62;6.611462;6.334341;9.90
2022;2;38;Venta de Acciones;0.00;6.611462;6.334341;0.00
2022;2;37;Otros Recursos de Capital;5817.40;6.611462;6.334341;92931.39
2022;2;36;Reembolsos de Prestamos;38.61;6.611462;6.334341;616.78
2022;2;35;Reembolsos de Obras Publicas;0.00;6.611462;6.334341;0.00
2022;2;34;V. Recursos de Capital;5856.01;6.611462;6.334341;93548.17
2022;2;33;IV.Resultado Economico Neto de Remesas;5900.31;6.611462;6.334341;94255.85
2022;2;32;Remesas EMT;43.83;6.611462;6.334341;700.17
2022;2;31;Remesas ATM;74.68;6.611462;6.334341;1192.99
2022;2;30;Resultado Economico con Remesas;6018.82;6.611462;6.334341;96149.02
2022;2;29;Otras Erogaciones Corrientes;2.00;6.611462;6.334341;31.95
2022;2;28;Otras Transferencias;2515.35;6.611462;6.334341;40182.04
2022;2;27;Municipios;3468.07;6.611462;6.334341;55401.48
2022;2;26;Transferencias a Municipios y Otros;5983.42;6.611462;6.334341;95583.51
2022;2;25;Intereses y Gastos de la Deuda;1102.41;6.611462;6.334341;17610.70
2022;2;24;Otros Servicios;1197.77;6.611462;6.334341;19134.05
2022;2;23;Bienes Corrientes;776.75;6.611462;6.334341;12408.37
2022;2;22;Locaciones de Servicio;50.55;6.611462;6.334341;807.52
2022;2;21;Personal;10526.11;6.611462;6.334341;168151.76
2022;2;20;Erogaciones Corrientes;19639.01;6.611462;6.334341;313727.87
2022;2;19;Aportes no Reintegrables;77.84;6.611462;6.334341;1243.47
2022;2;18;Coparticipacion Vial;25.06;6.611462;6.334341;400.33
2022;2;17;Ley 25.053 Fdo. Nac. de Incentivo Docente;303.75;6.611462;6.334341;4852.32
2022;2;16;Regimenes Especiales Nacionales s/Financ. Educativo;2072.10;6.611462;6.334341;33101.24
2022;2;15;Coparticipacion Federal + Financ. Educativo;10990.48;6.611462;6.334341;175569.94
2022;2;14;De Origen Nacional;13469.23;6.611462;6.334341;215167.30
2022;2;13;Otros no Tributarios;1436.35;6.611462;6.334341;22945.30
2022;2;12;Remesas del Instituto de Juegos y Casino;0.00;6.611462;6.334341;0.00
2022;2;11;Tasas Retributivas de Servicios;437.70;6.611462;6.334341;6992.14
2022;2;10;Regalias;1298.06;6.611462;6.334341;20736.16
2022;2;9;No Tributarios;3172.11;6.611462;6.334341;50673.60
2022;2;8;Otros Tributarios;31.98;6.611462;6.334341;510.87
2022;2;7;Sellos y Tasas de Justicia;838.52;6.611462;6.334341;13395.13
2022;2;6;Inmobiliario;275.20;6.611462;6.334341;4396.25
2022;2;5;Automotor;1697.02;6.611462;6.334341;27109.43
2022;2;4;Ingresos Brutos;6173.77;6.611462;6.334341;98624.30
2022;2;3;Tributarios;9016.49;6.611462;6.334341;144035.99
2022;2;2;De Origen Provincial;12188.60;6.611462;6.334341;194709.58
2022;2;1;Recursos Corrientes;25657.83;6.611462;6.334341;409876.89
2022;3;55;Resultado Operativo - Amortizacion de la D Consolidada;-1184.46;7.060617;6.760566;-17717.76
2022;3;54;Amortizacion de la Deuda Consolidada;988.27;7.060617;6.760566;14783.05
2022;3;53;IX. Resultado Operativo (VIII-IX);-196.19;7.060617;6.760566;-2934.71
2022;3;52;VIII. Egresos Totales (II+V+VI+VII);30156.91;7.060617;6.760566;451102.46
2022;3;51;VII. Ingresos Totales (I+IV);29960.72;7.060617;6.760566;448167.75
2022;3;50;Otros;4.42;7.060617;6.760566;66.12
2022;3;49;Compra de Acciones, Titulos, Valores, Otros;0.00;7.060617;6.760566;0.00
2022;3;48;Prestamos;13.01;7.060617;6.760566;194.61
2022;3;47;Inversion Financiera;17.43;7.060617;6.760566;260.73
2022;3;46;al Sector Privado;0.00;7.060617;6.760566;0.00
2022;3;45;al Sector Publico+Remesas al IPV;428.32;7.060617;6.760566;6407.03
2022;3;44;Transferencias para financiar Erogaciones de Capital;428.32;7.060617;6.760566;6407.03
2022;3;43;Trabajos Publicos;521.79;7.060617;6.760566;7805.20
2022;3;42;Bienes de Capital;126.69;7.060617;6.760566;1895.09
2022;3;41;VI. Erogaciones de Capital;1094.23;7.060617;6.760566;16368.05
2022;3;40;Resto Otros Recursos de Capital;2.91;7.060617;6.760566;43.53
2022;3;39;Fondo Residual;0.76;7.060617;6.760566;11.37
2022;3;38;Venta de Acciones;0.00;7.060617;6.760566;0.00
2022;3;37;Otros Recursos de Capital;3.67;7.060617;6.760566;54.90
2022;3;36;Reembolsos de Prestamos;8.65;7.060617;6.760566;129.39
2022;3;35;Reembolsos de Obras Publicas;0.00;7.060617;6.760566;0.00
2022;3;34;V. Recursos de Capital;12.32;7.060617;6.760566;184.29
2022;3;33;IV.Resultado Economico Neto de Remesas;885.72;7.060617;6.760566;13249.05
2022;3;32;Remesas EMT;54.06;7.060617;6.760566;808.66
2022;3;31;Remesas ATM;87.12;7.060617;6.760566;1303.19
2022;3;30;Resultado Economico con Remesas;1026.90;7.060617;6.760566;15360.89
2022;3;29;Otras Erogaciones Corrientes;2.00;7.060617;6.760566;29.92
2022;3;28;Otras Transferencias;2585.04;7.060617;6.760566;38668.35
2022;3;27;Municipios;7693.83;7.060617;6.760566;115088.24
2022;3;26;Transferencias a Municipios y Otros;10278.87;7.060617;6.760566;153756.59
2022;3;25;Intereses y Gastos de la Deuda;2861.70;7.060617;6.760566;42806.77
2022;3;24;Otros Servicios;1850.07;7.060617;6.760566;27674.29
2022;3;23;Bienes Corrientes;1151.58;7.060617;6.760566;17225.92
2022;3;22;Locaciones de Servicio;48.14;7.060617;6.760566;720.10
2022;3;21;Personal;12729.14;7.060617;6.760566;190408.98
2022;3;20;Erogaciones Corrientes;28921.50;7.060617;6.760566;432622.57
2022;3;19;Aportes no Reintegrables;454.75;7.060617;6.760566;6802.38
2022;3;18;Coparticipacion Vial;107.14;7.060617;6.760566;1602.65
2022;3;17;Ley 25.053 Fdo. Nac. de Incentivo Docente;320.63;7.060617;6.760566;4796.15
2022;3;16;Regimenes Especiales Nacionales s/Financ. Educativo;2976.49;7.060617;6.760566;44523.86
2022;3;15;Coparticipacion Federal + Financ. Educativo;12586.21;7.060617;6.760566;188270.96
2022;3;14;De Origen Nacional;16445.22;7.060617;6.760566;245996.00
2022;3;13;Otros no Tributarios;1777.63;7.060617;6.760566;26590.70
2022;3;12;Remesas del Instituto de Juegos y Casino;121.83;7.060617;6.760566;1822.40
2022;3;11;Tasas Retributivas de Servicios;463.12;7.060617;6.760566;6927.59
2022;3;10;Regalias;1115.83;7.060617;6.760566;16691.16
2022;3;9;No Tributarios;3478.41;7.060617;6.760566;52031.83
2022;3;8;Otros Tributarios;36.79;7.060617;6.760566;550.32
2022;3;7;Sellos y Tasas de Justicia;826.57;7.060617;6.760566;12364.26
2022;3;6;Inmobiliario;1062.94;7.060617;6.760566;15900.00
2022;3;5;Automotor;1099.55;7.060617;6.760566;16447.63
2022;3;4;Ingresos Brutos;6998.92;7.060617;6.760566;104693.42
2022;3;3;Tributarios;10024.77;7.060617;6.760566;149955.63
2022;3;2;De Origen Provincial;13503.18;7.060617;6.760566;201987.46
2022;3;1;Recursos Corrientes;29948.40;7.060617;6.760566;447983.46
2022;4;55;Resultado Operativo - Amortizacion de la D Consolidada;13065.96;7.473483;7.169399;184649.99
2022;4;54;Amortizacion de la Deuda Consolidada;796.92;7.473483;7.169399;11262.19
2022;4;53;IX. Resultado Operativo (VIII-IX);13862.88;7.473483;7.169399;195912.17
2022;4;52;VIII. Egresos Totales (II+V+VI+VII);24377.12;7.473483;7.169399;344500.90
2022;4;51;VII. Ingresos Totales (I+IV);38240.00;7.473483;7.169399;540413.07
2022;4;50;Otros;592.30;7.473483;7.169399;8370.47
2022;4;49;Compra de Acciones, Titulos, Valores, Otros;0.00;7.473483;7.169399;0.00
2022;4;48;Prestamos;13.37;7.473483;7.169399;188.95
2022;4;47;Inversion Financiera;605.67;7.473483;7.169399;8559.41
2022;4;46;al Sector Privado;0.00;7.473483;7.169399;0.00
2022;4;45;al Sector Publico+Remesas al IPV;612.49;7.473483;7.169399;8655.79
2022;4;44;Transferencias para financiar Erogaciones de Capital;612.49;7.473483;7.169399;8655.79
2022;4;43;Trabajos Publicos;713.16;7.473483;7.169399;10078.48
2022;4;42;Bienes de Capital;62.04;7.473483;7.169399;876.76
2022;4;41;VI. Erogaciones de Capital;1993.36;7.473483;7.169399;28170.44
2022;4;40;Resto Otros Recursos de Capital;20.01;7.473483;7.169399;282.78
2022;4;39;Fondo Residual;1.33;7.473483;7.169399;18.80
2022;4;38;Venta de Acciones;0.00;7.473483;7.169399;0.00
2022;4;37;Otros Recursos de Capital;5871.08;7.473483;7.169399;82970.93
2022;4;36;Reembolsos de Prestamos;179.87;7.473483;7.169399;2541.95
2022;4;35;Reembolsos de Obras Publicas;0.00;7.473483;7.169399;0.00
2022;4;34;V. Recursos de Capital;6050.95;7.473483;7.169399;85512.88
2022;4;33;IV.Resultado Economico Neto de Remesas;9805.29;7.473483;7.169399;138569.74
2022;4;32;Remesas EMT;175.91;7.473483;7.169399;2485.98
2022;4;31;Remesas ATM;99.18;7.473483;7.169399;1401.63
2022;4;30;Resultado Economico con Remesas;10080.38;7.473483;7.169399;142457.35
2022;4;29;Otras Erogaciones Corrientes;2.00;7.473483;7.169399;28.26
2022;4;28;Otras Transferencias;3639.80;7.473483;7.169399;51438.17
2022;4;27;Municipios;1936.26;7.473483;7.169399;27363.50
2022;4;26;Transferencias a Municipios y Otros;5576.06;7.473483;7.169399;78801.67
2022;4;25;Intereses y Gastos de la Deuda;118.90;7.473483;7.169399;1680.31
2022;4;24;Otros Servicios;2427.19;7.473483;7.169399;34301.39
2022;4;23;Bienes Corrientes;1150.03;7.473483;7.169399;16252.39
2022;4;22;Locaciones de Servicio;53.86;7.473483;7.169399;761.16
2022;4;21;Personal;12780.63;7.473483;7.169399;180617.66
2022;4;20;Erogaciones Corrientes;22108.67;7.473483;7.169399;312442.84
2022;4;19;Aportes no Reintegrables;322.16;7.473483;7.169399;4552.81
2022;4;18;Coparticipacion Vial;50.74;7.473483;7.169399;717.06
2022;4;17;Ley 25.053 Fdo. Nac. de Incentivo Docente;372.38;7.473483;7.169399;5262.53
2022;4;16;Regimenes Especiales Nacionales s/Financ. Educativo;3181.42;7.473483;7.169399;44960.28
2022;4;15;Coparticipacion Federal + Financ. Educativo;13238.84;7.473483;7.169399;187093.15
2022;4;14;De Origen Nacional;17165.54;7.473483;7.169399;242585.83
2022;4;13;Otros no Tributarios;2782.37;7.473483;7.169399;39320.84
2022;4;12;Remesas del Instituto de Juegos y Casino;41.19;7.473483;7.169399;582.10
2022;4;11;Tasas Retributivas de Servicios;435.98;7.473483;7.169399;6161.33
2022;4;10;Regalias;1367.71;7.473483;7.169399;19328.67
2022;4;9;No Tributarios;4627.25;7.473483;7.169399;65392.95
2022;4;8;Otros Tributarios;40.33;7.473483;7.169399;569.95
2022;4;7;Sellos y Tasas de Justicia;1150.88;7.473483;7.169399;16264.40
2022;4;6;Inmobiliario;579.21;7.473483;7.169399;8185.48
2022;4;5;Automotor;826.56;7.473483;7.169399;11681.06
2022;4;4;Ingresos Brutos;7799.28;7.473483;7.169399;110220.52
2022;4;3;Tributarios;10396.26;7.473483;7.169399;146921.41
2022;4;2;De Origen Provincial;15023.51;7.473483;7.169399;212314.36
2022;4;1;Recursos Corrientes;32189.05;7.473483;7.169399;454900.19
2022;5;55;Resultado Operativo - Amortizacion de la D Consolidada;-1883.33;7.863491;7.531470;-25295.43
2022;5;54;Amortizacion de la Deuda Consolidada;1316.19;7.863491;7.531470;17678.04
2022;5;53;IX. Resultado Operativo (VIII-IX);-567.14;7.863491;7.531470;-7617.38
2022;5;52;VIII. Egresos Totales (II+V+VI+VII);29814.16;7.863491;7.531470;400440.68
2022;5;51;VII. Ingresos Totales (I+IV);29247.02;7.863491;7.531470;392823.30
2022;5;50;Otros;4.43;7.863491;7.531470;59.50
2022;5;49;Compra de Acciones, Titulos, Valores, Otros;0.00;7.863491;7.531470;0.00
2022;5;48;Prestamos;12.55;7.863491;7.531470;168.56
2022;5;47;Inversion Financiera;16.98;7.863491;7.531470;228.06
2022;5;46;al Sector Privado;0.00;7.863491;7.531470;0.00
2022;5;45;al Sector Publico+Remesas al IPV;705.09;7.863491;7.531470;9470.22
2022;5;44;Transferencias para financiar Erogaciones de Capital;705.09;7.863491;7.531470;9470.22
2022;5;43;Trabajos Publicos;874.78;7.863491;7.531470;11749.37
2022;5;42;Bienes de Capital;115.81;7.863491;7.531470;1555.47
2022;5;41;VI. Erogaciones de Capital;1712.66;7.863491;7.531470;23003.12
2022;5;40;Resto Otros Recursos de Capital;115.36;7.863491;7.531470;1549.43
2022;5;39;Fondo Residual;2.97;7.863491;7.531470;39.89
2022;5;38;Venta de Acciones;0.00;7.863491;7.531470;0.00
2022;5;37;Otros Recursos de Capital;118.33;7.863491;7.531470;1589.32
2022;5;36;Reembolsos de Prestamos;38.83;7.863491;7.531470;521.53
2022;5;35;Reembolsos de Obras Publicas;0.00;7.863491;7.531470;0.00
2022;5;34;V. Recursos de Capital;157.16;7.863491;7.531470;2110.85
2022;5;33;IV.Resultado Economico Neto de Remesas;988.36;7.863491;7.531470;13274.89
2022;5;32;Remesas EMT;52.19;7.863491;7.531470;700.98
2022;5;31;Remesas ATM;117.23;7.863491;7.531470;1574.54
2022;5;30;Resultado Economico con Remesas;1157.78;7.863491;7.531470;15550.40
2022;5;29;Otras Erogaciones Corrientes;2.00;7.863491;7.531470;26.86
2022;5;28;Otras Transferencias;3725.65;7.863491;7.531470;50040.04
2022;5;27;Municipios;4976.12;7.863491;7.531470;66835.39
2022;5;26;Transferencias a Municipios y Otros;8701.77;7.863491;7.531470;116875.43
2022;5;25;Intereses y Gastos de la Deuda;2299.59;7.863491;7.531470;30886.31
2022;5;24;Otros Servicios;2702.24;7.863491;7.531470;36294.39
2022;5;23;Bienes Corrientes;1058.53;7.863491;7.531470;14217.35
2022;5;22;Locaciones de Servicio;51.56;7.863491;7.531470;692.51
2022;5;21;Personal;13116.39;7.863491;7.531470;176169.18
2022;5;20;Erogaciones Corrientes;27932.08;7.863491;7.531470;375162.04
2022;5;19;Aportes no Reintegrables;317.24;7.863491;7.531470;4260.92
2022;5;18;Coparticipacion Vial;31.23;7.863491;7.531470;419.46
2022;5;17;Ley 25.053 Fdo. Nac. de Incentivo Docente;372.38;7.863491;7.531470;5001.52
2022;5;16;Regimenes Especiales Nacionales s/Financ. Educativo;3074.17;7.863491;7.531470;41289.87
2022;5;15;Coparticipacion Federal + Financ. Educativo;10773.44;7.863491;7.531470;144700.49
2022;5;14;De Origen Nacional;14568.46;7.863491;7.531470;195672.26
2022;5;13;Otros no Tributarios;2928.42;7.863491;7.531470;39332.27
2022;5;12;Remesas del Instituto de Juegos y Casino;40.35;7.863491;7.531470;541.95
2022;5;11;Tasas Retributivas de Servicios;467.26;7.863491;7.531470;6275.87
2022;5;10;Regalias;1376.98;7.863491;7.531470;18494.53
2022;5;9;No Tributarios;4813.01;7.863491;7.531470;64644.62
2022;5;8;Otros Tributarios;33.53;7.863491;7.531470;450.35
2022;5;7;Sellos y Tasas de Justicia;1071.85;7.863491;7.531470;14396.26
2022;5;6;Inmobiliario;342.69;7.863491;7.531470;4602.75
2022;5;5;Automotor;650.10;7.863491;7.531470;8731.64
2022;5;4;Ingresos Brutos;7610.22;7.863491;7.531470;102214.58
2022;5;3;Tributarios;9708.39;7.863491;7.531470;130395.57
2022;5;2;De Origen Provincial;14521.40;7.863491;7.531470;195040.19
2022;5;1;Recursos Corrientes;29089.86;7.863491;7.531470;390712.45
2022;6;55;Resultado Operativo - Amortizacion de la D Consolidada;-1801.20;8.279972;7.930278;-22975.45
2022;6;54;Amortizacion de la Deuda Consolidada;620.90;8.279972;7.930278;7919.97
2022;6;53;IX. Resultado Operativo (VIII-IX);-1180.30;8.279972;7.930278;-15055.48
2022;6;52;VIII. Egresos Totales (II+V+VI+VII);48983.76;8.279972;7.930278;624819.05
2022;6;51;VII. Ingresos Totales (I+IV);47803.46;8.279972;7.930278;609763.57
2022;6;50;Otros;130.17;8.279972;7.930278;1660.40
2022;6;49;Compra de Acciones, Titulos, Valores, Otros;0.00;8.279972;7.930278;0.00
2022;6;48;Prestamos;192.08;8.279972;7.930278;2450.10
2022;6;47;Inversion Financiera;11988.67;8.279972;7.930278;152923.12
2022;6;46;al Sector Privado;0.00;8.279972;7.930278;0.00
2022;6;45;al Sector Publico+Remesas al IPV;679.43;8.279972;7.930278;8666.56
2022;6;44;Transferencias para financiar Erogaciones de Capital;679.43;8.279972;7.930278;8666.56
2022;6;43;Trabajos Publicos;977.72;8.279972;7.930278;12471.44
2022;6;42;Bienes de Capital;76.04;8.279972;7.930278;969.94
2022;6;41;VI. Erogaciones de Capital;13721.86;8.279972;7.930278;175031.06
2022;6;40;Resto Otros Recursos de Capital;16.31;8.279972;7.930278;208.04
2022;6;39;Fondo Residual;11.20;8.279972;7.930278;142.86
2022;6;38;Venta de Acciones;0.00;8.279972;7.930278;0.00
2022;6;37;Otros Recursos de Capital;259.61;8.279972;7.930278;3311.49
2022;6;36;Reembolsos de Prestamos;5.12;8.279972;7.930278;65.31
2022;6;35;Reembolsos de Obras Publicas;0.00;8.279972;7.930278;0.00
2022;6;34;V. Recursos de Capital;264.73;8.279972;7.930278;3376.80
2022;6;33;IV.Resultado Economico Neto de Remesas;12276.83;8.279972;7.930278;156598.78
2022;6;32;Remesas EMT;101.67;8.279972;7.930278;1296.87
2022;6;31;Remesas ATM;316.85;8.279972;7.930278;4041.62
2022;6;30;Resultado Economico con Remesas;12695.35;8.279972;7.930278;161937.27
2022;6;29;Otras Erogaciones Corrientes;2.00;8.279972;7.930278;25.51
2022;6;28;Otras Transferencias;4885.14;8.279972;7.930278;62313.07
2022;6;27;Municipios;5669.01;8.279972;7.930278;72311.83
2022;6;26;Transferencias a Municipios y Otros;10554.15;8.279972;7.930278;134624.90
2022;6;25;Intereses y Gastos de la Deuda;1502.41;8.279972;7.930278;19164.20
2022;6;24;Otros Servicios;2539.34;8.279972;7.930278;32390.90
2022;6;23;Bienes Corrientes;1069.09;8.279972;7.930278;13636.92
2022;6;22;Locaciones de Servicio;53.03;8.279972;7.930278;676.43
2022;6;21;Personal;19123.36;8.279972;7.930278;243930.63
2022;6;20;Erogaciones Corrientes;34843.38;8.279972;7.930278;444449.50
2022;6;19;Aportes no Reintegrables;1053.40;8.279972;7.930278;13436.79
2022;6;18;Coparticipacion Vial;67.96;8.279972;7.930278;866.87
2022;6;17;Ley 25.053 Fdo. Nac. de Incentivo Docente;372.38;8.279972;7.930278;4749.94
2022;6;16;Regimenes Especiales Nacionales s/Financ. Educativo;5983.79;8.279972;7.930278;76327.05
2022;6;15;Coparticipacion Federal + Financ. Educativo;23681.46;8.279972;7.930278;302072.10
2022;6;14;De Origen Nacional;31158.99;8.279972;7.930278;397452.76
2022;6;13;Otros no Tributarios;2496.94;8.279972;7.930278;31850.06
2022;6;12;Remesas del Instituto de Juegos y Casino;40.00;8.279972;7.930278;510.23
2022;6;11;Tasas Retributivas de Servicios;496.88;8.279972;7.930278;6338.02
2022;6;10;Regalias;1690.30;8.279972;7.930278;21560.85
2022;6;9;No Tributarios;4724.12;8.279972;7.930278;60259.16
2022;6;8;Otros Tributarios;37.51;8.279972;7.930278;478.46
2022;6;7;Sellos y Tasas de Justicia;1079.91;8.279972;7.930278;13774.94
2022;6;6;Inmobiliario;279.67;8.279972;7.930278;3567.37
2022;6;5;Automotor;849.12;8.279972;7.930278;10831.07
2022;6;4;Ingresos Brutos;9409.41;8.279972;7.930278;120023.02
2022;6;3;Tributarios;11655.62;8.279972;7.930278;148674.85
2022;6;2;De Origen Provincial;16379.74;8.279972;7.930278;208934.01
2022;6;1;Recursos Corrientes;47538.73;8.279972;7.930278;606386.77
2022;7;55;Resultado Operativo - Amortizacion de la D Consolidada;12746.06;8.887017;8.517610;151478.49
2022;7;54;Amortizacion de la Deuda Consolidada;1050.00;8.887017;8.517610;12478.56
2022;7;53;IX. Resultado Operativo (VIII-IX);13796.06;8.887017;8.517610;163957.04
2022;7;52;VIII. Egresos Totales (II+V+VI+VII);33980.89;8.887017;8.517610;403840.39
2022;7;51;VII. Ingresos Totales (I+IV);47776.95;8.887017;8.517610;567797.43
2022;7;50;Otros;28.83;8.887017;8.517610;342.63
2022;7;49;Compra de Acciones, Titulos, Valores, Otros;0.00;8.887017;8.517610;0.00
2022;7;48;Prestamos;27.02;8.887017;8.517610;321.11
2022;7;47;Inversion Financiera;55.85;8.887017;8.517610;663.74
2022;7;46;al Sector Privado;0.00;8.887017;8.517610;0.00
2022;7;45;al Sector Publico+Remesas al IPV;658.51;8.887017;8.517610;7825.96
2022;7;44;Transferencias para financiar Erogaciones de Capital;658.51;8.887017;8.517610;7825.96
2022;7;43;Trabajos Publicos;1294.80;8.887017;8.517610;15387.84
2022;7;42;Bienes de Capital;185.19;8.887017;8.517610;2200.86
2022;7;41;VI. Erogaciones de Capital;2194.35;8.887017;8.517610;26078.40
2022;7;40;Resto Otros Recursos de Capital;0.01;8.887017;8.517610;0.12
2022;7;39;Fondo Residual;1.46;8.887017;8.517610;17.35
2022;7;38;Venta de Acciones;0.00;8.887017;8.517610;0.00
2022;7;37;Otros Recursos de Capital;6875.29;8.887017;8.517610;81708.27
2022;7;36;Reembolsos de Prestamos;5.12;8.887017;8.517610;60.85
2022;7;35;Reembolsos de Obras Publicas;0.00;8.887017;8.517610;0.00
2022;7;34;V. Recursos de Capital;6880.41;8.887017;8.517610;81769.12
2022;7;33;IV.Resultado Economico Neto de Remesas;9110.00;8.887017;8.517610;108266.32
2022;7;32;Remesas EMT;395.89;8.887017;8.517610;4704.89
2022;7;31;Remesas ATM;191.11;8.887017;8.517610;2271.22
2022;7;30;Resultado Economico con Remesas;9697.00;8.887017;8.517610;115242.43
2022;7;29;Otras Erogaciones Corrientes;2.00;8.887017;8.517610;23.77
2022;7;28;Otras Transferencias;4163.04;8.887017;8.517610;49474.98
2022;7;27;Municipios;6755.47;8.887017;8.517610;80284.29
2022;7;26;Transferencias a Municipios y Otros;10918.51;8.887017;8.517610;129759.26
2022;7;25;Intereses y Gastos de la Deuda;1173.92;8.887017;8.517610;13951.26
2022;7;24;Otros Servicios;2603.15;8.887017;8.517610;30936.71
2022;7;23;Bienes Corrientes;1431.17;8.887017;8.517610;17008.51
2022;7;22;Locaciones de Servicio;52.24;8.887017;8.517610;620.84
2022;7;21;Personal;15018.55;8.887017;8.517610;178485.53
2022;7;20;Erogaciones Corrientes;31199.54;8.887017;8.517610;370785.88
2022;7;19;Aportes no Reintegrables;1072.38;8.887017;8.517610;12744.53
2022;7;18;Coparticipacion Vial;0.00;8.887017;8.517610;0.00
2022;7;17;Ley 25.053 Fdo. Nac. de Incentivo Docente;398.57;8.887017;8.517610;4736.74
2022;7;16;Regimenes Especiales Nacionales s/Financ. Educativo;3462.07;8.887017;8.517610;41144.41
2022;7;15;Coparticipacion Federal + Financ. Educativo;17837.04;8.887017;8.517610;211981.41
2022;7;14;De Origen Nacional;22770.06;8.887017;8.517610;270607.09
2022;7;13;Otros no Tributarios;4464.70;8.887017;8.517610;53060.00
2022;7;12;Remesas del Instituto de Juegos y Casino;50.00;8.887017;8.517610;594.22
2022;7;11;Tasas Retributivas de Servicios;479.80;8.887017;8.517610;5702.11
2022;7;10;Regalias;1738.36;8.887017;8.517610;20659.26
2022;7;9;No Tributarios;6732.86;8.887017;8.517610;80015.58
2022;7;8;Otros Tributarios;41.84;8.887017;8.517610;497.24
2022;7;7;Sellos y Tasas de Justicia;1149.38;8.887017;8.517610;13659.62
2022;7;6;Inmobiliario;344.97;8.887017;8.517610;4099.74
2022;7;5;Automotor;695.45;8.887017;8.517610;8264.96
2022;7;4;Ingresos Brutos;9161.98;8.887017;8.517610;108884.07
2022;7;3;Tributarios;11393.62;8.887017;8.517610;135405.63
2022;7;2;De Origen Provincial;18126.48;8.887017;8.517610;215421.22
2022;7;1;Recursos Corrientes;40896.54;8.887017;8.517610;486028.31
2022;8;55;Resultado Operativo - Amortizacion de la D Consolidada;-715.86;9.460580;9.111316;-7991.74
2022;8;54;Amortizacion de la Deuda Consolidada;1315.69;9.460580;9.111316;14688.14
2022;8;53;IX. Resultado Operativo (VIII-IX);599.83;9.460580;9.111316;6696.40
2022;8;52;VIII. Egresos Totales (II+V+VI+VII);44071.65;9.460580;9.111316;492008.45
2022;8;51;VII. Ingresos Totales (I+IV);44671.48;9.460580;9.111316;498704.85
2022;8;50;Otros;863.95;9.460580;9.111316;9644.99
2022;8;49;Compra de Acciones, Titulos, Valores, Otros;0.00;9.460580;9.111316;0.00
2022;8;48;Prestamos;33.89;9.460580;9.111316;378.34
2022;8;47;Inversion Financiera;8003.76;9.460580;9.111316;89352.62
2022;8;46;al Sector Privado;0.00;9.460580;9.111316;0.00
2022;8;45;al Sector Publico+Remesas al IPV;1484.58;9.460580;9.111316;16573.60
2022;8;44;Transferencias para financiar Erogaciones de Capital;1484.58;9.460580;9.111316;16573.60
2022;8;43;Trabajos Publicos;1502.53;9.460580;9.111316;16773.99
2022;8;42;Bienes de Capital;150.91;9.460580;9.111316;1684.73
2022;8;41;VI. Erogaciones de Capital;11141.78;9.460580;9.111316;124384.95
2022;8;40;Resto Otros Recursos de Capital;25.72;9.460580;9.111316;287.13
2022;8;39;Fondo Residual;84.16;9.460580;9.111316;939.55
2022;8;38;Venta de Acciones;0.00;9.460580;9.111316;0.00
2022;8;37;Otros Recursos de Capital;109.88;9.460580;9.111316;1226.68
2022;8;36;Reembolsos de Prestamos;5.11;9.460580;9.111316;57.05
2022;8;35;Reembolsos de Obras Publicas;0.00;9.460580;9.111316;0.00
2022;8;34;V. Recursos de Capital;114.99;9.460580;9.111316;1283.73
2022;8;33;IV.Resultado Economico Neto de Remesas;11626.62;9.460580;9.111316;129797.62
2022;8;32;Remesas EMT;135.76;9.460580;9.111316;1515.60
2022;8;31;Remesas ATM;176.85;9.460580;9.111316;1974.32
2022;8;30;Resultado Economico con Remesas;11939.23;9.460580;9.111316;133287.54
2022;8;29;Otras Erogaciones Corrientes;2.00;9.460580;9.111316;22.33
2022;8;28;Otras Transferencias;4601.13;9.460580;9.111316;51366.24
2022;8;27;Municipios;6377.77;9.460580;9.111316;71200.35
2022;8;26;Transferencias a Municipios y Otros;10978.90;9.460580;9.111316;122566.58
2022;8;25;Intereses y Gastos de la Deuda;1531.02;9.460580;9.111316;17092.05
2022;8;24;Otros Servicios;3191.03;9.460580;9.111316;35624.12
2022;8;23;Bienes Corrientes;1335.85;9.460580;9.111316;14913.20
2022;8;22;Locaciones de Servicio;55.64;9.460580;9.111316;621.16
2022;8;21;Personal;15522.82;9.460580;9.111316;173294.14
2022;8;20;Erogaciones Corrientes;32617.26;9.460580;9.111316;364133.57
2022;8;19;Aportes no Reintegrables;1439.02;9.460580;9.111316;16064.98
2022;8;18;Coparticipacion Vial;160.44;9.460580;9.111316;1791.13
2022;8;17;Ley 25.053 Fdo. Nac. de Incentivo Docente;434.88;9.460580;9.111316;4854.93
2022;8;16;Regimenes Especiales Nacionales s/Financ. Educativo;3911.09;9.460580;9.111316;43662.75
2022;8;15;Coparticipacion Federal + Financ. Educativo;19528.21;9.460580;9.111316;218009.63
2022;8;14;De Origen Nacional;25473.64;9.460580;9.111316;284383.41
2022;8;13;Otros no Tributarios;3473.51;9.460580;9.111316;38777.68
2022;8;12;Remesas del Instituto de Juegos y Casino;100.00;9.460580;9.111316;1116.38
2022;8;11;Tasas Retributivas de Servicios;539.00;9.460580;9.111316;6017.30
2022;8;10;Regalias;1833.69;9.460580;9.111316;20471.01
2022;8;9;No Tributarios;5946.20;9.460580;9.111316;66382.37
2022;8;8;Otros Tributarios;46.84;9.460580;9.111316;522.91
2022;8;7;Sellos y Tasas de Justicia;1189.68;9.460580;9.111316;13281.39
2022;8;6;Inmobiliario;288.71;9.460580;9.111316;3223.11
2022;8;5;Automotor;930.44;9.460580;9.111316;10387.27
2022;8;4;Ingresos Brutos;10680.98;9.460580;9.111316;119240.65
2022;8;3;Tributarios;13136.65;9.460580;9.111316;146655.34
2022;8;2;De Origen Provincial;19082.85;9.460580;9.111316;213037.71
2022;8;1;Recursos Corrientes;44556.49;9.460580;9.111316;497421.12
2022;9;55;Resultado Operativo - Amortizacion de la D Consolidada;-639.76;10.034171;9.673076;-6733.90
2022;9;54;Amortizacion de la Deuda Consolidada;1322.86;10.034171;9.673076;13923.98
2022;9;53;IX. Resultado Operativo (VIII-IX);683.10;10.034171;9.673076;7190.08
2022;9;52;VIII. Egresos Totales (II+V+VI+VII);43151.93;10.034171;9.673076;454202.73
2022;9;51;VII. Ingresos Totales (I+IV);43835.03;10.034171;9.673076;461392.81
2022;9;50;Otros;1589.77;10.034171;9.673076;16733.39
2022;9;49;Compra de Acciones, Titulos, Valores, Otros;1151.57;10.034171;9.673076;12121.04
2022;9;48;Prestamos;276.99;10.034171;9.673076;2915.50
2022;9;47;Inversion Financiera;3018.33;10.034171;9.673076;31769.93
2022;9;46;al Sector Privado;0.00;10.034171;9.673076;0.00
2022;9;45;al Sector Publico+Remesas al IPV;1496.85;10.034171;9.673076;15755.34
2022;9;44;Transferencias para financiar Erogaciones de Capital;1496.85;10.034171;9.673076;15755.34
2022;9;43;Trabajos Publicos;1366.07;10.034171;9.673076;14378.79
2022;9;42;Bienes de Capital;133.32;10.034171;9.673076;1403.28
2022;9;41;VI. Erogaciones de Capital;6014.57;10.034171;9.673076;63307.34
2022;9;40;Resto Otros Recursos de Capital;0.23;10.034171;9.673076;2.42
2022;9;39;Fondo Residual;8.65;10.034171;9.673076;91.05
2022;9;38;Venta de Acciones;0.00;10.034171;9.673076;0.00
2022;9;37;Otros Recursos de Capital;8.88;10.034171;9.673076;93.47
2022;9;36;Reembolsos de Prestamos;2.50;10.034171;9.673076;26.31
2022;9;35;Reembolsos de Obras Publicas;0.00;10.034171;9.673076;0.00
2022;9;34;V. Recursos de Capital;11.38;10.034171;9.673076;119.78
2022;9;33;IV.Resultado Economico Neto de Remesas;6686.29;10.034171;9.673076;70377.64
2022;9;32;Remesas EMT;122.37;10.034171;9.673076;1288.03
2022;9;31;Remesas ATM;137.09;10.034171;9.673076;1442.96
2022;9;30;Resultado Economico con Remesas;6945.75;10.034171;9.673076;73108.63
2022;9;29;Otras Erogaciones Corrientes;2.00;10.034171;9.673076;21.05
2022;9;28;Otras Transferencias;4769.12;10.034171;9.673076;50198.16
2022;9;27;Municipios;7154.33;10.034171;9.673076;75304.08
2022;9;26;Transferencias a Municipios y Otros;11923.45;10.034171;9.673076;125502.23
2022;9;25;Intereses y Gastos de la Deuda;4126.66;10.034171;9.673076;43435.84
2022;9;24;Otros Servicios;2583.10;10.034171;9.673076;27188.84
2022;9;23;Bienes Corrientes;1689.32;10.034171;9.673076;17781.22
2022;9;22;Locaciones de Servicio;66.98;10.034171;9.673076;705.01
2022;9;21;Personal;16486.39;10.034171;9.673076;173530.21
2022;9;20;Erogaciones Corrientes;36877.90;10.034171;9.673076;388164.39
2022;9;19;Aportes no Reintegrables;683.94;10.034171;9.673076;7198.92
2022;9;18;Coparticipacion Vial;128.56;10.034171;9.673076;1353.18
2022;9;17;Ley 25.053 Fdo. Nac. de Incentivo Docente;430.35;10.034171;9.673076;4529.72
2022;9;16;Regimenes Especiales Nacionales s/Financ. Educativo;3823.23;10.034171;9.673076;40242.04
2022;9;15;Coparticipacion Federal + Financ. Educativo;19613.76;10.034171;9.673076;206447.85
2022;9;14;De Origen Nacional;24679.84;10.034171;9.673076;259771.71
2022;9;13;Otros no Tributarios;3489.41;10.034171;9.673076;36728.36
2022;9;12;Remesas del Instituto de Juegos y Casino;55.71;10.034171;9.673076;586.38
2022;9;11;Tasas Retributivas de Servicios;566.00;10.034171;9.673076;5957.53
2022;9;10;Regalias;2170.04;10.034171;9.673076;22841.11
2022;9;9;No Tributarios;6281.16;10.034171;9.673076;66113.38
2022;9;8;Otros Tributarios;51.80;10.034171;9.673076;545.23
2022;9;7;Sellos y Tasas de Justicia;1397.89;10.034171;9.673076;14713.72
2022;9;6;Inmobiliario;339.87;10.034171;9.673076;3577.36
2022;9;5;Automotor;627.68;10.034171;9.673076;6606.75
2022;9;4;Ingresos Brutos;10445.41;10.034171;9.673076;109944.88
2022;9;3;Tributarios;12862.65;10.034171;9.673076;135387.94
2022;9;2;De Origen Provincial;19143.81;10.034171;9.673076;201501.32
2022;9;1;Recursos Corrientes;43823.65;10.034171;9.673076;461273.03
2022;10;55;Resultado Operativo - Amortizacion de la D Consolidada;14464.77;10.634948;10.287060;143650.51
2022;10;54;Amortizacion de la Deuda Consolidada;939.30;10.634948;10.287060;9328.25
2022;10;53;IX. Resultado Operativo (VIII-IX);15404.07;10.634948;10.287060;152978.76
2022;10;52;VIII. Egresos Totales (II+V+VI+VII);42694.82;10.634948;10.287060;424004.85
2022;10;51;VII. Ingresos Totales (I+IV);58098.89;10.634948;10.287060;576983.61
2022;10;50;Otros;2214.65;10.634948;10.287060;21993.82
2022;10;49;Compra de Acciones, Titulos, Valores, Otros;0.00;10.634948;10.287060;0.00
2022;10;48;Prestamos;383.30;10.634948;10.287060;3806.58
2022;10;47;Inversion Financiera;2597.95;10.634948;10.287060;25800.40
2022;10;46;al Sector Privado;0.00;10.634948;10.287060;0.00
2022;10;45;al Sector Publico+Remesas al IPV;1911.11;10.634948;10.287060;18979.35
2022;10;44;Transferencias para financiar Erogaciones de Capital;1911.11;10.634948;10.287060;18979.35
2022;10;43;Trabajos Publicos;1416.63;10.634948;10.287060;14068.64
2022;10;42;Bienes de Capital;74.28;10.634948;10.287060;737.68
2022;10;41;VI. Erogaciones de Capital;5999.97;10.634948;10.287060;59586.07
2022;10;40;Resto Otros Recursos de Capital;47.12;10.634948;10.287060;467.95
2022;10;39;Fondo Residual;0.40;10.634948;10.287060;3.97
2022;10;38;Venta de Acciones;0.00;10.634948;10.287060;0.00
2022;10;37;Otros Recursos de Capital;9348.98;10.634948;10.287060;92845.29
2022;10;36;Reembolsos de Prestamos;1.64;10.634948;10.287060;16.29
2022;10;35;Reembolsos de Obras Publicas;0.00;10.634948;10.287060;0.00
2022;10;34;V. Recursos de Capital;9350.62;10.634948;10.287060;92861.58
2022;10;33;IV.Resultado Economico Neto de Remesas;12053.42;10.634948;10.287060;119703.25
2022;10;32;Remesas EMT;209.90;10.634948;10.287060;2084.53
2022;10;31;Remesas ATM;183.54;10.634948;10.287060;1822.75
2022;10;30;Resultado Economico con Remesas;12446.86;10.634948;10.287060;123610.52
2022;10;29;Otras Erogaciones Corrientes;2.00;10.634948;10.287060;19.86
2022;10;28;Otras Transferencias;5672.23;10.634948;10.287060;56331.26
2022;10;27;Municipios;7092.42;10.634948;10.287060;70435.25
2022;10;26;Transferencias a Municipios y Otros;12764.65;10.634948;10.287060;126766.52
2022;10;25;Intereses y Gastos de la Deuda;1142.42;10.634948;10.287060;11345.44
2022;10;24;Otros Servicios;3008.02;10.634948;10.287060;29872.83
2022;10;23;Bienes Corrientes;1655.51;10.634948;10.287060;16440.97
2022;10;22;Locaciones de Servicio;72.06;10.634948;10.287060;715.63
2022;10;21;Personal;17656.75;10.634948;10.287060;175350.26
2022;10;20;Erogaciones Corrientes;36301.41;10.634948;10.287060;360511.51
2022;10;19;Aportes no Reintegrables;1047.44;10.634948;10.287060;10402.19
2022;10;18;Coparticipacion Vial;78.24;10.634948;10.287060;777.01
2022;10;17;Ley 25.053 Fdo. Nac. de Incentivo Docente;485.38;10.634948;10.287060;4820.34
2022;10;16;Regimenes Especiales Nacionales s/Financ. Educativo;4229.67;10.634948;10.287060;42005.11
2022;10;15;Coparticipacion Federal + Financ. Educativo;20755.39;10.634948;10.287060;206123.04
2022;10;14;De Origen Nacional;26596.12;10.634948;10.287060;264127.68
2022;10;13;Otros no Tributarios;5310.88;10.634948;10.287060;52742.67
2022;10;12;Remesas del Instituto de Juegos y Casino;110.00;10.634948;10.287060;1092.42
2022;10;11;Tasas Retributivas de Servicios;588.17;10.634948;10.287060;5841.15
2022;10;10;Regalias;1773.14;10.634948;10.287060;17609.16
2022;10;9;No Tributarios;7782.19;10.634948;10.287060;77285.40
2022;10;8;Otros Tributarios;47.95;10.634948;10.287060;476.19
2022;10;7;Sellos y Tasas de Justicia;1216.70;10.634948;10.287060;12083.12
2022;10;6;Inmobiliario;318.04;10.634948;10.287060;3158.47
2022;10;5;Automotor;533.48;10.634948;10.287060;5298.02
2022;10;4;Ingresos Brutos;12253.79;10.634948;10.287060;121693.13
2022;10;3;Tributarios;14369.96;10.634948;10.287060;142708.95
2022;10;2;De Origen Provincial;22152.15;10.634948;10.287060;219994.35
2022;10;1;Recursos Corrientes;48748.27;10.634948;10.287060;484122.03
2022;11;55;Resultado Operativo - Amortizacion de la D Consolidada;-692.07;11.158732;10.792787;-6550.38
2022;11;54;Amortizacion de la Deuda Consolidada;1472.61;11.158732;10.792787;13938.11
2022;11;53;IX. Resultado Operativo (VIII-IX);780.54;11.158732;10.792787;7387.74
2022;11;52;VIII. Egresos Totales (II+V+VI+VII);49205.74;11.158732;10.792787;465727.55
2022;11;51;VII. Ingresos Totales (I+IV);49986.28;11.158732;10.792787;473115.29
2022;11;50;Otros;3604.39;11.158732;10.792787;34115.20
2022;11;49;Compra de Acciones, Titulos, Valores, Otros;200.00;11.158732;10.792787;1892.98
2022;11;48;Prestamos;256.94;11.158732;10.792787;2431.91
2022;11;47;Inversion Financiera;4061.33;11.158732;10.792787;38440.09
2022;11;46;al Sector Privado;0.00;11.158732;10.792787;0.00
2022;11;45;al Sector Publico+Remesas al IPV;2551.26;11.158732;10.792787;24147.43
2022;11;44;Transferencias para financiar Erogaciones de Capital;2551.26;11.158732;10.792787;24147.43
2022;11;43;Trabajos Publicos;1636.76;11.158732;10.792787;15491.77
2022;11;42;Bienes de Capital;68.05;11.158732;10.792787;644.09
2022;11;41;VI. Erogaciones de Capital;8317.40;11.158732;10.792787;78723.38
2022;11;40;Resto Otros Recursos de Capital;74.95;11.158732;10.792787;709.39
2022;11;39;Fondo Residual;2.52;11.158732;10.792787;23.85
2022;11;38;Venta de Acciones;0.00;11.158732;10.792787;0.00
2022;11;37;Otros Recursos de Capital;77.47;11.158732;10.792787;733.25
2022;11;36;Reembolsos de Prestamos;81.18;11.158732;10.792787;768.36
2022;11;35;Reembolsos de Obras Publicas;0.00;11.158732;10.792787;0.00
2022;11;34;V. Recursos de Capital;158.65;11.158732;10.792787;1501.61
2022;11;33;IV.Resultado Economico Neto de Remesas;8939.29;11.158732;10.792787;84609.51
2022;11;32;Remesas EMT;79.65;11.158732;10.792787;753.88
2022;11;31;Remesas ATM;298.49;11.158732;10.792787;2825.18
2022;11;30;Resultado Economico con Remesas;9317.43;11.158732;10.792787;88188.57
2022;11;29;Otras Erogaciones Corrientes;2.00;11.158732;10.792787;18.93
2022;11;28;Otras Transferencias;5955.93;11.158732;10.792787;56372.30
2022;11;27;Municipios;7294.95;11.158732;10.792787;69045.99
2022;11;26;Transferencias a Municipios y Otros;13250.88;11.158732;10.792787;125418.29
2022;11;25;Intereses y Gastos de la Deuda;1818.40;11.158732;10.792787;17210.98
2022;11;24;Otros Servicios;4837.54;11.158732;10.792787;45786.85
2022;11;23;Bienes Corrientes;1959.80;11.158732;10.792787;18549.32
2022;11;22;Locaciones de Servicio;67.58;11.158732;10.792787;639.64
2022;11;21;Personal;18574.00;11.158732;10.792787;175801.11
2022;11;20;Erogaciones Corrientes;40510.20;11.158732;10.792787;383425.11
2022;11;19;Aportes no Reintegrables;1428.60;11.158732;10.792787;13521.56
2022;11;18;Coparticipacion Vial;85.51;11.158732;10.792787;809.34
2022;11;17;Ley 25.053 Fdo. Nac. de Incentivo Docente;470.52;11.158732;10.792787;4453.43
2022;11;16;Regimenes Especiales Nacionales s/Financ. Educativo;4669.95;11.158732;10.792787;44200.62
2022;11;15;Coparticipacion Federal + Financ. Educativo;22580.60;11.158732;10.792787;213723.19
2022;11;14;De Origen Nacional;29235.18;11.158732;10.792787;276708.14
2022;11;13;Otros no Tributarios;3146.58;11.158732;10.792787;29782.07
2022;11;12;Remesas del Instituto de Juegos y Casino;164.37;11.158732;10.792787;1555.75
2022;11;11;Tasas Retributivas de Servicios;575.47;11.158732;10.792787;5446.77
2022;11;10;Regalias;2267.27;11.158732;10.792787;21459.49
2022;11;9;No Tributarios;6153.69;11.158732;10.792787;58244.08
2022;11;8;Otros Tributarios;32.39;11.158732;10.792787;306.57
2022;11;7;Sellos y Tasas de Justicia;1252.01;11.158732;10.792787;11850.15
2022;11;6;Inmobiliario;381.38;11.158732;10.792787;3609.72
2022;11;5;Automotor;527.50;11.158732;10.792787;4992.74
2022;11;4;Ingresos Brutos;12245.48;11.158732;10.792787;115902.28
2022;11;3;Tributarios;14438.76;11.158732;10.792787;136661.46
2022;11;2;De Origen Provincial;20592.45;11.158732;10.792787;194905.54
2022;11;1;Recursos Corrientes;49827.63;11.158732;10.792787;471613.68
2022;12;55;Resultado Operativo - Amortizacion de la D Consolidada;-44784.68;11.717081;11.345875;-403683.55
2022;12;54;Amortizacion de la Deuda Consolidada;4258.59;11.717081;11.345875;38386.40
2022;12;53;IX. Resultado Operativo (VIII-IX);-40526.09;11.717081;11.345875;-365297.15
2022;12;52;VIII. Egresos Totales (II+V+VI+VII);102878.35;11.717081;11.345875;927332.69
2022;12;51;VII. Ingresos Totales (I+IV);62352.26;11.717081;11.345875;562035.54
2022;12;50;Otros;5510.55;11.717081;11.345875;49671.41
2022;12;49;Compra de Acciones, Titulos, Valores, Otros;0.00;11.717081;11.345875;0.00
2022;12;48;Prestamos;1158.41;11.717081;11.345875;10441.76
2022;12;47;Inversion Financiera;15970.42;11.717081;11.345875;143955.39
2022;12;46;al Sector Privado;0.00;11.717081;11.345875;0.00
2022;12;45;al Sector Publico+Remesas al IPV;5990.01;11.717081;11.345875;53993.21
2022;12;44;Transferencias para financiar Erogaciones de Capital;5990.01;11.717081;11.345875;53993.21
2022;12;43;Trabajos Publicos;4130.43;11.717081;11.345875;37231.18
2022;12;42;Bienes de Capital;2935.53;11.717081;11.345875;26460.50
2022;12;41;VI. Erogaciones de Capital;29026.39;11.717081;11.345875;261640.28
2022;12;40;Resto Otros Recursos de Capital;214.71;11.717081;11.345875;1935.37
2022;12;39;Fondo Residual;1.15;11.717081;11.345875;10.37
2022;12;38;Venta de Acciones;0.00;11.717081;11.345875;0.00
2022;12;37;Otros Recursos de Capital;215.86;11.717081;11.345875;1945.74
2022;12;36;Reembolsos de Prestamos;1.83;11.717081;11.345875;16.50
2022;12;35;Reembolsos de Obras Publicas;0.00;11.717081;11.345875;0.00
2022;12;34;V. Recursos de Capital;217.69;11.717081;11.345875;1962.23
2022;12;33;IV.Resultado Economico Neto de Remesas;-11717.39;11.717081;11.345875;-105619.10
2022;12;32;Remesas EMT;184.23;11.717081;11.345875;1660.63
2022;12;31;Remesas ATM;546.51;11.717081;11.345875;4926.17
2022;12;30;Resultado Economico con Remesas;-10986.65;11.717081;11.345875;-99032.30
2022;12;29;Otras Erogaciones Corrientes;2.00;11.717081;11.345875;18.03
2022;12;28;Otras Transferencias;8765.16;11.717081;11.345875;79008.07
2022;12;27;Municipios;14765.12;11.717081;11.345875;133090.96
2022;12;26;Transferencias a Municipios y Otros;23530.28;11.717081;11.345875;212099.03
2022;12;25;Intereses y Gastos de la Deuda;3200.32;11.717081;11.345875;28847.29
2022;12;24;Otros Servicios;8735.44;11.717081;11.345875;78740.17
2022;12;23;Bienes Corrientes;3912.50;11.717081;11.345875;35266.79
2022;12;22;Locaciones de Servicio;101.09;11.717081;11.345875;911.21
2022;12;21;Personal;33639.59;11.717081;11.345875;303223.09
2022;12;20;Erogaciones Corrientes;73121.22;11.717081;11.345875;659105.61
2022;12;19;Aportes no Reintegrables;1440.60;11.717081;11.345875;12985.39
2022;12;18;Coparticipacion Vial;105.41;11.717081;11.345875;950.15
2022;12;17;Ley 25.053 Fdo. Nac. de Incentivo Docente;1134.52;11.717081;11.345875;10226.42
2022;12;16;Regimenes Especiales Nacionales s/Financ. Educativo;4907.88;11.717081;11.345875;44239.02
2022;12;15;Coparticipacion Federal + Financ. Educativo;26338.60;11.717081;11.345875;237412.87
2022;12;14;De Origen Nacional;33927.01;11.717081;11.345875;305813.86
2022;12;13;Otros no Tributarios;8763.91;11.717081;11.345875;78996.80
2022;12;12;Remesas del Instituto de Juegos y Casino;0.00;11.717081;11.345875;0.00
2022;12;11;Tasas Retributivas de Servicios;609.46;11.717081;11.345875;5493.60
2022;12;10;Regalias;2343.29;11.717081;11.345875;21122.13
2022;12;9;No Tributarios;11716.66;11.717081;11.345875;105612.52
2022;12;8;Otros Tributarios;26.43;11.717081;11.345875;238.24
2022;12;7;Sellos y Tasas de Justicia;1419.88;11.717081;11.345875;12798.62
2022;12;6;Inmobiliario;464.82;11.717081;11.345875;4189.83
2022;12;5;Automotor;873.82;11.717081;11.345875;7876.51
2022;12;4;Ingresos Brutos;13705.95;11.717081;11.345875;123543.73
2022;12;3;Tributarios;16490.90;11.717081;11.345875;148646.93
2022;12;2;De Origen Provincial;28207.56;11.717081;11.345875;254259.45
2022;12;1;Recursos Corrientes;62134.57;11.717081;11.345875;560073.31
2023;1;55;Resultado Operativo - Amortizacion de la D Consolidada;17419.39;12.461488;12.029790;147636.60
2023;1;54;Amortizacion de la Deuda Consolidada;1371.85;12.461488;12.029790;11627.00
2023;1;53;IX. Resultado Operativo (VIII-IX);18791.24;12.461488;12.029790;159263.61
2023;1;52;VIII. Egresos Totales (II+V+VI+VII);34738.62;12.461488;12.029790;294424.31
2023;1;51;VII. Ingresos Totales (I+IV);53529.86;12.461488;12.029790;453687.92
2023;1;50;Otros;112.26;12.461488;12.029790;951.45
2023;1;49;Compra de Acciones, Titulos, Valores, Otros;0.00;12.461488;12.029790;0.00
2023;1;48;Prestamos;12.83;12.461488;12.029790;108.74
2023;1;47;Inversion Financiera;125.09;12.461488;12.029790;1060.19
2023;1;46;al Sector Privado;0.00;12.461488;12.029790;0.00
2023;1;45;al Sector Publico+Remesas al IPV;63.21;12.461488;12.029790;535.73
2023;1;44;Transferencias para financiar Erogaciones de Capital;63.21;12.461488;12.029790;535.73
2023;1;43;Trabajos Publicos;206.88;12.461488;12.029790;1753.39
2023;1;42;Bienes de Capital;11.68;12.461488;12.029790;98.99
2023;1;41;VI. Erogaciones de Capital;406.86;12.461488;12.029790;3448.31
2023;1;40;Resto Otros Recursos de Capital;1.52;12.461488;12.029790;12.88
2023;1;39;Fondo Residual;0.00;12.461488;12.029790;0.00
2023;1;38;Venta de Acciones;0.00;12.461488;12.029790;0.00
2023;1;37;Otros Recursos de Capital;1.52;12.461488;12.029790;12.88
2023;1;36;Reembolsos de Prestamos;1.65;12.461488;12.029790;13.98
2023;1;35;Reembolsos de Obras Publicas;0.00;12.461488;12.029790;0.00
2023;1;34;V. Recursos de Capital;3.17;12.461488;12.029790;26.87
2023;1;33;IV.Resultado Economico Neto de Remesas;19194.93;12.461488;12.029790;162685.05
2023;1;32;Remesas EMT;109.37;12.461488;12.029790;926.96
2023;1;31;Remesas ATM;131.34;12.461488;12.029790;1113.16
2023;1;30;Resultado Economico con Remesas;19435.64;12.461488;12.029790;164725.17
2023;1;29;Otras Erogaciones Corrientes;4.00;12.461488;12.029790;33.90
2023;1;28;Otras Transferencias;5471.73;12.461488;12.029790;46375.20
2023;1;27;Municipios;6170.66;12.461488;12.029790;52298.92
2023;1;26;Transferencias a Municipios y Otros;11642.39;12.461488;12.029790;98674.12
2023;1;25;Intereses y Gastos de la Deuda;1330.86;12.461488;12.029790;11279.59
2023;1;24;Otros Servicios;1232.36;12.461488;12.029790;10444.77
2023;1;23;Bienes Corrientes;462.63;12.461488;12.029790;3920.98
2023;1;22;Locaciones de Servicio;80.92;12.461488;12.029790;685.83
2023;1;21;Personal;19337.89;12.461488;12.029790;163896.69
2023;1;20;Erogaciones Corrientes;34091.05;12.461488;12.029790;288935.89
2023;1;19;Aportes no Reintegrables;1716.88;12.461488;12.029790;14551.28
2023;1;18;Coparticipacion Vial;69.42;12.461488;12.029790;588.36
2023;1;17;Ley 25.053 Fdo. Nac. de Incentivo Docente;80.82;12.461488;12.029790;684.98
2023;1;16;Regimenes Especiales Nacionales s/Financ. Educativo;4274.66;12.461488;12.029790;36229.53
2023;1;15;Coparticipacion Federal + Financ. Educativo;23771.35;12.461488;12.029790;201472.12
2023;1;14;De Origen Nacional;29913.13;12.461488;12.029790;253526.27
2023;1;13;Otros no Tributarios;4329.54;12.461488;12.029790;36694.66
2023;1;12;Remesas del Instituto de Juegos y Casino;0.00;12.461488;12.029790;0.00
2023;1;11;Tasas Retributivas de Servicios;658.11;12.461488;12.029790;5577.76
2023;1;10;Regalias;2485.27;12.461488;12.029790;21063.70
2023;1;9;No Tributarios;7472.92;12.461488;12.029790;63336.12
2023;1;8;Otros Tributarios;84.47;12.461488;12.029790;715.92
2023;1;7;Sellos y Tasas de Justicia;1435.72;12.461488;12.029790;12168.33
2023;1;6;Inmobiliario;156.56;12.461488;12.029790;1326.91
2023;1;5;Automotor;465.53;12.461488;12.029790;3945.56
2023;1;4;Ingresos Brutos;13998.36;12.461488;12.029790;118641.95
2023;1;3;Tributarios;16140.64;12.461488;12.029790;136798.66
2023;1;2;De Origen Provincial;23613.56;12.461488;12.029790;200134.78
2023;1;1;Recursos Corrientes;53526.69;12.461488;12.029790;453661.05
2023;2;55;Resultado Operativo - Amortizacion de la D Consolidada;27313.30;13.299144;12.827091;216910.96
2023;2;54;Amortizacion de la Deuda Consolidada;1661.32;13.299144;12.827091;13193.52
2023;2;53;IX. Resultado Operativo (VIII-IX);28974.62;13.299144;12.827091;230104.48
2023;2;52;VIII. Egresos Totales (II+V+VI+VII);41324.31;13.299144;12.827091;328180.62
2023;2;51;VII. Ingresos Totales (I+IV);70298.93;13.299144;12.827091;558285.10
2023;2;50;Otros;2001.67;13.299144;12.827091;15896.44
2023;2;49;Compra de Acciones, Titulos, Valores, Otros;0.00;13.299144;12.827091;0.00
2023;2;48;Prestamos;2.01;13.299144;12.827091;15.96
2023;2;47;Inversion Financiera;2003.68;13.299144;12.827091;15912.40
2023;2;46;al Sector Privado;0.00;13.299144;12.827091;0.00
2023;2;45;al Sector Publico+Remesas al IPV;68.14;13.299144;12.827091;541.14
2023;2;44;Transferencias para financiar Erogaciones de Capital;68.14;13.299144;12.827091;541.14
2023;2;43;Trabajos Publicos;192.63;13.299144;12.827091;1529.79
2023;2;42;Bienes de Capital;120.21;13.299144;12.827091;954.66
2023;2;41;VI. Erogaciones de Capital;2384.66;13.299144;12.827091;18937.99
2023;2;40;Resto Otros Recursos de Capital;0.00;13.299144;12.827091;0.00
2023;2;39;Fondo Residual;0.90;13.299144;12.827091;7.15
2023;2;38;Venta de Acciones;0.00;13.299144;12.827091;0.00
2023;2;37;Otros Recursos de Capital;18285.69;13.299144;12.827091;145217.41
2023;2;36;Reembolsos de Prestamos;1.76;13.299144;12.827091;13.98
2023;2;35;Reembolsos de Obras Publicas;0.00;13.299144;12.827091;0.00
2023;2;34;V. Recursos de Capital;18287.45;13.299144;12.827091;145231.38
2023;2;33;IV.Resultado Economico Neto de Remesas;13071.83;13.299144;12.827091;103811.08
2023;2;32;Remesas EMT;95.42;13.299144;12.827091;757.79
2023;2;31;Remesas ATM;138.03;13.299144;12.827091;1096.18
2023;2;30;Resultado Economico con Remesas;13305.28;13.299144;12.827091;105665.04
2023;2;29;Otras Erogaciones Corrientes;4.00;13.299144;12.827091;31.77
2023;2;28;Otras Transferencias;4700.68;13.299144;12.827091;37330.86
2023;2;27;Municipios;3947.16;13.299144;12.827091;31346.72
2023;2;26;Transferencias a Municipios y Otros;8647.84;13.299144;12.827091;68677.58
2023;2;25;Intereses y Gastos de la Deuda;1730.23;13.299144;12.827091;13740.77
2023;2;24;Otros Servicios;2266.78;13.299144;12.827091;18001.83
2023;2;23;Bienes Corrientes;1128.77;13.299144;12.827091;8964.23
2023;2;22;Locaciones de Servicio;102.45;13.299144;12.827091;813.62
2023;2;21;Personal;24826.13;13.299144;12.827091;197158.88
2023;2;20;Erogaciones Corrientes;38706.20;13.299144;12.827091;307388.67
2023;2;19;Aportes no Reintegrables;639.26;13.299144;12.827091;5076.74
2023;2;18;Coparticipacion Vial;102.08;13.299144;12.827091;810.68
2023;2;17;Ley 25.053 Fdo. Nac. de Incentivo Docente;720.39;13.299144;12.827091;5721.04
2023;2;16;Regimenes Especiales Nacionales s/Financ. Educativo;3807.43;13.299144;12.827091;30237.04
2023;2;15;Coparticipacion Federal + Financ. Educativo;20967.50;13.299144;12.827091;166515.23
2023;2;14;De Origen Nacional;26236.66;13.299144;12.827091;208360.73
2023;2;13;Otros no Tributarios;4556.66;13.299144;12.827091;36187.11
2023;2;12;Remesas del Instituto de Juegos y Casino;166.18;13.299144;12.827091;1319.73
2023;2;11;Tasas Retributivas de Servicios;744.47;13.299144;12.827091;5912.27
2023;2;10;Regalias;2150.60;13.299144;12.827091;17079.18
2023;2;9;No Tributarios;7617.91;13.299144;12.827091;60498.30
2023;2;8;Otros Tributarios;32.23;13.299144;12.827091;255.96
2023;2;7;Sellos y Tasas de Justicia;1311.12;13.299144;12.827091;10412.37
2023;2;6;Inmobiliario;1809.31;13.299144;12.827091;14368.79
2023;2;5;Automotor;1271.38;13.299144;12.827091;10096.78
2023;2;4;Ingresos Brutos;13732.87;13.299144;12.827091;109060.79
2023;2;3;Tributarios;18156.91;13.299144;12.827091;144194.69
2023;2;2;De Origen Provincial;25774.82;13.299144;12.827091;204692.99
2023;2;1;Recursos Corrientes;52011.48;13.299144;12.827091;413053.72
2023;3;55;Resultado Operativo - Amortizacion de la D Consolidada;-3582.65;14.344221;13.811601;-26379.01
2023;3;54;Amortizacion de la Deuda Consolidada;11329.71;14.344221;13.811601;83420.51
2023;3;53;IX. Resultado Operativo (VIII-IX);7747.06;14.344221;13.811601;57041.50
2023;3;52;VIII. Egresos Totales (II+V+VI+VII);60539.44;14.344221;13.811601;445751.12
2023;3;51;VII. Ingresos Totales (I+IV);68286.50;14.344221;13.811601;502792.62
2023;3;50;Otros;1171.99;14.344221;13.811601;8629.35
2023;3;49;Compra de Acciones, Titulos, Valores, Otros;0.00;14.344221;13.811601;0.00
2023;3;48;Prestamos;26.87;14.344221;13.811601;197.84
2023;3;47;Inversion Financiera;1198.86;14.344221;13.811601;8827.19
2023;3;46;al Sector Privado;0.00;14.344221;13.811601;0.00
2023;3;45;al Sector Publico+Remesas al IPV;2468.08;14.344221;13.811601;18172.44
2023;3;44;Transferencias para financiar Erogaciones de Capital;2468.08;14.344221;13.811601;18172.44
2023;3;43;Trabajos Publicos;2677.37;14.344221;13.811601;19713.44
2023;3;42;Bienes de Capital;161.30;14.344221;13.811601;1187.65
2023;3;41;VI. Erogaciones de Capital;6505.61;14.344221;13.811601;47900.72
2023;3;40;Resto Otros Recursos de Capital;6.54;14.344221;13.811601;48.15
2023;3;39;Fondo Residual;6.19;14.344221;13.811601;45.58
2023;3;38;Venta de Acciones;0.00;14.344221;13.811601;0.00
2023;3;37;Otros Recursos de Capital;12.73;14.344221;13.811601;93.73
2023;3;36;Reembolsos de Prestamos;1.70;14.344221;13.811601;12.52
2023;3;35;Reembolsos de Obras Publicas;0.00;14.344221;13.811601;0.00
2023;3;34;V. Recursos de Capital;14.43;14.344221;13.811601;106.25
2023;3;33;IV.Resultado Economico Neto de Remesas;14238.24;14.344221;13.811601;104835.98
2023;3;32;Remesas EMT;97.31;14.344221;13.811601;716.49
2023;3;31;Remesas ATM;141.90;14.344221;13.811601;1044.81
2023;3;30;Resultado Economico con Remesas;14477.45;14.344221;13.811601;106597.28
2023;3;29;Otras Erogaciones Corrientes;4.00;14.344221;13.811601;29.45
2023;3;28;Otras Transferencias;6746.47;14.344221;13.811601;49674.17
2023;3;27;Municipios;9043.16;14.344221;13.811601;66584.67
2023;3;26;Transferencias a Municipios y Otros;15789.63;14.344221;13.811601;116258.84
2023;3;25;Intereses y Gastos de la Deuda;5654.06;14.344221;13.811601;41630.77
2023;3;24;Otros Servicios;4712.65;14.344221;13.811601;34699.18
2023;3;23;Bienes Corrientes;3043.44;14.344221;13.811601;22408.81
2023;3;22;Locaciones de Servicio;89.66;14.344221;13.811601;660.17
2023;3;21;Personal;24501.18;14.344221;13.811601;180401.87
2023;3;20;Erogaciones Corrientes;53794.62;14.344221;13.811601;396089.10
2023;3;19;Aportes no Reintegrables;1608.34;14.344221;13.811601;11842.19
2023;3;18;Coparticipacion Vial;57.14;14.344221;13.811601;420.72
2023;3;17;Ley 25.053 Fdo. Nac. de Incentivo Docente;720.39;14.344221;13.811601;5304.22
2023;3;16;Regimenes Especiales Nacionales s/Financ. Educativo;4099.17;14.344221;13.811601;30182.14
2023;3;15;Coparticipacion Federal + Financ. Educativo;29228.92;14.344221;13.811601;215212.16
2023;3;14;De Origen Nacional;35713.96;14.344221;13.811601;262961.43
2023;3;13;Otros no Tributarios;5809.81;14.344221;13.811601;42777.56
2023;3;12;Remesas del Instituto de Juegos y Casino;85.24;14.344221;13.811601;627.62
2023;3;11;Tasas Retributivas de Servicios;978.01;14.344221;13.811601;7201.08
2023;3;10;Regalias;2895.30;14.344221;13.811601;21318.06
2023;3;9;No Tributarios;9768.36;14.344221;13.811601;71924.31
2023;3;8;Otros Tributarios;114.35;14.344221;13.811601;841.96
2023;3;7;Sellos y Tasas de Justicia;1739.96;14.344221;13.811601;12811.30
2023;3;6;Inmobiliario;1340.97;14.344221;13.811601;9873.54
2023;3;5;Automotor;3329.82;14.344221;13.811601;24517.42
2023;3;4;Ingresos Brutos;16264.65;14.344221;13.811601;119756.41
2023;3;3;Tributarios;22789.75;14.344221;13.811601;167800.64
2023;3;2;De Origen Provincial;32558.11;14.344221;13.811601;239724.95
2023;3;1;Recursos Corrientes;68272.07;14.344221;13.811601;502686.37
2023;4;55;Resultado Operativo - Amortizacion de la D Consolidada;7964.98;15.380630;14.972147;54694.24
2023;4;54;Amortizacion de la Deuda Consolidada;1716.47;15.380630;14.972147;11786.72
2023;4;53;IX. Resultado Operativo (VIII-IX);9681.45;15.380630;14.972147;66480.96
2023;4;52;VIII. Egresos Totales (II+V+VI+VII);62424.45;15.380630;14.972147;428658.67
2023;4;51;VII. Ingresos Totales (I+IV);72105.90;15.380630;14.972147;495139.63
2023;4;50;Otros;1300.92;15.380630;14.972147;8933.21
2023;4;49;Compra de Acciones, Titulos, Valores, Otros;0.00;15.380630;14.972147;0.00
2023;4;48;Prestamos;15.44;15.380630;14.972147;106.02
2023;4;47;Inversion Financiera;1316.36;15.380630;14.972147;9039.23
2023;4;46;al Sector Privado;0.00;15.380630;14.972147;0.00
2023;4;45;al Sector Publico+Remesas al IPV;2670.92;15.380630;14.972147;18340.78
2023;4;44;Transferencias para financiar Erogaciones de Capital;2670.92;15.380630;14.972147;18340.78
2023;4;43;Trabajos Publicos;3045.23;15.380630;14.972147;20911.11
2023;4;42;Bienes de Capital;700.39;15.380630;14.972147;4809.47
2023;4;41;VI. Erogaciones de Capital;7732.90;15.380630;14.972147;53100.58
2023;4;40;Resto Otros Recursos de Capital;171.49;15.380630;14.972147;1177.59
2023;4;39;Fondo Residual;0.51;15.380630;14.972147;3.50
2023;4;38;Venta de Acciones;0.00;15.380630;14.972147;0.00
2023;4;37;Otros Recursos de Capital;172.00;15.380630;14.972147;1181.10
2023;4;36;Reembolsos de Prestamos;368.33;15.380630;14.972147;2529.26
2023;4;35;Reembolsos de Obras Publicas;0.00;15.380630;14.972147;0.00
2023;4;34;V. Recursos de Capital;540.33;15.380630;14.972147;3710.36
2023;4;33;IV.Resultado Economico Neto de Remesas;16874.02;15.380630;14.972147;115871.18
2023;4;32;Remesas EMT;109.10;15.380630;14.972147;749.17
2023;4;31;Remesas ATM;158.86;15.380630;14.972147;1090.87
2023;4;30;Resultado Economico con Remesas;17141.98;15.380630;14.972147;117711.22
2023;4;29;Otras Erogaciones Corrientes;4.00;15.380630;14.972147;27.47
2023;4;28;Otras Transferencias;8408.06;15.380630;14.972147;57736.80
2023;4;27;Municipios;9891.29;15.380630;14.972147;67921.90
2023;4;26;Transferencias a Municipios y Otros;18299.35;15.380630;14.972147;125658.70
2023;4;25;Intereses y Gastos de la Deuda;1305.86;15.380630;14.972147;8967.13
2023;4;24;Otros Servicios;5110.51;15.380630;14.972147;35093.05
2023;4;23;Bienes Corrientes;2250.70;15.380630;14.972147;15455.20
2023;4;22;Locaciones de Servicio;93.68;15.380630;14.972147;643.29
2023;4;21;Personal;27359.49;15.380630;14.972147;187873.22
2023;4;20;Erogaciones Corrientes;54423.59;15.380630;14.972147;373718.05
2023;4;19;Aportes no Reintegrables;1152.28;15.380630;14.972147;7912.52
2023;4;18;Coparticipacion Vial;88.62;15.380630;14.972147;608.54
2023;4;17;Ley 25.053 Fdo. Nac. de Incentivo Docente;861.36;15.380630;14.972147;5914.82
2023;4;16;Regimenes Especiales Nacionales s/Financ. Educativo;4384.00;15.380630;14.972147;30104.22
2023;4;15;Coparticipacion Federal + Financ. Educativo;29067.90;15.380630;14.972147;199604.60
2023;4;14;De Origen Nacional;35554.16;15.380630;14.972147;244144.70
2023;4;13;Otros no Tributarios;11910.22;15.380630;14.972147;81785.57
2023;4;12;Remesas del Instituto de Juegos y Casino;160.00;15.380630;14.972147;1098.69
2023;4;11;Tasas Retributivas de Servicios;860.68;15.380630;14.972147;5910.15
2023;4;10;Regalias;2861.88;15.380630;14.972147;19652.07
2023;4;9;No Tributarios;15792.78;15.380630;14.972147;108446.48
2023;4;8;Otros Tributarios;39.28;15.380630;14.972147;269.73
2023;4;7;Sellos y Tasas de Justicia;1467.70;15.380630;14.972147;10078.46
2023;4;6;Inmobiliario;657.34;15.380630;14.972147;4513.85
2023;4;5;Automotor;1479.87;15.380630;14.972147;10162.03
2023;4;4;Ingresos Brutos;16574.44;15.380630;14.972147;113814.02
2023;4;3;Tributarios;20218.63;15.380630;14.972147;138838.08
2023;4;2;De Origen Provincial;36011.41;15.380630;14.972147;247284.57
2023;4;1;Recursos Corrientes;71565.57;15.380630;14.972147;491429.27
2023;5;55;Resultado Operativo - Amortizacion de la D Consolidada;12819.91;16.529055;16.135895;81915.85
2023;5;54;Amortizacion de la Deuda Consolidada;2123.95;16.529055;16.135895;13571.48
2023;5;53;IX. Resultado Operativo (VIII-IX);14943.86;16.529055;16.135895;95487.34
2023;5;52;VIII. Egresos Totales (II+V+VI+VII);91228.06;16.529055;16.135895;582923.31
2023;5;51;VII. Ingresos Totales (I+IV);106171.92;16.529055;16.135895;678410.65
2023;5;50;Otros;696.93;16.529055;16.135895;4453.20
2023;5;49;Compra de Acciones, Titulos, Valores, Otros;5610.00;16.529055;16.135895;35846.42
2023;5;48;Prestamos;16.15;16.529055;16.135895;103.19
2023;5;47;Inversion Financiera;24607.87;16.529055;16.135895;157237.82
2023;5;46;al Sector Privado;0.00;16.529055;16.135895;0.00
2023;5;45;al Sector Publico+Remesas al IPV;2533.30;16.529055;16.135895;16187.12
2023;5;44;Transferencias para financiar Erogaciones de Capital;2533.30;16.529055;16.135895;16187.12
2023;5;43;Trabajos Publicos;3456.29;16.529055;16.135895;22084.78
2023;5;42;Bienes de Capital;692.66;16.529055;16.135895;4425.92
2023;5;41;VI. Erogaciones de Capital;31290.12;16.529055;16.135895;199935.64
2023;5;40;Resto Otros Recursos de Capital;2.27;16.529055;16.135895;14.50
2023;5;39;Fondo Residual;0.00;16.529055;16.135895;0.00
2023;5;38;Venta de Acciones;0.00;16.529055;16.135895;0.00
2023;5;37;Otros Recursos de Capital;26050.21;16.529055;16.135895;166453.99
2023;5;36;Reembolsos de Prestamos;98.78;16.529055;16.135895;631.18
2023;5;35;Reembolsos de Obras Publicas;0.00;16.529055;16.135895;0.00
2023;5;34;V. Recursos de Capital;26148.99;16.529055;16.135895;167085.17
2023;5;33;IV.Resultado Economico Neto de Remesas;20084.99;16.529055;16.135895;128337.80
2023;5;32;Remesas EMT;312.15;16.529055;16.135895;1994.56
2023;5;31;Remesas ATM;218.82;16.529055;16.135895;1398.20
2023;5;30;Resultado Economico con Remesas;20615.96;16.529055;16.135895;131730.56
2023;5;29;Otras Erogaciones Corrientes;4.00;16.529055;16.135895;25.56
2023;5;28;Otras Transferencias;7456.47;16.529055;16.135895;47644.88
2023;5;27;Municipios;10719.36;16.529055;16.135895;68493.89
2023;5;26;Transferencias a Municipios y Otros;18175.83;16.529055;16.135895;116138.77
2023;5;25;Intereses y Gastos de la Deuda;1859.68;16.529055;16.135895;11882.87
2023;5;24;Otros Servicios;7456.77;16.529055;16.135895;47646.80
2023;5;23;Bienes Corrientes;2781.08;16.529055;16.135895;17770.37
2023;5;22;Locaciones de Servicio;96.63;16.529055;16.135895;617.44
2023;5;21;Personal;29032.98;16.529055;16.135895;185513.11
2023;5;20;Erogaciones Corrientes;59406.97;16.529055;16.135895;379594.92
2023;5;19;Aportes no Reintegrables;1109.70;16.529055;16.135895;7090.69
2023;5;18;Coparticipacion Vial;107.63;16.529055;16.135895;687.73
2023;5;17;Ley 25.053 Fdo. Nac. de Incentivo Docente;861.36;16.529055;16.135895;5503.86
2023;5;16;Regimenes Especiales Nacionales s/Financ. Educativo;6805.61;16.529055;16.135895;43486.06
2023;5;15;Coparticipacion Federal + Financ. Educativo;35314.78;16.529055;16.135895;225652.16
2023;5;14;De Origen Nacional;44199.08;16.529055;16.135895;282420.50
2023;5;13;Otros no Tributarios;8814.84;16.529055;16.135895;56324.51
2023;5;12;Remesas del Instituto de Juegos y Casino;100.00;16.529055;16.135895;638.97
2023;5;11;Tasas Retributivas de Servicios;1020.37;16.529055;16.135895;6519.90
2023;5;10;Regalias;2991.64;16.529055;16.135895;19115.79
2023;5;9;No Tributarios;12926.85;16.529055;16.135895;82599.17
2023;5;8;Otros Tributarios;80.13;16.529055;16.135895;512.01
2023;5;7;Sellos y Tasas de Justicia;2302.28;16.529055;16.135895;14710.96
2023;5;6;Inmobiliario;449.65;16.529055;16.135895;2873.15
2023;5;5;Automotor;1394.27;16.529055;16.135895;8909.02
2023;5;4;Ingresos Brutos;18670.67;16.529055;16.135895;119300.67
2023;5;3;Tributarios;22897.00;16.529055;16.135895;146305.81
2023;5;2;De Origen Provincial;35823.85;16.529055;16.135895;228904.98
2023;5;1;Recursos Corrientes;80022.93;16.529055;16.135895;511325.48
2023;6;55;Resultado Operativo - Amortizacion de la D Consolidada;-44920.16;17.405995;17.096115;-272567.11
2023;6;54;Amortizacion de la Deuda Consolidada;4149.11;17.405995;17.096115;25176.02
2023;6;53;IX. Resultado Operativo (VIII-IX);-40771.05;17.405995;17.096115;-247391.09
2023;6;52;VIII. Egresos Totales (II+V+VI+VII);121827.12;17.405995;17.096115;739224.13
2023;6;51;VII. Ingresos Totales (I+IV);81056.07;17.405995;17.096115;491833.04
2023;6;50;Otros;4875.29;17.405995;17.096115;29582.35
2023;6;49;Compra de Acciones, Titulos, Valores, Otros;4000.00;17.405995;17.096115;24271.25
2023;6;48;Prestamos;17.20;17.405995;17.096115;104.37
2023;6;47;Inversion Financiera;34940.43;17.405995;17.096115;212011.98
2023;6;46;al Sector Privado;0.00;17.405995;17.096115;0.00
2023;6;45;al Sector Publico+Remesas al IPV;4504.96;17.405995;17.096115;27335.25
2023;6;44;Transferencias para financiar Erogaciones de Capital;4504.96;17.405995;17.096115;27335.25
2023;6;43;Trabajos Publicos;2162.60;17.405995;17.096115;13122.25
2023;6;42;Bienes de Capital;670.62;17.405995;17.096115;4069.20
2023;6;41;VI. Erogaciones de Capital;42278.61;17.405995;17.096115;256538.68
2023;6;40;Resto Otros Recursos de Capital;12.23;17.405995;17.096115;74.21
2023;6;39;Fondo Residual;0.24;17.405995;17.096115;1.46
2023;6;38;Venta de Acciones;0.00;17.405995;17.096115;0.00
2023;6;37;Otros Recursos de Capital;12.47;17.405995;17.096115;75.67
2023;6;36;Reembolsos de Prestamos;1.74;17.405995;17.096115;10.56
2023;6;35;Reembolsos de Obras Publicas;0.00;17.405995;17.096115;0.00
2023;6;34;V. Recursos de Capital;14.21;17.405995;17.096115;86.22
2023;6;33;IV.Resultado Economico Neto de Remesas;1493.35;17.405995;17.096115;9061.37
2023;6;32;Remesas EMT;172.85;17.405995;17.096115;1048.82
2023;6;31;Remesas ATM;424.71;17.405995;17.096115;2577.06
2023;6;30;Resultado Economico con Remesas;2090.91;17.405995;17.096115;12687.25
2023;6;29;Otras Erogaciones Corrientes;4.00;17.405995;17.096115;24.27
2023;6;28;Otras Transferencias;9941.15;17.405995;17.096115;60321.03
2023;6;27;Municipios;13022.94;17.405995;17.096115;79020.76
2023;6;26;Transferencias a Municipios y Otros;22964.09;17.405995;17.096115;139341.79
2023;6;25;Intereses y Gastos de la Deuda;3574.71;17.405995;17.096115;21690.67
2023;6;24;Otros Servicios;5926.62;17.405995;17.096115;35961.62
2023;6;23;Bienes Corrientes;2643.03;17.405995;17.096115;16037.41
2023;6;22;Locaciones de Servicio;91.55;17.405995;17.096115;555.51
2023;6;21;Personal;43746.95;17.405995;17.096115;265448.29
2023;6;20;Erogaciones Corrientes;78950.95;17.405995;17.096115;479059.57
2023;6;19;Aportes no Reintegrables;692.62;17.405995;17.096115;4202.69
2023;6;18;Coparticipacion Vial;113.72;17.405995;17.096115;690.03
2023;6;17;Ley 25.053 Fdo. Nac. de Incentivo Docente;861.36;17.405995;17.096115;5226.57
2023;6;16;Regimenes Especiales Nacionales s/Financ. Educativo;2096.06;17.405995;17.096115;12718.50
2023;6;15;Coparticipacion Federal + Financ. Educativo;44164.69;17.405995;17.096115;267983.06
2023;6;14;De Origen Nacional;47928.45;17.405995;17.096115;290820.85
2023;6;13;Otros no Tributarios;4400.04;17.405995;17.096115;26698.62
2023;6;12;Remesas del Instituto de Juegos y Casino;160.95;17.405995;17.096115;976.61
2023;6;11;Tasas Retributivas de Servicios;1010.22;17.405995;17.096115;6129.83
2023;6;10;Regalias;3221.04;17.405995;17.096115;19544.67
2023;6;9;No Tributarios;8792.25;17.405995;17.096115;53349.72
2023;6;8;Otros Tributarios;35.91;17.405995;17.096115;217.90
2023;6;7;Sellos y Tasas de Justicia;2035.37;17.405995;17.096115;12350.24
2023;6;6;Inmobiliario;637.36;17.405995;17.096115;3867.38
2023;6;5;Automotor;1210.31;17.405995;17.096115;7343.93
2023;6;4;Ingresos Brutos;20402.21;17.405995;17.096115;123796.79
2023;6;3;Tributarios;24321.16;17.405995;17.096115;147576.24
2023;6;2;De Origen Provincial;33113.41;17.405995;17.096115;200925.96
2023;6;1;Recursos Corrientes;81041.86;17.405995;17.096115;491746.82
2023;7;55;Resultado Operativo - Amortizacion de la D Consolidada;10890.34;18.503918;18.180838;62159.68
2023;7;54;Amortizacion de la Deuda Consolidada;1658.55;18.503918;18.180838;9466.64
2023;7;53;IX. Resultado Operativo (VIII-IX);12548.89;18.503918;18.180838;71626.32
2023;7;52;VIII. Egresos Totales (II+V+VI+VII);82262.98;18.503918;18.180838;469539.09
2023;7;51;VII. Ingresos Totales (I+IV);94811.87;18.503918;18.180838;541165.41
2023;7;50;Otros;2141.24;18.503918;18.180838;12221.73
2023;7;49;Compra de Acciones, Titulos, Valores, Otros;0.00;18.503918;18.180838;0.00
2023;7;48;Prestamos;17.17;18.503918;18.180838;98.00
2023;7;47;Inversion Financiera;2158.41;18.503918;18.180838;12319.73
2023;7;46;al Sector Privado;0.00;18.503918;18.180838;0.00
2023;7;45;al Sector Publico+Remesas al IPV;3464.05;18.503918;18.180838;19772.04
2023;7;44;Transferencias para financiar Erogaciones de Capital;3464.05;18.503918;18.180838;19772.04
2023;7;43;Trabajos Publicos;3787.41;18.503918;18.180838;21617.71
2023;7;42;Bienes de Capital;1202.70;18.503918;18.180838;6864.75
2023;7;41;VI. Erogaciones de Capital;10612.57;18.503918;18.180838;60574.23
2023;7;40;Resto Otros Recursos de Capital;131.04;18.503918;18.180838;747.95
2023;7;39;Fondo Residual;25.80;18.503918;18.180838;147.26
2023;7;38;Venta de Acciones;0.00;18.503918;18.180838;0.00
2023;7;37;Otros Recursos de Capital;156.84;18.503918;18.180838;895.21
2023;7;36;Reembolsos de Prestamos;1.76;18.503918;18.180838;10.05
2023;7;35;Reembolsos de Obras Publicas;0.00;18.503918;18.180838;0.00
2023;7;34;V. Recursos de Capital;158.60;18.503918;18.180838;905.25
2023;7;33;IV.Resultado Economico Neto de Remesas;23002.86;18.503918;18.180838;131295.29
2023;7;32;Remesas EMT;284.90;18.503918;18.180838;1626.15
2023;7;31;Remesas ATM;222.23;18.503918;18.180838;1268.44
2023;7;30;Resultado Economico con Remesas;23509.99;18.503918;18.180838;134189.88
2023;7;29;Otras Erogaciones Corrientes;4.00;18.503918;18.180838;22.83
2023;7;28;Otras Transferencias;8960.14;18.503918;18.180838;51142.52
2023;7;27;Municipios;13917.19;18.503918;18.180838;79436.28
2023;7;26;Transferencias a Municipios y Otros;22877.33;18.503918;18.180838;130578.79
2023;7;25;Intereses y Gastos de la Deuda;1287.19;18.503918;18.180838;7347.00
2023;7;24;Otros Servicios;8026.55;18.503918;18.180838;45813.79
2023;7;23;Bienes Corrientes;3328.17;18.503918;18.180838;18996.47
2023;7;22;Locaciones de Servicio;117.63;18.503918;18.180838;671.41
2023;7;21;Personal;35502.41;18.503918;18.180838;202639.99
2023;7;20;Erogaciones Corrientes;71143.28;18.503918;18.180838;406070.27
2023;7;19;Aportes no Reintegrables;820.50;18.503918;18.180838;4683.23
2023;7;18;Coparticipacion Vial;79.69;18.503918;18.180838;454.85
2023;7;17;Ley 25.053 Fdo. Nac. de Incentivo Docente;0.00;18.503918;18.180838;0.00
2023;7;16;Regimenes Especiales Nacionales s/Financ. Educativo;6256.13;18.503918;18.180838;35708.62
2023;7;15;Coparticipacion Federal + Financ. Educativo;42291.34;18.503918;18.180838;241389.71
2023;7;14;De Origen Nacional;49447.66;18.503918;18.180838;282236.42
2023;7;13;Otros no Tributarios;12999.89;18.503918;18.180838;74200.53
2023;7;12;Remesas del Instituto de Juegos y Casino;0.00;18.503918;18.180838;0.00
2023;7;11;Tasas Retributivas de Servicios;1059.10;18.503918;18.180838;6045.11
2023;7;10;Regalias;3098.07;18.503918;18.180838;17683.11
2023;7;9;No Tributarios;17157.06;18.503918;18.180838;97928.74
2023;7;8;Otros Tributarios;76.01;18.503918;18.180838;433.85
2023;7;7;Sellos y Tasas de Justicia;2032.13;18.503918;18.180838;11598.95
2023;7;6;Inmobiliario;477.02;18.503918;18.180838;2722.73
2023;7;5;Automotor;1552.98;18.503918;18.180838;8864.07
2023;7;4;Ingresos Brutos;23910.41;18.503918;18.180838;136475.39
2023;7;3;Tributarios;28048.55;18.503918;18.180838;160094.99
2023;7;2;De Origen Provincial;45205.61;18.503918;18.180838;258023.73
2023;7;1;Recursos Corrientes;94653.27;18.503918;18.180838;540260.15
2023;8;55;Resultado Operativo - Amortizacion de la D Consolidada;-2072.37;20.784831;20.442832;-10530.57
2023;8;54;Amortizacion de la Deuda Consolidada;2731.10;20.784831;20.442832;13877.85
2023;8;53;IX. Resultado Operativo (VIII-IX);658.73;20.784831;20.442832;3347.28
2023;8;52;VIII. Egresos Totales (II+V+VI+VII);134523.50;20.784831;20.442832;683569.49
2023;8;51;VII. Ingresos Totales (I+IV);135182.23;20.784831;20.442832;686916.77
2023;8;50;Otros;1557.47;20.784831;20.442832;7914.15
2023;8;49;Compra de Acciones, Titulos, Valores, Otros;0.00;20.784831;20.442832;0.00
2023;8;48;Prestamos;18.26;20.784831;20.442832;92.79
2023;8;47;Inversion Financiera;38319.31;20.784831;20.442832;194716.25
2023;8;46;al Sector Privado;0.00;20.784831;20.442832;0.00
2023;8;45;al Sector Publico+Remesas al IPV;7446.73;20.784831;20.442832;37839.91
2023;8;44;Transferencias para financiar Erogaciones de Capital;7446.73;20.784831;20.442832;37839.91
2023;8;43;Trabajos Publicos;3513.18;20.784831;20.442832;17851.92
2023;8;42;Bienes de Capital;1285.18;20.784831;20.442832;6530.53
2023;8;41;VI. Erogaciones de Capital;50564.40;20.784831;20.442832;256938.61
2023;8;40;Resto Otros Recursos de Capital;216.47;20.784831;20.442832;1099.97
2023;8;39;Fondo Residual;11.76;20.784831;20.442832;59.76
2023;8;38;Venta de Acciones;0.00;20.784831;20.442832;0.00
2023;8;37;Otros Recursos de Capital;36971.81;20.784831;20.442832;187869.04
2023;8;36;Reembolsos de Prestamos;1.64;20.784831;20.442832;8.33
2023;8;35;Reembolsos de Obras Publicas;0.00;20.784831;20.442832;0.00
2023;8;34;V. Recursos de Capital;36973.45;20.784831;20.442832;187877.38
2023;8;33;IV.Resultado Economico Neto de Remesas;14249.68;20.784831;20.442832;72408.51
2023;8;32;Remesas EMT;269.78;20.784831;20.442832;1370.86
2023;8;31;Remesas ATM;469.72;20.784831;20.442832;2386.84
2023;8;30;Resultado Economico con Remesas;14989.18;20.784831;20.442832;76166.22
2023;8;29;Otras Erogaciones Corrientes;4.00;20.784831;20.442832;20.33
2023;8;28;Otras Transferencias;12698.88;20.784831;20.442832;64528.26
2023;8;27;Municipios;14752.81;20.784831;20.442832;74965.12
2023;8;26;Transferencias a Municipios y Otros;27451.69;20.784831;20.442832;139493.38
2023;8;25;Intereses y Gastos de la Deuda;2621.66;20.784831;20.442832;13321.74
2023;8;24;Otros Servicios;6230.87;20.784831;20.442832;31661.63
2023;8;23;Bienes Corrientes;3664.79;20.784831;20.442832;18622.31
2023;8;22;Locaciones de Servicio;133.95;20.784831;20.442832;680.66
2023;8;21;Personal;43112.64;20.784831;20.442832;219073.14
2023;8;20;Erogaciones Corrientes;83219.60;20.784831;20.442832;422873.18
2023;8;19;Aportes no Reintegrables;1074.51;20.784831;20.442832;5460.03
2023;8;18;Coparticipacion Vial;110.57;20.784831;20.442832;561.85
2023;8;17;Ley 25.053 Fdo. Nac. de Incentivo Docente;2109.95;20.784831;20.442832;10721.53
2023;8;16;Regimenes Especiales Nacionales s/Financ. Educativo;7324.82;20.784831;20.442832;37220.44
2023;8;15;Coparticipacion Federal + Financ. Educativo;46090.86;20.784831;20.442832;234206.71
2023;8;14;De Origen Nacional;56710.71;20.784831;20.442832;288170.55
2023;8;13;Otros no Tributarios;6754.69;20.784831;20.442832;34323.37
2023;8;12;Remesas del Instituto de Juegos y Casino;100.00;20.784831;20.442832;508.14
2023;8;11;Tasas Retributivas de Servicios;1208.12;20.784831;20.442832;6138.96
2023;8;10;Regalias;4482.95;20.784831;20.442832;22779.72
2023;8;9;No Tributarios;12545.76;20.784831;20.442832;63750.19
2023;8;8;Otros Tributarios;88.52;20.784831;20.442832;449.81
2023;8;7;Sellos y Tasas de Justicia;2331.34;20.784831;20.442832;11846.50
2023;8;6;Inmobiliario;686.09;20.784831;20.442832;3486.31
2023;8;5;Automotor;1520.94;20.784831;20.442832;7728.52
2023;8;4;Ingresos Brutos;24325.42;20.784831;20.442832;123607.51
2023;8;3;Tributarios;28952.31;20.784831;20.442832;147118.65
2023;8;2;De Origen Provincial;41498.07;20.784831;20.442832;210868.84
2023;8;1;Recursos Corrientes;98208.78;20.784831;20.442832;499039.39
2023;9;55;Resultado Operativo - Amortizacion de la D Consolidada;-29605.92;23.623625;23.049242;-132361.91
2023;9;54;Amortizacion de la Deuda Consolidada;19832.47;23.623625;23.049242;88666.85
2023;9;53;IX. Resultado Operativo (VIII-IX);-9773.45;23.623625;23.049242;-43695.06
2023;9;52;VIII. Egresos Totales (II+V+VI+VII);122304.38;23.623625;23.049242;546797.45
2023;9;51;VII. Ingresos Totales (I+IV);112530.93;23.623625;23.049242;503102.39
2023;9;50;Otros;4983.39;23.623625;23.049242;22279.70
2023;9;49;Compra de Acciones, Titulos, Valores, Otros;4860.51;23.623625;23.049242;21730.33
2023;9;48;Prestamos;17.78;23.623625;23.049242;79.49
2023;9;47;Inversion Financiera;9861.68;23.623625;23.049242;44089.52
2023;9;46;al Sector Privado;0.00;23.623625;23.049242;0.00
2023;9;45;al Sector Publico+Remesas al IPV;6964.07;23.623625;23.049242;31134.91
2023;9;44;Transferencias para financiar Erogaciones de Capital;6964.07;23.623625;23.049242;31134.91
2023;9;43;Trabajos Publicos;2891.23;23.623625;23.049242;12926.09
2023;9;42;Bienes de Capital;611.44;23.623625;23.049242;2733.62
2023;9;41;VI. Erogaciones de Capital;20328.43;23.623625;23.049242;90884.18
2023;9;40;Resto Otros Recursos de Capital;-4.98;23.623625;23.049242;-22.26
2023;9;39;Fondo Residual;0.00;23.623625;23.049242;0.00
2023;9;38;Venta de Acciones;0.00;23.623625;23.049242;0.00
2023;9;37;Otros Recursos de Capital;-4.98;23.623625;23.049242;-22.26
2023;9;36;Reembolsos de Prestamos;1.71;23.623625;23.049242;7.65
2023;9;35;Reembolsos de Obras Publicas;0.00;23.623625;23.049242;0.00
2023;9;34;V. Recursos de Capital;-3.27;23.623625;23.049242;-14.62
2023;9;33;IV.Resultado Economico Neto de Remesas;10558.24;23.623625;23.049242;47203.70
2023;9;32;Remesas EMT;536.11;23.623625;23.049242;2396.84
2023;9;31;Remesas ATM;441.37;23.623625;23.049242;1973.27
2023;9;30;Resultado Economico con Remesas;11535.72;23.623625;23.049242;51573.81
2023;9;29;Otras Erogaciones Corrientes;4.00;23.623625;23.049242;17.88
2023;9;28;Otras Transferencias;12160.07;23.623625;23.049242;54365.14
2023;9;27;Municipios;17736.73;23.623625;23.049242;79297.23
2023;9;26;Transferencias a Municipios y Otros;29896.80;23.623625;23.049242;133662.38
2023;9;25;Intereses y Gastos de la Deuda;10207.01;23.623625;23.049242;45633.42
2023;9;24;Otros Servicios;8534.55;23.623625;23.049242;38156.20
2023;9;23;Bienes Corrientes;4221.16;23.623625;23.049242;18871.93
2023;9;22;Locaciones de Servicio;128.37;23.623625;23.049242;573.92
2023;9;21;Personal;48006.59;23.623625;23.049242;214627.48
2023;9;20;Erogaciones Corrientes;100998.48;23.623625;23.049242;451543.20
2023;9;19;Aportes no Reintegrables;644.56;23.623625;23.049242;2881.69
2023;9;18;Coparticipacion Vial;82.72;23.623625;23.049242;369.82
2023;9;17;Ley 25.053 Fdo. Nac. de Incentivo Docente;1165.30;23.623625;23.049242;5209.81
2023;9;16;Regimenes Especiales Nacionales s/Financ. Educativo;6568.85;23.623625;23.049242;29367.96
2023;9;15;Coparticipacion Federal + Financ. Educativo;49053.18;23.623625;23.049242;219306.57
2023;9;14;De Origen Nacional;57514.61;23.623625;23.049242;257135.86
2023;9;13;Otros no Tributarios;17583.95;23.623625;23.049242;78614.18
2023;9;12;Remesas del Instituto de Juegos y Casino;258.23;23.623625;23.049242;1154.49
2023;9;11;Tasas Retributivas de Servicios;1150.12;23.623625;23.049242;5141.95
2023;9;10;Regalias;4290.06;23.623625;23.049242;19179.97
2023;9;9;No Tributarios;23282.36;23.623625;23.049242;104090.59
2023;9;8;Otros Tributarios;46.11;23.623625;23.049242;206.15
2023;9;7;Sellos y Tasas de Justicia;2418.37;23.623625;23.049242;10812.03
2023;9;6;Inmobiliario;535.32;23.623625;23.049242;2393.30
2023;9;5;Automotor;1653.14;23.623625;23.049242;7390.85
2023;9;4;Ingresos Brutos;27084.29;23.623625;23.049242;121088.23
2023;9;3;Tributarios;31737.23;23.623625;23.049242;141890.56
2023;9;2;De Origen Provincial;55019.59;23.623625;23.049242;245981.15
2023;9;1;Recursos Corrientes;112534.20;23.623625;23.049242;503117.01
2023;10;55;Resultado Operativo - Amortizacion de la D Consolidada;59085.68;25.367667;24.962730;245998.65
2023;10;54;Amortizacion de la Deuda Consolidada;2499.16;25.367667;24.962730;10405.06
2023;10;53;IX. Resultado Operativo (VIII-IX);61584.84;25.367667;24.962730;256403.71
2023;10;52;VIII. Egresos Totales (II+V+VI+VII);94968.17;25.367667;24.962730;395392.61
2023;10;51;VII. Ingresos Totales (I+IV);156553.01;25.367667;24.962730;651796.32
2023;10;45;al Sector Publico+Remesas al IPV;4702.26;25.367667;24.962730;19577.49
2023;10;43;Trabajos Publicos;3295.61;25.367667;24.962730;13721.02
2023;10;42;Bienes de Capital;1185.21;25.367667;24.962730;4934.53
2023;10;41;VI. Erogaciones de Capital;9183.08;25.367667;24.962730;38233.04
2023;10;36;Reembolsos de Prestamos;8.36;25.367667;24.962730;34.81
2023;10;34;V. Recursos de Capital;40887.05;25.367667;24.962730;170230.06
2023;10;30;Resultado Economico con Remesas;29880.87;25.367667;24.962730;124406.69
2023;10;29;Otras Erogaciones Corrientes;4.00;25.367667;24.962730;16.65
2023;10;26;Transferencias a Municipios y Otros;29552.36;25.367667;24.962730;123038.96
2023;10;25;Intereses y Gastos de la Deuda;1793.28;25.367667;24.962730;7466.18
2023;10;22;Locaciones de Servicio;14730.63;25.367667;24.962730;61329.84
2023;10;21;Personal;39704.82;25.367667;24.962730;165307.94
2023;10;20;Erogaciones Corrientes;85785.09;25.367667;24.962730;357159.57
2023;10;19;Aportes no Reintegrables;7928.70;25.367667;24.962730;33010.53
2023;10;16;Regimenes Especiales Nacionales s/Financ. Educativo;10805.12;25.367667;24.962730;44986.28
2023;10;15;Coparticipacion Federal + Financ. Educativo;44299.02;25.367667;24.962730;184435.54
2023;10;14;De Origen Nacional;63032.84;25.367667;24.962730;262432.34
2023;10;10;Regalias;4040.21;25.367667;24.962730;16821.10
2023;10;9;No Tributarios;14333.68;25.367667;24.962730;59677.17
2023;10;3;Tributarios;38299.44;25.367667;24.962730;159456.75
2023;10;2;De Origen Provincial;52633.12;25.367667;24.962730;219133.91
2023;10;1;Recursos Corrientes;115665.96;25.367667;24.962730;481566.26
2023;11;55;Resultado Operativo - Amortizacion de la D Consolidada;17032.09;28.604043;28.160628;62888.54
2023;11;54;Amortizacion de la Deuda Consolidada;1676.50;28.604043;28.160628;6190.24
2023;11;53;IX. Resultado Operativo (VIII-IX);18708.59;28.604043;28.160628;69078.78
2023;11;52;VIII. Egresos Totales (II+V+VI+VII);105843.62;28.604043;28.160628;390812.34
2023;11;51;VII. Ingresos Totales (I+IV);124552.21;28.604043;28.160628;459891.12
2023;11;45;al Sector Publico+Remesas al IPV;5207.08;28.604043;28.160628;19226.39
2023;11;43;Trabajos Publicos;3298.88;28.604043;28.160628;12180.64
2023;11;42;Bienes de Capital;743.22;28.604043;28.160628;2744.23
2023;11;41;VI. Erogaciones de Capital;9249.18;28.604043;28.160628;34151.27
2023;11;36;Reembolsos de Prestamos;608.40;28.604043;28.160628;2246.43
2023;11;34;V. Recursos de Capital;608.40;28.604043;28.160628;2246.43
2023;11;30;Resultado Economico con Remesas;27349.36;28.604043;28.160628;100983.58
2023;11;29;Otras Erogaciones Corrientes;4.00;28.604043;28.160628;14.77
2023;11;26;Transferencias a Municipios y Otros;30954.03;28.604043;28.160628;114293.30
2023;11;25;Intereses y Gastos de la Deuda;2297.08;28.604043;28.160628;8481.64
2023;11;22;Locaciones de Servicio;16165.67;28.604043;28.160628;59689.41
2023;11;21;Personal;47173.66;28.604043;28.160628;174181.96
2023;11;20;Erogaciones Corrientes;96594.45;28.604043;28.160628;356661.11
2023;11;19;Aportes no Reintegrables;7720.61;28.604043;28.160628;28507.24
2023;11;16;Regimenes Especiales Nacionales s/Financ. Educativo;13628.18;28.604043;28.160628;50320.09
2023;11;15;Coparticipacion Federal + Financ. Educativo;47187.41;28.604043;28.160628;174232.73
2023;11;14;De Origen Nacional;68536.20;28.604043;28.160628;253060.06
2023;11;10;Regalias;5918.91;28.604043;28.160628;21854.72
2023;11;9;No Tributarios;13980.55;28.604043;28.160628;51621.17
2023;11;3;Tributarios;41427.06;28.604043;28.160628;152963.46
2023;11;2;De Origen Provincial;55407.61;28.604043;28.160628;204584.63
2023;11;1;Recursos Corrientes;123943.81;28.604043;28.160628;457644.69
2023;12;55;Resultado Operativo - Amortizacion de la D Consolidada;-7691.07;35.997071;35.331922;-22565.79
2023;12;54;Amortizacion de la Deuda Consolidada;7598.42;35.997071;35.331922;22293.96
2023;12;53;IX. Resultado Operativo (VIII-IX);-92.64;35.997071;35.331922;-271.81
2023;12;52;VIII. Egresos Totales (II+V+VI+VII);147374.51;35.997071;35.331922;432400.53
2023;12;51;VII. Ingresos Totales (I+IV);147281.87;35.997071;35.331922;432128.72
2023;12;45;al Sector Publico+Remesas al IPV;6707.50;35.997071;35.331922;19679.97
2023;12;43;Trabajos Publicos;6570.63;35.997071;35.331922;19278.39
2023;12;42;Bienes de Capital;2404.98;35.997071;35.331922;7056.27
2023;12;41;VI. Erogaciones de Capital;15683.12;35.997071;35.331922;46014.67
2023;12;36;Reembolsos de Prestamos;145.13;35.997071;35.331922;425.82
2023;12;34;V. Recursos de Capital;145.13;35.997071;35.331922;425.82
2023;12;30;Resultado Economico con Remesas;15445.34;35.997071;35.331922;45317.02
2023;12;29;Otras Erogaciones Corrientes;4.02;35.997071;35.331922;11.79
2023;12;26;Transferencias a Municipios y Otros;38061.58;35.997071;35.331922;111673.64
2023;12;25;Intereses y Gastos de la Deuda;6329.94;35.997071;35.331922;18572.20
2023;12;22;Locaciones de Servicio;14844.27;35.997071;35.331922;43553.46
2023;12;21;Personal;72451.59;35.997071;35.331922;212574.79
2023;12;20;Erogaciones Corrientes;131691.40;35.997071;35.331922;386385.89
2023;12;19;Aportes no Reintegrables;11295.41;35.997071;35.331922;33141.02
2023;12;16;Regimenes Especiales Nacionales s/Financ. Educativo;15461.80;35.997071;35.331922;45365.31
2023;12;15;Coparticipacion Federal + Financ. Educativo;57278.49;35.997071;35.331922;168056.54
2023;12;14;De Origen Nacional;84035.70;35.997071;35.331922;246562.87
2023;12;10;Regalias;9535.91;35.997071;35.331922;27978.60
2023;12;9;No Tributarios;19238.27;35.997071;35.331922;56445.57
2023;12;3;Tributarios;43862.77;35.997071;35.331922;128694.47
2023;12;2;De Origen Provincial;63101.04;35.997071;35.331922;185140.04
2023;12;1;Recursos Corrientes;147136.74;35.997071;35.331922;431702.91
2024;1;55;Resultado Operativo - Amortizacion de la D Consolidada;50272.43;44.021802;42.615324;120612.71
2024;1;54;Amortizacion de la Deuda Consolidada;451.19;44.021802;42.615324;1082.49
2024;1;53;IX. Resultado Operativo (VIII-IX);50723.62;44.021802;42.615324;121695.20
2024;1;52;VIII. Egresos Totales (II+V+VI+VII);109778.85;44.021802;42.615324;263379.44
2024;1;51;VII. Ingresos Totales (I+IV);160502.47;44.021802;42.615324;385074.64
2024;1;50;Otros;0.00;44.021802;42.615324;0.00
2024;1;49;Compra de Acciones, Titulos, Valores, Otros;4.00;44.021802;42.615324;9.60
2024;1;48;Prestamos;17.46;44.021802;42.615324;41.89
2024;1;47;Inversion Financiera;21.46;44.021802;42.615324;51.49
2024;1;46;al Sector Privado;0.00;44.021802;42.615324;0.00
2024;1;45;al Sector Publico+Remesas al IPV;3727.35;44.021802;42.615324;8942.59
2024;1;44;Transferencias para financiar Erogaciones de Capital;3727.35;44.021802;42.615324;8942.59
2024;1;43;Trabajos Publicos;632.56;44.021802;42.615324;1517.63
2024;1;42;Bienes de Capital;29.72;44.021802;42.615324;71.30
2024;1;41;VI. Erogaciones de Capital;4411.09;44.021802;42.615324;10583.01
2024;1;40;Resto Otros Recursos de Capital;0.00;44.021802;42.615324;0.00
2024;1;39;Fondo Residual;0.00;44.021802;42.615324;0.00
2024;1;38;Venta de Acciones;0.00;44.021802;42.615324;0.00
2024;1;37;Otros Recursos de Capital;0.00;44.021802;42.615324;0.00
2024;1;36;Reembolsos de Prestamos;1.85;44.021802;42.615324;4.44
2024;1;35;Reembolsos de Obras Publicas;0.00;44.021802;42.615324;0.00
2024;1;34;V. Recursos de Capital;1.85;44.021802;42.615324;4.44
2024;1;33;IV.Resultado Economico Neto de Remesas;55132.86;44.021802;42.615324;132273.77
2024;1;32;Remesas EMT;222.37;44.021802;42.615324;533.51
2024;1;31;Remesas ATM;326.12;44.021802;42.615324;782.42
2024;1;30;Resultado Economico con Remesas;55681.35;44.021802;42.615324;133589.69
2024;1;29;Otras Erogaciones Corrientes;8.00;44.021802;42.615324;19.19
2024;1;28;Otras Transferencias;14023.66;44.021802;42.615324;33645.31
2024;1;27;Municipios;23551.88;44.021802;42.615324;56505.25
2024;1;26;Transferencias a Municipios y Otros;37575.54;44.021802;42.615324;90150.56
2024;1;25;Intereses y Gastos de la Deuda;1609.24;44.021802;42.615324;3860.86
2024;1;24;Otros Servicios;5295.97;44.021802;42.615324;12706.00
2024;1;23;Bienes Corrientes;3157.72;44.021802;42.615324;7575.94
2024;1;22;Locaciones de Servicio;161.95;44.021802;42.615324;388.55
2024;1;21;Personal;57010.85;44.021802;42.615324;136779.41
2024;1;20;Erogaciones Corrientes;104819.27;44.021802;42.615324;251480.51
2024;1;19;Aportes no Reintegrables;1071.76;44.021802;42.615324;2571.35
2024;1;18;Coparticipacion Vial;140.03;44.021802;42.615324;335.96
2024;1;17;Ley 25.053 Fdo. Nac. de Incentivo Docente;1662.02;44.021802;42.615324;3987.49
2024;1;16;Regimenes Especiales Nacionales s/Financ. Educativo;8561.95;44.021802;42.615324;20541.68
2024;1;15;Coparticipacion Federal + Financ. Educativo;79131.53;44.021802;42.615324;189850.94
2024;1;14;De Origen Nacional;90567.29;44.021802;42.615324;217287.41
2024;1;13;Otros no Tributarios;7067.36;44.021802;42.615324;16955.88
2024;1;12;Remesas del Instituto de Juegos y Casino;0.00;44.021802;42.615324;0.00
2024;1;11;Tasas Retributivas de Servicios;1699.74;44.021802;42.615324;4077.99
2024;1;10;Regalias;10044.12;44.021802;42.615324;24097.67
2024;1;9;No Tributarios;18811.22;44.021802;42.615324;45131.54
2024;1;8;Otros Tributarios;135.01;44.021802;42.615324;323.91
2024;1;7;Sellos y Tasas de Justicia;3194.11;44.021802;42.615324;7663.25
2024;1;6;Inmobiliario;734.14;44.021802;42.615324;1761.34
2024;1;5;Automotor;1725.94;44.021802;42.615324;4140.84
2024;1;4;Ingresos Brutos;45332.91;44.021802;42.615324;108761.90
2024;1;3;Tributarios;51122.11;44.021802;42.615324;122651.25
2024;1;2;De Origen Provincial;69933.33;44.021802;42.615324;167782.79
2024;1;1;Recursos Corrientes;160500.62;44.021802;42.615324;385070.20
2024;2;55;Resultado Operativo - Amortizacion de la D Consolidada;20883.00;49.980445;48.257881;44128.97
2024;2;54;Amortizacion de la Deuda Consolidada;1803.26;49.980445;48.257881;3810.56
2024;2;53;IX. Resultado Operativo (VIII-IX);22686.26;49.980445;48.257881;47939.53
2024;2;52;VIII. Egresos Totales (II+V+VI+VII);148318.97;49.980445;48.257881;313420.64
2024;2;51;VII. Ingresos Totales (I+IV);171005.23;49.980445;48.257881;361360.17
2024;2;50;Otros;1.32;49.980445;48.257881;2.79
2024;2;49;Compra de Acciones, Titulos, Valores, Otros;4868.87;49.980445;48.257881;10288.67
2024;2;48;Prestamos;17.38;49.980445;48.257881;36.73
2024;2;47;Inversion Financiera;4887.57;49.980445;48.257881;10328.18
2024;2;46;al Sector Privado;0.00;49.980445;48.257881;0.00
2024;2;45;al Sector Publico+Remesas al IPV;2826.22;49.980445;48.257881;5972.23
2024;2;44;Transferencias para financiar Erogaciones de Capital;2826.22;49.980445;48.257881;5972.23
2024;2;43;Trabajos Publicos;3060.49;49.980445;48.257881;6467.28
2024;2;42;Bienes de Capital;330.10;49.980445;48.257881;697.55
2024;2;41;VI. Erogaciones de Capital;11104.38;49.980445;48.257881;23465.25
2024;2;40;Resto Otros Recursos de Capital;0.01;49.980445;48.257881;0.02
2024;2;39;Fondo Residual;0.00;49.980445;48.257881;0.00
2024;2;38;Venta de Acciones;0.00;49.980445;48.257881;0.00
2024;2;37;Otros Recursos de Capital;0.01;49.980445;48.257881;0.02
2024;2;36;Reembolsos de Prestamos;0.00;49.980445;48.257881;0.00
2024;2;35;Reembolsos de Obras Publicas;0.00;49.980445;48.257881;0.00
2024;2;34;V. Recursos de Capital;0.01;49.980445;48.257881;0.02
2024;2;33;IV.Resultado Economico Neto de Remesas;33790.64;49.980445;48.257881;71404.78
2024;2;32;Remesas EMT;285.93;49.980445;48.257881;604.21
2024;2;31;Remesas ATM;392.57;49.980445;48.257881;829.56
2024;2;30;Resultado Economico con Remesas;34469.13;49.980445;48.257881;72838.54
2024;2;29;Otras Erogaciones Corrientes;8.00;49.980445;48.257881;16.91
2024;2;28;Otras Transferencias;15726.59;49.980445;48.257881;33232.69
2024;2;27;Municipios;28166.76;49.980445;48.257881;59520.67
2024;2;26;Transferencias a Municipios y Otros;43893.35;49.980445;48.257881;92753.35
2024;2;25;Intereses y Gastos de la Deuda;3339.23;49.980445;48.257881;7056.30
2024;2;24;Otros Servicios;8488.12;49.980445;48.257881;17936.69
2024;2;23;Bienes Corrientes;6071.20;49.980445;48.257881;12829.37
2024;2;22;Locaciones de Servicio;170.78;49.980445;48.257881;360.88
2024;2;21;Personal;74565.41;49.980445;48.257881;157568.10
2024;2;20;Erogaciones Corrientes;136536.09;49.980445;48.257881;288521.61
2024;2;19;Aportes no Reintegrables;828.15;49.980445;48.257881;1750.01
2024;2;18;Coparticipacion Vial;41.45;49.980445;48.257881;87.59
2024;2;17;Ley 25.053 Fdo. Nac. de Incentivo Docente;0.00;49.980445;48.257881;0.00
2024;2;16;Regimenes Especiales Nacionales s/Financ. Educativo;8895.99;49.980445;48.257881;18798.59
2024;2;15;Coparticipacion Federal + Financ. Educativo;74817.25;49.980445;48.257881;158100.28
2024;2;14;De Origen Nacional;84582.84;49.980445;48.257881;178736.46
2024;2;13;Otros no Tributarios;8465.04;49.980445;48.257881;17887.92
2024;2;12;Remesas del Instituto de Juegos y Casino;195.33;49.980445;48.257881;412.76
2024;2;11;Tasas Retributivas de Servicios;1845.19;49.980445;48.257881;3899.17
2024;2;10;Regalias;11191.48;49.980445;48.257881;23649.31
2024;2;9;No Tributarios;21697.04;49.980445;48.257881;45849.16
2024;2;8;Otros Tributarios;97.51;49.980445;48.257881;206.05
2024;2;7;Sellos y Tasas de Justicia;3327.36;49.980445;48.257881;7031.22
2024;2;6;Inmobiliario;5288.23;49.980445;48.257881;11174.84
2024;2;5;Automotor;4035.50;49.980445;48.257881;8527.63
2024;2;4;Ingresos Brutos;51976.74;49.980445;48.257881;109834.79
2024;2;3;Tributarios;64725.34;49.980445;48.257881;136774.53
2024;2;2;De Origen Provincial;86422.38;49.980445;48.257881;182623.69
2024;2;1;Recursos Corrientes;171005.22;49.980445;48.257881;361360.15
2024;3;55;Resultado Operativo - Amortizacion de la D Consolidada;-56265.54;54.632378;53.570929;-108773.57
2024;3;54;Amortizacion de la Deuda Consolidada;43575.87;54.632378;53.570929;84241.67
2024;3;53;IX. Resultado Operativo (VIII-IX);-12689.67;54.632378;53.570929;-24531.90
2024;3;52;VIII. Egresos Totales (II+V+VI+VII);178006.05;54.632378;53.570929;344124.56
2024;3;51;VII. Ingresos Totales (I+IV);165316.38;54.632378;53.570929;319592.66
2024;3;50;Otros;0.00;54.632378;53.570929;0.00
2024;3;49;Compra de Acciones, Titulos, Valores, Otros;3495.49;54.632378;53.570929;6757.55
2024;3;48;Prestamos;20.66;54.632378;53.570929;39.94
2024;3;47;Inversion Financiera;3516.15;54.632378;53.570929;6797.49
2024;3;46;al Sector Privado;0.00;54.632378;53.570929;0.00
2024;3;45;al Sector Publico+Remesas al IPV;5019.32;54.632378;53.570929;9703.44
2024;3;44;Transferencias para financiar Erogaciones de Capital;5019.32;54.632378;53.570929;9703.44
2024;3;43;Trabajos Publicos;4434.98;54.632378;53.570929;8573.78
2024;3;42;Bienes de Capital;686.52;54.632378;53.570929;1327.19
2024;3;41;VI. Erogaciones de Capital;13656.97;54.632378;53.570929;26401.90
2024;3;40;Resto Otros Recursos de Capital;0.00;54.632378;53.570929;0.00
2024;3;39;Fondo Residual;0.00;54.632378;53.570929;0.00
2024;3;38;Venta de Acciones;0.00;54.632378;53.570929;0.00
2024;3;37;Otros Recursos de Capital;0.00;54.632378;53.570929;0.00
2024;3;36;Reembolsos de Prestamos;0.44;54.632378;53.570929;0.85
2024;3;35;Reembolsos de Obras Publicas;0.00;54.632378;53.570929;0.00
2024;3;34;V. Recursos de Capital;0.44;54.632378;53.570929;0.85
2024;3;33;IV.Resultado Economico Neto de Remesas;966.86;54.632378;53.570929;1869.15
2024;3;32;Remesas EMT;655.74;54.632378;53.570929;1267.69
2024;3;31;Remesas ATM;417.36;54.632378;53.570929;806.85
2024;3;30;Resultado Economico con Remesas;2039.96;54.632378;53.570929;3943.69
2024;3;29;Otras Erogaciones Corrientes;8.00;54.632378;53.570929;15.47
2024;3;28;Otras Transferencias;23639.59;54.632378;53.570929;45700.49
2024;3;27;Municipios;31109.76;54.632378;53.570929;60141.96
2024;3;26;Transferencias a Municipios y Otros;54749.35;54.632378;53.570929;105842.45
2024;3;25;Intereses y Gastos de la Deuda;17958.45;54.632378;53.570929;34717.60
2024;3;24;Otros Servicios;12044.34;54.632378;53.570929;23284.34
2024;3;23;Bienes Corrientes;9379.60;54.632378;53.570929;18132.81
2024;3;22;Locaciones de Servicio;196.27;54.632378;53.570929;379.43
2024;3;21;Personal;68939.97;54.632378;53.570929;133276.01
2024;3;20;Erogaciones Corrientes;163275.98;54.632378;53.570929;315648.12
2024;3;19;Aportes no Reintegrables;934.88;54.632378;53.570929;1807.33
2024;3;18;Coparticipacion Vial;169.19;54.632378;53.570929;327.08
2024;3;17;Ley 25.053 Fdo. Nac. de Incentivo Docente;0.00;54.632378;53.570929;0.00
2024;3;16;Regimenes Especiales Nacionales s/Financ. Educativo;7910.66;54.632378;53.570929;15293.03
2024;3;15;Coparticipacion Federal + Financ. Educativo;65229.10;54.632378;53.570929;126102.09
2024;3;14;De Origen Nacional;74243.83;54.632378;53.570929;143529.53
2024;3;13;Otros no Tributarios;10079.65;54.632378;53.570929;19486.16
2024;3;12;Remesas del Instituto de Juegos y Casino;193.66;54.632378;53.570929;374.39
2024;3;11;Tasas Retributivas de Servicios;2173.30;54.632378;53.570929;4201.46
2024;3;10;Regalias;10648.08;54.632378;53.570929;20585.06
2024;3;9;No Tributarios;23094.69;54.632378;53.570929;44647.08
2024;3;8;Otros Tributarios;191.92;54.632378;53.570929;371.02
2024;3;7;Sellos y Tasas de Justicia;3827.26;54.632378;53.570929;7398.93
2024;3;6;Inmobiliario;3341.82;54.632378;53.570929;6460.47
2024;3;5;Automotor;8810.56;54.632378;53.570929;17032.74
2024;3;4;Ingresos Brutos;51805.86;54.632378;53.570929;100152.04
2024;3;3;Tributarios;67977.42;54.632378;53.570929;131415.19
2024;3;2;De Origen Provincial;91072.11;54.632378;53.570929;176062.27
2024;3;1;Recursos Corrientes;165315.94;54.632378;53.570929;319591.81
2024;4;55;Resultado Operativo - Amortizacion de la D Consolidada;51018.62;59.084647;58.302271;91197.95
2024;4;54;Amortizacion de la Deuda Consolidada;499.61;59.084647;58.302271;893.07
2024;4;53;IX. Resultado Operativo (VIII-IX);51518.23;59.084647;58.302271;92091.02
2024;4;52;VIII. Egresos Totales (II+V+VI+VII);187116.80;59.084647;58.302271;334479.22
2024;4;51;VII. Ingresos Totales (I+IV);238635.02;59.084647;58.302271;426570.23
2024;4;50;Otros;13.80;59.084647;58.302271;24.67
2024;4;49;Compra de Acciones, Titulos, Valores, Otros;7287.19;59.084647;58.302271;13026.16
2024;4;48;Prestamos;22.38;59.084647;58.302271;40.01
2024;4;47;Inversion Financiera;7323.37;59.084647;58.302271;13090.83
2024;4;46;al Sector Privado;0.00;59.084647;58.302271;0.00
2024;4;45;al Sector Publico+Remesas al IPV;6577.63;59.084647;58.302271;11757.79
2024;4;44;Transferencias para financiar Erogaciones de Capital;6577.63;59.084647;58.302271;11757.79
2024;4;43;Trabajos Publicos;6174.89;59.084647;58.302271;11037.88
2024;4;42;Bienes de Capital;238.00;59.084647;58.302271;425.44
2024;4;41;VI. Erogaciones de Capital;20313.89;59.084647;58.302271;36311.94
2024;4;40;Resto Otros Recursos de Capital;-0.01;59.084647;58.302271;-0.02
2024;4;39;Fondo Residual;0.34;59.084647;58.302271;0.61
2024;4;38;Venta de Acciones;0.00;59.084647;58.302271;0.00
2024;4;37;Otros Recursos de Capital;0.33;59.084647;58.302271;0.59
2024;4;36;Reembolsos de Prestamos;0.16;59.084647;58.302271;0.29
2024;4;35;Reembolsos de Obras Publicas;0.00;59.084647;58.302271;0.00
2024;4;34;V. Recursos de Capital;0.49;59.084647;58.302271;0.88
2024;4;33;IV.Resultado Economico Neto de Remesas;71831.63;59.084647;58.302271;128402.09
2024;4;32;Remesas EMT;325.85;59.084647;58.302271;582.47
2024;4;31;Remesas ATM;478.33;59.084647;58.302271;855.04
2024;4;30;Resultado Economico con Remesas;72635.80;59.084647;58.302271;129839.58
2024;4;29;Otras Erogaciones Corrientes;8.00;59.084647;58.302271;14.30
2024;4;28;Otras Transferencias;24953.34;59.084647;58.302271;44605.15
2024;4;27;Municipios;38638.04;59.084647;58.302271;69067.14
2024;4;26;Transferencias a Municipios y Otros;63591.38;59.084647;58.302271;113672.29
2024;4;25;Intereses y Gastos de la Deuda;1270.20;59.084647;58.302271;2270.54
2024;4;24;Otros Servicios;15715.66;59.084647;58.302271;28092.41
2024;4;23;Bienes Corrientes;9759.08;59.084647;58.302271;17444.77
2024;4;22;Locaciones de Servicio;220.67;59.084647;58.302271;394.46
2024;4;21;Personal;75433.74;59.084647;58.302271;134841.01
2024;4;20;Erogaciones Corrientes;165998.73;59.084647;58.302271;296729.78
2024;4;19;Aportes no Reintegrables;1357.87;59.084647;58.302271;2427.25
2024;4;18;Coparticipacion Vial;400.45;59.084647;58.302271;715.82
2024;4;17;Ley 25.053 Fdo. Nac. de Incentivo Docente;0.00;59.084647;58.302271;0.00
2024;4;16;Regimenes Especiales Nacionales s/Financ. Educativo;12877.73;59.084647;58.302271;23019.49
2024;4;15;Coparticipacion Federal + Financ. Educativo;107291.10;59.084647;58.302271;191787.40
2024;4;14;De Origen Nacional;121927.15;59.084647;58.302271;217949.96
2024;4;13;Otros no Tributarios;23771.55;59.084647;58.302271;42492.65
2024;4;12;Remesas del Instituto de Juegos y Casino;197.00;59.084647;58.302271;352.15
2024;4;11;Tasas Retributivas de Servicios;2510.17;59.084647;58.302271;4487.04
2024;4;10;Regalias;11835.69;59.084647;58.302271;21156.80
2024;4;9;No Tributarios;38314.41;59.084647;58.302271;68488.63
2024;4;8;Otros Tributarios;282.58;59.084647;58.302271;505.12
2024;4;7;Sellos y Tasas de Justicia;5097.61;59.084647;58.302271;9112.19
2024;4;6;Inmobiliario;1871.73;59.084647;58.302271;3345.80
2024;4;5;Automotor;7218.00;59.084647;58.302271;12902.48
2024;4;4;Ingresos Brutos;63923.06;59.084647;58.302271;114265.18
2024;4;3;Tributarios;78392.98;59.084647;58.302271;140130.78
2024;4;2;De Origen Provincial;116707.39;59.084647;58.302271;208619.41
2024;4;1;Recursos Corrientes;238634.54;59.084647;58.302271;426569.37
2024;5;55;Resultado Operativo - Amortizacion de la D Consolidada;105942.24;61.605766;60.737000;181626.33
2024;5;54;Amortizacion de la Deuda Consolidada;2106.68;61.605766;60.737000;3611.67
2024;5;53;IX. Resultado Operativo (VIII-IX);108048.92;61.605766;60.737000;185238.00
2024;5;52;VIII. Egresos Totales (II+V+VI+VII);219099.86;61.605766;60.737000;375622.63
2024;5;51;VII. Ingresos Totales (I+IV);327148.78;61.605766;60.737000;560860.63
2024;5;50;Otros;2.64;61.605766;60.737000;4.53
2024;5;49;Compra de Acciones, Titulos, Valores, Otros;6637.67;61.605766;60.737000;11379.56
2024;5;48;Prestamos;30.68;61.605766;60.737000;52.60
2024;5;47;Inversion Financiera;6670.99;61.605766;60.737000;11436.68
2024;5;46;al Sector Privado;0.00;61.605766;60.737000;0.00
2024;5;45;al Sector Publico+Remesas al IPV;6190.10;61.605766;60.737000;10612.25
2024;5;44;Transferencias para financiar Erogaciones de Capital;6190.10;61.605766;60.737000;10612.25
2024;5;43;Trabajos Publicos;8266.61;61.605766;60.737000;14172.19
2024;5;42;Bienes de Capital;467.82;61.605766;60.737000;802.03
2024;5;41;VI. Erogaciones de Capital;21595.51;61.605766;60.737000;37023.13
2024;5;40;Resto Otros Recursos de Capital;0.00;61.605766;60.737000;0.00
2024;5;39;Fondo Residual;0.00;61.605766;60.737000;0.00
2024;5;38;Venta de Acciones;0.00;61.605766;60.737000;0.00
2024;5;37;Otros Recursos de Capital;0.00;61.605766;60.737000;0.00
2024;5;36;Reembolsos de Prestamos;481.09;61.605766;60.737000;824.78
2024;5;35;Reembolsos de Obras Publicas;0.00;61.605766;60.737000;0.00
2024;5;34;V. Recursos de Capital;481.09;61.605766;60.737000;824.78
2024;5;33;IV.Resultado Economico Neto de Remesas;129163.34;61.605766;60.737000;221436.35
2024;5;32;Remesas EMT;563.30;61.605766;60.737000;965.72
2024;5;31;Remesas ATM;925.90;61.605766;60.737000;1587.35
2024;5;30;Resultado Economico con Remesas;130652.54;61.605766;60.737000;223989.42
2024;5;29;Otras Erogaciones Corrientes;8.00;61.605766;60.737000;13.72
2024;5;28;Otras Transferencias;27993.03;61.605766;60.737000;47990.97
2024;5;27;Municipios;48443.49;61.605766;60.737000;83051.04
2024;5;26;Transferencias a Municipios y Otros;76436.52;61.605766;60.737000;131042.01
2024;5;25;Intereses y Gastos de la Deuda;2288.88;61.605766;60.737000;3924.03
2024;5;24;Otros Servicios;20767.13;61.605766;60.737000;35602.96
2024;5;23;Bienes Corrientes;14092.18;61.605766;60.737000;24159.49
2024;5;22;Locaciones de Servicio;180.39;61.605766;60.737000;309.26
2024;5;21;Personal;82242.04;61.605766;60.737000;140994.94
2024;5;20;Erogaciones Corrientes;196015.14;61.605766;60.737000;336046.41
2024;5;19;Aportes no Reintegrables;776.47;61.605766;60.737000;1331.17
2024;5;18;Coparticipacion Vial;382.15;61.605766;60.737000;655.15
2024;5;17;Ley 25.053 Fdo. Nac. de Incentivo Docente;0.00;61.605766;60.737000;0.00
2024;5;16;Regimenes Especiales Nacionales s/Financ. Educativo;43722.05;61.605766;60.737000;74956.65
2024;5;15;Coparticipacion Federal + Financ. Educativo;156209.89;61.605766;60.737000;267804.69
2024;5;14;De Origen Nacional;201090.56;61.605766;60.737000;344747.66
2024;5;13;Otros no Tributarios;30286.91;61.605766;60.737000;51923.58
2024;5;12;Remesas del Instituto de Juegos y Casino;419.00;61.605766;60.737000;718.33
2024;5;11;Tasas Retributivas de Servicios;2789.56;61.605766;60.737000;4782.39
2024;5;10;Regalias;11391.09;61.605766;60.737000;19528.77
2024;5;9;No Tributarios;44886.56;61.605766;60.737000;76953.07
2024;5;8;Otros Tributarios;327.39;61.605766;60.737000;561.27
2024;5;7;Sellos y Tasas de Justicia;5799.91;61.605766;60.737000;9943.31
2024;5;6;Inmobiliario;1654.27;61.605766;60.737000;2836.06
2024;5;5;Automotor;5767.92;61.605766;60.737000;9888.46
2024;5;4;Ingresos Brutos;67141.08;61.605766;60.737000;115106.00
2024;5;3;Tributarios;80690.57;61.605766;60.737000;138335.11
2024;5;2;De Origen Provincial;125577.13;61.605766;60.737000;215288.19
2024;5;1;Recursos Corrientes;326667.69;61.605766;60.737000;560035.85
2024;6;55;Resultado Operativo - Amortizacion de la D Consolidada;-28111.65;64.725963;63.517145;-45871.07
2024;6;54;Amortizacion de la Deuda Consolidada;13518.30;64.725963;63.517145;22058.43
2024;6;53;IX. Resultado Operativo (VIII-IX);-14593.35;64.725963;63.517145;-23812.64
2024;6;52;VIII. Egresos Totales (II+V+VI+VII);250092.51;64.725963;63.517145;408087.39
2024;6;51;VII. Ingresos Totales (I+IV);235499.16;64.725963;63.517145;384274.75
2024;6;50;Otros;8.19;64.725963;63.517145;13.36
2024;6;49;Compra de Acciones, Titulos, Valores, Otros;3909.76;64.725963;63.517145;6379.73
2024;6;48;Prestamos;30.87;64.725963;63.517145;50.37
2024;6;47;Inversion Financiera;3948.82;64.725963;63.517145;6443.47
2024;6;46;al Sector Privado;0.00;64.725963;63.517145;0.00
2024;6;45;al Sector Publico+Remesas al IPV;4942.51;64.725963;63.517145;8064.92
2024;6;44;Transferencias para financiar Erogaciones de Capital;4942.51;64.725963;63.517145;8064.92
2024;6;43;Trabajos Publicos;6029.66;64.725963;63.517145;9838.87
2024;6;42;Bienes de Capital;577.77;64.725963;63.517145;942.77
2024;6;41;VI. Erogaciones de Capital;15498.76;64.725963;63.517145;25290.04
2024;6;40;Resto Otros Recursos de Capital;0.00;64.725963;63.517145;0.00
2024;6;39;Fondo Residual;0.00;64.725963;63.517145;0.00
2024;6;38;Venta de Acciones;0.00;64.725963;63.517145;0.00
2024;6;37;Otros Recursos de Capital;0.00;64.725963;63.517145;0.00
2024;6;36;Reembolsos de Prestamos;0.12;64.725963;63.517145;0.20
2024;6;35;Reembolsos de Obras Publicas;0.00;64.725963;63.517145;0.00
2024;6;34;V. Recursos de Capital;0.12;64.725963;63.517145;0.20
2024;6;33;IV.Resultado Economico Neto de Remesas;905.29;64.725963;63.517145;1477.20
2024;6;32;Remesas EMT;491.53;64.725963;63.517145;802.05
2024;6;31;Remesas ATM;1177.41;64.725963;63.517145;1921.23
2024;6;30;Resultado Economico con Remesas;2574.23;64.725963;63.517145;4200.49
2024;6;29;Otras Erogaciones Corrientes;8.00;64.725963;63.517145;13.05
2024;6;28;Otras Transferencias;34302.29;64.725963;63.517145;55972.62
2024;6;27;Municipios;40415.13;64.725963;63.517145;65947.22
2024;6;26;Transferencias a Municipios y Otros;74717.42;64.725963;63.517145;121919.83
2024;6;25;Intereses y Gastos de la Deuda;3716.84;64.725963;63.517145;6064.94
2024;6;24;Otros Servicios;22154.00;64.725963;63.517145;36149.70
2024;6;23;Bienes Corrientes;12041.12;64.725963;63.517145;19648.05
2024;6;22;Locaciones de Servicio;264.38;64.725963;63.517145;431.40
2024;6;21;Personal;120023.05;64.725963;63.517145;195847.10
2024;6;20;Erogaciones Corrientes;232924.81;64.725963;63.517145;380074.07
2024;6;19;Aportes no Reintegrables;2232.74;64.725963;63.517145;3643.26
2024;6;18;Coparticipacion Vial;572.29;64.725963;63.517145;933.83
2024;6;17;Ley 25.053 Fdo. Nac. de Incentivo Docente;0.00;64.725963;63.517145;0.00
2024;6;16;Regimenes Especiales Nacionales s/Financ. Educativo;18554.20;64.725963;63.517145;30275.74
2024;6;15;Coparticipacion Federal + Financ. Educativo;102338.69;64.725963;63.517145;166990.72
2024;6;14;De Origen Nacional;123697.92;64.725963;63.517145;201843.56
2024;6;13;Otros no Tributarios;15956.20;64.725963;63.517145;26036.46
2024;6;12;Remesas del Instituto de Juegos y Casino;200.00;64.725963;63.517145;326.35
2024;6;11;Tasas Retributivas de Servicios;2524.98;64.725963;63.517145;4120.13
2024;6;10;Regalias;14000.06;64.725963;63.517145;22844.54
2024;6;9;No Tributarios;32681.24;64.725963;63.517145;53327.47
2024;6;8;Otros Tributarios;380.20;64.725963;63.517145;620.39
2024;6;7;Sellos y Tasas de Justicia;6827.15;64.725963;63.517145;11140.17
2024;6;6;Inmobiliario;2142.08;64.725963;63.517145;3495.33
2024;6;5;Automotor;4968.93;64.725963;63.517145;8108.03
2024;6;4;Ingresos Brutos;64801.52;64.725963;63.517145;105739.60
2024;6;3;Tributarios;79119.88;64.725963;63.517145;129103.53
2024;6;2;De Origen Provincial;111801.12;64.725963;63.517145;182431.00
2024;6;1;Recursos Corrientes;235499.04;64.725963;63.517145;384274.56
2024;7;55;Resultado Operativo - Amortizacion de la D Consolidada;25280.02;67.697854;66.077479;39439.69
2024;7;54;Amortizacion de la Deuda Consolidada;1826.87;67.697854;66.077479;2850.12
2024;7;53;IX. Resultado Operativo (VIII-IX);27106.89;67.697854;66.077479;42289.82
2024;7;52;VIII. Egresos Totales (II+V+VI+VII);245004.14;67.697854;66.077479;382234.19
2024;7;51;VII. Ingresos Totales (I+IV);272111.03;67.697854;66.077479;424524.01
2024;7;50;Otros;9.48;67.697854;66.077479;14.79
2024;7;49;Compra de Acciones, Titulos, Valores, Otros;18883.44;67.697854;66.077479;29460.30
2024;7;48;Prestamos;29.42;67.697854;66.077479;45.90
2024;7;47;Inversion Financiera;18922.34;67.697854;66.077479;29520.99
2024;7;46;al Sector Privado;0.00;67.697854;66.077479;0.00
2024;7;45;al Sector Publico+Remesas al IPV;8580.36;67.697854;66.077479;13386.33
2024;7;44;Transferencias para financiar Erogaciones de Capital;8580.36;67.697854;66.077479;13386.33
2024;7;43;Trabajos Publicos;7152.50;67.697854;66.077479;11158.71
2024;7;42;Bienes de Capital;176.96;67.697854;66.077479;276.08
2024;7;41;VI. Erogaciones de Capital;34832.16;67.697854;66.077479;54342.11
2024;7;40;Resto Otros Recursos de Capital;71.10;67.697854;66.077479;110.92
2024;7;39;Fondo Residual;3.65;67.697854;66.077479;5.69
2024;7;38;Venta de Acciones;0.00;67.697854;66.077479;0.00
2024;7;37;Otros Recursos de Capital;74.75;67.697854;66.077479;116.62
2024;7;36;Reembolsos de Prestamos;-0.32;67.697854;66.077479;-0.50
2024;7;35;Reembolsos de Obras Publicas;0.00;67.697854;66.077479;0.00
2024;7;34;V. Recursos de Capital;74.43;67.697854;66.077479;116.12
2024;7;33;IV.Resultado Economico Neto de Remesas;61864.62;67.697854;66.077479;96515.81
2024;7;32;Remesas EMT;949.70;67.697854;66.077479;1481.64
2024;7;31;Remesas ATM;940.82;67.697854;66.077479;1467.79
2024;7;30;Resultado Economico con Remesas;63755.14;67.697854;66.077479;99465.23
2024;7;29;Otras Erogaciones Corrientes;8.00;67.697854;66.077479;12.48
2024;7;28;Otras Transferencias;29671.99;67.697854;66.077479;46291.66
2024;7;27;Municipios;48594.20;67.697854;66.077479;75812.45
2024;7;26;Transferencias a Municipios y Otros;78266.19;67.697854;66.077479;122104.12
2024;7;25;Intereses y Gastos de la Deuda;1445.56;67.697854;66.077479;2255.24
2024;7;24;Otros Servicios;17577.38;67.697854;66.077479;27422.70
2024;7;23;Bienes Corrientes;13214.92;67.697854;66.077479;20616.77
2024;7;22;Locaciones de Servicio;254.73;67.697854;66.077479;397.41
2024;7;21;Personal;97514.68;67.697854;66.077479;152133.94
2024;7;20;Erogaciones Corrientes;208281.46;67.697854;66.077479;324942.65
2024;7;19;Aportes no Reintegrables;10018.79;67.697854;66.077479;15630.45
2024;7;18;Coparticipacion Vial;543.05;67.697854;66.077479;847.22
2024;7;17;Ley 25.053 Fdo. Nac. de Incentivo Docente;0.00;67.697854;66.077479;0.00
2024;7;16;Regimenes Especiales Nacionales s/Financ. Educativo;19410.27;67.697854;66.077479;30282.22
2024;7;15;Coparticipacion Federal + Financ. Educativo;132257.80;67.697854;66.077479;206337.14
2024;7;14;De Origen Nacional;162229.91;67.697854;66.077479;253097.02
2024;7;13;Otros no Tributarios;12378.46;67.697854;66.077479;19311.80
2024;7;12;Remesas del Instituto de Juegos y Casino;200.00;67.697854;66.077479;312.02
2024;7;11;Tasas Retributivas de Servicios;3156.32;67.697854;66.077479;4924.22
2024;7;10;Regalias;13717.17;67.697854;66.077479;21400.34
2024;7;9;No Tributarios;29451.95;67.697854;66.077479;45948.38
2024;7;8;Otros Tributarios;105.58;67.697854;66.077479;164.72
2024;7;7;Sellos y Tasas de Justicia;6833.89;67.697854;66.077479;10661.64
2024;7;6;Inmobiliario;1343.10;67.697854;66.077479;2095.39
2024;7;5;Automotor;5898.40;67.697854;66.077479;9202.17
2024;7;4;Ingresos Brutos;66173.77;67.697854;66.077479;103238.57
2024;7;3;Tributarios;80354.74;67.697854;66.077479;125362.49
2024;7;2;De Origen Provincial;109806.69;67.697854;66.077479;171310.87
2024;7;1;Recursos Corrientes;272036.60;67.697854;66.077479;424407.89
2024;8;55;Resultado Operativo - Amortizacion de la D Consolidada;20820.26;70.756030;68.834412;31078.05
2024;8;54;Amortizacion de la Deuda Consolidada;2000.61;70.756030;68.834412;2986.28
2024;8;53;IX. Resultado Operativo (VIII-IX);22820.87;70.756030;68.834412;34064.32
2024;8;52;VIII. Egresos Totales (II+V+VI+VII);255080.23;70.756030;68.834412;380753.89
2024;8;51;VII. Ingresos Totales (I+IV);277901.10;70.756030;68.834412;414818.22
2024;8;50;Otros;96.20;70.756030;68.834412;143.60
2024;8;49;Compra de Acciones, Titulos, Valores, Otros;8493.97;70.756030;68.834412;12678.80
2024;8;48;Prestamos;31.49;70.756030;68.834412;47.00
2024;8;47;Inversion Financiera;8621.66;70.756030;68.834412;12869.40
2024;8;46;al Sector Privado;0.00;70.756030;68.834412;0.00
2024;8;45;al Sector Publico+Remesas al IPV;8979.18;70.756030;68.834412;13403.07
2024;8;44;Transferencias para financiar Erogaciones de Capital;8979.18;70.756030;68.834412;13403.07
2024;8;43;Trabajos Publicos;8732.92;70.756030;68.834412;13035.48
2024;8;42;Bienes de Capital;323.17;70.756030;68.834412;482.39
2024;8;41;VI. Erogaciones de Capital;26656.93;70.756030;68.834412;39790.34
2024;8;40;Resto Otros Recursos de Capital;48.93;70.756030;68.834412;73.04
2024;8;39;Fondo Residual;41.64;70.756030;68.834412;62.16
2024;8;38;Venta de Acciones;0.00;70.756030;68.834412;0.00
2024;8;37;Otros Recursos de Capital;90.57;70.756030;68.834412;135.19
2024;8;36;Reembolsos de Prestamos;0.57;70.756030;68.834412;0.85
2024;8;35;Reembolsos de Obras Publicas;0.00;70.756030;68.834412;0.00
2024;8;34;V. Recursos de Capital;91.14;70.756030;68.834412;136.04
2024;8;33;IV.Resultado Economico Neto de Remesas;49386.66;70.756030;68.834412;73718.62
2024;8;32;Remesas EMT;385.42;70.756030;68.834412;575.31
2024;8;31;Remesas ATM;2094.06;70.756030;68.834412;3125.77
2024;8;30;Resultado Economico con Remesas;51866.14;70.756030;68.834412;77419.70
2024;8;29;Otras Erogaciones Corrientes;8.00;70.756030;68.834412;11.94
2024;8;28;Otras Transferencias;36002.10;70.756030;68.834412;53739.72
2024;8;27;Municipios;44583.70;70.756030;68.834412;66549.33
2024;8;26;Transferencias a Municipios y Otros;80585.80;70.756030;68.834412;120289.04
2024;8;25;Intereses y Gastos de la Deuda;1747.81;70.756030;68.834412;2608.93
2024;8;24;Otros Servicios;22211.68;70.756030;68.834412;33154.99
2024;8;23;Bienes Corrientes;14293.02;70.756030;68.834412;21334.95
2024;8;22;Locaciones de Servicio;285.27;70.756030;68.834412;425.82
2024;8;21;Personal;106812.24;70.756030;68.834412;159436.80
2024;8;20;Erogaciones Corrientes;225943.82;70.756030;68.834412;337262.47
2024;8;19;Aportes no Reintegrables;1743.36;70.756030;68.834412;2602.28
2024;8;18;Coparticipacion Vial;515.64;70.756030;68.834412;769.69
2024;8;17;Ley 25.053 Fdo. Nac. de Incentivo Docente;0.00;70.756030;68.834412;0.00
2024;8;16;Regimenes Especiales Nacionales s/Financ. Educativo;19073.00;70.756030;68.834412;28469.94
2024;8;15;Coparticipacion Federal + Financ. Educativo;126157.18;70.756030;68.834412;188312.66
2024;8;14;De Origen Nacional;147489.18;70.756030;68.834412;220154.57
2024;8;13;Otros no Tributarios;21106.40;70.756030;68.834412;31505.16
2024;8;12;Remesas del Instituto de Juegos y Casino;500.00;70.756030;68.834412;746.34
2024;8;11;Tasas Retributivas de Servicios;3368.23;70.756030;68.834412;5027.70
2024;8;10;Regalias;14527.62;70.756030;68.834412;21685.13
2024;8;9;No Tributarios;39502.25;70.756030;68.834412;58964.33
2024;8;8;Otros Tributarios;820.17;70.756030;68.834412;1224.25
2024;8;7;Sellos y Tasas de Justicia;9381.37;70.756030;68.834412;14003.41
2024;8;6;Inmobiliario;2077.38;70.756030;68.834412;3100.87
2024;8;5;Automotor;6033.19;70.756030;68.834412;9005.64
2024;8;4;Ingresos Brutos;72506.42;70.756030;68.834412;108229.09
2024;8;3;Tributarios;90818.53;70.756030;68.834412;135563.27
2024;8;2;De Origen Provincial;130320.78;70.756030;68.834412;194527.60
2024;8;1;Recursos Corrientes;277809.96;70.756030;68.834412;414682.17
2024;9;55;Resultado Operativo - Amortizacion de la D Consolidada;-34786.58;71.222421;72.901216;-51585.31
2024;9;54;Amortizacion de la Deuda Consolidada;48875.91;71.222421;72.901216;72478.49
2024;9;53;IX. Resultado Operativo (VIII-IX);14089.33;71.222421;72.901216;20893.18
2024;9;52;VIII. Egresos Totales (II+V+VI+VII);280615.27;71.222421;72.901216;416126.70
2024;9;51;VII. Ingresos Totales (I+IV);294704.60;71.222421;72.901216;437019.88
2024;9;50;Otros;0.23;71.222421;72.901216;0.34
2024;9;49;Compra de Acciones, Titulos, Valores, Otros;11563.38;71.222421;72.901216;17147.43
2024;9;48;Prestamos;34.96;71.222421;72.901216;51.84
2024;9;47;Inversion Financiera;11598.57;71.222421;72.901216;17199.62
2024;9;46;al Sector Privado;0.00;71.222421;72.901216;0.00
2024;9;45;al Sector Publico+Remesas al IPV;8229.98;71.222421;72.901216;12204.31
2024;9;44;Transferencias para financiar Erogaciones de Capital;8229.98;71.222421;72.901216;12204.31
2024;9;43;Trabajos Publicos;4581.41;71.222421;72.901216;6793.81
2024;9;42;Bienes de Capital;563.68;71.222421;72.901216;835.89
2024;9;41;VI. Erogaciones de Capital;24973.65;71.222421;72.901216;37033.63
2024;9;40;Resto Otros Recursos de Capital;0.00;71.222421;72.901216;0.00
2024;9;39;Fondo Residual;13.94;71.222421;72.901216;20.67
2024;9;38;Venta de Acciones;0.00;71.222421;72.901216;0.00
2024;9;37;Otros Recursos de Capital;13.94;71.222421;72.901216;20.67
2024;9;36;Reembolsos de Prestamos;0.16;71.222421;72.901216;0.24
2024;9;35;Reembolsos de Obras Publicas;0.00;71.222421;72.901216;0.00
2024;9;34;V. Recursos de Capital;14.10;71.222421;72.901216;20.91
2024;9;33;IV.Resultado Economico Neto de Remesas;39048.87;71.222421;72.901216;57905.89
2024;9;32;Remesas EMT;911.74;71.222421;72.901216;1352.03
2024;9;31;Remesas ATM;6502.96;71.222421;72.901216;9643.29
2024;9;30;Resultado Economico con Remesas;46463.57;71.222421;72.901216;68901.21
2024;9;29;Otras Erogaciones Corrientes;8.00;71.222421;72.901216;11.86
2024;9;28;Otras Transferencias;34502.11;71.222421;72.901216;51163.46
2024;9;27;Municipios;45912.22;71.222421;72.901216;68083.61
2024;9;26;Transferencias a Municipios y Otros;80414.33;71.222421;72.901216;119247.07
2024;9;25;Intereses y Gastos de la Deuda;14654.88;71.222421;72.901216;21731.84
2024;9;24;Otros Servicios;25007.57;71.222421;72.901216;37083.93
2024;9;23;Bienes Corrientes;13224.14;71.222421;72.901216;19610.19
2024;9;22;Locaciones de Servicio;310.92;71.222421;72.901216;461.07
2024;9;21;Personal;114607.09;71.222421;72.901216;169951.80
2024;9;20;Erogaciones Corrientes;248226.93;71.222421;72.901216;368097.76
2024;9;19;Aportes no Reintegrables;2016.81;71.222421;72.901216;2990.74
2024;9;18;Coparticipacion Vial;601.41;71.222421;72.901216;891.84
2024;9;17;Ley 25.053 Fdo. Nac. de Incentivo Docente;0.00;71.222421;72.901216;0.00
2024;9;16;Regimenes Especiales Nacionales s/Financ. Educativo;18522.88;71.222421;72.901216;27467.73
2024;9;15;Coparticipacion Federal + Financ. Educativo;145849.92;71.222421;72.901216;216282.05
2024;9;14;De Origen Nacional;166991.02;71.222421;72.901216;247632.36
2024;9;13;Otros no Tributarios;20545.61;71.222421;72.901216;30467.25
2024;9;12;Remesas del Instituto de Juegos y Casino;200.00;71.222421;72.901216;296.58
2024;9;11;Tasas Retributivas de Servicios;3257.97;71.222421;72.901216;4831.27
2024;9;10;Regalias;14619.64;71.222421;72.901216;21679.58
2024;9;9;No Tributarios;38623.22;71.222421;72.901216;57274.69
2024;9;8;Otros Tributarios;421.55;71.222421;72.901216;625.12
2024;9;7;Sellos y Tasas de Justicia;9951.87;71.222421;72.901216;14757.71
2024;9;6;Inmobiliario;1643.12;71.222421;72.901216;2436.60
2024;9;5;Automotor;5777.79;71.222421;72.901216;8567.93
2024;9;4;Ingresos Brutos;71281.93;71.222421;72.901216;105704.56
2024;9;3;Tributarios;89076.26;71.222421;72.901216;132091.92
2024;9;2;De Origen Provincial;127699.48;71.222421;72.901216;189366.61
2024;9;1;Recursos Corrientes;294690.50;71.222421;72.901216;436998.97
2024;10;55;Resultado Operativo - Amortizacion de la D Consolidada;16542.81;73.139542;74.537437;23888.45
2024;10;54;Amortizacion de la Deuda Consolidada;2096.07;73.139542;74.537437;3026.81
2024;10;53;IX. Resultado Operativo (VIII-IX);18638.88;73.139542;74.537437;26915.26
2024;10;52;VIII. Egresos Totales (II+V+VI+VII);297753.62;73.139542;74.537437;429967.69
2024;10;51;VII. Ingresos Totales (I+IV);316392.50;73.139542;74.537437;456882.95
2024;10;50;Otros;18.52;73.139542;74.537437;26.74
2024;10;49;Compra de Acciones, Titulos, Valores, Otros;6762.10;73.139542;74.537437;9764.73
2024;10;48;Prestamos;32.58;73.139542;74.537437;47.05
2024;10;47;Inversion Financiera;6813.20;73.139542;74.537437;9838.52
2024;10;46;al Sector Privado;0.00;73.139542;74.537437;0.00
2024;10;45;al Sector Publico+Remesas al IPV;12648.05;73.139542;74.537437;18264.27
2024;10;44;Transferencias para financiar Erogaciones de Capital;12648.05;73.139542;74.537437;18264.27
2024;10;43;Trabajos Publicos;8668.86;73.139542;74.537437;12518.17
2024;10;42;Bienes de Capital;1332.84;73.139542;74.537437;1924.67
2024;10;41;VI. Erogaciones de Capital;29462.95;73.139542;74.537437;42545.63
2024;10;40;Resto Otros Recursos de Capital;71.58;73.139542;74.537437;103.36
2024;10;39;Fondo Residual;0.58;73.139542;74.537437;0.84
2024;10;38;Venta de Acciones;0.00;73.139542;74.537437;0.00
2024;10;37;Otros Recursos de Capital;72.16;73.139542;74.537437;104.20
2024;10;36;Reembolsos de Prestamos;-13.33;73.139542;74.537437;-19.25
2024;10;35;Reembolsos de Obras Publicas;0.00;73.139542;74.537437;0.00
2024;10;34;V. Recursos de Capital;58.83;73.139542;74.537437;84.95
2024;10;33;IV.Resultado Economico Neto de Remesas;48043.00;73.139542;74.537437;69375.94
2024;10;32;Remesas EMT;416.39;73.139542;74.537437;601.28
2024;10;31;Remesas ATM;1270.31;73.139542;74.537437;1834.38
2024;10;30;Resultado Economico con Remesas;49729.70;73.139542;74.537437;71811.60
2024;10;29;Otras Erogaciones Corrientes;8.00;73.139542;74.537437;11.55
2024;10;28;Otras Transferencias;40542.54;73.139542;74.537437;58544.99
2024;10;27;Municipios;55789.76;73.139542;74.537437;80562.56
2024;10;26;Transferencias a Municipios y Otros;96332.30;73.139542;74.537437;139107.55
2024;10;25;Intereses y Gastos de la Deuda;808.92;73.139542;74.537437;1168.11
2024;10;24;Otros Servicios;36517.88;73.139542;74.537437;52733.22
2024;10;23;Bienes Corrientes;20881.26;73.139542;74.537437;30153.34
2024;10;22;Locaciones de Servicio;333.64;73.139542;74.537437;481.79
2024;10;21;Personal;111721.97;73.139542;74.537437;161330.83
2024;10;20;Erogaciones Corrientes;266603.97;73.139542;74.537437;384986.40
2024;10;19;Aportes no Reintegrables;6649.35;73.139542;74.537437;9601.92
2024;10;18;Coparticipacion Vial;664.71;73.139542;74.537437;959.87
2024;10;17;Ley 25.053 Fdo. Nac. de Incentivo Docente;0.00;73.139542;74.537437;0.00
2024;10;16;Regimenes Especiales Nacionales s/Financ. Educativo;20840.47;73.139542;74.537437;30094.44
2024;10;15;Coparticipacion Federal + Financ. Educativo;141697.39;73.139542;74.537437;204616.49
2024;10;14;De Origen Nacional;169851.92;73.139542;74.537437;245272.71
2024;10;13;Otros no Tributarios;29918.10;73.139542;74.537437;43202.89
2024;10;12;Remesas del Instituto de Juegos y Casino;200.00;73.139542;74.537437;288.81
2024;10;11;Tasas Retributivas de Servicios;3454.99;73.139542;74.537437;4989.14
2024;10;10;Regalias;14076.21;73.139542;74.537437;20326.59
2024;10;9;No Tributarios;47649.30;73.139542;74.537437;68807.42
2024;10;8;Otros Tributarios;497.30;73.139542;74.537437;718.12
2024;10;7;Sellos y Tasas de Justicia;9154.02;73.139542;74.537437;13218.76
2024;10;6;Inmobiliario;1955.61;73.139542;74.537437;2823.98
2024;10;5;Automotor;6223.23;73.139542;74.537437;8986.58
2024;10;4;Ingresos Brutos;81002.29;73.139542;74.537437;116970.43
2024;10;3;Tributarios;98832.45;73.139542;74.537437;142717.86
2024;10;2;De Origen Provincial;146481.75;73.139542;74.537437;211525.29
2024;10;1;Recursos Corrientes;316333.67;73.139542;74.537437;456798.00
2024;11;55;Resultado Operativo - Amortizacion de la D Consolidada;293.36;76.130943;74.914314;406.98
2024;11;54;Amortizacion de la Deuda Consolidada;1519.00;76.130943;74.914314;2107.31
2024;11;53;IX. Resultado Operativo (VIII-IX);1812.36;76.130943;74.914314;2514.28
2024;11;52;VIII. Egresos Totales (II+V+VI+VII);298835.24;76.130943;74.914314;414573.57
2024;11;51;VII. Ingresos Totales (I+IV);300647.60;76.130943;74.914314;417087.85
2024;11;50;Otros;7.16;76.130943;74.914314;9.93
2024;11;49;Compra de Acciones, Titulos, Valores, Otros;21136.08;76.130943;74.914314;29322.04
2024;11;48;Prestamos;35.07;76.130943;74.914314;48.65
2024;11;47;Inversion Financiera;21178.31;76.130943;74.914314;29380.63
2024;11;46;al Sector Privado;0.00;76.130943;74.914314;0.00
2024;11;45;al Sector Publico+Remesas al IPV;9377.80;76.130943;74.914314;13009.80
2024;11;44;Transferencias para financiar Erogaciones de Capital;9377.80;76.130943;74.914314;13009.80
2024;11;43;Trabajos Publicos;8390.40;76.130943;74.914314;11639.99
2024;11;42;Bienes de Capital;3498.19;76.130943;74.914314;4853.03
2024;11;41;VI. Erogaciones de Capital;42444.70;76.130943;74.914314;58883.45
2024;11;40;Resto Otros Recursos de Capital;-0.92;76.130943;74.914314;-1.28
2024;11;39;Fondo Residual;0.00;76.130943;74.914314;0.00
2024;11;38;Venta de Acciones;0.00;76.130943;74.914314;0.00
2024;11;37;Otros Recursos de Capital;-0.92;76.130943;74.914314;-1.28
2024;11;36;Reembolsos de Prestamos;687.88;76.130943;74.914314;954.29
2024;11;35;Reembolsos de Obras Publicas;0.00;76.130943;74.914314;0.00
2024;11;34;V. Recursos de Capital;686.96;76.130943;74.914314;953.02
2024;11;33;IV.Resultado Economico Neto de Remesas;43570.10;76.130943;74.914314;60444.72
2024;11;32;Remesas EMT;928.08;76.130943;74.914314;1287.52
2024;11;31;Remesas ATM;1354.59;76.130943;74.914314;1879.22
2024;11;30;Resultado Economico con Remesas;45852.77;76.130943;74.914314;63611.46
2024;11;29;Otras Erogaciones Corrientes;8.00;76.130943;74.914314;11.10
2024;11;28;Otras Transferencias;42274.70;76.130943;74.914314;58647.61
2024;11;27;Municipios;45581.08;76.130943;74.914314;63234.55
2024;11;26;Transferencias a Municipios y Otros;87855.78;76.130943;74.914314;121882.16
2024;11;25;Intereses y Gastos de la Deuda;2357.88;76.130943;74.914314;3271.08
2024;11;24;Otros Servicios;29342.80;76.130943;74.914314;40707.21
2024;11;23;Bienes Corrientes;18351.44;76.130943;74.914314;25458.92
2024;11;22;Locaciones de Servicio;378.61;76.130943;74.914314;525.24
2024;11;21;Personal;115813.36;76.130943;74.914314;160667.66
2024;11;20;Erogaciones Corrientes;254107.87;76.130943;74.914314;352523.37
2024;11;19;Aportes no Reintegrables;3266.27;76.130943;74.914314;4531.29
2024;11;18;Coparticipacion Vial;704.70;76.130943;74.914314;977.63
2024;11;17;Ley 25.053 Fdo. Nac. de Incentivo Docente;0.00;76.130943;74.914314;0.00
2024;11;16;Regimenes Especiales Nacionales s/Financ. Educativo;23126.68;76.130943;74.914314;32083.60
2024;11;15;Coparticipacion Federal + Financ. Educativo;141422.09;76.130943;74.914314;196194.60
2024;11;14;De Origen Nacional;168519.74;76.130943;74.914314;233787.12
2024;11;13;Otros no Tributarios;18363.05;76.130943;74.914314;25475.02
2024;11;12;Remesas del Instituto de Juegos y Casino;191.60;76.130943;74.914314;265.81
2024;11;11;Tasas Retributivas de Servicios;3059.45;76.130943;74.914314;4244.37
2024;11;10;Regalias;14088.93;76.130943;74.914314;19545.55
2024;11;9;No Tributarios;35703.03;76.130943;74.914314;49530.75
2024;11;8;Otros Tributarios;620.54;76.130943;74.914314;860.87
2024;11;7;Sellos y Tasas de Justicia;9635.69;76.130943;74.914314;13367.57
2024;11;6;Inmobiliario;1615.81;76.130943;74.914314;2241.61
2024;11;5;Automotor;6162.12;76.130943;74.914314;8548.70
2024;11;4;Ingresos Brutos;77703.71;76.130943;74.914314;107798.21
2024;11;3;Tributarios;95737.87;76.130943;74.914314;132816.97
2024;11;2;De Origen Provincial;131440.90;76.130943;74.914314;182347.72
2024;11;1;Recursos Corrientes;299960.64;76.130943;74.914314;416134.84
2024;12;55;Resultado Operativo - Amortizacion de la D Consolidada;-182223.85;77.886720;76.940075;-247100.04
2024;12;54;Amortizacion de la Deuda Consolidada;18131.11;77.886720;76.940075;24586.23
2024;12;53;IX. Resultado Operativo (VIII-IX);-164092.74;77.886720;76.940075;-222513.81
2024;12;52;VIII. Egresos Totales (II+V+VI+VII);546080.61;77.886720;76.940075;740498.79
2024;12;51;VII. Ingresos Totales (I+IV);381987.87;77.886720;76.940075;517984.98
2024;12;50;Otros;2008.32;77.886720;76.940075;2723.33
2024;12;49;Compra de Acciones, Titulos, Valores, Otros;38387.07;77.886720;76.940075;52053.81
2024;12;48;Prestamos;485.44;77.886720;76.940075;658.27
2024;12;47;Inversion Financiera;40880.83;77.886720;76.940075;55435.41
2024;12;46;al Sector Privado;0.00;77.886720;76.940075;0.00
2024;12;45;al Sector Publico+Remesas al IPV;23654.74;77.886720;76.940075;32076.41
2024;12;44;Transferencias para financiar Erogaciones de Capital;23654.74;77.886720;76.940075;32076.41
2024;12;43;Trabajos Publicos;16381.42;77.886720;76.940075;22213.61
2024;12;42;Bienes de Capital;16022.39;77.886720;76.940075;21726.76
2024;12;41;VI. Erogaciones de Capital;96939.38;77.886720;76.940075;131452.19
2024;12;40;Resto Otros Recursos de Capital;431.89;77.886720;76.940075;585.65
2024;12;39;Fondo Residual;9.43;77.886720;76.940075;12.79
2024;12;38;Venta de Acciones;0.00;77.886720;76.940075;0.00
2024;12;37;Otros Recursos de Capital;441.32;77.886720;76.940075;598.44
2024;12;36;Reembolsos de Prestamos;-7.33;77.886720;76.940075;-9.94
2024;12;35;Reembolsos de Obras Publicas;0.00;77.886720;76.940075;0.00
2024;12;34;V. Recursos de Capital;433.99;77.886720;76.940075;588.50
2024;12;33;IV.Resultado Economico Neto de Remesas;-67587.35;77.886720;76.940075;-91650.12
2024;12;32;Remesas EMT;1048.18;77.886720;76.940075;1421.36
2024;12;31;Remesas ATM;18243.77;77.886720;76.940075;24739.00
2024;12;30;Resultado Economico con Remesas;-48295.40;77.886720;76.940075;-65489.75
2024;12;29;Otras Erogaciones Corrientes;8.04;77.886720;76.940075;10.90
2024;12;28;Otras Transferencias;56758.11;77.886720;76.940075;76965.40
2024;12;27;Municipios;62849.67;77.886720;76.940075;85225.70
2024;12;26;Transferencias a Municipios y Otros;119607.78;77.886720;76.940075;162191.10
2024;12;25;Intereses y Gastos de la Deuda;2423.06;77.886720;76.940075;3285.73
2024;12;24;Otros Servicios;81722.98;77.886720;76.940075;110818.38
2024;12;23;Bienes Corrientes;35185.40;77.886720;76.940075;47712.27
2024;12;22;Locaciones de Servicio;489.73;77.886720;76.940075;664.09
2024;12;21;Personal;190412.29;77.886720;76.940075;258203.77
2024;12;20;Erogaciones Corrientes;429849.28;77.886720;76.940075;582886.23
2024;12;19;Aportes no Reintegrables;3148.28;77.886720;76.940075;4269.15
2024;12;18;Coparticipacion Vial;959.85;77.886720;76.940075;1301.58
2024;12;17;Ley 25.053 Fdo. Nac. de Incentivo Docente;0.00;77.886720;76.940075;0.00
2024;12;16;Regimenes Especiales Nacionales s/Financ. Educativo;23323.44;77.886720;76.940075;31627.16
2024;12;15;Coparticipacion Federal + Financ. Educativo;144192.88;77.886720;76.940075;195529.10
2024;12;14;De Origen Nacional;171624.45;77.886720;76.940075;232726.99
2024;12;13;Otros no Tributarios;80790.38;77.886720;76.940075;109553.75
2024;12;12;Remesas del Instituto de Juegos y Casino;0.00;77.886720;76.940075;0.00
2024;12;11;Tasas Retributivas de Servicios;3752.64;77.886720;76.940075;5088.67
2024;12;10;Regalias;14345.53;77.886720;76.940075;19452.89
2024;12;9;No Tributarios;98888.55;77.886720;76.940075;134095.31
2024;12;8;Otros Tributarios;639.31;77.886720;76.940075;866.92
2024;12;7;Sellos y Tasas de Justicia;11191.31;77.886720;76.940075;15175.69
2024;12;6;Inmobiliario;3623.54;77.886720;76.940075;4913.61
2024;12;5;Automotor;10123.71;77.886720;76.940075;13728.00
2024;12;4;Ingresos Brutos;85463.01;77.886720;76.940075;115889.95
2024;12;3;Tributarios;111040.88;77.886720;76.940075;150574.17
2024;12;2;De Origen Provincial;209929.43;77.886720;76.940075;284669.49
2024;12;1;Recursos Corrientes;381553.88;77.886720;76.940075;517396.48
2025;1;55;Resultado Operativo - Amortizacion de la D Consolidada;95416.71;79.418472;78.641257;126891.91
2025;1;54;Amortizacion de la Deuda Consolidada;383.93;79.418472;78.641257;510.58
2025;1;53;IX. Resultado Operativo (VIII-IX);95800.64;79.418472;78.641257;127402.48
2025;1;52;VIII. Egresos Totales (II+V+VI+VII);215020.90;79.418472;78.641257;285950.04
2025;1;51;VII. Ingresos Totales (I+IV);310821.54;79.418472;78.641257;413352.52
2025;1;50;Otros;0.00;79.418472;78.641257;0.00
2025;1;49;Compra de Acciones, Titulos, Valores, Otros;4467.86;79.418472;78.641257;5941.68
2025;1;48;Prestamos;30.91;79.418472;78.641257;41.11
2025;1;47;Inversion Financiera;4498.77;79.418472;78.641257;5982.78
2025;1;46;al Sector Privado;0.00;79.418472;78.641257;0.00
2025;1;45;al Sector Publico+Remesas al IPV;0.00;79.418472;78.641257;0.00
2025;1;44;Transferencias para financiar Erogaciones de Capital;0.00;79.418472;78.641257;0.00
2025;1;43;Trabajos Publicos;2072.26;79.418472;78.641257;2755.84
2025;1;42;Bienes de Capital;37.54;79.418472;78.641257;49.92
2025;1;41;VI. Erogaciones de Capital;6608.57;79.418472;78.641257;8788.54
2025;1;40;Resto Otros Recursos de Capital;0.00;79.418472;78.641257;0.00
2025;1;39;Fondo Residual;0.00;79.418472;78.641257;0.00
2025;1;38;Venta de Acciones;0.00;79.418472;78.641257;0.00
2025;1;37;Otros Recursos de Capital;0.00;79.418472;78.641257;0.00
2025;1;36;Reembolsos de Prestamos;0.18;79.418472;78.641257;0.24
2025;1;35;Reembolsos de Obras Publicas;0.00;79.418472;78.641257;0.00
2025;1;34;V. Recursos de Capital;0.18;79.418472;78.641257;0.24
2025;1;33;IV.Resultado Economico Neto de Remesas;102409.03;79.418472;78.641257;136190.79
2025;1;32;Remesas EMT;436.45;79.418472;78.641257;580.42
2025;1;31;Remesas ATM;715.75;79.418472;78.641257;951.86
2025;1;30;Resultado Economico con Remesas;103561.23;79.418472;78.641257;137723.07
2025;1;29;Otras Erogaciones Corrientes;27.99;79.418472;78.641257;37.22
2025;1;28;Otras Transferencias;35201.52;79.418472;78.641257;46813.48
2025;1;27;Municipios;48511.68;79.418472;78.641257;64514.27
2025;1;26;Transferencias a Municipios y Otros;83713.20;79.418472;78.641257;111327.75
2025;1;25;Intereses y Gastos de la Deuda;449.23;79.418472;78.641257;597.42
2025;1;24;Otros Servicios;11533.32;79.418472;78.641257;15337.83
2025;1;23;Bienes Corrientes;1793.41;79.418472;78.641257;2385.00
2025;1;22;Locaciones de Servicio;407.96;79.418472;78.641257;542.53
2025;1;21;Personal;109335.02;79.418472;78.641257;145401.46
2025;1;20;Erogaciones Corrientes;207260.13;79.418472;78.641257;275629.22
2025;1;19;Aportes no Reintegrables;3596.76;79.418472;78.641257;4783.23
2025;1;18;Coparticipacion Vial;267.18;79.418472;78.641257;355.31
2025;1;17;Ley 25.053 Fdo. Nac. de Incentivo Docente;0.00;79.418472;78.641257;0.00
2025;1;16;Regimenes Especiales Nacionales s/Financ. Educativo;22880.08;79.418472;78.641257;30427.55
2025;1;15;Coparticipacion Federal + Financ. Educativo;156589.38;79.418472;78.641257;208243.66
2025;1;14;De Origen Nacional;183333.40;79.418472;78.641257;243809.75
2025;1;13;Otros no Tributarios;13966.30;79.418472;78.641257;18573.38
2025;1;12;Remesas del Instituto de Juegos y Casino;0.00;79.418472;78.641257;0.00
2025;1;11;Tasas Retributivas de Servicios;4128.64;79.418472;78.641257;5490.56
2025;1;10;Regalias;15841.56;79.418472;78.641257;21067.23
2025;1;9;No Tributarios;33936.50;79.418472;78.641257;45131.16
2025;1;8;Otros Tributarios;83.20;79.418472;78.641257;110.65
2025;1;7;Sellos y Tasas de Justicia;9829.65;79.418472;78.641257;13072.17
2025;1;6;Inmobiliario;1199.59;79.418472;78.641257;1595.30
2025;1;5;Automotor;2876.18;79.418472;78.641257;3824.95
2025;1;4;Ingresos Brutos;79562.84;79.418472;78.641257;105808.31
2025;1;3;Tributarios;93551.46;79.418472;78.641257;124411.36
2025;1;2;De Origen Provincial;127487.96;79.418472;78.641257;169542.53
2025;1;1;Recursos Corrientes;310821.36;79.418472;78.641257;413352.28
2025;2;55;Resultado Operativo - Amortizacion de la D Consolidada;46467.50;81.540078;80.529927;60187.90
2025;2;54;Amortizacion de la Deuda Consolidada;637.38;81.540078;80.529927;825.58
2025;2;53;IX. Resultado Operativo (VIII-IX);47104.88;81.540078;80.529927;61013.48
2025;2;52;VIII. Egresos Totales (II+V+VI+VII);275546.67;81.540078;80.529927;356906.99
2025;2;51;VII. Ingresos Totales (I+IV);322651.55;81.540078;80.529927;417920.47
2025;2;50;Otros;3600.00;81.540078;80.529927;4662.97
2025;2;49;Compra de Acciones, Titulos, Valores, Otros;2982.00;81.540078;80.529927;3862.49
2025;2;48;Prestamos;36.71;81.540078;80.529927;47.55
2025;2;47;Inversion Financiera;6618.71;81.540078;80.529927;8573.01
2025;2;46;al Sector Privado;0.00;81.540078;80.529927;0.00
2025;2;45;al Sector Publico+Remesas al IPV;4332.79;81.540078;80.529927;5612.13
2025;2;44;Transferencias para financiar Erogaciones de Capital;4332.79;81.540078;80.529927;5612.13
2025;2;43;Trabajos Publicos;11345.14;81.540078;80.529927;14695.01
2025;2;42;Bienes de Capital;176.22;81.540078;80.529927;228.25
2025;2;41;VI. Erogaciones de Capital;22472.86;81.540078;80.529927;29108.39
2025;2;40;Resto Otros Recursos de Capital;1.52;81.540078;80.529927;1.97
2025;2;39;Fondo Residual;0.00;81.540078;80.529927;0.00
2025;2;38;Venta de Acciones;0.00;81.540078;80.529927;0.00
2025;2;37;Otros Recursos de Capital;1.52;81.540078;80.529927;1.97
2025;2;36;Reembolsos de Prestamos;0.13;81.540078;80.529927;0.17
2025;2;35;Reembolsos de Obras Publicas;0.00;81.540078;80.529927;0.00
2025;2;34;V. Recursos de Capital;1.65;81.540078;80.529927;2.14
2025;2;33;IV.Resultado Economico Neto de Remesas;69576.09;81.540078;80.529927;90119.74
2025;2;32;Remesas EMT;449.77;81.540078;80.529927;582.57
2025;2;31;Remesas ATM;6734.99;81.540078;80.529927;8723.62
2025;2;30;Resultado Economico con Remesas;76760.85;81.540078;80.529927;99425.93
2025;2;29;Otras Erogaciones Corrientes;27.99;81.540078;80.529927;36.25
2025;2;28;Otras Transferencias;29117.69;81.540078;80.529927;37715.23
2025;2;27;Municipios;55354.56;81.540078;80.529927;71699.03
2025;2;26;Transferencias a Municipios y Otros;84472.25;81.540078;80.529927;109414.27
2025;2;25;Intereses y Gastos de la Deuda;500.51;81.540078;80.529927;648.29
2025;2;24;Otros Servicios;20193.45;81.540078;80.529927;26155.94
2025;2;23;Bienes Corrientes;7795.22;81.540078;80.529927;10096.90
2025;2;22;Locaciones de Servicio;445.82;81.540078;80.529927;577.46
2025;2;21;Personal;132453.81;81.540078;80.529927;171563.28
2025;2;20;Erogaciones Corrientes;245889.05;81.540078;80.529927;318492.40
2025;2;19;Aportes no Reintegrables;7296.39;81.540078;80.529927;9450.79
2025;2;18;Coparticipacion Vial;537.73;81.540078;80.529927;696.50
2025;2;17;Ley 25.053 Fdo. Nac. de Incentivo Docente;0.00;81.540078;80.529927;0.00
2025;2;16;Regimenes Especiales Nacionales s/Financ. Educativo;23746.46;81.540078;80.529927;30758.05
2025;2;15;Coparticipacion Federal + Financ. Educativo;143012.88;81.540078;80.529927;185240.11
2025;2;14;De Origen Nacional;174593.46;81.540078;80.529927;226145.45
2025;2;13;Otros no Tributarios;23086.95;81.540078;80.529927;29903.80
2025;2;12;Remesas del Instituto de Juegos y Casino;0.00;81.540078;80.529927;0.00
2025;2;11;Tasas Retributivas de Servicios;5516.47;81.540078;80.529927;7145.31
2025;2;10;Regalias;14637.95;81.540078;80.529927;18960.08
2025;2;9;No Tributarios;43241.37;81.540078;80.529927;56009.20
2025;2;8;Otros Tributarios;1103.22;81.540078;80.529927;1428.97
2025;2;7;Sellos y Tasas de Justicia;6927.26;81.540078;80.529927;8972.66
2025;2;6;Inmobiliario;13959.65;81.540078;80.529927;18081.50
2025;2;5;Automotor;8051.24;81.540078;80.529927;10428.52
2025;2;4;Ingresos Brutos;74773.70;81.540078;80.529927;96852.04
2025;2;3;Tributarios;104815.07;81.540078;80.529927;135763.68
2025;2;2;De Origen Provincial;148056.44;81.540078;80.529927;191772.88
2025;2;1;Recursos Corrientes;322649.90;81.540078;80.529927;417918.33
2025;3;55;Resultado Operativo - Amortizacion de la D Consolidada;-49224.09;84.412462;83.533158;-61588.86
2025;3;54;Amortizacion de la Deuda Consolidada;53878.38;84.412462;83.533158;67412.27
2025;3;53;IX. Resultado Operativo (VIII-IX);4654.29;84.412462;83.533158;5823.42
2025;3;52;VIII. Egresos Totales (II+V+VI+VII);321820.04;84.412462;83.533158;402659.11
2025;3;51;VII. Ingresos Totales (I+IV);326474.33;84.412462;83.533158;408482.53
2025;3;50;Otros;4.43;84.412462;83.533158;5.54
2025;3;49;Compra de Acciones, Titulos, Valores, Otros;9117.30;84.412462;83.533158;11407.51
2025;3;48;Prestamos;64.20;84.412462;83.533158;80.33
2025;3;47;Inversion Financiera;9185.93;84.412462;83.533158;11493.37
2025;3;46;al Sector Privado;0.00;84.412462;83.533158;0.00
2025;3;45;al Sector Publico+Remesas al IPV;5823.29;84.412462;83.533158;7286.06
2025;3;44;Transferencias para financiar Erogaciones de Capital;5823.29;84.412462;83.533158;7286.06
2025;3;43;Trabajos Publicos;12525.27;84.412462;83.533158;15671.54
2025;3;42;Bienes de Capital;420.19;84.412462;83.533158;525.74
2025;3;41;VI. Erogaciones de Capital;27954.69;84.412462;83.533158;34976.72
2025;3;40;Resto Otros Recursos de Capital;2.10;84.412462;83.533158;2.63
2025;3;39;Fondo Residual;0.00;84.412462;83.533158;0.00
2025;3;38;Venta de Acciones;0.00;84.412462;83.533158;0.00
2025;3;37;Otros Recursos de Capital;2.10;84.412462;83.533158;2.63
2025;3;36;Reembolsos de Prestamos;0.24;84.412462;83.533158;0.30
2025;3;35;Reembolsos de Obras Publicas;0.00;84.412462;83.533158;0.00
2025;3;34;V. Recursos de Capital;2.34;84.412462;83.533158;2.93
2025;3;33;IV.Resultado Economico Neto de Remesas;32606.63;84.412462;83.533158;40797.20
2025;3;32;Remesas EMT;954.21;84.412462;83.533158;1193.90
2025;3;31;Remesas ATM;6751.12;84.412462;83.533158;8446.96
2025;3;30;Resultado Economico con Remesas;40311.96;84.412462;83.533158;50438.06
2025;3;29;Otras Erogaciones Corrientes;27.99;84.412462;83.533158;35.02
2025;3;28;Otras Transferencias;35860.29;84.412462;83.533158;44868.16
2025;3;27;Municipios;54768.04;84.412462;83.533158;68525.41
2025;3;26;Transferencias a Municipios y Otros;90628.33;84.412462;83.533158;113393.57
2025;3;25;Intereses y Gastos de la Deuda;14839.18;84.412462;83.533158;18566.68
2025;3;24;Otros Servicios;36227.27;84.412462;83.533158;45327.32
2025;3;23;Bienes Corrientes;10692.60;84.412462;83.533158;13378.51
2025;3;22;Locaciones de Servicio;433.07;84.412462;83.533158;541.85
2025;3;21;Personal;133311.59;84.412462;83.533158;166798.58
2025;3;20;Erogaciones Corrientes;286160.03;84.412462;83.533158;358041.54
2025;3;19;Aportes no Reintegrables;6513.96;84.412462;83.533158;8150.22
2025;3;18;Coparticipacion Vial;1077.50;84.412462;83.533158;1348.16
2025;3;17;Ley 25.053 Fdo. Nac. de Incentivo Docente;0.00;84.412462;83.533158;0.00
2025;3;16;Regimenes Especiales Nacionales s/Financ. Educativo;20102.90;84.412462;83.533158;25152.62
2025;3;15;Coparticipacion Federal + Financ. Educativo;138076.17;84.412462;83.533158;172759.99
2025;3;14;De Origen Nacional;165770.53;84.412462;83.533158;207410.99
2025;3;13;Otros no Tributarios;21889.68;84.412462;83.533158;27388.22
2025;3;12;Remesas del Instituto de Juegos y Casino;507.90;84.412462;83.533158;635.48
2025;3;11;Tasas Retributivas de Servicios;5540.79;84.412462;83.533158;6932.60
2025;3;10;Regalias;13805.18;84.412462;83.533158;17272.95
2025;3;9;No Tributarios;41743.55;84.412462;83.533158;52229.25
2025;3;8;Otros Tributarios;160.77;84.412462;83.533158;201.15
2025;3;7;Sellos y Tasas de Justicia;9977.66;84.412462;83.533158;12483.98
2025;3;6;Inmobiliario;8046.78;84.412462;83.533158;10068.08
2025;3;5;Automotor;19156.27;84.412462;83.533158;23968.20
2025;3;4;Ingresos Brutos;81616.43;84.412462;83.533158;102117.94
2025;3;3;Tributarios;118957.91;84.412462;83.533158;148839.35
2025;3;2;De Origen Provincial;160701.46;84.412462;83.533158;201068.61
2025;3;1;Recursos Corrientes;326471.99;84.412462;83.533158;408479.60
2025;4;55;Resultado Operativo - Amortizacion de la D Consolidada;-20638.49;86.822113;85.856078;-25106.06
2025;4;54;Amortizacion de la Deuda Consolidada;3084.82;86.822113;85.856078;3752.58
2025;4;53;IX. Resultado Operativo (VIII-IX);-17553.67;86.822113;85.856078;-21353.48
2025;4;52;VIII. Egresos Totales (II+V+VI+VII);342695.18;86.822113;85.856078;416877.69
2025;4;51;VII. Ingresos Totales (I+IV);325141.51;86.822113;85.856078;395524.22
2025;4;47;Inversion Financiera;11701.71;86.822113;85.856078;14234.75
2025;4;44;Transferencias para financiar Erogaciones de Capital;8816.29;86.822113;85.856078;10724.73
2025;4;43;Trabajos Publicos;13237.67;86.822113;85.856078;16103.20
2025;4;42;Bienes de Capital;1778.70;86.822113;85.856078;2163.73
2025;4;41;VI. Erogaciones de Capital;35634.37;86.822113;85.856078;43348.07
2025;4;37;Otros Recursos de Capital;620.09;86.822113;85.856078;754.32
2025;4;36;Reembolsos de Prestamos;0.13;86.822113;85.856078;0.16
2025;4;35;Reembolsos de Obras Publicas;0.00;86.822113;85.856078;0.00
2025;4;34;V. Recursos de Capital;620.22;86.822113;85.856078;754.48
2025;4;33;IV.Resultado Economico Neto de Remesas;59031.62;86.822113;85.856078;71810.07
2025;4;32;Remesas EMT;1159.12;86.822113;85.856078;1410.03
2025;4;31;Remesas ATM;2362.18;86.822113;85.856078;2873.52
2025;4;30;Resultado Economico con Remesas;62552.92;86.822113;85.856078;76093.62
2025;4;29;Otras Erogaciones Corrientes;27.99;86.822113;85.856078;34.05
2025;4;28;Otras Transferencias;53831.32;86.822113;85.856078;65484.07
2025;4;27;Municipios;59640.36;86.822113;85.856078;72550.58
2025;4;26;Transferencias a Municipios y Otros;113471.68;86.822113;85.856078;138034.66
2025;4;25;Intereses y Gastos de la Deuda;7860.87;86.822113;85.856078;9562.50
2025;4;24;Otros Servicios;32392.04;86.822113;85.856078;39403.88
2025;4;23;Bienes Corrientes;16547.71;86.822113;85.856078;20129.76
2025;4;22;Locaciones de Servicio;480.94;86.822113;85.856078;585.05
2025;4;21;Personal;210979.04;86.822113;85.856078;256649.23
2025;4;20;Erogaciones Corrientes;307060.81;86.822113;85.856078;373529.62
2025;4;19;Aportes no Reintegrables;-2000.62;86.822113;85.856078;-2433.69
2025;4;18;Coparticipacion Vial;736.99;86.822113;85.856078;896.52
2025;4;17;Ley 25.053 Fdo. Nac. de Incentivo Docente;0.00;86.822113;85.856078;0.00
2025;4;16;Regimenes Especiales Nacionales s/Financ. Educativo;27619.02;86.822113;85.856078;33597.65
2025;4;15;Coparticipacion Federal + Financ. Educativo;180781.60;86.822113;85.856078;219915.02
2025;4;14;De Origen Nacional;167136.99;86.822113;85.856078;203316.79
2025;4;13;Otros no Tributarios;37191.71;86.822113;85.856078;45242.52
2025;4;12;Remesas del Instituto de Juegos y Casino;0.00;86.822113;85.856078;0.00
2025;4;11;Tasas Retributivas de Servicios;7458.58;86.822113;85.856078;9073.12
2025;4;10;Regalias;12963.33;86.822113;85.856078;15769.48
2025;4;9;No Tributarios;57613.62;86.822113;85.856078;70085.12
2025;4;8;Otros Tributarios;703.92;86.822113;85.856078;856.30
2025;4;7;Sellos y Tasas de Justicia;11089.91;86.822113;85.856078;13490.52
2025;4;6;Inmobiliario;3365.10;86.822113;85.856078;4093.54
2025;4;5;Automotor;6608.44;86.822113;85.856078;8038.96
2025;4;4;Ingresos Brutos;78264.75;86.822113;85.856078;95206.56
2025;4;3;Tributarios;99770.68;86.822113;85.856078;121367.83
2025;4;2;De Origen Provincial;157384.30;86.822113;85.856078;191452.95
2025;4;1;Recursos Corrientes;324521.29;86.822113;85.856078;394769.74
2025;5;55;Resultado Operativo - Amortizacion de la D Consolidada;-44374.72;88.238855;87.144871;-53113.73
2025;5;54;Amortizacion de la Deuda Consolidada;1359.73;88.238855;87.144871;1627.51
2025;5;53;IX. Resultado Operativo (VIII-IX);-43014.99;88.238855;87.144871;-51486.22
2025;5;52;VIII. Egresos Totales (II+V+VI+VII);420446.89;88.238855;87.144871;503248.27
2025;5;51;VII. Ingresos Totales (I+IV);377431.90;88.238855;87.144871;451762.05
2025;5;47;Inversion Financiera;15114.97;88.238855;87.144871;18091.66
2025;5;44;Transferencias para financiar Erogaciones de Capital;7149.46;88.238855;87.144871;8557.45
2025;5;43;Trabajos Publicos;12605.72;88.238855;87.144871;15088.25
2025;5;42;Bienes de Capital;795.08;88.238855;87.144871;951.66
2025;5;41;VI. Erogaciones de Capital;35665.23;88.238855;87.144871;42689.02
2025;5;37;Otros Recursos de Capital;-340.72;88.238855;87.144871;-407.82
2025;5;36;Reembolsos de Prestamos;411.05;88.238855;87.144871;492.00
2025;5;35;Reembolsos de Obras Publicas;0.00;88.238855;87.144871;0.00
2025;5;34;V. Recursos de Capital;70.33;88.238855;87.144871;84.18
2025;5;33;IV.Resultado Economico Neto de Remesas;-8012.16;88.238855;87.144871;-9590.05
2025;5;32;Remesas EMT;910.04;88.238855;87.144871;1089.26
2025;5;31;Remesas ATM;1913.74;88.238855;87.144871;2290.63
2025;5;30;Resultado Economico con Remesas;-5188.38;88.238855;87.144871;-6210.16
2025;5;29;Otras Erogaciones Corrientes;27.99;88.238855;87.144871;33.50
2025;5;28;Otras Transferencias;136017.84;88.238855;87.144871;162804.73
2025;5;27;Municipios;56872.19;88.238855;87.144871;68072.41
2025;5;26;Transferencias a Municipios y Otros;192890.03;88.238855;87.144871;230877.14
2025;5;25;Intereses y Gastos de la Deuda;1004.10;88.238855;87.144871;1201.84
2025;5;24;Otros Servicios;30504.48;88.238855;87.144871;36511.93
2025;5;23;Bienes Corrientes;15706.56;88.238855;87.144871;18799.76
2025;5;22;Locaciones de Servicio;450.70;88.238855;87.144871;539.46
2025;5;21;Personal;141153.79;88.238855;87.144871;168952.14
2025;5;20;Erogaciones Corrientes;381739.66;88.238855;87.144871;456918.17
2025;5;19;Aportes no Reintegrables;10882.07;88.238855;87.144871;13025.15
2025;5;18;Coparticipacion Vial;0.00;88.238855;87.144871;0.00
2025;5;17;Ley 25.053 Fdo. Nac. de Incentivo Docente;0.00;88.238855;87.144871;0.00
2025;5;16;Regimenes Especiales Nacionales s/Financ. Educativo;39351.95;88.238855;87.144871;47101.79
2025;5;15;Coparticipacion Federal + Financ. Educativo;174207.78;88.238855;87.144871;208515.67
2025;5;14;De Origen Nacional;224441.80;88.238855;87.144871;268642.60
2025;5;13;Otros no Tributarios;10111.34;88.238855;87.144871;12102.63
2025;5;12;Remesas del Instituto de Juegos y Casino;600.00;88.238855;87.144871;718.16
2025;5;11;Tasas Retributivas de Servicios;6168.17;88.238855;87.144871;7382.91
2025;5;10;Regalias;18164.58;88.238855;87.144871;21741.85
2025;5;9;No Tributarios;35044.09;88.238855;87.144871;41945.55
2025;5;8;Otros Tributarios;-3063.11;88.238855;87.144871;-3666.35
2025;5;7;Sellos y Tasas de Justicia;9178.15;88.238855;87.144871;10985.66
2025;5;6;Inmobiliario;3207.99;88.238855;87.144871;3839.76
2025;5;5;Automotor;5829.62;88.238855;87.144871;6977.69
2025;5;4;Ingresos Brutos;85089.63;88.238855;87.144871;101846.89
2025;5;3;Tributarios;117065.39;88.238855;87.144871;140119.85
2025;5;2;De Origen Provincial;152109.48;88.238855;87.144871;182065.40
2025;5;1;Recursos Corrientes;376551.28;88.238855;87.144871;450708.01
2025;6;55;Resultado Operativo - Amortizacion de la D Consolidada;31737.11;89.092196;88.555681;37623.46
2025;6;54;Amortizacion de la Deuda Consolidada;2278.80;89.092196;88.555681;2701.45
2025;6;53;IX. Resultado Operativo (VIII-IX);34015.91;89.092196;88.555681;40324.91
2025;6;52;VIII. Egresos Totales (II+V+VI+VII);336478.44;89.092196;88.555681;398885.81
2025;6;51;VII. Ingresos Totales (I+IV);370494.35;89.092196;88.555681;439210.72
2025;6;47;Inversion Financiera;12005.99;89.092196;88.555681;14232.77
2025;6;44;Transferencias para financiar Erogaciones de Capital;15089.06;89.092196;88.555681;17887.66
2025;6;43;Trabajos Publicos;16910.59;89.092196;88.555681;20047.03
2025;6;42;Bienes de Capital;1813.22;89.092196;88.555681;2149.52
2025;6;41;VI. Erogaciones de Capital;45818.86;89.092196;88.555681;54316.98
2025;6;37;Otros Recursos de Capital;441.04;89.092196;88.555681;522.84
2025;6;36;Reembolsos de Prestamos;439.58;89.092196;88.555681;521.11
2025;6;35;Reembolsos de Obras Publicas;0.00;89.092196;88.555681;0.00
2025;6;34;V. Recursos de Capital;880.62;89.092196;88.555681;1043.95
2025;6;33;IV.Resultado Economico Neto de Remesas;64772.68;89.092196;88.555681;76786.21
2025;6;32;Remesas EMT;503.17;89.092196;88.555681;596.49
2025;6;31;Remesas ATM;13678.30;89.092196;88.555681;16215.24
2025;6;30;Resultado Economico con Remesas;78954.15;89.092196;88.555681;93597.94
2025;6;29;Otras Erogaciones Corrientes;27.99;89.092196;88.555681;33.18
2025;6;28;Otras Transferencias;29902.83;89.092196;88.555681;35448.97
2025;6;27;Municipios;56630.44;89.092196;88.555681;67133.81
2025;6;26;Transferencias a Municipios y Otros;86533.27;89.092196;88.555681;102582.78
2025;6;25;Intereses y Gastos de la Deuda;2743.18;89.092196;88.555681;3251.96
2025;6;24;Otros Servicios;42459.25;89.092196;88.555681;50334.26
2025;6;23;Bienes Corrientes;14194.18;89.092196;88.555681;16826.80
2025;6;22;Locaciones de Servicio;460.33;89.092196;88.555681;545.71
2025;6;21;Personal;144205.78;89.092196;88.555681;170951.93
2025;6;20;Erogaciones Corrientes;290659.58;89.092196;88.555681;344568.83
2025;6;19;Aportes no Reintegrables;43589.33;89.092196;88.555681;51673.94
2025;6;18;Coparticipacion Vial;0.00;89.092196;88.555681;0.00
2025;6;17;Ley 25.053 Fdo. Nac. de Incentivo Docente;0.00;89.092196;88.555681;0.00
2025;6;16;Regimenes Especiales Nacionales s/Financ. Educativo;23822.35;89.092196;88.555681;28240.73
2025;6;15;Coparticipacion Federal + Financ. Educativo;143437.87;89.092196;88.555681;170041.60
2025;6;14;De Origen Nacional;210849.55;89.092196;88.555681;249956.26
2025;6;13;Otros no Tributarios;44066.61;89.092196;88.555681;52239.74
2025;6;12;Remesas del Instituto de Juegos y Casino;507.90;89.092196;88.555681;602.10
2025;6;11;Tasas Retributivas de Servicios;4588.85;89.092196;88.555681;5439.95
2025;6;10;Regalias;10751.11;89.092196;88.555681;12745.14
2025;6;9;No Tributarios;59914.47;89.092196;88.555681;71026.93
2025;6;8;Otros Tributarios;1625.37;89.092196;88.555681;1926.83
2025;6;7;Sellos y Tasas de Justicia;8244.78;89.092196;88.555681;9773.96
2025;6;6;Inmobiliario;2736.39;89.092196;88.555681;3243.91
2025;6;5;Automotor;8070.16;89.092196;88.555681;9566.95
2025;6;4;Ingresos Brutos;94533.68;89.092196;88.555681;112067.04
2025;6;3;Tributarios;98648.71;89.092196;88.555681;116945.30
2025;6;2;De Origen Provincial;158764.18;89.092196;88.555681;188210.51
2025;6;1;Recursos Corrientes;369613.73;89.092196;88.555681;438166.77
2025;7;55;Resultado Operativo - Amortizacion de la D Consolidada;-15328.99;90.746511;90.239730;-17840.81
2025;7;54;Amortizacion de la Deuda Consolidada;2094.69;90.746511;90.239730;2437.93
2025;7;53;IX. Resultado Operativo (VIII-IX);-13234.30;90.746511;90.239730;-15402.88
2025;7;52;VIII. Egresos Totales (II+V+VI+VII);390346.58;90.746511;90.239730;454309.12
2025;7;51;VII. Ingresos Totales (I+IV);377112.28;90.746511;90.239730;438906.23
2025;7;50;Otros;959.02;90.746511;90.239730;1116.17
2025;7;49;Compra de Acciones, Titulos, Valores, Otros;12748.19;90.746511;90.239730;14837.12
2025;7;48;Prestamos;111.61;90.746511;90.239730;129.90
2025;7;47;Inversion Financiera;13818.82;90.746511;90.239730;16083.18
2025;7;46;al Sector Privado;0.00;90.746511;90.239730;0.00
2025;7;45;al Sector Publico+Remesas al IPV;7343.89;90.746511;90.239730;8547.27
2025;7;44;Transferencias para financiar Erogaciones de Capital;7343.89;90.746511;90.239730;8547.27
2025;7;43;Trabajos Publicos;21638.15;90.746511;90.239730;25183.80
2025;7;42;Bienes de Capital;3066.76;90.746511;90.239730;3569.28
2025;7;41;VI. Erogaciones de Capital;45867.62;90.746511;90.239730;53383.53
2025;7;40;Resto Otros Recursos de Capital;0.00;90.746511;90.239730;0.00
2025;7;39;Fondo Residual;0.00;90.746511;90.239730;0.00
2025;7;38;Venta de Acciones;0.00;90.746511;90.239730;0.00
2025;7;37;Otros Recursos de Capital;0.00;90.746511;90.239730;0.00
2025;7;36;Reembolsos de Prestamos;38.72;90.746511;90.239730;45.06
2025;7;35;Reembolsos de Obras Publicas;0.00;90.746511;90.239730;0.00
2025;7;34;V. Recursos de Capital;38.72;90.746511;90.239730;45.06
2025;7;33;IV.Resultado Economico Neto de Remesas;32594.61;90.746511;90.239730;37935.59
2025;7;32;Remesas EMT;790.61;90.746511;90.239730;920.16
2025;7;31;Remesas ATM;4238.87;90.746511;90.239730;4933.46
2025;7;30;Resultado Economico con Remesas;37624.09;90.746511;90.239730;43789.21
2025;7;29;Otras Erogaciones Corrientes;27.99;90.746511;90.239730;32.58
2025;7;28;Otras Transferencias;46470.45;90.746511;90.239730;54085.14
2025;7;27;Municipios;60721.43;90.746511;90.239730;70671.30
2025;7;26;Transferencias a Municipios y Otros;107191.88;90.746511;90.239730;124756.44
2025;7;25;Intereses y Gastos de la Deuda;2232.61;90.746511;90.239730;2598.45
2025;7;24;Otros Servicios;45205.63;90.746511;90.239730;52613.06
2025;7;23;Bienes Corrientes;25052.73;90.746511;90.239730;29157.89
2025;7;22;Locaciones de Servicio;510.55;90.746511;90.239730;594.21
2025;7;21;Personal;159228.08;90.746511;90.239730;185319.33
2025;7;20;Erogaciones Corrientes;339449.47;90.746511;90.239730;395071.96
2025;7;19;Aportes no Reintegrables;4554.03;90.746511;90.239730;5300.26
2025;7;18;Coparticipacion Vial;3328.73;90.746511;90.239730;3874.18
2025;7;17;Ley 25.053 Fdo. Nac. de Incentivo Docente;0.00;90.746511;90.239730;0.00
2025;7;16;Regimenes Especiales Nacionales s/Financ. Educativo;31657.42;90.746511;90.239730;36844.83
2025;7;15;Coparticipacion Federal + Financ. Educativo;165148.79;90.746511;90.239730;192210.22
2025;7;14;De Origen Nacional;204688.97;90.746511;90.239730;238229.49
2025;7;13;Otros no Tributarios;30985.61;90.746511;90.239730;36062.94
2025;7;12;Remesas del Instituto de Juegos y Casino;600.00;90.746511;90.239730;698.32
2025;7;11;Tasas Retributivas de Servicios;7349.85;90.746511;90.239730;8554.20
2025;7;10;Regalias;14282.11;90.746511;90.239730;16622.39
2025;7;9;No Tributarios;53217.57;90.746511;90.239730;61937.85
2025;7;8;Otros Tributarios;168.12;90.746511;90.239730;195.67
2025;7;7;Sellos y Tasas de Justicia;12685.57;90.746511;90.239730;14764.24
2025;7;6;Inmobiliario;2840.96;90.746511;90.239730;3306.48
2025;7;5;Automotor;6667.50;90.746511;90.239730;7760.04
2025;7;4;Ingresos Brutos;96804.87;90.746511;90.239730;112667.40
2025;7;3;Tributarios;119167.02;90.746511;90.239730;138693.83
2025;7;2;De Origen Provincial;172384.59;90.746511;90.239730;200631.68
2025;7;1;Recursos Corrientes;377073.56;90.746511;90.239730;438861.17
2025;8;55;Resultado Operativo - Amortizacion de la D Consolidada;1609.27;92.662277;91.932441;1834.24
2025;8;54;Amortizacion de la Deuda Consolidada;392.40;92.662277;91.932441;447.26
2025;8;53;IX. Resultado Operativo (VIII-IX);2001.67;92.662277;91.932441;2281.50
2025;8;52;VIII. Egresos Totales (II+V+VI+VII);372740.61;92.662277;91.932441;424849.15
2025;8;51;VII. Ingresos Totales (I+IV);374742.28;92.662277;91.932441;427130.65
2025;8;50;Otros;2904.12;92.662277;91.932441;3310.11
2025;8;49;Compra de Acciones, Titulos, Valores, Otros;10606.62;92.662277;91.932441;12089.41
2025;8;48;Prestamos;329.10;92.662277;91.932441;375.11
2025;8;47;Inversion Financiera;13839.84;92.662277;91.932441;15774.63
2025;8;46;al Sector Privado;0.00;92.662277;91.932441;0.00
2025;8;45;al Sector Publico+Remesas al IPV;8074.89;92.662277;91.932441;9203.75
2025;8;44;Transferencias para financiar Erogaciones de Capital;8074.89;92.662277;91.932441;9203.75
2025;8;43;Trabajos Publicos;16819.96;92.662277;91.932441;19171.36
2025;8;42;Bienes de Capital;2851.49;92.662277;91.932441;3250.12
2025;8;41;VI. Erogaciones de Capital;41586.18;92.662277;91.932441;47399.86
2025;8;40;Resto Otros Recursos de Capital;0.00;92.662277;91.932441;0.00
2025;8;39;Fondo Residual;6.89;92.662277;91.932441;7.85
2025;8;38;Venta de Acciones;0.00;92.662277;91.932441;0.00
2025;8;37;Otros Recursos de Capital;6.89;92.662277;91.932441;7.85
2025;8;36;Reembolsos de Prestamos;9.90;92.662277;91.932441;11.28
2025;8;35;Reembolsos de Obras Publicas;0.00;92.662277;91.932441;0.00
2025;8;34;V. Recursos de Capital;16.79;92.662277;91.932441;19.14
2025;8;33;IV.Resultado Economico Neto de Remesas;43571.06;92.662277;91.932441;49662.22
2025;8;32;Remesas EMT;557.39;92.662277;91.932441;635.31
2025;8;31;Remesas ATM;1780.89;92.662277;91.932441;2029.86
2025;8;30;Resultado Economico con Remesas;45909.34;92.662277;91.932441;52327.39
2025;8;29;Otras Erogaciones Corrientes;27.99;92.662277;91.932441;31.90
2025;8;28;Otras Transferencias;48375.85;92.662277;91.932441;55138.72
2025;8;27;Municipios;58697.06;92.662277;91.932441;66902.82
2025;8;26;Transferencias a Municipios y Otros;107072.91;92.662277;91.932441;122041.53
2025;8;25;Intereses y Gastos de la Deuda;1508.13;92.662277;91.932441;1718.96
2025;8;24;Otros Servicios;33514.80;92.662277;91.932441;38200.12
2025;8;23;Bienes Corrientes;20444.11;92.662277;91.932441;23302.16
2025;8;22;Locaciones de Servicio;519.58;92.662277;91.932441;592.22
2025;8;21;Personal;165728.63;92.662277;91.932441;188897.23
2025;8;20;Erogaciones Corrientes;328816.15;92.662277;91.932441;374784.12
2025;8;19;Aportes no Reintegrables;2498.57;92.662277;91.932441;2847.87
2025;8;18;Coparticipacion Vial;186.86;92.662277;91.932441;212.98
2025;8;17;Ley 25.053 Fdo. Nac. de Incentivo Docente;0.00;92.662277;91.932441;0.00
2025;8;16;Regimenes Especiales Nacionales s/Financ. Educativo;29735.07;92.662277;91.932441;33891.99
2025;8;15;Coparticipacion Federal + Financ. Educativo;168670.07;92.662277;91.932441;192249.88
2025;8;14;De Origen Nacional;201090.57;92.662277;91.932441;229202.71
2025;8;13;Otros no Tributarios;22709.90;92.662277;91.932441;25884.71
2025;8;12;Remesas del Instituto de Juegos y Casino;331.50;92.662277;91.932441;377.84
2025;8;11;Tasas Retributivas de Servicios;6880.11;92.662277;91.932441;7841.94
2025;8;10;Regalias;15875.07;92.662277;91.932441;18094.38
2025;8;9;No Tributarios;45796.58;92.662277;91.932441;52198.87
2025;8;8;Otros Tributarios;137.49;92.662277;91.932441;156.71
2025;8;7;Sellos y Tasas de Justicia;12219.78;92.662277;91.932441;13928.09
2025;8;6;Inmobiliario;3880.39;92.662277;91.932441;4422.86
2025;8;5;Automotor;7138.47;92.662277;91.932441;8136.42
2025;8;4;Ingresos Brutos;104462.21;92.662277;91.932441;119065.86
2025;8;3;Tributarios;127838.34;92.662277;91.932441;145709.94
2025;8;2;De Origen Provincial;173634.92;92.662277;91.932441;197908.80
2025;8;1;Recursos Corrientes;374725.49;92.662277;91.932441;427111.51
2025;9;55;Resultado Operativo - Amortizacion de la D Consolidada;-104336.87;94.655075;93.840922;-116419.28
2025;9;54;Amortizacion de la Deuda Consolidada;69977.02;94.655075;93.840922;78080.49
2025;9;53;IX. Resultado Operativo (VIII-IX);-34359.85;94.655075;93.840922;-38338.79
2025;9;52;VIII. Egresos Totales (II+V+VI+VII);423787.80;94.655075;93.840922;472863.24
2025;9;51;VII. Ingresos Totales (I+IV);389427.95;94.655075;93.840922;434524.46
2025;9;50;Otros;0.00;94.655075;93.840922;0.00
2025;9;49;Compra de Acciones, Titulos, Valores, Otros;11165.01;94.655075;93.840922;12457.94
2025;9;48;Prestamos;295.72;94.655075;93.840922;329.96
2025;9;47;Inversion Financiera;11460.73;94.655075;93.840922;12787.90
2025;9;46;al Sector Privado;0.00;94.655075;93.840922;0.00
2025;9;45;al Sector Publico+Remesas al IPV;8347.38;94.655075;93.840922;9314.02
2025;9;44;Transferencias para financiar Erogaciones de Capital;8347.38;94.655075;93.840922;9314.02
2025;9;43;Trabajos Publicos;18758.75;94.655075;93.840922;20931.05
2025;9;42;Bienes de Capital;5364.24;94.655075;93.840922;5985.43
2025;9;41;VI. Erogaciones de Capital;43931.10;94.655075;93.840922;49018.41
2025;9;40;Resto Otros Recursos de Capital;27.09;94.655075;93.840922;30.23
2025;9;39;Fondo Residual;0.00;94.655075;93.840922;0.00
2025;9;38;Venta de Acciones;0.00;94.655075;93.840922;0.00
2025;9;37;Otros Recursos de Capital;27.09;94.655075;93.840922;30.23
2025;9;36;Reembolsos de Prestamos;0.17;94.655075;93.840922;0.19
2025;9;35;Reembolsos de Obras Publicas;0.00;94.655075;93.840922;0.00
2025;9;34;V. Recursos de Capital;27.26;94.655075;93.840922;30.42
2025;9;33;IV.Resultado Economico Neto de Remesas;9543.99;94.655075;93.840922;10649.20
2025;9;32;Remesas EMT;1128.20;94.655075;93.840922;1258.85
2025;9;31;Remesas ATM;971.50;94.655075;93.840922;1084.00
2025;9;30;Resultado Economico con Remesas;11643.69;94.655075;93.840922;12992.05
2025;9;29;Otras Erogaciones Corrientes;27.99;94.655075;93.840922;31.23
2025;9;28;Otras Transferencias;61586.67;94.655075;93.840922;68718.53
2025;9;27;Municipios;60963.94;94.655075;93.840922;68023.68
2025;9;26;Transferencias a Municipios y Otros;122550.61;94.655075;93.840922;136742.21
2025;9;25;Intereses y Gastos de la Deuda;33514.99;94.655075;93.840922;37396.09
2025;9;24;Otros Servicios;40648.26;94.655075;93.840922;45355.41
2025;9;23;Bienes Corrientes;19348.19;94.655075;93.840922;21588.75
2025;9;22;Locaciones de Servicio;549.94;94.655075;93.840922;613.62
2025;9;21;Personal;161117.02;94.655075;93.840922;179774.68
2025;9;20;Erogaciones Corrientes;377757.00;94.655075;93.840922;421501.99
2025;9;19;Aportes no Reintegrables;5684.01;94.655075;93.840922;6342.23
2025;9;18;Coparticipacion Vial;1885.88;94.655075;93.840922;2104.27
2025;9;17;Ley 25.053 Fdo. Nac. de Incentivo Docente;0.00;94.655075;93.840922;0.00
2025;9;16;Regimenes Especiales Nacionales s/Financ. Educativo;28426.29;94.655075;93.840922;31718.11
2025;9;15;Coparticipacion Federal + Financ. Educativo;166769.55;94.655075;93.840922;186081.79
2025;9;14;De Origen Nacional;202765.73;94.655075;93.840922;226246.39
2025;9;13;Otros no Tributarios;41541.47;94.655075;93.840922;46352.05
2025;9;12;Remesas del Instituto de Juegos y Casino;300.00;94.655075;93.840922;334.74
2025;9;11;Tasas Retributivas de Servicios;8052.34;94.655075;93.840922;8984.82
2025;9;10;Regalias;15527.69;94.655075;93.840922;17325.83
2025;9;9;No Tributarios;65421.50;94.655075;93.840922;72997.44
2025;9;8;Otros Tributarios;133.76;94.655075;93.840922;149.25
2025;9;7;Sellos y Tasas de Justicia;13208.02;94.655075;93.840922;14737.53
2025;9;6;Inmobiliario;2133.42;94.655075;93.840922;2380.47
2025;9;5;Automotor;8095.32;94.655075;93.840922;9032.77
2025;9;4;Ingresos Brutos;97642.94;94.655075;93.840922;108950.18
2025;9;3;Tributarios;121213.46;94.655075;93.840922;135250.21
2025;9;2;De Origen Provincial;186634.96;94.655075;93.840922;208247.65
2025;9;1;Recursos Corrientes;389400.69;94.655075;93.840922;434494.04
2025;9;55;Resultado Operativo - Amortizacion de la D Consolidada;-104336.87;94.655075;93.840922;-116419.28
2025;9;54;Amortizacion de la Deuda Consolidada;69977.02;94.655075;93.840922;78080.49
2025;9;53;IX. Resultado Operativo (VIII-IX);-34359.85;94.655075;93.840922;-38338.79
2025;9;52;VIII. Egresos Totales (II+V+VI+VII);423787.80;94.655075;93.840922;472863.24
2025;9;51;VII. Ingresos Totales (I+IV);389427.95;94.655075;93.840922;434524.46
2025;9;50;Otros;0.00;94.655075;93.840922;0.00
2025;9;49;Compra de Acciones, Titulos, Valores, Otros;11165.01;94.655075;93.840922;12457.94
2025;9;48;Prestamos;295.72;94.655075;93.840922;329.96
2025;9;47;Inversion Financiera;11460.73;94.655075;93.840922;12787.90
2025;9;46;al Sector Privado;0.00;94.655075;93.840922;0.00
2025;9;45;al Sector Publico+Remesas al IPV;8347.38;94.655075;93.840922;9314.02
2025;9;44;Transferencias para financiar Erogaciones de Capital;8347.38;94.655075;93.840922;9314.02
2025;9;43;Trabajos Publicos;18758.75;94.655075;93.840922;20931.05
2025;9;42;Bienes de Capital;5364.24;94.655075;93.840922;5985.43
2025;9;41;VI. Erogaciones de Capital;43931.10;94.655075;93.840922;49018.41
2025;9;40;Resto Otros Recursos de Capital;27.09;94.655075;93.840922;30.23
2025;9;39;Fondo Residual;0.00;94.655075;93.840922;0.00
2025;9;38;Venta de Acciones;0.00;94.655075;93.840922;0.00
2025;9;37;Otros Recursos de Capital;27.09;94.655075;93.840922;30.23
2025;9;36;Reembolsos de Prestamos;0.17;94.655075;93.840922;0.19
2025;9;35;Reembolsos de Obras Publicas;0.00;94.655075;93.840922;0.00
2025;9;34;V. Recursos de Capital;27.26;94.655075;93.840922;30.42
2025;9;33;IV.Resultado Economico Neto de Remesas;9543.99;94.655075;93.840922;10649.20
2025;9;32;Remesas EMT;1128.20;94.655075;93.840922;1258.85
2025;9;31;Remesas ATM;971.50;94.655075;93.840922;1084.00
2025;9;30;Resultado Economico con Remesas;11643.69;94.655075;93.840922;12992.05
2025;9;29;Otras Erogaciones Corrientes;27.99;94.655075;93.840922;31.23
2025;9;28;Otras Transferencias;61586.67;94.655075;93.840922;68718.53
2025;9;27;Municipios;60963.94;94.655075;93.840922;68023.68
2025;9;26;Transferencias a Municipios y Otros;122550.61;94.655075;93.840922;136742.21
2025;9;25;Intereses y Gastos de la Deuda;33514.99;94.655075;93.840922;37396.09
2025;9;24;Otros Servicios;40648.26;94.655075;93.840922;45355.41
2025;9;23;Bienes Corrientes;19348.19;94.655075;93.840922;21588.75
2025;9;22;Locaciones de Servicio;549.94;94.655075;93.840922;613.62
2025;9;21;Personal;161117.02;94.655075;93.840922;179774.68
2025;9;20;Erogaciones Corrientes;377757.00;94.655075;93.840922;421501.99
2025;9;19;Aportes no Reintegrables;5684.01;94.655075;93.840922;6342.23
2025;9;18;Coparticipacion Vial;1885.88;94.655075;93.840922;2104.27
2025;9;17;Ley 25.053 Fdo. Nac. de Incentivo Docente;0.00;94.655075;93.840922;0.00
2025;9;16;Regimenes Especiales Nacionales s/Financ. Educativo;28426.29;94.655075;93.840922;31718.11
2025;9;15;Coparticipacion Federal + Financ. Educativo;166769.55;94.655075;93.840922;186081.79
2025;9;14;De Origen Nacional;202765.73;94.655075;93.840922;226246.39
2025;9;13;Otros no Tributarios;41541.47;94.655075;93.840922;46352.05
2025;9;12;Remesas del Instituto de Juegos y Casino;300.00;94.655075;93.840922;334.74
2025;9;11;Tasas Retributivas de Servicios;8052.34;94.655075;93.840922;8984.82
2025;9;10;Regalias;15527.69;94.655075;93.840922;17325.83
2025;9;9;No Tributarios;65421.50;94.655075;93.840922;72997.44
2025;9;8;Otros Tributarios;133.76;94.655075;93.840922;149.25
2025;9;7;Sellos y Tasas de Justicia;13208.02;94.655075;93.840922;14737.53
2025;9;6;Inmobiliario;2133.42;94.655075;93.840922;2380.47
2025;9;5;Automotor;8095.32;94.655075;93.840922;9032.77
2025;9;4;Ingresos Brutos;97642.94;94.655075;93.840922;108950.18
2025;9;3;Tributarios;121213.46;94.655075;93.840922;135250.21
2025;9;2;De Origen Provincial;186634.96;94.655075;93.840922;208247.65
2025;9;1;Recursos Corrientes;389400.69;94.655075;93.840922;434494.04
2025;10;29;Otras Erogaciones Corrientes;27.99;96.873328;96.038623;30.52
2025;10;26;Transferencias a Municipios y Otros;104107.14;96.873328;96.038623;113502.99
2025;10;23;Bienes Corrientes;1488.59;96.873328;96.038623;1622.94
2025;10;22;Locaciones de Servicio;72647.78;96.873328;96.038623;79204.37
2025;10;21;Personal;163133.51;96.873328;96.038623;177856.59
2025;10;20;Erogaciones Corrientes;341405.01;96.873328;96.038623;372217.41
2025;10;19;Aportes no Reintegrables;31628.04;96.873328;96.038623;34482.53
2025;10;15;Coparticipacion Federal + Financ. Educativo;144293.15;96.873328;96.038623;157315.86
2025;10;14;De Origen Nacional;217869.89;96.873328;96.038623;237533.03
2025;10;10;Regalias;14169.86;96.873328;96.038623;15448.71
2025;10;3;Tributarios;125895.18;96.873328;96.038623;137257.44
2025;10;2;De Origen Provincial;189189.38;96.873328;96.038623;206264.05
2025;10;1;Recursos Corrientes;407059.27;96.873328;96.038623;443797.08
2025;11;29;Otras Erogaciones Corrientes;27.99;99.608437;98.413581;29.68
2025;11;26;Transferencias a Municipios y Otros;113340.92;99.608437;98.413581;120177.07
2025;11;23;Bienes Corrientes;892.62;99.608437;98.413581;946.46
2025;11;22;Locaciones de Servicio;50751.35;99.608437;98.413581;53812.42
2025;11;21;Personal;164709.10;99.608437;98.413581;174643.52
2025;11;20;Erogaciones Corrientes;329721.98;99.608437;98.413581;349609.15
2025;11;19;Aportes no Reintegrables;30565.65;99.608437;98.413581;32409.22
2025;11;15;Coparticipacion Federal + Financ. Educativo;146732.64;99.608437;98.413581;155582.81
2025;11;14;De Origen Nacional;208968.94;99.608437;98.413581;221572.89
2025;11;10;Regalias;13608.42;99.608437;98.413581;14429.21
2025;11;3;Tributarios;128563.61;99.608437;98.413581;136317.92
2025;11;2;De Origen Provincial;189705.41;99.608437;98.413581;201147.48
2025;11;1;Recursos Corrientes;398674.35;99.608437;98.413581;422720.37
2025;12;29;Otras Erogaciones Corrientes;28.12;102.554297;101.213715;28.96
2025;12;26;Transferencias a Municipios y Otros;137365.78;102.554297;101.213715;141467.18
2025;12;23;Bienes Corrientes;29184.17;102.554297;101.213715;30055.54
2025;12;22;Locaciones de Servicio;102455.47;102.554297;101.213715;105514.54
2025;12;21;Personal;263668.07;102.554297;101.213715;271540.55
2025;12;20;Erogaciones Corrientes;532701.61;102.554297;101.213715;548606.76
2025;12;19;Aportes no Reintegrables;34792.91;102.554297;101.213715;35831.74
2025;12;15;Coparticipacion Federal + Financ. Educativo;148572.85;102.554297;101.213715;153008.87
2025;12;14;De Origen Nacional;221987.46;102.554297;101.213715;228615.46
2025;12;10;Regalias;13643.14;102.554297;101.213715;14050.49
2025;12;3;Tributarios;128091.49;102.554297;101.213715;131915.99
2025;12;2;De Origen Provincial;157901.42;102.554297;101.213715;162615.97
2025;12;1;Recursos Corrientes;379888.88;102.554297;101.213715;391231.42
